hadith_id,book_id,chapter_id,book_name_en,chapter_name_en,hadith_number,en_translation,arabic_text
4178,1,1,Sahih al-Bukhari,Revelation,4178,,عن جابر رضي الله عنه أن رسول الله صلى الله عليه وسلم مر بالسوق والناس كَنَفَتَيَهِ، فمر بِجَدْيٍ أَسَكَّ ميت، فتناوله فأخذ بأذنه، ثم قال: «أيكم يحب أن يكون هذا له بدرهم؟» فقالوا: ما نحب أنه لنا بشيء وما نصنع به؟ ثم قال: «أتحبون أنه لكم؟» قالوا: والله لو كان حيا ًكان عيباً، إنه أسك فكيف وهو ميت! فقال: «فو الله للدنيا أهون على الله من هذا عليكم».
4179,1,1,Sahih al-Bukhari,Revelation,4179,,"عن ابن عمر رضي الله عنهما قال: لما اشتد برسول الله صلى الله عليه وسلم وجعه، قيل له في الصلاة، فقال: «مروا أبا بكر فليُصَلِّ بالناس» فقالت عائشة رضي الله عنها : إن أبا بكر رجل رقيق، إذا قرأ القرآن غلبه البكاء، فقال: «مُرُوه فليُصَلِّ».
وفي رواية عن عائشة رضي الله عنها ، قالت: قلت: إن أبا بكر إذا قام مقامك لم يُسْمعِ الناس من البكاء."
4181,1,1,Sahih al-Bukhari,Revelation,4181,,عن أبي هريرة رضي الله عنه قال: قال رسول الله صلى الله عليه وسلم : «مَنْ احْتَبَسَ فَرَسًا في سَبِيل الله، إيمانًا بالله، وتَصْدِيقًا بِوَعْدِه، فإن شِبَعَهُ وريَّه ورَوْثَهُ وبَوْلَه في مِيْزَانه يوم القيامة».
4182,1,1,Sahih al-Bukhari,Revelation,4182,,عن أبي هريرة رضي الله عنه قال: جاء رجل إلى رسول الله صلى الله عليه وسلم فقال: يا رسول الله، مَنْ أحقُّ الناس بِحُسن صَحَابَتِي؟ قال: «أمك» قال: ثم مَنْ ؟ قال: «أمك»، قال: ثم مَنْ؟ قال: «أمك»، قال: ثم مَنْ؟ قال: «أبوك». متفق عليه. وفي رواية: يا رسول الله، مَنْ أحقُّ بحُسْنِ الصُّحْبَةِ؟ قال: «أمك، ثم أمك، ثم أمك، ثم أباك، ثم أدْنَاك أدْنَاك».
4187,1,1,Sahih al-Bukhari,Revelation,4187,,عن أبي هريرة - رضي الله عنه- مرفوعاً: «من أنْفَق زوْجَيْن في سَبيل الله نُودِي من أبْوَاب الجنَّة، يا عبد الله هذا خَيْرٌ، فمن كان من أهل الصلاة دُعِي من باب الصلاة، ومن كان من أهل الجِهاد دُعِي من باب الجِهاد، ومن كان من أهل الصيام دُعِي من باب الرَّيَّانِ، ومن كان من أهل الصَّدَقة دُعِي من باب الصَّدَقة» قال أبو بكر رضي الله عنه : بأبي أنت وأمي يا رسول الله! ما على من دُعِي من تلك الأبواب من ضَرورة، فهل يُدْعَى أحَدٌ من تلك الأبواب كلِّها؟ فقال: «نعم، وأرْجُو أن تكون منهم».
4188,1,1,Sahih al-Bukhari,Revelation,4188,,عن أبي يحيى خُرَيْم بن فَاتِك رضي الله عنه مرفوعاً: «مَنْ أَنْفَقَ نَفَقَةً في سَبِيل الله كُتب له سَبْعُمِائَةِ ضِعْفٍ».
4194,1,1,Sahih al-Bukhari,Revelation,4194,,عن عمرو بن عَبَسَة رضي الله عنه قال: سمعت رسول الله صلى الله عليه وسلم يقول: «من رمى بسهم في سبيل الله فهو له عِدْلُ مُحَرَّرَةٍ».
4200,1,1,Sahih al-Bukhari,Revelation,4200,,عن معاذ رضي الله عنه عن النبي صلى الله عليه وسلم قال: «مَنْ قاتل في سَبِيل الله من رَجُل مُسْلم فُوَاقَ نَاقَة، وجَبَتْ له الجنة، ومن جُرح جُرْحًا في سَبِيل الله أو نُكِبَ نَكْبَةً فإنها تَجِيء يوم القيامة كَأَغزَرِ ما كانت: لونُها الزَّعْفَرَانُ، وريُحها كالمِسك».
4217,1,1,Sahih al-Bukhari,Revelation,4217,,عن أنس بن مالك رضي الله عنه مرفوعاً: إن الله عز وجل تابع الوحي على رسول الله صلى الله عليه وسلم قبل وفاته حتَّى تُوُفِّيَ أكثر ما كان الوحي.
4219,1,1,Sahih al-Bukhari,Revelation,4219,,عن جَبَلَةَ بنِ سُحَيْمٍ، قال: أَصَابَنَا عَامُ سَنَةٍ مع ابنِ الزبيرِ؛ فَرُزِقْنَا تمرًا، وكان عبدُ اللهِ بنُ عمرَ رضي الله عنهما يَمُرُّ بنا ونحن نَأْكُلُ، فيقول: لا تُقَارِنُوا، فإنَّ النبيَّ صلى الله عليه وسلم نهى عن القِرَانِ، ثم يقولُ: إلا أَنْ يَسْتَأْذِنَ الرجلُ أَخَاهُ.
4221,1,1,Sahih al-Bukhari,Revelation,4221,,عن أنس بن مالك رضي الله عنه أَنَّ رسولَ اللهِ صلى الله عليه وسلم أُتِيَ بِلَبَنٍ قد شِيبَ بماءٍ، وعن يمينهِ أَعْرَابِيٌّ، وعن يَسَارِه أبو بكرٍ رضي الله عنه فَشَرِبَ، ثم أَعْطَى الأَعْرَابِيَّ، وقال: «الأَيْمَنَ فَالأَيْمَنَ».
4222,1,1,Sahih al-Bukhari,Revelation,4222,,"عن جابرٍ رضي الله عنه : أَنَّ رسولَ اللهِ صلى الله عليه وسلم دَخَلَ يومَ فَتْحِ مَكَّةَ وعليه عِمَامَةٌ سَوْدَاءُ.
عن أبي سعيدٍ عمرو بنِ حُرَيْثٍ رضي الله عنه قال: كَأَنِّي أَنْظُرُ إلى رسولِ اللهِ صلى الله عليه وسلم وعليه عِمَامَةٌ سَوْدَاءُ، قَدْ أَرْخَى طَرَفَيْهَا بَيْنَ كَتِفَيْهِ.
في رواية: أَنَّ رسولَ اللهِ صلى الله عليه وسلم خَطَبَ النَّاسَ، وعليه عِمَامَةٌ سَوْدَاءُ."
4223,1,1,Sahih al-Bukhari,Revelation,4223,,وعن سالم بن عبد الله بن عمر بن الخطاب رضي الله عنهم عن أبيه: أن رسول الله صلى الله عليه وسلم قال: « نِعْمَ الرَّجُلُ عبد الله، لو كان يُصلِّي من الليل» قال سالم: فكان عبد الله بعد ذلك لا يَنامُ من الليل إلا قليلًا.
4225,1,1,Sahih al-Bukhari,Revelation,4225,,عن أنس بن مالك رضي الله عنه أَنَّ رسولَ اللهِ صلى الله عليه وسلم كان يَتَنَفَّسُ في الشَّرَابِ ثَلَاثًا.
4227,1,1,Sahih al-Bukhari,Revelation,4227,,عن أبي قتادة الحارث بن رِبْعِيِّ رضي الله عنه عن رسول الله صلى الله عليه وسلم : أَنَّهُ قامَ فيهم، فذكرَ لهم أَنَّ الجهادَ في سبيلِ اللهِ، والإيمانَ باللهِ أفضلُ الأعمالِ، فقامَ رَجُلٌ، فقال: يا رسولَ اللهِ، أرأيتَ إن قُتِلْتُ في سبيلِ اللهِ، تُكَفَّرُ عَنِّي خَطَايَايَ؟ فقالَ له رسولُ اللهِ صلى الله عليه وسلم : «نعم، إنْ قُتِلْتَ في سبيلِ اللهِ، وأنتَ صَابِرٌ مُحْتَسِبٌ، مُقْبِلٌ غَيْرُ مُدْبِرٍ». ثم قال رسولُ اللهِ صلى الله عليه وسلم : «كَيْفَ قُلْتَ؟» قال: أَرَأَيتَ إنْ قُتِلْتُ في سَبِيلِ اللهِ، أَتُكَفَّرُ عَنِّي خَطَايَايَ؟ فقالَ له رسولُ اللهِ صلى الله عليه وسلم : «نعم، وأنتَ صَابِرٌ مُحْتَسِبٌ، مُقْبِلٌ غَيْرُ مُدْبِرٍ، إلا الدَّيْنَ؛ فَإنَّ جِبْرِيلَ -عليه السلام- قالَ لِي ذَلِكَ».
4228,1,1,Sahih al-Bukhari,Revelation,4228,,عن أم المؤمنين عائشة رضي الله عنها قالت: إِنْ كَانَ رسولُ اللهِ صلى الله عليه وسلم لَيَدَعُ العَمَلَ، وهو يُحِبُّ أَنْ يَعْمَلَ بِهِ؛ خَشْيَةَ أَنْ يَعْمَلَ بِهِ النَّاسُ فَيُفْرَضَ عَلَيْهِمْ.
4230,1,1,Sahih al-Bukhari,Revelation,4230,,عن جابر بن عبد الله رضي الله عنهما أَنَّ رسولَ اللهِ صلى الله عليه وسلم دَخَلَ على رجلٍ مِنَ الأَنْصَارِ، ومعه صاحبٌ له، فقال رسولُ اللهِ صلى الله عليه وسلم : «إِنْ كان عِنْدَكَ مَاءٌ بَاتَ هذه الليلةَ في شَنَّةٍ وإِلَّا كَرَعْنَا».
4231,1,1,Sahih al-Bukhari,Revelation,4231,,عن جابر رضي الله عنه أن النبي صلى الله عليه وسلم اشْتَرَى منه بَعِيراً، فَوَزَنَ له فَأرْجَح.
4232,1,1,Sahih al-Bukhari,Revelation,4232,,عن حذيفة -رضي الله عنه - قال: أُتَي الله تعالى بِعبْد من عِباده آتاه الله مالاً، فقال له: ماذا عَمِلْت في الدنيا؟ -قال: «ولَا يَكْتُمُونَ اللهَ حَدِيثًا»- قال: يا رَبِّ آتَيْتَنِي مَالَك، فكُنت أُبَايعُ الناس، وكان من خُلُقِي الجَوَاز، فكُنت أَتَيَسَّرُ على المُوسِرِ، وأنْظِر المُعْسِر. فقال الله تعالى : «أنا أحَقُّ بِذَا مِنك تَجَاوزُوا عن عَبْدِي» فقال عُقْبَة بن عَامر، وأبو مسعود الأنصاري رضي الله عنهما : هكذا سَمِعْنَاه من فِيِّ رسول الله صلى الله عليه وسلم .
4234,1,1,Sahih al-Bukhari,Revelation,4234,,عن عبد الله بن عتبة بن مسعود، قال: سمعت عمر بن الخطاب رضي الله عنه يقول: إن ناسا كانوا يُؤْخَذُونَ بالوحي في عهد رسول الله صلى الله عليه وسلم وإن الوحي قد انقطع، وإنما نأخذكم الآن بما ظهر لنا من أعمالكم، فمن أظهر لنا خيرًا أَمَّنَّاهُ وقَرَّبْنَاهُ، وليس لنا من سريرته شيء، الله يحاسبه في سريرته، ومن أظهر لنا سوءًا لم نأمنه ولم نصدقه وإن قال: إن سريرته حسنة.
4235,1,1,Sahih al-Bukhari,Revelation,4235,,عن أبي موسى الأشعري رضي الله عنه قال: احْتَرَقَ بَيْتٌ بالمَدِينَةِ عَلَى أهْلِهِ مِنَ اللَّيْلِ، فَلَمَّا حُدِّثَ رَسُولُ اللهِ صلى الله عليه وسلم بِشَأنِهِم، قالَ: «إنَّ هذه النارَ عَدُوٌّ لَكُمْ، فَإِذَا نِمْتُم، فَأَطْفِئُوهَا عَنْكُمْ».
4237,1,1,Sahih al-Bukhari,Revelation,4237,,"عن عمر بن الخطاب رضي الله عنه قال: قال رسول الله صلى الله عليه وسلم :""لا تلبسوا الحرير فإن من لبسه في الدنيا لم يلبسه في الآخرة"".
وفي رواية: «إِنَّمَا يَلْبَسُ الحَرِيرَ مَنْ لا خَلَاقَ له».
وفي رواية للبخاري: «مَنْ لا خَلَاقَ له في الآخرةِ»."
4238,1,1,Sahih al-Bukhari,Revelation,4238,,"عن عمر بن الخطاب رضي الله عنه مرفوعاً: لما كان يوم خيبر أقبل نَفَرٌ من أصحاب النبي -صلى الله عليه و سلم- فقالوا: فلان شهيد وفلان شهيد. حتى مَرُّوا على رجل فقالوا: فلان شهيد. فقال النبي صلى الله عليه وسلم : ""كلا إني رَأَيْتُهُ في النار في بُرْدَةٍ غَلَّهَا أو عباءة""."
4245,1,1,Sahih al-Bukhari,Revelation,4245,,عن أبي مسعود عقبة بن عمرو الأنصاري البدري رضي الله عنه قال: لما نزلت آية الصدقة كنَّا نُحَامِلُ على ظُهُورِنَا، فجاء رجل فتصدق بشيء كثير، فقالوا: مُراءٍ، وجاء رجل آخر فتصدق بصاع، فقالوا: إن الله لَغَنيٌّ عن صاع هذا!؛ فنزلت: (الذين يلمزون المطوعين من المؤمنين في الصدقات والذين لا يجدون إلا جهدهم).
4246,1,1,Sahih al-Bukhari,Revelation,4246,,عن أبي عبد الله خباب بن الأرت رضي الله عنه قال: شكونا إلى رسول الله صلى الله عليه وسلم وهو مُتَوَسِّدٌ بُرْدَةً له في ظِلِّ الكعبة، فقلنا أَلاَ تَسْتَنْصِرُ لنا، ألا تدعو الله لنا؟ فقال: «قد كان من قبلكم يُؤخذ الرجل فيُحفر له في الأرض، فيُجعل فيها، ثمَّ يُؤتى بالمِنْشَارِ فيوضع على رأسه فيُجعل نصفين، ويُمشط بأمشاطِ الحديد ما دون لحمه وعظمه، ما يَصُدُّهُ ذلك عن دينه، والله لَيُتِمَّنَّ الله هذا الأمر حتى يسير الراكب من صنعاء إلى حضرموت لا يخاف إلا الله والذئب على غَنَمِه، ولكنكم تستعجلون». وفي رواية: «هو مُتَوَسِّدٌ بُرْدَةً، وقد لقينا من المشركين شدة».
4247,1,1,Sahih al-Bukhari,Revelation,4247,,عن عائشة رضي الله عنها أن النبي صلى الله عليه وسلم كان يَنَام أول اللَّيل، ويقوم آخره فَيُصلِّي.
4248,1,1,Sahih al-Bukhari,Revelation,4248,,عن أنس بن مالك رضي الله عنه مرفوعاً: «يُؤتى بأنعم أهل الدنيا من أهل النار يوم القيامة، فَيُصْبَغُ في النار صَبْغَةً، ثم يقال: يا ابن آدم، هل رأيت خيرًا قطُّ؟ هل مَرَّ بك نَعِيمٌ قطُّ؟ فيقول: لا والله يا رب، وَيُؤْتَى بأشدِّ الناس بُؤسًا في الدنيا من أهل الجَنَّة، فَيُصْبَغُ صَبْغَةً في الجنَّة، فيقال له: يا ابن آدم، هل رأيت بُؤسًا قط؟ هل مَرَّ بك شِدَّةٌ قط؟ فيقول: لا والله، ما مَرَّ بي بُؤْسٌ قطٌّ، ولا رأيت شِدةً قَطُّ».
4249,1,1,Sahih al-Bukhari,Revelation,4249,,عن أبي قتادة وأنس بن مالك رضي الله عنهما مرفوعاً: «إني لأقوم إلى الصلاة، وأريد أن أُطَوِّلَ فيها، فأسمع بكاء الصبي فأَتَجَوَّزُ في صلاتي كراهيةَ أن أَشُقَّ على أمه».
4250,1,1,Sahih al-Bukhari,Revelation,4250,,عن عائشة رضي الله عنها قالت: يا رسولَ اللهِ، إِنَّ لِي جَارَيْنِ، فإلى أَيِّهِمَا أُهْدِي؟ قال: «إلى أَقْرَبِهِمَا مِنْكِ بَابًا».
4251,1,1,Sahih al-Bukhari,Revelation,4251,,عن عائشة رضي الله عنها قالت: قَدِمَ نَاسٌ مِنَ الأَعْرَابِ عَلَى رَسُولِ اللهِ صلى الله عليه وسلم فقالوا: أَتُقَبِّلُونَ صِبْيَانَكُمْ؟ فقال: «نعم» قالوا: لَكِنَّا واللهِ ما نُقَبِّلُ! فقال رسولُ اللهِ صلى الله عليه وسلم : «أَوَ أَمْلِكُ إن كانَ اللهُ نَزَعَ مِنْ قُلُوبِكُم الرَّحْمَةَ!».
4252,1,1,Sahih al-Bukhari,Revelation,4252,,عن أبي هريرة رضي الله عنه قال: جاء رجل إلى النبي صلى الله عليه وسلم فقال: يا رسول الله، أي الصدقة أعظم أجرًا؟ قال: «أن تَصَدَّقَ وأنت صحيحٌ شَحِيحٌ، تخشى الفقر وتَأَمَلُ الغِنى، ولا تُمْهِلْ حتى إذا بلغتِ الحُلْقُومَ قلت: لفلان كذا ولفلان كذا، وقد كان لفلان».
4290,1,1,Sahih al-Bukhari,Revelation,4290,,عن أنس بن مالك رضي الله عنه قال: كان أبو طلحة رضي الله عنه أكثر الأنصار بالمدينة مالا من نخل، وكان أحب أمواله إليه بَيْرَحَاء، وكانت مُسْتَقبِلَةَ المسجد وكان رسول الله صلى الله عليه وسلم يدخلها ويشرب من ماء فيها طيب. قال أنس: فلما نزلت هذه الآية: {لن تنالوا البر حتى تُنِفُقوا مما تُحبون} قام أبو طلحة إلى رسول الله صلى الله عليه وسلم فقال: يا رسول الله، إن الله تعالى أنزل عليك: {لن تنالوا البر حتى تنفقوا مما تحبون} وإن أحب مالي إلي بَيْرَحَاء، وإنها صدقة لله تعالى ، أرجو بِرَّهَا وذُخْرَهَا عند الله تعالى ، فَضَعْهَا يا رسول الله حيث أَرَاكَ الله، فقال رسول الله صلى الله عليه وسلم : «بَخٍ ذلك مال رَابِحٌ، ذلك مال رابح، وقد سمعتُ ما قلتَ، وإني أرى أن تجعلها في الأقربين»، فقال أبو طلحة: أفعل يا رسول الله، فقسمها أبو طلحة في أقاربه، وبني عمه.
4291,1,1,Sahih al-Bukhari,Revelation,4291,,"عن أبي هريرة رضي الله عنه قال: سمعت رسول الله صلى الله عليه وسلم يقول: «جَعَلَ اللهُ الرحمةَ مائة جُزْءٍ، فَأَمْسَكَ عِنْدَهُ تِسْعَةً وَتِسْعِينَ، وأَنْزَلَ في الأَرْضِ جُزْءًا وَاحِدًا، فَمِنْ ذَلِكَ الجُزْءِ يَتَرَاحَمُ الخَلَائِقُ، حتى تَرْفَعَ الدَّابَّةُ حَافِرَهَا عَنْ وَلَدِهَا خَشْيَةَ أَنْ تُصِيبَهُ». 
وفي رواية «إِنَّ للهِ تعالى مئةُ رحمةٍ، أَنْزَلَ منها رحمةً واحدةً بَيْنَ الجِنِّ والإنسِ والبَهَائِمِ والهَوَامِّ، فَبِهَا يَتَعَاطَفُونَ، وبها يَتَرَاحَمُونَ، وبِهَا تَعْطِفُ الوَحْشُ على وَلَدِهَا، وأَخَّرَ اللهُ تعالى تِسْعًا وتِسْعِينَ رحمةً يَرْحَمُ بِهَا عِبَادَهُ يومَ القِيَامَةِ».
وعن سلمان الفارسي رضي الله عنه قال: قال رسول الله صلى الله عليه وسلم : «إِنَّ للهِ تعالى مئةُ رحمةٍ فمنها رحمةٌ يَتَرَاحَمُ بها الخَلْقُ بَيْنَهُمْ، وتِسْعٌ وتِسْعُونَ لِيَومِ القِيَامَةِ». 
وفي رواية: «إِنَّ اللهَ تَعَالَى خَلَقَ يَوْمَ خَلَقَ السَّمَاوَاتِ والأَرْضَ مئةَ رحمةٍ كُلُّ رحمةٍ طِبَاقَ مَا بَيْنَ السَّمَاءِ إلى الأَرْضِ، فَجَعَلَ منها في الأَرْضِ رَحْمَةً فبها تَعْطِفُ الوَالِدَةُ على وَلَدِهَا، والوَحْشُ والطَّيْرُ بَعْضُهَا عَلَى بَعْضٍ، فإذا كانَ يومُ القيامةِ أَكْمَلَهَا بِهَذِه الرحمةِ»."
4293,1,1,Sahih al-Bukhari,Revelation,4293,,عن عائشةَ رضي الله عنها قالت: خَرَجَ رسولُ اللهِ صلى الله عليه وسلم ذَاتَ غَدَاةٍ، وعليه مِرْطٌ مُرَحَّلٌ مِنْ شَعْرٍ أَسْوَدَ.
4294,1,1,Sahih al-Bukhari,Revelation,4294,,عن أبي مسعود البدري رضي الله عنه قال: دَعَا رَجُلٌ النبيَّ صلى الله عليه وسلم لِطَعَامٍ صَنَعَهُ له خَامِسَ خَمْسَةٍ، فَتَبِعَهُمْ رجلٌ، فلَمَّا بَلَغَ البابَ، قال النبيُّ صلى الله عليه وسلم : «إِنَّ هذا تَبِعَنَا، فَإِنْ شِئْتَ أَنْ تَأْذَنَ له، وإِنْ شِئْتَ رَجَعَ» قال: بَلْ آذَنُ له يا رسولَ اللهِ.
4296,1,1,Sahih al-Bukhari,Revelation,4296,,عن أنسٍ رضي الله عنه قال: رَأَيْتُ رسولَ اللهِ صلى الله عليه وسلم جَالِسًا مُقْعِيًا يَأْكُلُ تَمْرًا.
4297,1,1,Sahih al-Bukhari,Revelation,4297,,عن أبي رمثة التيمي رضي الله عنه قال: رأيتُ رسولَ اللهِ صلى الله عليه وسلم وعليه ثَوْبَانِ أَخْضَرَانِ.
4298,1,1,Sahih al-Bukhari,Revelation,4298,,عن كعب بن مالك رضي الله عنه قال: رأيتُ رسولَ اللهِ صلى الله عليه وسلم يأكلُ بثلاثِ أَصَابِعَ، فإذا فَرَغَ لَعِقَهَا.
4299,1,1,Sahih al-Bukhari,Revelation,4299,,عن أبي قتادة الأنصاري وابن أبي أوفى رضي الله عنهما مرفوعاً: «سَاقِي القَوْمِ آخِرُهُمْ شُرْبًا».
4300,1,1,Sahih al-Bukhari,Revelation,4300,,"عن ابن عباس رضي الله عنهما قال: سَقَيْتُ النبيَّ صلى الله عليه وسلم مِنْ زَمْزَمَ، فَشَرِبَ وهو قَائِمٌ.
عن النَّزَّالِ بنِ سَبْرَةَ رضي الله عنه قال: أَتَى عَلِيٌّ رضي الله عنه بَابَ الرَّحَبَةِ، فَشَرِبَ قَائِمًا، وقال: إِنِّي رأيتُ رسولَ اللهِ صلى الله عليه وسلم فَعَلَ كَمَا رَأَيْتُمُونِي فَعَلْتُ.
عن عمرو بن شُعّيْبٍ، عن أبيه، عن جَدِّهِ رضي الله عنه قال: رأيتُ رسولَ اللهِ صلى الله عليه وسلم يَشْرَبُ قَائِمًا وقَاعِدًا."
4301,1,1,Sahih al-Bukhari,Revelation,4301,,عن أم ثابتٍ كَبْشَةَ بنتِ ثابتٍ أُخْتِ حَسَّانَ بنِ ثابتٍ رضي الله عنهما ، قالت: دَخَلَ عَلَيَّ رسولُ اللهِ صلى الله عليه وسلم فَشَرِبَ مِنْ فِي قِرْبَةٍ مُعَلَّقَةٍ قائمًا، فقُمتُ إلى فِيها فَقَطَعْتُهُ.
4302,1,1,Sahih al-Bukhari,Revelation,4302,,عن أبي ذر و معاذ بن جبل رضي الله عنهما عن النبي صلى الله عليه وسلم قال: «اتق الله حيثما كنت، وأَتْبِع السيئةَ الحسنةَ تمحها، وخالقِ الناسَ بخلقٍ حسنٍ».
4310,1,1,Sahih al-Bukhari,Revelation,4310,,"عن أبي سعيد الخدري رضي الله عنه أن نبي الله صلى الله عليه وسلم قال: «كان فيمن كان قبلكم رجل قتل تسعة وتسعين نفسًا، فسأل عن أعلم أهل الأرض، فَدُلَّ على راهب، فأتاه فقال: إنه قتل تسعة وتسعين نفسا فهل له من توبة؟ فقال: لا، فقتله فكمَّل به مئة، ثم سأل عن أعلم أهل الأرض، فَدُلَّ على رجل عالم، فقال: إنه قتل مائة نفس فهل له من توبة؟ فقال: نعم، ومَنْ يَحُولُ بينه وبين التوبة؟ انْطَلِقْ إلى أرض كذا وكذا فإن بها أناسا يعبدون الله تعالى فاعبد الله معهم، ولا ترجع إلى أرضك فإنها أرض سوء، فانطلق حتى إذا نَصَفَ الطريقَ أتاه الموت، فاختصمت فيه ملائكة الرحمة وملائكة العذاب، فقالت ملائكة الرحمة: جاء تائبا، مُقْبِلا بقلبه إلى الله تعالى ، وقالت ملائكة العذاب: إنه لم يعمل خيرا قط، فأتاهم ملك في صورة آدمي فجعلوه بينهم -أي حكمًا- فقال: قِيسُوا ما بين الأرضين فإلى أَيَّتِهِمَا كان أدنى فهو له، فقاسوا فوجدوه أدنى إلى الأرض التي أراد، فقبضته ملائكة الرحمة». 
وفي رواية في الصحيح: «فكان إلى القرية الصالحة أقرب بشبر فجعل من أهلها».
وفي رواية في الصحيح: «فأوحى الله تعالى إلى هذه أن تَبَاعَدِي، وإلى هذه أن تَقَرَّبِي، وقال: قيسوا ما بينهما، فوجدوه إلى هذه أقرب بشبر فغُفِرَ له». 
وفي رواية: «فَنَأَى بصدره نحوها»."
4313,1,1,Sahih al-Bukhari,Revelation,4313,,"عن أنس بن مالك رضي الله عنه قال: قال رسول الله صلى الله عليه وسلم : «للَّهُ أَفْرَحُ بِتَوْبَةِ عَبْدِهِ مِنْ أَحَدِكُمْ، سَقَطَ عَلَى بَعِيرِهِ، وَقَدْ أَضَلَّهُ فِي أَرْضِ فَلاَةٍ».
وفي رواية: «لَلَّهُ أَشَدُّ فَرَحًا بِتَوْبَةِ عَبْدِهِ حِينَ يَتُوبُ إِلَيْهِ، مِنْ أَحَدِكُمْ كَانَ عَلَى رَاحِلَتِهِ بِأَرْضِ فَلَاةٍ، فَانْفَلَتَتْ مِنْهُ وَعَلَيْهَا طَعَامُهُ وَشَرَابُهُ، فَأَيِسَ مِنْهَا، فَأَتَى شَجَرَةً، فَاضْطَجَعَ فِي ظِلِّهَا، وقَدْ أَيِسَ مِنْ رَاحِلَتِهِ، فَبَيْنَا هُوَ كَذَلِكَ إِذَا هُوَ بِهَا، قَائِمَةً عِنْدَهُ، فَأَخَذَ بِخِطَامِهَا، ثُمَّ قَالَ مِنْ شِدَّةِ الْفَرَحِ: اللهُمَّ أَنْتَ عَبْدِي وَأَنَا رَبُّكَ! أَخْطَأَ مِنْ شِدَّةِ الْفَرَح»."
4315,1,1,Sahih al-Bukhari,Revelation,4315,,عن عبد الله بن عمر رضي الله عنهما عن النبي صلى الله عليه وسلم قال: «إن الله عز وجل يقبل تَوْبَةَ العَبْدِ ما لم يُغَرْغِرْ».
4439,1,1,Sahih al-Bukhari,Revelation,4439,,"عن أنس بن مالك رضي الله عنه قال: كنَّا مع النبي صلى الله عليه وسلم في السفر فمنَّا الصائم، وَمِنَّا المُفطر، قال: فنزلنا مَنْزِلًا فِي يوم حارٍّ، وأكثرنا ظِلًّا صاحب الْكِسَاءِ، وَمِنَّا من يَتَّقِي الشمس بيده، قال: فَسقط الصُّوَّامُ، وقام المُفْطِرُونَ فَضربوا الْأَبْنِيَةِ، وَسَقَوْا الرِّكَاب، فقال رسول الله صلى الله عليه وسلم : ""ذهب المُفْطِرُونَ اليوم بالأجر""."
4440,1,1,Sahih al-Bukhari,Revelation,4440,,عن أنس بن مالك رضي الله عنه : «أن رسول الله صلى الله عليه وسلم دخل مكة عام الفَتح، وعلى رأسه المِغْفَرُ، فلما نَزعه جاءه رجل فقال: ابن خَطَلٍ متعَلِّقٌ بأستار الكعبة، فقال: اقْتُلُوهُ».
4448,1,1,Sahih al-Bukhari,Revelation,4448,,عن عبد الرحمن بن يزيد النَّخَعِي: «أنه حج مع ابن مسعود فرآه يَرمي الجَمْرَةَ الكبرى بسبع حصَيات، فجعل البيت عن يساره، ومِنى عن يمينه، ثم قال: هذا مَقَامُ الذي أُنْزِلَتْ عليه سورة البقرة صلى الله عليه وسلم ».
4449,1,1,Sahih al-Bukhari,Revelation,4449,,عن أبي هريرة رضي الله عنه قال: سمعت رسول الله صلى الله عليه وسلم يقول: «لا يَصُومَنَّ أحدكم يوم الجمعة، إلا أن يصومَ يومًا قبله أو بعده».
4458,1,1,Sahih al-Bukhari,Revelation,4458,,"عن عبد الله بن زيد بن عاصم قال: «لما أفَاء الله على رسوله يوم حُنَيْنٍ؛ قَسَم في الناس، وفي المُؤَلَّفَةِ قلوبهم، ولم يعطِ الأنصار شيئا. فكأنهم وجدوا في أنفسهم؛ إذ لم يُصِبْهُمْ ما أصاب الناس. 
فخطبهم؛ فقال: يا معشر الأنصار، ألم أجدكم ضُلاَّلاً فهداكم الله بي؟ وكنتم متفرقين فَأَلَّفَكُمُ الله بي؟ وَعَالَةً فأغناكم الله بي؟ كلما قال شيئًا؛ قالوا: اللهُ ورسولُه أمَنُّ. قال: ما يمنعكم أن تجيبوا رسول الله؟ قالوا: الله ورسوله أمَنُّ. قال: لو شِئْتُمْ لقلتم: جئتنا كذا وكذا. أَلَا تَرْضَوْنَ أن يذهب الناس بالشاة والبعير، وتذهبون برسول الله إلى رحَالِكُم؟ لولا الهجرة لكنت امْرَأً من الأنصار، ولو سلك الناس واديًا أو شِعْبًا، لَسَلَكْتُ وادي الأنصار وَشِعْبَهَا. الأنصار شِعَارٌ، والناس دِثَارٌ، إنكم ستلقون بعدي أَثَرَةً ، فاصبروا حتى تلقوني على الحوض»."
4459,1,1,Sahih al-Bukhari,Revelation,4459,,عن أبي سعيد الخُدْري رضي الله عنه : «أن رسول الله صلى الله عليه وسلم كان يَعْتَكِفُ في العَشْرِ الأَوْسَطِ من رمضان. فاعتكف عامًا، حتى إذا كانت لَيْلَةَ إِحْدَى وَعِشْرِينَ -وهي اللَّيْلَةُ التي يخرج من صَبِيحَتِهَا من اعتكافه- قال: من اعتكف معي فَلْيَعْتَكِفِ العَشْرَ الأَوَاخِرَ فقد أُرِيتُ هَذِهِ اللَّيْلَةَ ثم أُنْسِيتُهَا، وقد رَأَيْتُنِي أَسْجُدُ فِي مَاءٍ وَطِينٍ من صَبِيحَتِهَا، فَالْتَمِسُوهَا فِي العَشْرِ الأَوَاخِرِ، والتمسوها في كل وِتْرٍ. فَمَطَرَتِ السَّمَاءُ تلك الليلة، وكان المسجد على عَرِيشٍ، فَوَكَفَ المسجد، فَأبْصَرَتْ عَيْنَايَ رسول الله صلى الله عليه وسلم وعلى جَبْهَتِهِ أَثَرُ المَاءِ وَالطِّين من صُبْحِ إحْدَى وَعشْرِيْنَ».
4491,1,1,Sahih al-Bukhari,Revelation,4491,,"عن أبي شُريح -خُوَيْلِدِ بن عمرو الخُزَاعي العدوي رضي الله عنه-: أنه قال لعمرو بن سعيد بن العاص -وهو يبعث الْبُعُوثَ إلى مكة- ائْذَنْ لي أيها الأمير أن أُحَدِّثَكَ قولا قام به رسول الله صلى الله عليه وسلم الغد من يوم الفتح؛ فسمعَتْه أُذُنَايَ ، وَوَعَاهُ قلبي، وأبصرته عيناي حين تكلم به أنه حمد الله وأثنى عليه، ثم قال: «إن مكة حَرَّمَهَا الله تعالى، ولم يُحَرِّمْهَا الناس، فلا يحل لِامْرِئٍ يؤمن بالله واليوم الآخر: أن يسفك بها دمًا، ولا يعضد بها شجرة، فإن أحد ترخص بقتال رسول الله صلى الله عليه وسلم فقولوا: إنَّ الله أذِن لرسوله ولم يأذن لكم. وإنما أذِنَ لي ساعة من نهار، وقد عادت حُرْمَتُهَا اليوم كَحُرمتها بالأمْسِ، فَلْيُبْلِغِ الشَّاهِدُ الغائب». 
فقيل لأبي شريح: ما قال لك؟ قال: أنا أعلم بذلك منك يا أبا شريح، إن الحرم لَا يُعِيذُ عاصيا، وَلَا فَارًّا بدمٍ، ولَا فَارًّا بِخَرْبَةٍ."
4494,1,1,Sahih al-Bukhari,Revelation,4494,,عن عبد الله بن عباس رضي الله عنهما قال: قال رسول الله صلى الله عليه وسلم يوم فتح مكة: «لا هجرة بعد الفتح، ولكن جهاد ونية. وإذا اسْتُنْفِرْتُم فَانْفِرُوا. وقال يوم فتح مكة: «إن هذا البَلد حَرَّمَهُ الله يوم خلق الله السموات والأرض، فهو حَرَامٌ بحُرْمَةِ الله إلَى يوم القيامة، وإنه لم يحل القتال فيه لِأَحَدٍ قَبْلِي، ولم يَحِلَّ لي إلا ساعة من نهار، حرام بِحرمة الله إلى يوم القيامة، لا يُعْضَدُ شَوْكُهُ، وَلاَ يُنَفَّرُ صَيْدُهُ، وَلاَ يَلْتَقِطُ لُقَطَتَهُ إلا من عَرَّفَهَا، ولاَ يُخْتَلَى خَلاَهُ». فقال العباس: يا رسول الله، إلا الإِذْخِرَ؛ فإنه لِقَيْنِهِمْ وبيوتهم؟ فقال: «إلا الإِذْخِرَ».
4505,1,1,Sahih al-Bukhari,Revelation,4505,,عن أَبِي الدَّرْدَاءِ رضي الله عنه قال: «خَرَجْنَا مع رسول الله صلى الله عليه وسلم في شهر رمضان، في حَرٍّ شَدِيدٍ ، حتى إن كان أَحَدُنَا لَيَضَعُ يَدَهُ على رأسهِ من شِدَّةِ الْحَرِّ. وما فِينَا صائمٌ إلا رسولُ الله صلى الله عليه وسلم وعبد ُالله بن رَوَاحَةَ».
4507,1,1,Sahih al-Bukhari,Revelation,4507,,"عن عائشة رضي الله عنها : ""أن حَمْزَةَ بن عَمْرٍو الأَسْلَمِيَّ قال للنبي صلى الله عليه وسلم : أصوم في السفر؟ - وكان كثير الصيام- فقال: ""إن شئتَ فصُم، وإن شئت فَأَفْطِرْ""."
4519,1,1,Sahih al-Bukhari,Revelation,4519,,"عن أبي هريرة رضي الله عنه أن رسول الله صلى الله عليه وسلم قال: «ليس على المُسلِم في عبدِهِ وَلاَ فَرَسهِ صَدَقَة».
 وفي لفظ: «إلا زكاة الفِطر في الرقيق»."
4522,1,1,Sahih al-Bukhari,Revelation,4522,,عن عائشة وأم سلمة رضي الله عنهما «أن رسول الله صلى الله عليه وسلم كان يُدْرِكُهُ الفجر وهو جُنٌبٌ من أهله، ثم يغتسل ويصوم ».
4523,1,1,Sahih al-Bukhari,Revelation,4523,,عن أبي سعيد الخدري رضي الله عنه قال: «نهى رسول الله صلى الله عليه وسلم عن صوم يومين: الفطر والنحر، وعن اشْتِمَالِ الصَّمَّاءِ، وأن يَحْتَبِيَ الرجل في الثوب الواحد، وعن الصلاة بعد الصبح والعصر».
4524,1,1,Sahih al-Bukhari,Revelation,4524,,"عن عبد الله بن عمر رضي الله عنهما قال: «نهى رسول الله صلى الله عليه وسلم عن الْوِصَالِ، قالوا: إنك تواصل؟ قال: إني لَسْتُ كَهَيْئَتِكُمْ، إني أُطْعَمُ وَأُسْقَى». 
وفي رواية أبي سعيد الخدري رضي الله عنه : «فَأَيُّكُمْ أراد أن يواصل فليواصل إلى السَّحَرِ»."
4526,1,1,Sahih al-Bukhari,Revelation,4526,,"عن محمد بن عباد بن جعفر قال: «سألت جابر بن عبد الله رضي الله عنهما : أَنَهَى النبي صلى الله عليه وسلم عن صوم يوم الجمعة ؟ قال: نعم».
وفي رواية: «وَرَبِّ الْكَعْبَة»."
4528,1,1,Sahih al-Bukhari,Revelation,4528,,"عن عبد الله بن حنين أن عبد الله بن عباس رضي الله عنهما ، وَالْمِسْوَرِ بْنِ مَخْرَمَةَ رضي الله عنهما اختلفا بِالْأَبْوَاءِ: 
فقال ابن عباس: يغسل الْمُحْرِمُ رأسه. 
وقال الْمِسْوَر: لا يغسل رأسه. 
قال: فأرسلني ابن عباس إلى أبي أيوب الأنصاري رضي الله عنه فوَجَدْتُهُ يغتسل بين الْقَرْنَيْنِ، وهو يستر بثوب، فَسَلَّمْتُ عليه، فقال: من هذا؟ فقلت: أنا عبد الله بن حُنَيْنٍ، أرسلني إليك ابن عباس، يسألك: كيف كان رسول الله صلى الله عليه وسلم يغسل رأسه وهو مُحرِمٌ؟ فوضع أبو أيوب يده على الثوب، فَطَأْطَأَهُ، حتى بَدَا لي رأسه، ثم قال لإنسان يَصُبُّ عليه الماء: اصْبُبْ، فَصَبَّ على رأسه، ثم حَرَّكَ رأسه بيديه، فأقبل بهما وَأَدْبَرَ. ثم قال: هكذا رأيته صلى الله عليه وسلم يغتسل».
وفي رواية: «فقال المسور لابن عباس: لَا أُمَارِيكَ أبدًا»."
4529,1,1,Sahih al-Bukhari,Revelation,4529,,عن جابرٍ رضي الله عنه قال: قدِمنا مع رسولِ الله صلى الله عليه وسلم ، ونحنُ نقولُ: لبيك بالحجِّ، فأمرَنا رسولُ الله صلى الله عليه وسلم فجعلناها عُمرةً.
4530,1,1,Sahih al-Bukhari,Revelation,4530,,عن عائشة رضي الله عنها أن رسول الله صلى الله عليه وسلم قال: «من مات وعليه صِيَامٌ صَامَ عنه وَلِيُّهُ».
4531,1,1,Sahih al-Bukhari,Revelation,4531,,"عن عبد الله بن عباس رضي الله عنهما قال: «جاء رجل إلى النبي صلى الله عليه وسلم فقال: يا رسول الله، إن أمي ماتت وعليها صوم شهر. أَفَأَقْضِيهِ عنها؟ فقال: لو كان على أمك دَيْنٌ أَكُنْتَ قَاضِيَهُ عنها؟ قال: نعم. قال: فَدَيْنُ اللهِ أَحَقُّ أن يُقْضَى ». 
وفي رواية: «جاءت امرأة إلى رسول الله صلى الله عليه وسلم فقالت: يا رسول الله، إن أمي ماتت وعليها صوم نذر. أفأصوم عنها؟ فقال: أرأيت لو كان على أمك دَيْنٌ فَقَضَيْتِيهِ ، أكان ذلك يُؤَدِّي عنها؟ فقالت: نعم. قال: فَصُومِي عن أمك»."
4532,1,1,Sahih al-Bukhari,Revelation,4532,,عن عبد الله بن عباس رضي الله عنهما قال: «سمعت رسول الله صلى الله عليه وسلم يخطب بِعَرَفَاتٍ: من لم يَجِدْ نَعْلَيْنِ فَلْيَلْبَسِ الخُفَّيْنِ، ومن لَمْ يَجِدْ إِزَارًا فَلْيَلْبَسْ السَّرَاوِيلَ -للمحرم-».
4533,1,1,Sahih al-Bukhari,Revelation,4533,,عن أبي هريرة رضي الله عنه مرفوعاً: «العَجْمَاءُ جُبَارٌ، والبئر جُبارٌ، وَالمَعْدِنُ جُبارٌ، وفي الرِّكَازِ الْخُمْسُ».
4534,1,1,Sahih al-Bukhari,Revelation,4534,,"عن صَفِيَّةُ بِنْتُ حُيَيٍّ رضي الله عنها قالت: «كان النبي صلى الله عليه وسلم مُعْتَكِفًا، فَأَتَيْتُهُ أَزُورُهُ ليلا، فَحَدَّثْتُهُ، ثمَّ قُمْتُ لِأَنْقَلِبَ، فقام معي لِيَقْلِبَنِي -وكان مسكنها في دار أُسَامَةَ بن زَيْدٍ-، فَمَرَّ رَجُلاَنِ من الأنصار، فلما رأيا رسول الله صلى الله عليه وسلم أسرعا، فقال النبي صلى الله عليه وسلم : على رِسْلِكُمَا، إنها صَفِيَّةَ بِنْتُ حُيَيٍّ، فقالا: سبحان الله يا رسول الله، فقال: إن الشَّيْطَانَ يَجْرِي من ابن آدم مَجْرَى الدَّمِ، وإني خَشِيتُ أن يَقْذِفَ في قُلُوبِكُمَا شرا -أو قال شيئا-». 
وفي رواية: «أنها جاءَت تَزُورُهُ في اعْتِكَافِهِ في الْمَسْجِدِ، فِي العَشْرِ الأوَاخِرِ من رمضان، فتَحدَّثَتْ عنده ساعة، ثم قامت تَنقَلِبُ، فقام النبي صلى الله عليه وسلم معها يَقْلِبُهَا ، حتى إذا بَلَغَتْ باب المسجد عند باب أم سلمة...» ثم ذكره بمعناه."
4536,1,1,Sahih al-Bukhari,Revelation,4536,,"عن عبد الله بن مَعْقِلٍ قال: «جلستُ إلى كَعْبِ بن عُجْرَةَ، فسألته عن الفدية، فقال: نزلت فِيَّ خاصة. وهي لكم عامة. حُمِلْتُ إلى رسول الله صلى الله عليه وسلم وَالقَمْلُ يَتَنَاثَرُ على وجهي. فقال: ما كُنْتُ أُرَى الوَجَعَ بَلَغَ بِكَ ما أَرَى -أو ما كنت أُرَى الجَهْدَ بلغ بك ما أَرى-! أَتَجِدُ شاة؟ فقلت: لا. فقال: صم ثلاثة أيام، أو أطعم ستة مساكين -لكل مسكين نصف صاع-». 
وفي رواية: «فأمره رسول الله صلى الله عليه وسلم أن يُطْعِمَ فَرَقًا بَيْنَ سِتَّةِ ، أو يُهْدِي شَاةً ، أو يصوم ثلاثة أيام»."
4537,1,1,Sahih al-Bukhari,Revelation,4537,,عن عبد الله بن عباس رضي الله عنهما قال: «قَدِمَ رسول الله صلى الله عليه وسلم وأصحابه صَبِيحَةَ رَابِعَةٍ، فأمرهم أن يجعلوها عمرة، فقالوا: يا رسول الله، أَيُّ الحِلِّ؟ قال: الحِلُّ كُلُّهُ».
4539,1,1,Sahih al-Bukhari,Revelation,4539,,عن عُرْوَةَ بن الزُّبَيْرِ قال: «سُئل أُسَامَةُ بن زَيْدٍ -وأنا جالس- كيف كان رسول الله صلى الله عليه وسلم يسيرُ حِينَ دَفَعَ؟ قال: كان يَسيرُ العَنَقَ، فإذا وجد فَجْوَةً نَصَّ».
4541,1,1,Sahih al-Bukhari,Revelation,4541,,عن عبد الله بن عمرو بن العاص رضي الله عنهما قال: قال رسول الله صلى الله عليه وسلم : «إن أَحَبَّ الصيام إلى الله صِيَامُ داود، وأحب الصلاة إلى الله صلاة داود، كان يَنَامُ نِصْفَ اللَّيْلِ، وَيَقُومُ ثُلُثَهُ، وَيَنَامُ سُدُسَهُ، وكان يصوم يومًا ويُفطِرُ يومًا».
4542,1,1,Sahih al-Bukhari,Revelation,4542,,عن عبد الله بن عَمْرِو بن العاص رضي الله عنهما قال: «أُخبِر رسول الله صلى الله عليه وسلم أني أقول: والله لَأَصُومَنَّ النهار، وَلَأَقُومَنَّ الليل مَا عِشْتُ. فقال رسول الله صلى الله عليه وسلم : أنت الذي قلتَ ذلك؟ فقلتُ له: قد قُلتُه -بأبي أنت وأمي-. فقال: فإنك لا تستطيع ذلك، فصُم وأفطِر، وَقُمْ وَنَمْ ، الشَّهْرِ ثَلاَثَةَ أَيَّامٍ، فَإِنَّ الحَسَنَةَ بِعَشْرِ أَمْثَالِهَا، وذلك مثل صيام الدَّهْرِ. قلت: فإني أُطِيقُ أفضل من ذلك. قال: فصم يوما وأَفطر يومين. قلت: أُطِيقُ أفضل من ذلك. قال: فصم يوما وأفطر يوما، فذلك مثل صيام داود، وهو أفضل الصيام. فقلت: إني أُطِيقُ أفضل من ذلك. قال: لا أفضل من ذلك»، وفي رواية: «لا صوم فوق صوم أخي داود -شَطْرَ الدَّهَرِ-، صم يوما وأفطر يوما».
4543,1,1,Sahih al-Bukhari,Revelation,4543,,"عن عائشة رضي الله عنها أن رسول الله صلى الله عليه وسلم قال: «خمسٌ من الدَّوَابِّ كُلُّهُنَّ فَاسِقٌ، يُقْتَلنَ في الحَرَمِ: الغرابُ، وَالحِدَأَةُ، وَالعَقْرَبُ، وَالفَأْرَةُ، وَالكَلْبُ العَقُورُ». 
وفي رواية: « يقتل خَمْسٌ فَوَاسِق في الْحِلِّ وَالْحَرَمِ »."
4544,1,1,Sahih al-Bukhari,Revelation,4544,,عن عبد الله بن عمر رضي الله عنهما «أن رجلًا قال يا رسول الله، ما يَلْبَسُ المُحْرِمُ مِنَ الثياب؟ قال رسول الله صلى الله عليه وسلم : لا يلبسُ القميص، ولا العَمَائِمَ ، وَلاَ السَّرَاوِيلاَتِ، ولا البَرَانِسَ، ولا الخِفَافَ، إلا أحدٌ لا يجِدُ نَعْلَيْنِ، فَلْيَلْبَسْ خُفَّيْنِ، وَلْيَقْطَعْهُمَا أسفلَ من الكعبين، وَلا يَلْبَسْ من الثياب شيئا مَسَّهُ زَعْفَران أوْ وَرْسٌ»، وللبخاري: «ولا تَنْتَقِبُ المرأة، وَلا تلبس الْقُفَّازَيْنِ».
4546,1,1,Sahih al-Bukhari,Revelation,4546,,عن عمر بن الخطاب رضي الله عنه قال: قال رسول الله صلى الله عليه وسلم : «إذا أقبل الليل من هَهُنا، وأَدْبَرَالنهار من ههنا، فقد أفطر الصائم».
4547,1,1,Sahih al-Bukhari,Revelation,4547,,عن أبي سعيد الْخُدْرِي رضي الله عنه قال: قال رسول الله صلى الله عليه وسلم : «ليس فيما دون خمس أَوَاقٍ صدقة، ولا فيما دون خمس ذَوْدٍ صدقة، ولا فيما دُونَ خمسة أَوْسُقٍ صدقة».
4548,1,1,Sahih al-Bukhari,Revelation,4548,,عن عمر بن الخطاب رضي الله عنه قال: قلت: يا رسول الله، إني كنت نَذَرْتُ في الجَاهلية أن أعتكف ليلة -وفي رواية: يومًا- في المسجد الحرام ؟ قال: «فَأَوْفِ بِنَذْرِكَ».
4550,1,1,Sahih al-Bukhari,Revelation,4550,,"عن جابر بن عبد الله رضي الله عنهما قال: «أَهَلَّ النبيُّ صلى الله عليه وسلم وأصحابُه بالحج، وليس مع أحد منهم هَدْيٌ غير النبي صلى الله عليه وسلم وطلحة، وقدم علي رضي الله عنه من اليمن. فقال: أَهْلَلْتُ بما أَهَلَّ به النبي صلى الله عليه وسلم فأمر النبي صلى الله عليه وسلم أصحابه: أن يجعلوها عمرة، فيطوفوا ثم يُقَصِّرُوا ويَحِلُّوا، إلا من كان معه الهَدْي، فقالوا: ننطلق إلى مِنًى وَذَكَرُ أَحَدِنَا يَقْطُرُ؟ 
فبلغ ذلك النبي - صلى الله عليه وسلم- فقال: لَوِ اسْتَقْبَلْتُ من أَمْرِي مَا اسْتَدْبَرْتُ ؛ ما أَهْدَيْتُ ، ولولا أن معي الهَدْيَ لَأَحْلَلْتُ. 
وحاضت عائشة. فَنَسَكَتْ المنَاسِك كلها، غير أنها لم تَطُفْ بالبيت. فلما طَهُرت وطافت بالبيت قالت: يا رسول الله، تَنْطَلِقُونَ بحج وعمرة، وأنطلق بحج؟ فأمر عبد الرحمن بن أبي بكر: أن يخرج معها إلى التَّنْعِيمِ ، فاعتمرت بعد الحج»."
4557,1,1,Sahih al-Bukhari,Revelation,4557,,"عن أبي عبد الله جابر بن عبد الله الأنصاري رضي الله عنهما ، قال: كنا مع النبي صلى الله عليه وسلم في غَزَاةٍ، فقال: «إن بالمدينة لَرِجَالًا ما سِرْتُم مَسِيرًا، ولا قَطَعْتُم وَادِيًا، إلا كانوا مَعَكُم حَبَسَهم المرضُ». 
وفي رواية: «إلا شَرَكُوكُم في الأَجْرِ».
وعن أنس - رضي الله عنه - قال: رجعنا من غزوة تبوك مع النبي صلى الله عليه وسلم فقال: «إن أقواما خلفنا بالمدينة ما سلكنا شِعْبَا، ولا واديا، إلا وهم معنا؛ حبسهم العذر»."
4714,1,1,Sahih al-Bukhari,Revelation,4714,,عن عبد الله بن مسعود رضي الله عنه قال: قال رسول الله -صلى الله عليه وآله وسلم-: «لا يحل دم امرئ مسلم إلا بإحدى ثلاث: الثَّيِّبُ الزاني، والنفسُ بالنفس، والتاركُ لدينه المفارقُ للجماعة».
4719,1,1,Sahih al-Bukhari,Revelation,4719,,عن معن بن يزيد بن الأخنس رضي الله عنهم قال: كان أبي يزيدُ أَخْرجَ دَنَانِيرَ يتصدقُ بها، فوضعها عند رجلٍ في المسجدِ، فجِئْتُ فأخذتُها فأَتَيْتُهُ بها، فقال: واللهِ، ما إيَّاكَ أردتُ، فخَاصَمْتُهُ إلى رسولِ اللهِ صلى الله عليه وسلم فقال: «لكَ ما نويتَ يا يزيدُ، ولك ما أخذتَ يا معنُ».
4797,1,1,Sahih al-Bukhari,Revelation,4797,,عن أبي هريرة رضي الله عنه قال: قال رسول الله صلى الله عليه وسلم : «مَنْ تَابَ قَبْلَ أَنْ تَطْلُعَ الشَّمْسُ مِنْ مَغْرِبِهَا تَابَ اللهُ عَلَيْهِ».
4808,1,1,Sahih al-Bukhari,Revelation,4808,,عن أبي هريرة رضي الله عنه قال: سمعت رسول الله صلى الله عليه وسلم يقول: «وَاللهِ إني لأَسْتَغْفِرُ اللهَ وأَتُوبُ إليهِ في اليومِ أَكْثَرَ من سَبْعِينَ مَرَّةً».
4812,1,1,Sahih al-Bukhari,Revelation,4812,,عن عائشة رضي الله عنها قالت: قال رسول الله صلى الله عليه وسلم : «يَغزُو جَيْشٌ الكَعْبَةَ فإذا كانوا بِبَيْدَاءَ من الأرضِ يُخْسَفُ بأَوَّلِهِم وَآخِرِهِم قالت: قلتُ: يا رسول الله، كيف يخسف بأولهم وآخرهم وفيهم أَسْوَاقُهُم وَمَنْ ليس منهم؟! قال: «يخسف بأولهم وآخرهم ثم يُبْعَثُونَ على نِيَّاتِهِم».
4813,1,1,Sahih al-Bukhari,Revelation,4813,,عن أبي ذر رضي الله عنه قال: قال النبي صلى الله عليه وسلم :«عُرِضَتْ عَلَيَّ أعمالُ أُمتي، حَسَنُهَا وسَيِّئُهَا فَوَجَدتُ في مَحَاسِنِ أَعْمَالِهَا الأَذَى يُمَاطُ عَنِ الطَّرِيقِ، ووَجَدتُ في مَسَاوِئِ أَعْمَالِهَا النُّخَاعَةُ تَكُونُ في المَسْجِدِ لا تُدْفَنُ».
4816,1,1,Sahih al-Bukhari,Revelation,4816,,"عن أسامة بن زيد رضي الله عنهما ، قال: بَعَثَنَا رسولُ اللهِ صلى الله عليه وسلم إلى الحُرَقَةِ من جُهَيْنَةَ فَصَبَّحْنَا القَوْمَ على مِيَاهِهِم، ولَحِقْتُ أنا ورجلٌ من الأنصارِ رجلًا منهم، فلما غَشِينَاهُ، قال: لا إله إلا الله، فَكَفَّ عنه الأَنْصَارِيُّ، وطَعَنْتُهُ بِرُمْحِي حَتَّى قَتَلْتُهُ، فَلَمَّا قَدِمْنَا المدينةَ، بَلَغَ ذَلِكَ النبيَّ صلى الله عليه وسلم فقال لي: «يا أسامةُ، أَقَتَلْتَهُ بَعْدَ مَا قَالَ: لا إلهَ إلَّا اللهُ؟!» قُلْتُ: يا رسولَ اللهِ، إنما كان مُتَعَوِّذًا، فقال: «أَقَتَلْتَهُ بعد ما قال: لا إلهَ إلَّا اللهُ؟!» فَمَا زَالَ يُكَرِّرُهَا عَلَيَّ حتى تَمَنَّيْتُ أَنِّي لم أَكُنْ أَسْلَمْتُ قَبْلَ ذَلِكَ اليَوْمِ. 
وفي رواية: فقال رسول الله صلى الله عليه وسلم : «أَقَالَ: لا إلهَ إلا اللهُ وَقَتَلْتَهُ؟!» قُلْتُ: يا رسولَ اللهِ، إنما قَالَهَا خَوْفًا من السِّلَاحِ، قال: «أَفَلَا شَقَقْتَ عَنْ قَلْبِهِ حَتَّى تَعْلَمَ أَقَالَهَا أَمْ لَا؟!» فَمَا زَالَ يُكَرِّرُهَا حَتَّى تَمَنَّيْتُ أَنِّي أَسْلَمْتُ يَوْمَئِذٍ.
وعن جندب بن عبد الله رضي الله عنه : أن رسول الله صلى الله عليه وسلم بَعَثَ بَعْثًا مِن المسلمينَ إلى قومٍ من المشركينَ، وأنهم الْتَقَوا، فَكَانَ رجلٌ مِن المشركينَ إذا شَاءَ أَنْ يَقْصِدَ إلى رجلٍ مِن المسلمينَ قَصَدَ له فَقَتَلَهُ، وأَنَّ رجلًا مِن المسلمينَ قَصَدَ غَفْلَتَهُ. وكُنَّا نَتَحَدَّثُ أَنَّهُ أسامةُ بْنُ زيدٍ، فَلَمَّا رَفَعَ عَلَيْهِ السَّيْفَ، قال: لا إلهَ إلا اللهُ، فَقَتَلَهُ، فجاءَ البَشِيرُ إلى رسولِ اللهِ صلى الله عليه وسلم فَسَأَلَهُ وأَخْبَرَهُ، حتى أَخْبَرَهُ خَبَرَ الرجلِ كَيْفَ صَنَعَ، فَدَعَاهُ فَسَأَلَهُ، فقال: «لِمَ قَتَلْتَهُ؟» فقال: يا رسولَ اللهِ، أَوْجَعَ في المسلمينَ، وقَتَلَ فُلانًا وفُلانًا، وسَمَّى له نَفَرًا، وإِنِّي حَمَلْتُ عليهِ، فَلَمَّا رَأَى السَّيْفَ، قال: لا إلهَ إلا اللهُ. قال رسولُ اللهِ صلى الله عليه وسلم : «أَقَتَلْتَهُ؟» قال: نعم. قال: «فَكَيْفَ تَصْنَعُ بلا إلهَ إلا اللهُ، إذا جَاءَتْ يَومَ القِيَامَةِ؟» قال: يا رسولَ اللهِ، اسْتَغْفِرْ لِي. قال: «وكَيْفَ تَصْنَعُ بلا إلهَ إلا اللهُ إذا جَاءَتْ يَوْمَ القِيَامَةِ؟» فجعل لا يَزِيدُ على أَنْ يقولَ: «كَيْفَ تَصْنَعُ بلا إلهَ إلا اللهُ إذا جَاءَتْ يَوْمَ القيامةِ»."
4820,1,1,Sahih al-Bukhari,Revelation,4820,,"عن عبد الله بن كعب بن مالك، وكان قائدَ كعب - رضي الله عنه - من بنيه حين عمي، قال: سمعت كعب بن مالك - رضي الله عنه - يحدث بحديثه حين تَخَلَّفَ عن رسول الله - صلى الله عليه وسلم - في غزوة تبوك. قال كعب: لم أتَخَلَّفْ عن رسول الله - صلى الله عليه وسلم - في غزوةٍ غَزَاهَا قَطُّ إلا في غزوة تبوك، غير أني قد تخلفت في غزوةِ بدرٍ، ولم يُعَاتَبْ أحدًا تخلف عنه؛ إنما خرج رسول الله - صلى الله عليه وسلم - والمسلمون يريدون عِيرَ قُرَيْشٍ حتى جمع الله تعالى بينهم وبين عدوهم على غير ميعاد. ولقد شهدت مع رسول الله - صلى الله عليه وسلم - ليلة العقبة حين تَوَاثَقْنَا على الإسلام، وما أُحِبُّ أَنَّ لي بها مَشْهَدَ بَدْرٍ، وإن كانت بدرٌ أذكرَ في الناس منها.
وكان من خبري حين تخلفت عن رسول الله - صلى الله عليه وسلم - في غزوة تبوك أني لم أكن قط أَقْوَى ولا أَيْسَرَ مني حين تخلفت عنه في تلك الغزوة، والله ما جمعت قبلها راحلتين قط حتى جمعتهما في تلك الغزوة ولم يكن رسول الله - صلى الله عليه وسلم - يريد غزوة إلا وَرَّى بغيرها حتى كانت تلك الغزوة، فغزاها رسول الله - صلى الله عليه وسلم - في حَرٍّ شديد، واستقبل سفرا بعيدا ومَفازا، واستقبل عددا كثيرا، فجَلَّى للمسلمين أمرهم ليتَأهَّبُوا أُهْبَةَ غزوهم فأخبرهم بوجههم الذي يريد، والمسلمون مع رسول الله كثير ولا يجمعهم كتاب حافظ «يريد بذلك الديوان». قال كعب: فقل رجل يريد أن يَتَغَيَّبَ إلا ظَنَّ أن ذلك سيخفى له ما لم ينزل فيه وحي من الله، وغزا رسول الله - صلى الله عليه وسلم - تلك الغزوة حين طابت الثمار والظلال، فأنا إليها أَصْعَرُ، فتجهز رسول الله - صلى الله عليه وسلم - والمسلمون معه وطَفِقْتُ أغدو لكي أتجهز معه،لم يقدر ذلك لي، فطفقت إذا خرجت في الناس بعد خروج رسول الله - صلى الله عليه وسلم - يَحْزُنُنِي أني لا أرى لي أُسْوَةً، إلا رجلا مَغْمُوصًا عليه في النفاق، أو رجلا ممن عَذَرَ الله تعالى من الضعفاء، ولم يذكرني رسول الله - صلى الله عليه وسلم - حتى بلغ تبوك، فقال وهو جالس في القوم بتبوك: «ما فعل كعب بن مالك؟» فقال رجل من بني سَلِمَةَ: يا رسول الله، حبسه بُرْدَاهُ والنظر في عِطْفَيْهِ. فقال له معاذ بن جبل - رضي الله عنه: بئس ما قلت! والله يا رسول الله ما علمنا عليه إلا خيرا، فسكت رسول الله - صلى الله عليه وسلم. فبينا هو على ذلك رأى رجلا مُبَيِّضًا يزولُ به السَّرَابُ، فقال رسول الله - صلى الله عليه وسلم: «كن أبا خيثمة»، فإذا هو أبو خيثمة الأنصاري وهو الذي تصدق بصاع التمر حين لَمَزَهُ المنافقون.
قال كعب: فلما بلغني أن رسول الله - صلى الله عليه وسلم - قد توجه قافلًا من تبوك حضرني بَثِّي، فطَفِقْتُ أتذكرُ الكذبَ وأقول: بم أخرج من سخطه غدا؟ وأستعين على ذلك بكل ذي رأي من أهلي، فلما قيل: إن رسول الله - صلى الله عليه وسلم - قد أظل قادما، زاح عني الباطل حتى عرفت أني لن أنجو منه بشيء أبدا، فأجمعتُ صِدْقَهُ وأصبح رسول الله - صلى الله عليه وسلم - قادما، وكان إذا قدم من سفر بدأ بالمسجد فركع فيه ركعتين ثم جلس للناس، فلما فعل ذلك جاءه المُخَلَّفُونَ يعتذرون إليه ويحلفون له، وكانوا بضعا وثمانين رجلا، فقبل منهم علانيتهم وبايعهم واستغفر لهم وَوَكَلَ سَرَائِرَهُم إلى الله تعالى، حتى جئت، فلما سلمت تَبَسَّمَ تَبَسُّمَ المغضب. ثم قال: «تعالَ»، فجئت أمشي حتى جلست بين يديه، فقال لي: «ما خلفك؟ ألم تكن قد ابْتَعْتَ ظَهْرَكَ؟» قال: قلت: يا رسول الله، إني والله لو جلستُ عندَ غيرِك من أهل الدنيا لرأيتُ أني سأخرج من سخطه بعذر؛ لقد أُعْطِيتُ جَدَلًا، ولكني واللهِ لقد علمتُ لئن حدثتك اليوم حديث كذب ترضى به عني لَيُوشِكَنَّ اللهُ أن يُسْخِطَكَ عَلَيَّ، وإن حَدَّثْتُكَ حديث صدق تَجِدُ عَلَيَّ فيه إني لأرجو فيه عُقْبَى اللهِ - عز وجل - والله ما كان لي من عُذْرٍ، والله ما كنت قط أقوى ولا أيسر مني حين تخلفت عنك.
قال: فقال رسول الله - صلى الله عليه وسلم: «أما هذا فقد صدق، فَقُمْ حتى يقضي الله فيك». وسار رجال من بني سلمة فاتبعوني فقالوا لي: والله ما علمناك أذنبتَ ذنبا قبل هذا لقد عَجَزْتَ في أن لا تكون اعتذرت إلى رسول الله - صلى الله عليه وسلم - بما اعتذر إليه المخلفون، فقد كان كافيك ذنبك استغفار رسول الله - صلى الله عليه وسلم - لك.
قال: فوالله ما زالوا يُؤَنِّبُونَنِي حتى أردت أن أرجع إلى رسول الله - صلى الله عليه وسلم - فأُكَذِّبَ نفسي، ثم قلت لهم: هل لقي هذا معي من أحد؟ قالوا: نعم، لقيه معك رجلان قالا مثل ما قلت، وقيل لهما مثل ما قيل لك، قال: قلت: من هما؟ قالوا: مُرَارَةُ بنُ الربيعِ العَمْرِي، وهلال بن أُمية الوَاقِفِي؟ قال: فذكروا لي رجلين صالحين قد شهدا بدرا فيهما أُسْوَةٌ، قال: فمضيت حين ذكروهما لي. ونهى رسول الله - صلى الله عليه وسلم - عن كلامنا أيها الثلاثة من بين من تخلف عنه، فاجتنبنا الناس - أو قال: تغيروا لنا - حتى تَنَكَّرَتْ لي في نفسي الأرضُ، فما هي بالأرض التي أعرف، فلبثنا على ذلك خمسين ليلة. فأما صاحباي فاستكانا وقعدا في بيوتهما يبكيان. وأما أنا فكنتُ أَشَبَّ القومِ وأَجْلَدَهُم فكنت أخرج فأشهد الصلاة مع المسلمين، وأطوف في الأسواق ولا يكلمني أحد، وآتي رسول الله - صلى الله عليه وسلم - فأسلم عليه وهو في مجلسه بعد الصلاة، فأقول في نفسي: هل حرك شفتيه برد السلام أم لا؟ ثم أصلي قريبا منه وأُسَارِقُهُ النظرَ، فإذا أقبلت على صلاتي نظر إلي وإذا التفت نحوه أعرض عني، حتى إذا طال ذلك عَلَيَّ من جفوة المسلمين مشيت حتى تَسَوَّرْتُ جدار حائط أبي قتادة وهو ابن عمي وأحب الناس إلي، فسلمت عليه فوالله ما رد علي السلام، فقلت له: يا أبا قتادة، أَنْشُدُكَ بالله هل تعلمني أحب الله ورسوله - صلى الله عليه وسلم -؟ فسكت، فعدت فناشدته فسكت، فعدت فناشدته، فقال: الله ورسوله أعلم. ففاضت عيناي، وتوليت حتى تَسَوَّرْتُ الجدار، فبينا أنا أمشي في سوق المدينة إذا نَبَطِيٌ مِن نَبَطِ أهل الشام ممن قدم بالطعام يبيعه بالمدينة يقول: من يدل على كعب بن مالك؟ فطفق الناس يشيرون له إلي حتى جاءني فدفع إلي كتابا من ملك غسان، وكنت كاتبا.
فقرأته فإذا فيه: أما بعد، فإنه قد بلغنا أن صاحبك قد جفاك ولم يجعلك الله بدار هَوَانٍ ولا مَضيَعَةٍ، فالْحَقْ بنا نُوَاسِكَ، فقلت حين قرأتها: وهذه أيضا من البلاء، فَتَيَمَّمْتُ بها التَّنُّورَ فَسَجَرْتُها، حتى إذا مضت أربعون من الخمسين واسْتَلْبَثَ الوحيُ إذا رسولُ رسولِ اللهِ - صلى الله عليه وسلم - يأتيني، فقال: إن رسول الله - صلى الله عليه وسلم - يأمرك أن تَعْتَزِلَ امرأتك، فقلت: أُطَلِّقُهَا أم ماذا أفعل؟ فقال: لا، بل اعْتَزِلْهَا فلا تَقْرَبَنَّهَا، وأرسل إلى صاحِبَيَّ بمثل ذلك. فقلت لامرأتي: الحقي بأهلك فكوني عندهم حتى يقضي الله في هذا الأمر. فجاءت امرأة هلال بن أمية رسول الله - صلى الله عليه وسلم - فقالت له: يا رسول الله، إن هلال بن أمية شيخ ضائع ليس له خادم، فهل تكره أن أخدمه؟ قال: «لا، ولكن لا يَقْرَبَنَّكِ» فقالت: إنه والله ما به من حركة إلى شيء، ووالله ما زال يبكي منذ كان من أمره ما كان إلى يومه هذا. فقال لي بعض أهلي: لو استأذنت رسول الله - صلى الله عليه وسلم - في امرأتك فقد أذن لامرأة هلال بن أمية أن تخدمه؟ فقلت: لا أستأذن فيها رسول الله - صلى الله عليه وسلم - وما يدريني ماذا يقول رسول الله - صلى الله عليه وسلم - إذا استأذنته، وأنا رجل شاب! فلبثت بذلك عشر ليال فكمل لنا خمسون ليلة من حين نُهِيَ عن كلامنا، ثم صليت صلاة الفجر صباح خمسين ليلة على ظهر بيت من بيوتنا، فبينا أنا جالس على الحال التي ذكر الله تعالى منا، قد ضاقت علي نفسي وضاقت علي الأرض بما رحبت، سمعت صوت صارخ أوفى على سَلْعٍ يقول بأعلى صوته: يا كعب بن مالك أبْشِرْ، فخررت ساجدا، وعرفت أنه قد جاء فرج. فآذَنَ رسولُ الله - صلى الله عليه وسلم - الناسَ بتوبة الله - عز وجل - علينا حين صلى صلاة الفجر فذهب الناس يبشروننا، فذهبَ قِبَلَ صَاحِبَيَّ مبشرون ورَكَضَ رجلٌ إليَّ فرسًا وسعى ساعٍ مِن أَسْلَمَ قِبَلِي، وأوفى على الجبل، فكان الصوتُ أسرعَ من الفرس، فلما جاءني الذي سمعت صوته يبشرني نزعت له ثَوْبَيَّ فكسوتهما إياه بِبِشَارَتِهِ، والله ما أملك غيرهما يومئذ، واستعرت ثوبين فلبستهما، وانطلقت أَتَأَمَّمُ رسول الله - صلى الله عليه وسلم - يَتَلَقَّاني الناس فوجا فوجا يُهنِّئونَني بالتوبة ويقولون لي: لِتَهْنِكَ توبة الله عليك. حتى دخلت المسجد فإذا رسول الله - صلى الله عليه وسلم - جالس حوله الناس، فقام طلحة بن عبيد الله - رضي الله عنه - يُهَرْوِلُ حتى صافحني وهَنَّأَنِي، والله ما قام رجل من المهاجرين غيره - فكان كعب لا ينساها لطلحة.
قال كعب: فلما سلمت على رسول الله - صلى الله عليه وسلم - قال وهو يَبْرُقُ وَجْهُهُ من السرور: «أبشر بخير يوم مر عليك مذ ولدتك أمك» فقلت: أمن عندك يا رسول الله أم من عند الله؟ قال: «لا، بل من عند الله - عز وجل -»، وكان رسول الله - صلى الله عليه وسلم - إذا سُرَّ استنار وَجْهُهُ حتى كأن وَجْهَهَ قطعةُ قمر وكنا نعرف ذلك منه، فلما جلست بين يديه قلت: يا رسول الله، إن من توبتي أن أنْخَلِعَ من مالي صدقة إلى الله وإلى رسوله. فقال رسول الله - صلى الله عليه وسلم: «أمسك عليك بعض مالك فهو خير لك». فقلت: إني أمسك سهمي الذي بخيبر. وقلت: يا رسول الله، إن الله تعالى إنما أنجاني بالصدق، وإن من توبتي أن لا أحدث إلا صدقا ما بقيت، فوالله ما علمت أحدا من المسلمين أبلاه الله تعالى في صدق الحديث منذ ذكرت ذلك لرسول الله - صلى الله عليه وسلم - أحسن مما أبلاني الله تعالى، والله ما تعمدت كِذْبَةً منذ قلت ذلك لرسول الله - صلى الله عليه وسلم - إلى يومي هذا، وإني لأرجو أن يحفظني الله تعالى فيما بقي، قال: فأنزل الله تعالى: {لقد تاب الله على النبي والمهاجرين والأنصار الذين اتبعوه في ساعة العسرة} حتى بلغ: {إنه بهم رؤوف رحيم وعلى الثلاثة الذين خلفوا حتى إذا ضاقت عليهم الأرض بما رحبت} حتى بلغ: {اتقوا الله وكونوا مع الصادقين} [التوبة: 117 - 119] قال كعب: والله ما أنعم الله علي من نعمة قط بعد إذ هداني الله للإسلام أعظم في نفسي من صِدْقِي رسول الله - صلى الله عليه وسلم - أن لا أكون كَذَبْتُهُ، فأَهْلِكَ كما هَلَكَ الذين كذبوا؛ إن الله تعالى قال للذين كذبوا حين أنزل الوحي شر ما قال لأحد، فقال الله تعالى: {سيحلفون بالله لكم إذا انقلبتم إليهم لتعرضوا عنهم فأعرضوا عنهم إنهم رجس ومأواهم جهنم جزاء بما كانوا يكسبون يحلفون لكم لترضوا عنهم فإن ترضوا عنهم فإن الله لا يرضى عن القوم الفاسقين} [التوبة: 95 - 96] قال كعب: كنا خُلِّفْنَا أيها الثلاثةُ عن أمر أولئك الذين قبل منهم رسول الله - صلى الله عليه وسلم - حين حَلَفُوا له فبايعهم واستغفر لهم وأرجَأَ رسول الله - صلى الله عليه وسلم - أَمْرَنَا حتى قضى الله تعالى فيه بذلك. قال الله تعالى: {وعلى الثلاثة الذين خلفوا} وليس الذي ذكر مما خلفنا تخلفنا عن الغزو، وإنما هو تخليفه إيانا وإرجاؤه أمرنا عَمَّنْ حَلَفَ له واعتذر إليه فقبل منه. متفق عليه. 
وفي رواية: أن النبي - صلى الله عليه وسلم - خرج في غزوة تبوك يوم الخميس وكان يحب أن يخرج يوم الخميس.
وفي رواية: وكان لا يقدم من سفر إلا نهارا في الضحى، فإذا قدم بدأ بالمسجد فصلى فيه ركعتين ثم جلس فيه."
4827,1,1,Sahih al-Bukhari,Revelation,4827,,عن أم سلمة رضي الله عنها قالت: كان أَحَبَّ الثِّيَابِ إلى رسولِ اللهِ صلى الله عليه وسلم القَمِيصُ.
4828,1,1,Sahih al-Bukhari,Revelation,4828,,عن أبي أمامة رضي الله عنه أن النبي صلى الله عليه وسلم كَانَ إذا رَفَعَ مَائِدَتَهُ، قال: «الحَمْدُ للهِ حَمْدًا كَثِيرًا طَيِّبًا مُبَارَكًا فِيهِ، غَيْرَ مَكْفِيٍّ، وَلَا مُوَدَّعٍ، وَلَا مُسْتَغْنًى عَنْهُ رَبَّنَا».
4829,1,1,Sahih al-Bukhari,Revelation,4829,,عن عائشة رضي الله عنها قالت: كان رسولُ اللهِ صلى الله عليه وسلم إذا فَاتَتْهُ الصَّلَاةُ مِنَ الليلِ مِن وَجَعٍ أَوْ غَيْرِهِ، صَلَّى من النَّهَارِ ثِنْتَيْ عَشْرَةَ رَكْعَةً.
4830,1,1,Sahih al-Bukhari,Revelation,4830,,عن عائشة رضي الله عنها والمغيرة بن شعبة رضي الله عنه : أن النبي صلى الله عليه وسلم كان يقوم من الليل حتى تَتَفَطَّرَ قَدَمَاهُ فقلت له: لم تَصْنَعُ هذا يا رسول الله، وقد غفر اللهُ لك ما تقدم من ذنبك وما تأخر؟ قال: «أَفَلَا أحب أن أكونَ عبدا شَكُورًا».
4851,1,1,Sahih al-Bukhari,Revelation,4851,,عن جابر بن عبد الله رضي الله عنهما «أن النبي صلى الله عليه وسلم صَلَّى على النَّجَاشِيِّ، فكنت في الصفّ الثاني، أو الثالث».
4853,1,1,Sahih al-Bukhari,Revelation,4853,,عن أبي هُرَيْرَةَ رضي الله عنه قال: «صلَّى بنا رسول الله صلى الله عليه وسلم إحدى صَلاتَيْ الْعَشِيِّ -قال ابن سِيرِينَ وسمَّاها أبو هُرَيْرَةَ، ولكن نسيت أنا- قال: فصلَّى بنا ركعتين، ثم سلَّم، فقام إلى خَشَبَةٍ مَعْرُوضَةٍ في المسجد، فَاتَّكَأَ عليها كأنه غضبان ووضع يده اليُمنى على اليُسرى، و شَبَّكَ بين أصابعه، وخرجت السَّرَعَانُ من أبواب المسجد فقالوا: قَصُرَتِ الصلاة -وفي القوم أبو بكر وعمر- فهابا أن يكلماه، وفي القوم رجل في يديه طُول، يقال له: ذو اليدين فقال: يا رسول الله، أنسيت؟ أم قَصُرَتِ الصلاة؟ قال: لم أَنْسَ وَلَمْ تُقْصَرْ، فقال: أكما يقول ذو اليدين؟ فقالوا: نعم، فتقدَّم فصلَّى ما ترك، ثم سلَّمَ، ثم كبَّر وسجد مثل سجوده أو أطول، ثم رفع رأسه فكبَّر، ثم كبَّر وسجد مثل سجوده أو أطول، ثم رفع رأسه وكبَّر، فربما سألوه: ثم سلّم؟ قال: فَنُبِّئْتُ أن عِمْرَانَ بْنَ حُصَيْنٍ قال: ثم سلَّمَ».
4925,1,1,Sahih al-Bukhari,Revelation,4925,,عن رفاعة بن رافع الزرقي رضي الله عنه قال: جاء جبريل إلى النبي صلى الله عليه وسلم قال: ما تَعُدُّونَ أهل بدر فيكم؟ قال: «من أفضل المسلمين» أو كلمة نحوها. قال: وكذلك من شهد بدرا من الملائكة.
4929,1,1,Sahih al-Bukhari,Revelation,4929,,عن أبي هريرة رضي الله عنه قال: قال رسول الله صلى الله عليه وسلم : «بين النفختين أربعون» قالوا: يا أبا هريرة أربعون يومًا؟ قال: أَبَيْتُ. قالوا: أربعون سنة؟ قال: أَبَيْتُ. قالوا: أربعون شهرا؟ قال: أَبَيْتُ. «ويَبْلَى كل شيء من الإنسان إلا عَجْبُ الذَّنَب، فيه يُرَكَّبُ الخلق، ثم يُنْزِلُ الله من السماء ماء فَيَنْبُتُونَ كما يَنْبُتُ الْبَقْلُ».
4931,1,1,Sahih al-Bukhari,Revelation,4931,,"عن أبي هريرة رضي الله عنه أن رسول الله صلى الله عليه وسلم قال: ""يُصَلُّونَ لكم، فإن أصابوا فلكم، وإن أخطأوا فلكم وعليهم""."
4932,1,1,Sahih al-Bukhari,Revelation,4932,,"عن أبي هريرة رضي الله عنه قال: {كنتم خير أمة أُخْرِجَتْ للناس} قال: ""خَيْرُ النَّاسِ للنَّاسِ يَأتُونَ بهم في السَّلاسِلِ في أعْنَاقِهِمْ حتى يَدْخُلُوا في الإسلام"".
وعنه أيضا رضي الله عنه عن النبي صلى الله عليه وسلم قال: «عَجِبَ الله عز وجل مِنْ قوم يَدْخُلُونَ الجنة في السَّلاسِلِ»."
4945,1,1,Sahih al-Bukhari,Revelation,4945,,عن عبد الله بن عمرو رضي الله عنهما قال: كان على ثَقَلِ النَّبِيِّ صلى الله عليه وسلم رَجُلٌ يُقالُ له كِرْكِرَةٌ، فماتَ، فقال رسولُ اللهِ صلى الله عليه وسلم : «هو في النَّارِ». فذهبوا ينظرونَ إليهِ، فَوَجَدُوا عَبَاءَةً قَدْ غَلَّهَا
4946,1,1,Sahih al-Bukhari,Revelation,4946,,عن عبدِ اللهِ بنِ بُسْرٍ رضي الله عنه قال: كان للنبيِّ صلى الله عليه وسلم قَصْعَةٌ يقالُ لها: الغَرَّاءُ يحملها أَرْبَعَةُ رِجَالٍ؛ فلما أَضْحَوْا وسَجَدُوا الضُّحَى أُتِيَ بتلك القَصْعَةِ -يعني وَقَدْ ثُرِدَ فيها- فالتَفُّوا عليها، فلَمَّا كَثُرُوا جَثَا رسولُ اللهِ صلى الله عليه وسلم فقال أعرابيٌّ: ما هذه الجِلْسَةُ؟ فقال رسولُ اللهِ صلى الله عليه وسلم : «إِنَّ اللهَ جَعَلَنِي عَبْدًا كَرِيمًا، ولم يَجْعَلْنِي جَبَّارًا عَنِيدًا»، ثم قال رسولُ اللهِ صلى الله عليه وسلم : «كُلُوا مِنْ حَوَالَيْهَا، ودَعُوا ذِرْوَتَهَا يُبَارَكْ فِيهَا».
4948,1,1,Sahih al-Bukhari,Revelation,4948,,عن ابنِ عُمَرَ رضي الله عنهما ، قال: كُنَّا على عَهْدِ رسولِ اللهِ صلى الله عليه وسلم نَأْكُلُ ونحنُ نَمْشِي، ونَشْرَبُ ونحنُ قِيَامٌ.
4949,1,1,Sahih al-Bukhari,Revelation,4949,,عن أبي سعيد الخدري رضي الله عنه مرفوعاً: «كَيْفَ أَنْعَمُ! وصَاحِبُ القَرْنِ قَدِ التَقَمَ القَرْنَ، واسْتَمَعَ الإِذْنَ مَتَى يُؤْمَرُ بالنَّفْخِ فَيَنْفُخُ»، فَكَأَنَّ ذَلِكَ ثَقُلَ على أصحابِ رسولِ اللهِ صلى الله عليه وسلم فقال لهم: «قُولُوا: حَسْبُنَا اللهُ ونِعْمَ الوَكِيلُ».
4953,1,1,Sahih al-Bukhari,Revelation,4953,,عن الزبير بن عدي، قال: أَتَيْنَا أنسَ بنَ مَالِكٍ رضي الله عنه فَشَكَوْنَا إليه ما نَلْقَى من الحَجَّاجِ، فقال: «اصْبِرُوا، فإنه لا يأتي زمانٌ إلا والذي بعده شَرٌّ منه حَتَّى تَلْقَوا رَبَّكُم» سمعتُه من نَبِيِّكُم صلى الله عليه وسلم .
4955,1,1,Sahih al-Bukhari,Revelation,4955,,عن أبي هريرة، أو أبي سعيد الخدري رضي الله عنهما -شك الراوي- قال: لما كان غزوة تبوك، أصاب الناس مجاعة، فقالوا: يا رسول الله، لو أَذِنْتَ لنا فنحرنا نوَاضِحَنَا فأكلنَا وَادَّهَنَّا؟ فقال رسول الله صلى الله عليه وسلم : «افعلوا» فجاء عمر رضي الله عنه فقال: يا رسول الله، إن فعلت قَلَّ الظَّهْرُ، ولكن ادْعُهُمْ بفضل أَزْوَادِهِمْ، ثمَ ادْعُ الله لهم عليها بالبركة، لعل الله أن يجعل في ذلك البركة. فقال رسول الله صلى الله عليه وسلم : «نعم» فدعا بنِطَعٍ فبسطه، ثم دعا بفضل أَزْوَادِهِمْ، فجعل الرجل يجيء بكف ذُرَةٍ، ويجيء بكف تمر، ويجيء الآخر بِكَسْرَةٍ، حتى اجتمع على النِّطَعِ من ذلك شيء يسير، فدعا رسول الله صلى الله عليه وسلم بالبركة، ثم قال: «خذوا في أوعيتكم» فأخذوا في أوعيتهم حتى ما تركوا في العسكر وعاء إلا مَلَئُوهُ وأكلوا حتى شبعوا وفضل فضْلَةً، فقال رسولُ اللهِ صلى الله عليه وسلم : «أشهد أن لا إله إلا الله وأني رسول الله، لا يلقى الله بهما عبد غير شاك فَيُحْجَبَ عن الجنة».
4959,1,1,Sahih al-Bukhari,Revelation,4959,,عن أم سلمة رضي الله عنها ، قالت: قلت: يا رسول الله، هل لي أجرٌ في بني أبي سلمة أن أُنْفِقَ عليهم، ولستُ بتاركتهم هكذا وهكذا إنما هم بَنِيَّ؟ فقال: «نعم، لك أجرُ ما أنفقتِ عليهم».
4960,1,1,Sahih al-Bukhari,Revelation,4960,,عن سعيد بن الحارث: أنه سأل جابرا رضي الله عنه عن الوضوء مما مَسَّتِ النارُ، فقال: لا، قد كنا زمن النبي - صلى الله عليه وسلم - لا نجد مثل ذلك الطعام إلا قليلا، فإذا نحن وجدناه، لم يكن لنا مَنَادِيلُ إلا أَكُفَّنَا، وسَوَاعِدَنَا، وأَقْدَامَنَا، ثم نصلي ولا نتوضأ.
4961,1,1,Sahih al-Bukhari,Revelation,4961,,"عن أبي هريرة رضي الله عنه مرفوعاً: «لما خلق اللهُ الخَلْقَ كتب في كتاب، فهو عنده فوق العرش: إن رحمتي تَغْلِبُ غضبي».
وفي رواية: «غَلَبَتْ غضبي» 
وفي رواية: «سَبَقَتْ غضبي»."
4966,1,1,Sahih al-Bukhari,Revelation,4966,,عن أبي هريرة رضي الله عنه قال: ما عاب رسول الله صلى الله عليه وسلم طعاما قط، إن اشتهاه أكله، وإن كرهه تركه.
4967,1,1,Sahih al-Bukhari,Revelation,4967,,عن أبي سعيد الخدري رضي الله عنه مرفوعاً: أنَّ ناسًا من الأنصارِ سألوا رسولَ الله - صلى الله عليه وسلم - فأعطاهم، ثم سألوه فأعطاهم، حتى نَفِدَ ما عنده، فقال لهم حين أنفقَ كلَّ شيءٍ بيده: «ما يَكُنْ عندي من خيرٍ فلن أَدَّخِرَهُ عَنْكُم، ومَنْ يَسْتَعْفِفْ يُعِفِّهُ اللهُ، ومَنْ يَسْتَغْنِ يُغْنِهِ اللهُ، ومَنْ يَتَصَبَّرْ يُصَبِّرْهُ اللهُ. وما أُعْطِيَ أَحَدٌ عطاءً خَيرًا وأَوسع من الصبرِ».
4970,1,1,Sahih al-Bukhari,Revelation,4970,,عن جابر بن عبد الله وأبو هريرة رضي الله عنهم مرفوعاً: «مثلي ومثلُكم كمثل رجلٍ أَوْقَدَ نارًا فجعل الجنادِبُ والفَرَاشُ يَقَعْنَ فيها، وهو يَذُبُّهُنَّ عنها، وأنا آخذٌ بحُجَزِكُم عن النار، وأنتم تَفَلَّتُون من يَدَيَّ».
5001,1,1,Sahih al-Bukhari,Revelation,5001,,"عن أبي هريرة رضي الله عنه قال: بَعَث رسول الله صلى الله عليه وسلم عشرة رهْط عيْنا سرية، وأمّر عليها عاصم بن ثابت الأنصاري رضي الله عنه فانطلقوا حتى إذا كانوا بالهَدْأة؛ بين عُسْفان ومكة؛ ذكروا لِحَيٍ من هُذَيْل يقال لهم: بنو لحيَان، فنَفَروا لهم بقريب من مائة رجل رام، فاقتصُّوا آثارهم، فلما أحسَّ بهم عاصم وأصحابه، لَجَأوا إلى موضع، فأحاط بهم القوم، فقالوا: انزلوا فأَعْطُوا بأيديكم ولكم العهد والميثاق أن لا نقتل منكم أحدا. فقال عاصم بن ثابت: أيها القوم، أما أنا، فلا أَنْزل على ذِمَّة كافر: اللهم أخبِرْ عَنَّا نبيك صلى الله عليه وسلم فرموهم بالنّبْل فقتلوا عاصما، ونزل إليهم ثلاثة نفر على العهد والميثاق، منهم خُبَيب، وزيد بن الدِّثِنَة ورجل آخر. فلما اسْتَمْكَنوا منهم أطلقوا أوتار قِسِيِّهم، فربطوهم بها. قال الرجل الثالث: هذا أول الغَدْر والله لا أصحبكم إن لي بهؤلاء أُسْوة، يريد القتلى، فجرُّوه وعالَجوه، فأبى أن يصحبهم، فقتلوه، وانطلقوا بخُبيب، وزيد بن الدِّثِنِة، حتى باعوهما بمكة بعد وقعة بدر؛ فابتاع بنو الحارث بن عامر بن نوفل بن عبد مُناف خُبيبا، وكان خُبيب هو قَتَل الحارث يوم بدر. فلبث خُبيب عندهم أسيرا حتى أجْمعوا على قتله، فاستعار من بعض بنات الحارث موسى يستَحِدُّ بها فأعارته، فدَرَج بُنَيٌّ لها وهي غافلة حتى أتاه، فوجدَتْه مُجْلِسه على فخذه والمُوسى بيده، ففزعت فزعة عرفها خُبيب. فقال: أتخشين أن أقتله ما كنت لأفعل ذلك! قالت: والله ما رأيت أسيرا خيرا من خُبيب، فوالله لقد وجدته يوما يأكل قِطْفا من عنب في يده وإنه لموثَق بالحديد وما بمكة من ثمرة، وكانت تقول: إنه لَرِزْق رَزَقه الله خبيبا. فلما خرجوا به من الحرم ليقتلوه في الحِلِّ، قال لهم خُبيب: دعوني أصلِّي ركعتين، فتركوه، فركع ركعتين فقال: والله لولا أن تحسبوا أن ما بي جَزَع لزدتُ: اللهم أحْصِهم عددا، واقتلهم بِدَدَا، ولا تُبْقِ منهم أحدا. وقال:
 فلسْتُ أُبالي حين أُقتَل مسلما... على أي جنْب كان لله مصرعي
 وذلك في ذات الإله وإن يشأْ... يباركْ على أوصال شِلْوٍ مُمَزَّع.
 وكان خُبيب هو سَنَّ لكل مسلم قُتِل صْبرا الصلاة. وأخبر - يعني: النبي صلى الله عليه وسلم أصحابه يوم أصيبوا خبرهم، وبعث ناس من قُريش إلى عاصم بن ثابت حين حُدِّثُوا أنه قُتل أن يُؤتوا بشيء منه يُعرف، وكان قتل رجلا من عظمائهم، فبعث الله لعاصم مثل الظُلَّة من الدَّبْرِ فحَمَتْه من رُسُلهم، فلم يقدروا أن يقطعوا منه شيئا."
5021,1,1,Sahih al-Bukhari,Revelation,5021,,عن أَبي هريرة وأبي قتادة وَأبي إبراهيم الأشهلي عن أبيه -وأبوه صَحَابيٌّ- رضي الله عنهم عن النبيِّ صلى الله عليه وسلم أنه صلى على جِنَازَةٍ، فقال: «اللهم اغفر لِحَيِّنَا ومَيِّتِنَا، وصغيرنا وكبيرنا، وذَكرنا وأُنثانا، وشَاهِدِنَا وغَائِبِنَا، اللهم مَنْ أَحْيَيْتَهُ مِنَّا فَأَحْيِهِ على الإسلامِ، ومَنْ تَوَفَّيْتَهُ مِنَّا فَتَوَفِّهِ على الإيمانِ، اللهم لا تَحْرِمْنَا أَجْرَهُ، ولا تَفْتِنَّا بَعْدَهُ».
5033,1,1,Sahih al-Bukhari,Revelation,5033,,عن أبي أمامة رضي الله عنه : أن رجلا، قال: يا رسول الله، ائذن لي في السياحة. فقال النبي صلى الله عليه وسلم : «إن سياحة أمتي الجهاد في سبيل الله عز وجل ».
5142,1,1,Sahih al-Bukhari,Revelation,5142,,عن أبي هريرة رضي الله عنه قال: قال رسول الله صلى الله عليه وسلم : «لقد كان فيما قبلكم من الأمم ناس محدثون، فإن يك في أمتي أحد فإنه عمر».
5204,1,1,Sahih al-Bukhari,Revelation,5204,,عن زَيْد بن أَرْقَمَ رضي الله عنه قال: «كُنّا نتكلم في الصلاة، يُكَلِّمُ الرجل صاحبه، وهو إلى جنبه في الصلاة، حتى نزلت ((وقوموا لله قانتين))؛ فَأُمِرْنَا بالسكوت ونُهِينَا عن الكلام».
5205,1,1,Sahih al-Bukhari,Revelation,5205,,عن جابِر بن عبد الله رضي الله عنهما قال: «جاء رجل والنبي صلى الله عليه وسلم يَخْطُبُ الناس يوم الجمعة، فقال: صليت يا فلان؟ قال: لا، قال: قم فاركع ركعتين، -وفي رواية: فصل ركعتين-».
5206,1,1,Sahih al-Bukhari,Revelation,5206,,عن صالح بن خَوَّاتِ بْنِ جُبَيْرٍ رضي الله عنه عمّن صلَّى مع رسول الله صلى الله عليه وسلم صلاة ذَاتِ الرِّقَاعِ صلاةَ الخوف: أن طائفة صفَّت معه، وطائفة وِجَاهَ الْعَدُوِّ، فصلَّى بالذين معه ركعة، ثم ثبت قائما، وأتموا لأنفسهم، ثم انصرفوا، فصفُّوا وِجَاهَ الْعَدُوِّ، وجاءت الطائفة الأخرى، فصلَّى بهم الركعة التي بقيت، ثم ثبت جالسا، وأتموا لأنفسهم، ثم سلَّم بهم.
5207,1,1,Sahih al-Bukhari,Revelation,5207,,عن عبد الله بن عُمر رضي الله عنهما قال: «صحبت رسول الله صلى الله عليه وسلم فكان لا يزيد في السَّفَر على ركعتين، وأبا بكر وعُمر وعُثْمان كذلك».
5208,1,1,Sahih al-Bukhari,Revelation,5208,,عن عائشة رضي الله عنها قالت: «حَجَجْنَا مع النبي صلى الله عليه وسلم فَأَفَضْنَا يوم النَّحْرِ، فحاضت صَفِيَّةُ، فأراد النبي صلى الله عليه وسلم منها ما يريد الرجل من أهله، فقلت: يا رسول الله، إنها حائض، قال: أَحَابِسَتُنَا هي؟ قالوا: يا رسول الله، إنها قد أفاضت يوم النَّحْرِ، قال: اخْرُجُوا». وفي لفظ: قال النبي صلى الله عليه وسلم : «عَقْرَى، حَلْقَى، أطافت يوم النَّحْرِ؟ قيل: نعم، قال: فَانْفِرِي».
5209,1,1,Sahih al-Bukhari,Revelation,5209,,عن سَمُرَةَ بْنِ جُنْدُبٍ رضي الله عنه قال: «صَلَّيْت وراء النبي صلى الله عليه وسلم على امرأة ماتت في نِفَاسِهَا فقام في وَسْطِهَا».
5210,1,1,Sahih al-Bukhari,Revelation,5210,,عن عبد الله بن عباس رضي الله عنهما : «أن النبي صلى الله عليه وسلم صلَّى على قبر بعدَ ما دُفِنَ، فَكَبَّرَ عليه أَرْبَعاً».
5213,1,1,Sahih al-Bukhari,Revelation,5213,,عن عائشة رضي الله عنها «أن رسول الله صلى الله عليه وسلم بعث رجلا على سَرِيَّةٍ فكان يَقْرَأ لأصحابه في صلاتهم، فَيَخْتِمُ بـ«قل هو الله أحد» فلما رجعوا ذكروا ذلك لرسول الله صلى الله عليه وسلم فقال: سَلُوهُ لأَيِّ شيء صَنَع ذلك؟ فسألُوه، فقال: لِأنَّها صِفَةُ الرحمن عز وجل ، فأنا أُحِب أَنْ أَقْرَأ بها، فقال رسول الله صلى الله عليه وسلم : أَخْبِرُوه: أنَّ الله تعالى يُحِبُّه».
5214,1,1,Sahih al-Bukhari,Revelation,5214,,عن عائشة رضي الله عنها «أن الشمس خَسَفَتْ على عهد رسول الله صلى الله عليه وسلم فبعث مُناديا ينادي: الصلاة جامعة، فاجْتَمَعوا، وتقَدَّم، فكَبَّر وصلَّى أربعَ ركعات في ركعتين، وأربعَ سجَدَات».
5215,1,1,Sahih al-Bukhari,Revelation,5215,,"عن عائشة رضي الله عنها قالت: « خَسَفَتِ الشمس على عهد رسول الله صلى الله عليه وسلم فصَلَّى رسول الله صلى الله عليه وسلم بالناس. فأطال القيام، ثم ركع، فأطال الركوع، ثم قام، فأطال القيام -وهو دون القيام الأول- ثم ركع، فأطال الركوع -وهو دون الركوع الأول- ثم رفع فأطال القيام -وهو دون القيام الأول- ثم سجد، فأطال السجود، ثم فعل في الركعة الأخرى مثل ما فَعَل في الرَّكعة الأولى، ثم انصرف، وقد تَجَلَّتْ الشمس، فخَطَب الناس، فحَمِد الله وأَثْنَى عليه، ثُمَّ قال: إِنَّ الشَّمس والقمَر آيَتَان مِن آيات الله، لا ينْخَسِفَانِ لموت أحد ولا لِحَيَاته، فَإِذا رَأَيتُم ذلك فَادْعُوا اللَّه وكَبِّرُوا ، وصَلُّوا وتَصَدَّقُوا.
 ثم قال: يا أُمَّة مُحمَّد، واللهِ ما من أحد أغْيَرُ من الله أن يَزْنِيَ عبده أو تَزْنِيَ أَمَتُهُ. يا أُمَّةَ محمد، والله لو تعلمون ما أعلم لَضَحِكْتُمْ قليلا ولَبَكَيْتم كثيرا». وفي لفظ: «فاسْتَكَمَل أَرْبَع رَكَعَاتٍ وَأَرْبَع سَجَدَاتٍ»."
5216,1,1,Sahih al-Bukhari,Revelation,5216,,عن عائشة رضي الله عنها قالت: «كان رسول الله صلى الله عليه وسلم يَسْتَفْتِحُ الصلاةَ بالتكبير، والقراءةَ بـ«الحمد لله رب العالمين» وكان إذا ركع لم يُشْخِصْ رأسه ولم يُصَوِّبْهُ ولكن بَيْن ذلك، وكان إذا رفَع رأسَه مِن الرُّكوع لم يَسْجُدْ حتى يَسْتَوِيَ قائِما، وكان إذا رفع رأسه من السَّجْدَة لم يَسْجُدْ حتى يَسْتَوِيَ قاعدا، وكان يقول في كلِّ رَكعَتَين التَّحِيَّة، وكان يَفْرِشُ رِجْلَهُ اليُسْرى ويَنْصِبُ رِجْلَهُ اليُمْنى، وكان يَنْهَى عن عُقْبَةِ الشَّيْطَانِ، ويَنْهَى أن يفْتَرِشَ الرَّجُلُ ذِرَاعَيْهِ افتِرَاش السَّبُعِ ، وكان يَخْتِمُ الصلاة بالتَّسلِيم».
5217,1,1,Sahih al-Bukhari,Revelation,5217,,عن عائشة رضي الله عنها قالت: «كنت أنام بين يَدَيْ رسول الله صلى الله عليه وسلم ورِجْلايَ فِي قِبْلَتِهِ، فإذا سجد غَمَزَنِي، فقَبَضتُ رِجْلَيَّ، فإذا قام بَسَطْتُهُمَا، والبيوت يومئذ ليس فيها مصابيح».
5218,1,1,Sahih al-Bukhari,Revelation,5218,,عن عائشة رضي الله عنها قالت: «من كلِّ الليل أَوْتَرَ رسول الله صلى الله عليه وسلم : من أول الليل، وأوسطه، وآخره، وانتهى وِتْرُهُ إلى السَّحَرِ».
5219,1,1,Sahih al-Bukhari,Revelation,5219,,عن جابر بن سمرة رضي الله عنهما قال: شكا أهل الكوفة سعدًا يعني: ابن أبي وقاص رضي الله عنه إلى عمر بن الخطاب رضي الله عنه فعزله، واستعمل عليهم عمارًا، فشَكَوا حتى ذكروا أنه لا يُحسن يصلي، فأرسل إليه، فقال: يا أبا إسحاق، إن هؤلاء يزعمون أنك لا تُحسن تصلي، فقال: أمَّا أنا والله فإني كنت أصلي بهم صلاة رسول الله صلى الله عليه وسلم لا أَخْرِمُ عنها، أصلي صلاتَي العشاء فأَرْكُدُ في الأُولَيَيْنِ، وأُخِفُّ في الأُخْرَيَيْنِ. قال: ذلك الظن بك يا أبا إسحاق، وأرسل معه رجلًا -أو رجالًا- إلى الكوفة يسأل عنه أهل الكوفة، فلم يَدَعْ مسجدًا إلا سأل عنه، ويُثْنُونَ معروفًا، حتى دخل مسجدًا لبني عَبْسٍ، فقام رجل منهم، يقال له أسامة بن قتادة، يكنى أبا سَعْدَةَ، فقال: أما إذ نشدتنا فإن سعدًا كان لا يسير بالسَّرية ولا يَقْسِم بالسَّوية، ولا يَعْدِل في القضية. قال سعد: أما والله لأدعون بثلاث: اللهم إن كان عبدك هذا كاذبًا، قام رِياء، وسُمعة، فأطل عمره، وأطل فقره، وعرضه للفتن. وكان بعد ذلك إذا سئل يقول: شيخ كبير مفتون، أصابتني دعوة سعد. قال عبد الملك بن عمير الراوي عن جابر بن سمرة: فأنا رأيته بعد قد سقط حاجباه على عينيه من الكبر، وإنه ليتعرض للجواري في الطرق فيَغْمِزُهُنَّ.
5274,1,1,Sahih al-Bukhari,Revelation,5274,,عن عبد الله بن زيد بن عَاصِم المازِنِي رضي الله عنه قال: «خرج النبي صلى الله عليه وسلم يَسْتَسْقِي، فتَوَجَّه إلى القبلة يدْعو، وحَوَّل رِدَاءه، ثم صلَّى ركعتين، جَهَرَ فيهما بالقِراءة». وفي لفظ «إلى الْمُصَلَّى».
5275,1,1,Sahih al-Bukhari,Revelation,5275,,عن مُطَرِّفِ بن عبد الله قال: « صَلَّيْتُ أنا وعِمْرَانُ بْنُ حُصَيْنٍ خَلْفَ علِيِّ بنِ أَبِي طالب، فكان إذا سجد كَبَّرَ، وإذا رفع رأسه كَبَّرَ، وإذا نهض من الركعتين كَبَّرَ، فلمَّا قضَى الصلاةَ أَخَذَ بيدَيَّ عِمْرَانُ بْنُ حُصَيْنٍ، وقال: قد ذكَّرني هذا صلاةَ محمد صلى الله عليه وسلم أو قال: صَلَّى بنا صلاة محمد صلى الله عليه وسلم ».
5319,1,1,Sahih al-Bukhari,Revelation,5319,,عن عائشة رضي الله عنها «أنّ رسول الله صلى الله عليه وسلم كُفِّنَ في أثواب بِيضٍ يَمَانِيَةٍ، ليس فيها قَمِيص وَلا عِمَامَة».
5320,1,1,Sahih al-Bukhari,Revelation,5320,,عن أبي هُرَيْرة رضي الله عنه قال: «كان النبي صلى الله عليه وسلم يَقْرأ فِي صلاة الفجر يَومَ الجُمُعَةِ: الم تَنْزِيلُ السَّجْدَةَ وهَلْ أتى على الإنسَان».
5321,1,1,Sahih al-Bukhari,Revelation,5321,,عن جُبَيْرُ بْنُ مُطْعِم رضي الله عنه قال: «سمعت النبي صلى الله عليه وسلم يقرأ في المغرب بِالطُّور».
5322,1,1,Sahih al-Bukhari,Revelation,5322,,عن عبد الله بن عُمر رضي الله عنهما قال: «كان النبي صلى الله عليه وسلم وأبو بكر وعُمر يصلون العيدين قبل الخُطْبة».
5323,1,1,Sahih al-Bukhari,Revelation,5323,,عن عَبْد اللَّهِ بْن عَبَّاس رضي الله عنهما قال: «كان رسول الله صلى الله عليه وسلم يَجْمعُ في السَّفَر بين صلاة الظهر والعصر؛ إذا كان على ظَهْرِ سَيْرٍ، ويجمع بين المغرب والعشاء».
5328,1,1,Sahih al-Bukhari,Revelation,5328,,"عن ابن عمر رضي الله عنهما مرفوعا: «الظلم ظلمات يوم القيامة».
عن جابر رضي الله عنهما مرفوعا: «اتقوا الظلم، فإن الظلم ظلمات يوم القيامة، واتقوا الشُّحَ؛ فإنه أَهْلَكَ من كان قبلكم»."
5349,1,1,Sahih al-Bukhari,Revelation,5349,,عن أبي هريرة رضي الله عنه قال: قال رسول الله صلى الله عليه وسلم : «لا يشربَنَّ أحدٌ منكم قائما».
5350,1,1,Sahih al-Bukhari,Revelation,5350,,عن عبد الله بن عمر رضي الله عنهما قال: قال رسول الله صلى الله عليه وسلم : «لا يُقِيمُ الرجلُ الرجلَ من مَجْلِسِهِ، ثم يجلس فيه، ولكن تَفَسَّحُوا، وتَوَسَّعُوا».
5352,1,1,Sahih al-Bukhari,Revelation,5352,,"عن أبي هريرة رضي الله عنه مرفوعاً: ""لِيُسَلِّمِ الصغيرُ على الكبيرِ، والمارُّ على القاعدِ، والقليلُ على الكثيرِ"" وفي رواية: ""والراكبُ على الماشي""."
5355,1,1,Sahih al-Bukhari,Revelation,5355,,عن علي بن أبي طالب رضي الله عنه مرفوعاً: «يُجْزِئُ عن الجماعة إذا مَرُّوا أن يُسَلِّم أحدهم، ويُجْزِئُ عن الجماعة أن يَرُدَّ أحدهم».
5357,1,1,Sahih al-Bukhari,Revelation,5357,,عن علي بن أبي طالب رضي الله عنه مرفوعاً: «إذا انْتَعَل أحدكم فليبدأ باليمين، وإذا نَزَعَ فليبدأ بالشمال، ولْتَكُن اليُمنى أولَهُما تُنْعَل، وآخِرَهُما تُنْزَع».
5361,1,1,Sahih al-Bukhari,Revelation,5361,,عن عبد الله بن عمرو رضي الله عنهما عن النبي صلى الله عليه وسلم قال: «رضا الله في رضا الوالدين، وسَخَطُ الله في سَخَطِ الوالدين».
5369,1,1,Sahih al-Bukhari,Revelation,5369,,عن أبي هريرة رضي الله عنه عن النبي صلى الله عليه وسلم قال: «لا يمش أحدكم في نعل واحدة، لِيُنْعِلهما جميعًا، أو لِيَخْلَعْهُمَا جميعًا».
5373,1,1,Sahih al-Bukhari,Revelation,5373,,عن عبد الله بن عمرو بن العاص رضي الله عنهما أن رسول الله صلى الله عليه وسلم قال: «من الكبائر شَتْمُ الرجل والديه» قيل: وهل يسبّ الرجل والديه؟ قال: «نعم، يسبّ أبا الرجل فيسبّ أباه، ويسبّ أمّه، فيسبّ أمّه».
5374,1,1,Sahih al-Bukhari,Revelation,5374,,عن عبد الله بن عباس رضي الله عنهما أن رسول الله صلى الله عليه وسلم قال: «من تَسَمَّع حديث قوم وهم له كارهون؛ صُبَّ في أذنيه الآنُكُ يوم القيامة».
5381,1,1,Sahih al-Bukhari,Revelation,5381,,عن أَنَس بن مالك رضي الله عنه مرفوعاً: «ما صَلَّيْتُ خلف إمام قَطُّ أَخَفَّ صلاة، ولا أَتَمَّ صلاة من النبي صلى الله عليه وسلم ».
5384,1,1,Sahih al-Bukhari,Revelation,5384,,عن أبي الخطاب قتادة، قال: قُلْتُ لأَنَسٍ: أكَانَتِ المصَافَحَةُ في أصْحَابِ رسولِ الله صلى الله عليه وسلم ؟، قَالَ: نَعَم.
5391,1,1,Sahih al-Bukhari,Revelation,5391,,"عن أبي قِلابَةَ عَبْدِ اللَّهِ بْنِ زَيْدٍ الْجَرْمِيِّ الْبَصْرِيِّ قال: «جاءنا مالك بن الْحُوَيْرِث في مسجدنا هذا، فقال: إني لَأُصَلِّي بكم، وما أُرِيدُ الصلاة، أُصَلِّي كيف رأيت رسول الله صلى الله عليه وسلم يُصَلِّي، فقلت لأبي قِلَابَةَ كيف كان يُصَلِّي؟ فقال: مثل صلاة شيخنا هذا، وكان يَجْلِسُ إذا رفع رأسه من السجود قبل أن يَنْهَضَ». 
أراد بشيخهم: أبا بُرَيد، عمرو بن سلمة الجرمي."
5396,1,1,Sahih al-Bukhari,Revelation,5396,,عن أبي هريرة رضي الله عنه قال: «نَعَى النبيُّ صلى الله عليه وسلم النَّجَاشِيَّ في اليوم الذي مات فيه، خرج بهم إلى المصلَّى، فصفَّ بهم، وكَبَّرَ أَرْبَعاً».
5397,1,1,Sahih al-Bukhari,Revelation,5397,,"عن أبي هريرة رضي الله عنه عن رسول الله صلى الله عليه وسلم قال: «مَنْ شهدَ الْجَنَازَةَ حتى يصلَّى عليها فله قِيرَاطٌ، ومن شهدها حتى تُدفن فله قِيرَاطان، قيل: وما القِيرَاطَانِ؟ قال: مثل الجبلين العظيمين».
ولمسلم: «أصغرهما مثل أُحُدٍ»."
5398,1,1,Sahih al-Bukhari,Revelation,5398,,"عن سَلَمَةَ بْنِ الأَكْوَعِ رضي الله عنه وكان من أصحاب الشجرة قال: «كنا نُصَلِّي مع رسول الله صلى الله عليه وسلم الْجُمُعَةَ، ثم نَنْصَرِفُ، وليس للحيطان ظِلٌّ نستظِلّ به». 
وفي لفظ: «كنا نُجَمِّعُ مع رسول الله صلى الله عليه وسلم إذا زالت الشمس، ثم نرجع فَنَتَتَبَّعُ الْفَيْءَ»."
5399,1,1,Sahih al-Bukhari,Revelation,5399,,عن عبد الله بن عُمر بن الخطاب رضي الله عنهما قال: «كان النبي صلى الله عليه وسلم يخطب خطبتين يقعد بينهما» وفي رواية لجابر - رضي الله عنه-: «كان رسول الله صلى الله عليه وسلم يَخْطُبُ خُطْبَتَيْنِ وهو قائم، يفصل بينهما بجلوس».
5400,1,1,Sahih al-Bukhari,Revelation,5400,,عن جُنْدُب بن عَبْدِ الله البجَليِّ رضي الله عنه قال: «صلى النبي صلى الله عليه وسلم يوم النَّحر، ثم خطب، ثم ذبح، وقال: من ذبح قبل أن يُصَلِّيَ فَلْيَذْبَحْ أُخرى مكانها، ومن لم يذبح فَلْيَذْبَحْ باسم الله».
5401,1,1,Sahih al-Bukhari,Revelation,5401,,عن البَرَاء بن عَازب رضي الله عنهما قال: «خطبنا النبي صلى الله عليه وسلم يوم الأضحى بعد الصلاة، فقال: من صلى صلاتنا وَنَسَكَ نُسُكَنَا فقد أصاب النُّسُكَ، ومن نسك قبل الصلاة فلا نُسُك له. فقال أبو بُرْدَةَ بن نِيَار -خال البَرَاء بن عَازبٍ-: يا رسول الله، إني نسكت شاتي قبل الصلاة، وعرفت أن اليوم يوم أكل وشرب، وأحببت أن تكون شاتي أول ما يذبح في بيتي، فذبحت شاتي، وتغديت قبل أن آتي الصلاة. فقال: شاتك شاة لحم. قال: يا رسول الله، فإن عندنا عَنَاقًا لنا هي أحب إلي من شاتين؛ أَفَتَجْزِي عني؟ قال: نعم، ولن تَجْزِيَ عن أحد بعدك».
5402,1,1,Sahih al-Bukhari,Revelation,5402,,عن أبي ذر الغفاري رضي الله عنه عن النبي صلى الله عليه وسلم قال: «ألاَ أُخْبِرُكَ بِأَحَبِّ الكَلاَمِ إِلَى اللهِ؟ إنَّ أَحَبَّ الكلام إِلى الله: سبحان اللهِ وبحمدِهِ».
5412,1,1,Sahih al-Bukhari,Revelation,5412,,عن عدي بن عميرة الكندي رضي الله عنه مرفوعاً: «من اسْتَعْمَلْنَاهُ منكم على عمل، فكَتَمَنَا مِخْيَطًا فما فوقه، كان غُلُولا يأتي به يوم القيامة». فقام إليه رجلٌ أسودُ من الأنصار، كأني أنظر إليه، فقال: يا رسول الله، اقبل عني عَمَلَكَ، قال: «وما لك؟» قال: سمعتك تقول كذا وكذا، قال: «وأنا أقوله الآن: من اسْتَعْمَلْنَاهُ على عمل فلْيَجِيْء بقليله وكثيره، فما أُوتِيَ منه أَخَذَ، وما نهي عنه انْتَهَى».
5432,1,1,Sahih al-Bukhari,Revelation,5432,,عن معاذ بن انس رضي الله عنه مرفوعاً: «مَنْ ترك اللباسَ تَوَاضُعًا لله، وهو يقدر عليه، دعاه اللهُ يومَ القيامةِ على رُؤُوسِ الخَلَائِقِ حتى يُخَيِّرُهُ مِنْ أَيِّ حُلَلِ الإِيمَانِ شَاءَ يَلْبَسُهَا».
5434,1,1,Sahih al-Bukhari,Revelation,5434,,عن أبي هريرة رضي الله عنه مرفوعاً: «مَنْ خَافَ أَدْلَجَ، ومَنْ أَدْلَجَ بَلَغَ المنْزِلَ، أَلَا إِنَّ سِلْعَةَ اللهِ غَالِيَةٌ، أَلَا إِنَّ سِلْعَةَ اللهِ الجَنَّةُ».
5440,1,1,Sahih al-Bukhari,Revelation,5440,,عن أبي هريرة رضي الله عنه قال: قَبَّلَ النبيُّ صلى الله عليه وسلم الحسنَ بنَ عليٍّ رضي الله عنهما ، وعنده الأَقْرَعُ بنُ حَابِسٍ، فقال الأَقْرَعُ: إنَّ لي عَشَرَةً من الوَلَدِ ما قَبَّلْتُ مِنْهُمْ أَحَدًا، فَنَظَرَ إليهِ رسولُ اللهِ صلى الله عليه وسلم فقال: «مَنْ لَا يَرْحَم لَا يُرْحَمُ!».
5442,1,1,Sahih al-Bukhari,Revelation,5442,,عن أبي موسى الأشعري رضي الله عنه قال: قال رسول اللَّه -صَلّى اللهُ عَلَيْهِ وسَلَّم-: «من مرَّ في شيء من مساجدنا، أو أسواقنا، ومعه نَبْلٌ فَلْيُمْسِكْ، أو لِيَقْبِضْ على نِصَالِهَا بكفِّه؛ أنْ يصيب أحدا من المسلمين منها بشيء».
5443,1,1,Sahih al-Bukhari,Revelation,5443,,عن عمر بن الخطاب رضي الله عنه مرفوعًا: «مَنْ نَامَ عَنْ حِزْبِهِ مِنَ الليلِ، أو عَنْ شَيْءٍ مِنه، فَقَرَأَهُ ما بَيْنَ صَلَاةِ الفَجْرِ وَصَلَاةِ الظُّهْرِ، كُتِبَ لهُ كَأَنَّمَا قَرَأَهُ مِنَ الليلِ».
5445,1,1,Sahih al-Bukhari,Revelation,5445,,عن سمرة بن جندب رضي الله عنه : أن نبي الله صلى الله عليه وسلم قال: «منهم مَنْ تَأْخُذُهُ النَّارُ إلى كَعْبَيْهِ، ومنهم مَنْ تَأْخُذُهُ إلى رُكْبَتَيْهِ، ومِنْهُم مَنْ تَأْخُذُهُ إلى حُجْزَتِهِ، ومنهم مَنْ تَأْخُذُهُ إلى تَرْقُوَتِهِ».
5446,1,1,Sahih al-Bukhari,Revelation,5446,,"عن أنس بن مالك رضي الله عنه قال: حَضَرَتِ الصلاةُ فقامَ مَنْ كان قريبَ الدارِ إلى أَهْلِهِ، وبَقِيَ قَوْمٌ، فأُتِيَ رسولُ اللهِ صلى الله عليه وسلم بِمِخْضَبٍ مِنْ حِجَارَةٍ، فَصَغُرَ المِخْضَبُ أَنْ يَبْسُطَ فيهِ كَفَّهُ، فتَوَضَّأَ القومُ كلهم. قالوا: كم كنتم؟ قال: ثمانينَ وزيادةً. 
وفي رواية: أَنَّ النبيَّ صلى الله عليه وسلم دعا بإناءٍ من مَاءٍ، فأُتِيَ بقَدَحٍ رَحْرَاحٍ فيهِ شَيْءٌ من ماءٍ، فوضعَ أَصَابِعَهُ فيهِ، قال أنس: فَجَعَلْتُ أَنْظُرُ إلى الماءِ يَنْبُعُ مِنْ بَيْنِ أَصَابِعِهِ، فَحَزَرْتُ مَنْ تَوَضَّأَ ما بَيْنَ السبعينَ إلى الثمانينَ."
5447,1,1,Sahih al-Bukhari,Revelation,5447,,عن جابر رضي الله عنه : أَنَّ النَّبِيَّ صلى الله عليه وسلم سَأَلَ أَهْلَهُ الأُدُمَ، فقالوا: مَا عِنْدَنَا إِلَّا خَلٌّ، فَدَعَا بِهِ، فَجَعَلَ يَأْكُلُ، وَيَقُولُ: «نِعْمَ الأُدُمُ الخَلَّ، نِعْمَ الأُدُمُ الخَلَّ».
5450,1,1,Sahih al-Bukhari,Revelation,5450,,"عن أنسٍ رضي الله عنه عن النبيِّ صلى الله عليه وسلم : أَنَّهُ نَهَى أَنْ يَشْرَبَ الرجلُ قَائِمًا. 
قال قَتَادَةُ: فقلنا لأنسٍ: فالأَكْلُ؟ قال: ذلك أَشَرُّ - أو أَخْبَثُ. 
وفي رواية: أَنَّ النبيَّ صلى الله عليه وسلم زَجَرَ عن الشُّرْبِ قائمًا.

عن أبي هريرة رضي الله عنه مرفوعاً: «لَا يَشْرَبَنَّ أَحَدٌ منكم قَائِمًا، فمن نَسِيَ فَلْيَسْتَقِئْ»."
5453,1,1,Sahih al-Bukhari,Revelation,5453,,عن أبي سعيد الخدري رضي الله عنه أن النبي صلى الله عليه وسلم نهى عنِ النَّفْخ في الشّراب، فقال رجل: القَذَاة أَرَاهَا في الإناء؟ فقال: «أَهْرِقْهَا». قال: إِنِّي لا أَرْوى من نَفَس واحد؟ قال: «فَأَبِنِ القدح إذًا عن فِيك».
5454,1,1,Sahih al-Bukhari,Revelation,5454,,عن أبي هريرة رضي الله عنه مرفوعاً: «والذي نفسي بيده، لو لم تذنبوا، لذهب الله بكم، وجاء بقوم يُذْنِبُونَ، فيستغفرون اللهَ تعالى، فيغفر لهم».
5457,1,1,Sahih al-Bukhari,Revelation,5457,,عن عبد الله بن عمرو رضي الله عنهما أَنَّ النَّبِيَّ صلى الله عليه وسلم تَلَا قَوْلَ اللهِ عز وجل فِي إِبْرَاهِيمَ صلى الله عليه وسلم : {رَبِّ إِنَّهُنَّ أَضْلَلْنَ كَثِيرًا مِنَ النَّاسِ فَمَنْ تَبِعَنِي فَإِنَّهُ مِنِّي} [إبراهيم: 36] الآية، وقَوْلَ عِيسَى صلى الله عليه وسلم : {إِنْ تُعَذِّبْهُم فَإِنَّهُم عِبَادَكَ وَإِنْ تَغْفِرْ لَهُم فَإِنَّكَ أَنْتَ العَزِيزُ الحَكِيمُ} [المائدة: 118] فَرَفَعَ يَدَيْهِ وقَالَ: «اللهُمَّ أُمَّتِي أُمَّتِي» وبَكَى، فقالَ اللهُ عز وجل : «يا جِبْرِيلُ، اذْهَبْ إِلَى مُحَمَّدٍ -ورَبُّكَ أَعْلَمُ- فَسَلْهُ مَا يُبْكِيهِ؟» فَأَتَاهُ جِبْرِيلُ، فَأَخْبَرْهُ رسولُ اللهِ صلى الله عليه وسلم بما قَالَ -وهو أعلم- فقالَ اللهُ تعالى : «يَا جِبْرِيلُ، اذْهَبْ إِلَى مُحَمَّدٍ، فَقُلْ: إِنَّا سَنُرْضِيكَ فِي أُمَّتِكَ وَلَا نَسُوءُكَ».
5458,1,1,Sahih al-Bukhari,Revelation,5458,,عن ابنِ عمرَ رضي الله عنهما ، قال: مَرَرْتُ على رسولِ اللهِ صلى الله عليه وسلم وفي إِزَارِي اسْتِرْخَاءٌ، فقال: «يا عبدَ اللهِ، ارْفَعْ إِزَارَكَ» فَرَفَعْتُهُ ثم قال: «زِدْ» فَزِدْتُ، فما زِلْتُ أَتَحَرَّاهَا بَعْدُ، فقال بعضُ القَوْمِ: إلى أين؟ فقال: إلى أَنْصَافِ السَّاقَيْنِ.
5459,1,1,Sahih al-Bukhari,Revelation,5459,,عن جابر بن عبد الله رضي الله عنهما قال: قال رسول الله صلى الله عليه وسلم : «يُبْعَثُ كلُّ عبدٍ على ما مات عليه».
5461,1,1,Sahih al-Bukhari,Revelation,5461,,عن أبي هريرة رضي الله عنه أن رسول الله صلى الله عليه وسلم قال: «يضحكُ اللهُ سبحانه وتعالى إلى رجلين يقتلُ أحدُهما الآخرَ يدخلانِ الجنةَ، يقاتلُ هذا في سبيل الله فيُقْتَلُ، ثم يتوبُ اللهُ على القاتلِ فيُسْلِمُ فَيُسْتَشْهَدُ».
5462,1,1,Sahih al-Bukhari,Revelation,5462,,عن عبد الله بن عمر رضي الله عنهما أن رسول الله صلى الله عليه وسلم قال: «يقوم الناس لرب العالمين حتى يَغِيبَ أحدهم في رَشْحِهِ إلى أَنْصَافِ أُذُنَيْهِ».
5471,1,1,Sahih al-Bukhari,Revelation,5471,,عن علي بن أبي طالب رضي الله عنه قال: كان رسول الله صلى الله عليه وسلم إذا قام إلى الصلاة يكون من آخر ما يقول بين التشهد والتسليم: «اللهم اغفر لي ما قَدَّمتُ وما أخَّرْتُ، وما أسررتُ وما أعلنتُ، وما أسْرَفتُ، وما أنت أعلم به مني، أنت المُقَدِّم، وأنت المؤخر، لا إله إلا أنت».
5486,1,1,Sahih al-Bukhari,Revelation,5486,,"عن بريدة رضي الله عنه قال: سمع النبي صلى الله عليه وسلم رجلاً يقول: اللهم إني أسألك بأني أشهد أنك أنت الله لا إله إلا أنت، الأحد الصمد، الذي لم يلد، ولم يولد، ولم يكن له كفوًا أحد.
 فقال: «لقد سأل الله باسمه الذي إذا سُئِلَ به أعطى، وإذا دُعِيَ به أجاب»"
5491,1,1,Sahih al-Bukhari,Revelation,5491,,عن عبد الله بن مسعود رضي الله عنه قال: قال رسول الله صلى الله عليه وسلم :«اللهم كما حَسَّنْت خَلْقِي فَحَسِّنْ خُلُقِي».
5492,1,1,Sahih al-Bukhari,Revelation,5492,,عن عبد الله بن عمر رضي الله عنهما عن النبي صلى الله عليه وسلم قال: «المؤمن الذي يخالط الناس، ويصبر على أذاهم خير من الذي لا يخالط الناس ولا يصبر على أذاهم».
5501,1,1,Sahih al-Bukhari,Revelation,5501,,"عن أبي سعيد الخدري رضي الله عنه مرفوعًا: ""إياكم والجلوسَ على الطُّرُقَاتِ"". قالوا: يا رسول الله، ما لنا بُدٌّ من مجالسنا، نتحدث فيها. قال: ""فأما إذا أَبَيْتُمْ فأعطوا الطريق حَقَّهُ"". قالوا: وما حَقُّهُ؟ قال: ""غَضُّ البصر، وكَفُّ الأذى، ورد السلام، والأمر بالمعروف، والنهي عن المنكر""."
5522,1,1,Sahih al-Bukhari,Revelation,5522,,عن أبي هريرة رضي الله عنه قال: قال رسول الله صلى الله عليه وسلم : «يقول الله تعالى: أَنَا مَعَ عَبْدِي مَا ذَكَرَنِي وَتَحَرَّكَتْ بِي شَفَتَاهُ».
5541,1,1,Sahih al-Bukhari,Revelation,5541,,عن أنس رضي الله عنه أنه قَالَ لِثابِتٍ رحمه اللهُ: ألاَ أرْقِيكَ بِرُقْيَةِ رسولِ اللهِ صلى الله عليه وسلم ؟ قال: بلى، قال: «اللَّهُمَّ رَبَّ النَّاسِ، مُذْهِبَ البَأسِ، اشْفِ أنْتَ الشَّافِي، لاَ شَافِيَ إِلاَّ أنْتَ، شِفَاءً لاَ يُغَادِرُ سَقماً».
5647,1,1,Sahih al-Bukhari,Revelation,5647,,"عن ثوبان رضي الله عنه عن النبي صلى الله عليه وسلم قَالَ: ""إنَّ المسلِمَ إذا عادَ أخاه المسلِمَ، لم يَزَلْ في خُرْفَةِ الجَنَّةِ حتى يرجعَ""، قيل: يا رسولَ اللهِ ما خُرْفَةُ الجنَّةِ؟، قال: ""جَنَاها""."
5651,1,1,Sahih al-Bukhari,Revelation,5651,,"عن سهل بن سعد رضي الله عنه : أن رسولَ اللهِ صلى الله عليه وسلم أُتِيَ بشرابٍ، فَشَرِبَ منهُ وعن يميِنِه غُلامٌ، وعن يسارِه الأشياخُ، فقالَ للغُلامِ: ""أَتَأذَنُ لِي أنْ أُعْطِيَ هؤلاء؟""، فقالَ الغلامُ: لا واللهِ يا رسولَ اللهِ، لا أُوثِرُ بنَصِيبي منك أحداً. فَتَلَّهُ رسولُ اللهِ صلى الله عليه وسلم في يدِه."
5653,1,1,Sahih al-Bukhari,Revelation,5653,,"عن أنس بن مالك رضي الله عنه عن رسول الله صلى الله عليه وسلم أنه كان إذا أكل طعاما، لعق أصابعه الثلاث. قال: وقال: «إذا سقطت لُقمة أحدكم فليُمِطْ عنها الأذى، وليأكلها ولا يَدَعْهَا للشيطان» وأمر أن تُسْلَتَ القَصْعَةُ، قال: «فإنكم لا تدرون في أيِّ طعامكم البركة»
وعن جابر بن عبد الله رضي الله عنه أن رسولَ اللهِ صلى الله عليه وسلم قالَ: ""إنّ الشيطانَ يَحضُرُ أحدَكُم عندَ كلِ شيءٍ من شَأنِه، حتى يَحضُرَهُ عندَ طعامِهِ، فإذا سَقطتْ لقمةُ أحدِكُم فليَأخُذْها فَلْيُمِطْ ما كانِ بها من أذى، ثم ليَأكُلْها ولا يَدَعْها للشيطانِ، فإذا فَرَغَ فليَلْعَقْ أصابعَهُ، فإنه لا يَدري في أيِّ طَعامه البركة"""
5654,1,1,Sahih al-Bukhari,Revelation,5654,,عن نافع: أنَّ عمرَ بنَ الخطابِ رضي الله عنه كانَ فرضَ للمهاجرينَ الأولينَ أربعةَ الآفٍ، وفَرَضَ لابنِه ثلاثةَ آلافٍ وخمسمئةٍ، فقيل له: هو من المهاجرينَ فَلِمَ نَقَصْتَهُ؟ فقالَ: إنما هَاجَرَ به أبوه. يقولُ: ليسَ هو كمن هَاجَرَ بنفسِهِ.
5655,1,1,Sahih al-Bukhari,Revelation,5655,,عن أنس رضي الله عنه قال: إنْ كانَتْ الأَمَةُ من إمَاءِ المدينةِ لتَأخُذُ بيدِ النبيِّ صلى الله عليه وسلم فَتَنْطَلِقُ بِهِ حيثُ شَاءتْ.
5656,1,1,Sahih al-Bukhari,Revelation,5656,,عن أبي رِفَاعَةَ تَمِيم بن أُسَيدٍ رضي الله عنه قَالَ: انتهيتُ إلى رسولِ اللهِ صلى الله عليه وسلم وهو يَخطبُ، فَقُلتُ: يَا رسولَ اللهِ، رَجُلٌ غَريبٌ جاءَ يَسألُ عن دِينِهِ لا يَدرِي مَا دِينُهُ؟ فَأَقْبلَ عليَّ رسولُ اللهِ صلى الله عليه وسلم وتَرَكَ خُطبتَهُ حتى انتَهى إليَّ، فأُتِيَ بكُرسِيٍّ، فَقَعَدَ عليه، وجَعَلَ يُعَلِّمُنِي ممّا عَلَّمَهُ اللهُ، ثم أتى خُطبتَهُ فَأَتَمَّ آخِرَهَا.
5659,1,1,Sahih al-Bukhari,Revelation,5659,,عن أنسٍ رضي الله عنه : أنّهُ مَرَّ على صِبْيَانِ، فَسَلَّمَ عليهم، وقالَ: كانَ النبيُّ صلى الله عليه وسلم يَفعلُهُ.
5731,1,1,Sahih al-Bukhari,Revelation,5731,,عن أبي الشعثاء، قال: كنا قُعُودًا مع أبي هريرة رضي الله عنه في المسجد، فأذن المؤذن، فقام رجل من المسجد يمشي، فأَتْبَعَهُ أبو هريرة بَصَرَهُ حتى خرج من المسجد، فقال أبو هريرة: أما هذا فقد عصى أبا القاسم صلى الله عليه وسلم .
5734,1,1,Sahih al-Bukhari,Revelation,5734,,عن أبي موسى الأشعري - رضي الله عنه- قال: سمع النبي صلى الله عليه وسلم رجلا يُثْنِي على رجل ويُطْرِيهِ في المِدْحَةِ، فقال: «أَهْلَكْتُمْ -أو قَطَعْتُمْ- ظَهْرَ الرجل».
5736,1,1,Sahih al-Bukhari,Revelation,5736,,عن المقداد رضي الله عنه :أن رجلا جعل يمدح عثمان رضي الله عنه فعَمِدَ المقداد، فجَثَا على ركبتيه، فجعل يَحْثُو في وجهه الحَصْبَاءَ. فقال له عثمان: ما شأنك؟ فقال: إن رسول الله صلى الله عليه وسلم قال: «إذا رأيتم المَدَّاحِينَ، فاحْثُوا في وجوههم التراب».
5771,1,1,Sahih al-Bukhari,Revelation,5771,,عن عبد الله بن عبد الرحمان بن أبي صعصعة: أن أبا سعيد الخدري رضي الله عنه قال له: «إنِّي أرَاكَ تُحبُّ الغنم والبادية فإذا كُنْتَ في غنمك -أو بَادِيتِك- فَأذَّنْتَ للصلاةِ، فَارْفَعْ صوتك بِالنِّدَاءِ، فَإنَّهُ لا يَسمَعُ مدى صَوْتِ المُؤذِّنِ جِنٌّ، وَلاَ إنْسٌ، وَلاَ شَيْءٌ، إِلاَّ شَهِدَ لَهُ يَومَ القِيَامَةِ» قال أبو سعيد: سمعتُه من رسولِ اللهِ صلى الله عليه وسلم .
5772,1,1,Sahih al-Bukhari,Revelation,5772,,عن الصعب بن جَثَّامَةَ رضي الله عنه ، قال: أهديتُ رسولَ الله - صلى الله عليه وسلم - حماراً وحشياً، فَرَدَّهُ عَلَيَّ، فلما رأى ما في وجهي، قال: «إنا لم نَرُدَّهُ عليك إلا لأنَّا حُرُمٌ».
5774,1,1,Sahih al-Bukhari,Revelation,5774,,"عن أبي هريرة رضي الله عنه عن النبي صلى الله عليه وسلم : ""بينا أيوبُ -عليه السلام- يَغتَسلُ عُرياناً، فَخَرَّ عليه جَرَادٌ من ذَهَبٍ، فجعلَ أيوبُ يَحْثِي في ثوبِهِ، فنَاداه ربُّه عز وجل : يا أيوبُ، ألَمْ أكنْ أغْنَيتك عما تَرى؟!، قال: بلى وعزتِك، ولكن لا غِنى بي عن بركتِكَ""."
5776,1,1,Sahih al-Bukhari,Revelation,5776,,"عن أبي هريرة عن النبيِّ صلى الله عليه وسلم قال: ""بينما رجلٌ يمشي بفلاةٍ من الأرضِ، فسمع صوتًا في سحابةٍ: اسقِ حديقةَ فلانٍ. فتنحَّى ذلك السحابُ، فأفرغ ماءَه في حرةٍ، فإذا شَرْجَةٌ من تلك الشِّرَاجِ قد استوعبتْ ذلك الماءَ كلَّه، فتتَّبع الماءَ، فإذا رجلٌ قائمٌ في حديقته يُحوِّلُ الماءَ بمسحاته، فقال له: يا عبدَ اللهِ؛ ما اسمُك؟، قال: فلانٌ للاسم الذي سمعَ في السحابة، فقال له: يا عبدَ اللهِ؛ لم تسألني عن اسمي؟، فقال: إني سمعت صوتًا في السحابِ الذي هذا ماؤه، يقول: اسق حديقةَ فلانٍ لاسمِك، فما تصنعُ فيها؟، قال: أما إذ قُلتَ هذا فإني أنظرُ إلى ما يخرُجُ منها، فأتصدَّقُ بثُلثِه، وآكُلُ أنا وعيالي ثُلثًا، وأرُدُّ فيها ثُلثه""."
5788,1,1,Sahih al-Bukhari,Revelation,5788,,عن أبي علي طلق بن علي رضي الله عنه أن رسول الله صلى الله عليه وسلم قال: «إذا دعا الرجل زوجته لحاجته فَلْتَأتِهِ وإن كانت على التَّنُور».
5793,1,1,Sahih al-Bukhari,Revelation,5793,,عن أبي أمامة إياس بن ثعلبة الأنصاري الحارثي رضي الله عنه قال: ذكر أصحاب رسول الله صلى الله عليه وسلم يوماً عنده الدنيا، فقال رسول الله صلى الله عليه وسلم: «ألا تسمعون؟ ألا تسمعون؟ إن البَذَاذَةَ من الإيمان، إن البَذَاذَةَ من الإيمان» قال الراوي: يعني التَّقحُّل.
5812,1,1,Sahih al-Bukhari,Revelation,5812,,عن أبي هريرة رضي الله عنه قال: سئل رسول الله صلى الله عليه وسلم عن أكثر ما يُدْخِلُ الناسَ الجنة؟ قال: «تقوى الله وحسن الخلق»، وسئل عن أكثر ما يُدْخِلُ الناسَ النار، فقال: «الفم والفرج».
5818,1,1,Sahih al-Bukhari,Revelation,5818,,"عن جابر رضي الله عنه قال: إنا كنا يوم الخندق نحفر فعَرَضَتْ كُدْيَةٌ شديدة، فجاؤوا إلى النبي صلى الله عليه وسلم فقالوا: هذه كُدْيَةٌ عَرَضَتْ في الخندق. فقال: «أنا نازل» ثم قام، وبطنه مَعْصوبٌ بحَجَرٍ، ولبثنا ثلاثة أيام لا نذوق ذواقًا، فأخذ النبي صلى الله عليه وسلم المِعْوَلَ، فضرب فعاد كَثِيبًا أَهْيَلَ أو أَهْيَمَ، فقلت: يا رسول الله ائْذَنْ لي إلى البيت، فقلت لامرأتي: رأيتُ بالنبي صلى الله عليه وسلم شيئًا ما في ذلك صبرٌ فعندك شيء؟ فقالت: عندي شَعِيرٌ وعَنَاقٌ، فذبحتِ العَنَاقَ وطَحَنَتِ الشعيرُ حتى جعلنا اللحمَ في البُرْمَةِ، ثم جِئْتُ النبي صلى الله عليه وسلم والعَجِينُ قد انْكَسَرَ، والبُرْمَةُ بين الأَثَافِي قد كادت تَنْضِجُ، فقلت: طُعَيْمٌ لي فقم أنت يا رسول الله ورجل أو رجلان، قال: «كم هو»؟ فذكرت له، فقال: «كثيرٌ طيبٌ قل لها لا تَنْزِعِ البُرْمَةَ، ولا الخبز من التَّنُّورِ حتى آتي» فقال: «قوموا»، فقام المهاجرون والأنصار، فدخلت عليها فقلت: وَيْحَك قد جاء النبي صلى الله عليه وسلم والمهاجرون والأنصار ومن معهم! قالت: هل سألك؟ قلت: نعم، قال: «ادخلوا ولا تَضَاغَطُوا» فجعل يكسر الخبز، ويجعل عليه اللحم، ويُخَمِّرُ البُرْمَةَ والتَّنُّورَ إذا أخذ منه، ويقرب إلى أصحابه ثم يَنْزِعُ، فلم يزل يكسر ويَغْرِفُ حتى شَبِعُوا، وبقي منه، فقال: «كُلِي هذا وأَهْدِي، فإن الناس أصابتهم مَجَاعَةٌ».
وفي رواية قال جابر: لما حفر الخَنْدَقَ رأيت بالنبي صلى الله عليه وسلم خَمَصًا، فانْكَفَأْتُ إلى امرأتي، فقلت: هل عندك شيء؟ فإني رأيت برسول الله صلى الله عليه وسلم خَمَصًا شديدًا، فأخرجت إلي جِرَابًا فيه صاع من شعير، ولنا بهيمة دَاجِنٌ فذبحتها، وطحنت الشعير، ففرغت إلى فراغي، وقَطَّعْتُهَا في بُرْمَتِهَا، ثم وَلَّيْتُ إلى رسول الله صلى الله عليه وسلم فقالت: لا تفضحني برسول الله صلى الله عليه وسلم ومن معه، فجئته فسَارَرْتُه، فقلت: يا رسول الله، ذبحنا بهيمة لنا، وطحنت صاعًا من شعير، فتعال أنت ونفر معك، فصاح رسول الله صلى الله عليه وسلم فقال: «يا أهل الخندق: إن جابرًا قد صنع سُؤْرًا فَحَيَّهَلا بكم» فقال النبي صلى الله عليه وسلم : «لا تنزلن بُرْمَتِكُم ولا تَخْبِزَنَّ عَجِينَكُم حتى أَجِيء» فجئت وجاء النبي صلى الله عليه وسلم يقدم الناس، حتى جئت امرأتي، فقالت: بك وبك! فقلت: قد فعلت الذي قلت. فأخرجت عجينًا، فبَسَقَ فيه وبَارَكَ، ثم عمد إلى بُرْمَتِنَا فبَصَقَ وبَارَكَ، ثم قال: «ادعي خَابِزَةً فلتَخْبِزْ معك، واقْدَحِي من بُرْمَتِكُم، ولا تنزلوها» وهم ألف، فأقسم بالله لأكلوا حتى تركوه وانحرفوا، وإن بُرْمَتَنَا لتَغِطُّ كما هي، وإن عَجِينَنَا ليُخْبَزُ كما هو."
5823,1,1,Sahih al-Bukhari,Revelation,5823,,عن أسماء بنت أبي بكر الصديق رضي الله عنهما قالت: قال لي رسول الله صلى الله عليه وسلم : «لا تُوكِي فيُوكَى عليك». وفي رواية: «أَنْفِقِي أو انْفَحِي، أو انْضَحِي، ولا تُحْصِي فيُحْصِي الله عليك، ولا تُوعِي فيُوعِي الله عليك».
5825,1,1,Sahih al-Bukhari,Revelation,5825,,عن فضالة بن عبيد رضي الله عنه : أن رسول الله صلى الله عليه وسلم كان إذا صلى بالناس يَخِرُّ رجال من قامتهم في الصلاة من الخَصَاصَة -وهم أصحاب الصُّفة- حتى يقول الأعراب: هؤلاء مجانين. فإذا صلى رسول الله صلى الله عليه وسلم انصرف إليهم، فقال: «لو تعلمون ما لكم عند الله تعالى ، لأحببتم أن تزدادوا فاقة وحاجة».
5826,1,1,Sahih al-Bukhari,Revelation,5826,,عن أبي هريرة رضي الله عنه مرفوعاً: «لو كنت آمِرًا أحدًا أن يسجد لأحد لأمرت المرأة أن تسجد لزوجها».
5827,1,1,Sahih al-Bukhari,Revelation,5827,,"عن عبد الله بن عمر رضي الله عنهما : «أنه طلق امرأته وهي حائض، فذكر ذلك عمر لرسول الله صلى الله عليه وسلم ، فَتَغَيَّظَ منه رسول الله صلى الله عليه وسلم ، ثم قال: لِيُرَاجِعْهَا، ثم لِيُمْسِكْهَا حتى تَطْهُرَ، ثم تَحِيضُ فَتَطْهُرَ، فإن بدا له أن يطلقها فليطلقها طاهرًا قبل أن يَمَسَّهَا، فتلك العِدَّةُ، كما أمر الله عز وجل ». 
وفي لفظ: «حتى تَحِيضَ حَيْضَةً مُسْتَقْبَلَةً، سِوَى حَيْضَتِهَا التي طَلَّقَهَا فيها». 
وفي لفظ «فحُسِبَتْ من طلاقها، ورَاجَعْهَا عبدُ الله كما أمره رسول الله صلى الله عليه وسلم »."
5828,1,1,Sahih al-Bukhari,Revelation,5828,,عن أنس رضي الله عنه قال: دخل النبي صلى الله عليه وسلم المسجد فإذا حبل ممدود بين الساريتين، فقال: «ما هذا الحبل؟» قالوا: هذا حبل لزينب، فإذا فَتَرَتْ تَعَلَّقَتْ به. فقال النبي صلى الله عليه وسلم : «حُلُّوهُ، لِيُصَلِّ أحدكم نشاطه فإذا فَتَرَ فليرقد».
5829,1,1,Sahih al-Bukhari,Revelation,5829,,عن ابن عمر رضي الله عنهما ، قال: كنا نتحدث عن حَجَّةِ الوداع، والنبي صلى الله عليه وسلم بين أظهرنا، ولا ندري ما حَجَّةُ الوداع حتى حمد اللهَ رسولُ الله صلى الله عليه وسلم وأثنى عليه، ثم ذكر المَسِيحَ الدَّجَالَ، فأَطْنَبَ في ذكره، وقال: «ما بعث الله من نبي إلا أَنْذَرَهُ أُمَّتَهُ، أنذره نوح والنبيون من بعده، وإنه إن يخرج فيكم فما خَفِيَ عليكم من شأنه فليس يخفى عليكم، إن ربكم ليس بأَعْوَرَ، وإنه أَعْوَرُ عَيْنِ اليُمْنَى، كأنَّ عينه عِنَبَةٌ طَافِيَةٌ. ألا إن الله حرم عليكم دماءكم وأموالكم كحُرْمَةِ يومكم هذا، في بلدكم هذا، في شهركم هذا، ألا هل بلغت؟» قالوا: نعم، قال: «اللهم اشهد» ثلاثا «ويلكم - أو ويحكم -، انظروا: لا ترجعوا بعدي كُفَّارًا يضرب بعضكم رِقَابَ بعض».
5832,1,1,Sahih al-Bukhari,Revelation,5832,,عن أنس بن مالك رضي الله عنه مرفوعاً: «ما من نبي إلا وقد أنذر أمته الأعور الكذاب، ألا إنه أعور، وإن ربكم - عز وجل - ليس بأعور، مكتوب بين عينيه ك ف ر»
5833,1,1,Sahih al-Bukhari,Revelation,5833,,عن أبي كبشة عمرو بن سعد الأنماري رضي الله عنه مرفوعاً: «ثلاثة أقسم عليهن، وأحدثكم حديثاً فاحفظوه: ما نقص مال عبد من صدقة، ولا ظلم عبد مظلمة صبر عليها إلا زاده الله عزًا، ولا فتح عبد باب مسألة إلا فتح الله عليه باب فقر -أو كلمة نحوها- وأحدثكم حديثًا فاحفظوه»، قال: «إنما الدنيا لأربعة نفر: عبد رزقه الله مالاً وعلمًا، فهو يتقي فيه ربه، ويَصِلُ فيه رحمه، ويعلم لله فيه حقًا، فهذا بأفضل المنازل. وعبد رزقه الله علما، ولم يرزقه مالاً، فهو صادق النية، يقول: لو أن لي مالا لَعَمِلْتُ بعمل فلان، فهو بنيته، فأجرهما سواء. وعبد رزقه الله مالاً، ولم يرزقه علما، فهو يخبط في ماله بغير علم، لا يتقي فيه ربه، ولا يصل فيه رحمه، ولا يعلم لله فيه حقًا، فهذا بأخبث المنازل. وعبد لم يرزقه الله مالاً ولا علمًا، فهو يقول: لو أن لي مالا لعملت فيه بعمل فلان، فهو بنيته، فوزرهما سواء».
5834,1,1,Sahih al-Bukhari,Revelation,5834,,عن أبي هريرة رضي الله عنه مرفوعاً: «مثل البخيل والمنفق، كمثل رجلين عليهما جُنتان من حديد من ثُدِيِّهما إلى تَرَاقِيهما، فأمَّا المنفق فلا ينفق إلا سَبَغت -أو وَفَرَت- على جلده حتى تخفي بنانه وتَعْفُو أثره، وأمَّا البخيل فلا يريد أن ينفق شيئاً إلا لزقت كل حلقة مكانها، فهو يوسعها فلا تتسع».
5835,1,1,Sahih al-Bukhari,Revelation,5835,,عن ابن عباس رضي الله عنهما ، قال: بينما النبي صلى الله عليه وسلم يخطب إذا هو برجل قائم فسأل عنه، فقالوا: أبو إسرائيل نذر أن يقوم في الشمس ولا يقعد، ولا يستظل؛ ولا يتكلم، ويصوم، فقال النبي صلى الله عليه وسلم : «مروه، فليتكلم، وليستظل، وليقعد، وليتم صومه».
5838,1,1,Sahih al-Bukhari,Revelation,5838,,عن أبي هريرة رضي الله عنه مرفوعاً: «من أدرك ماله بعينه عند رجل -أو إنسان- قد أفلس؛ فهو أحق به من غيره».
5842,1,1,Sahih al-Bukhari,Revelation,5842,,"عن عبد الله بن عمر رضي الله عنه مرفوعًا: «من باع نخلًا قد أُبِّرَتْ فَثَمَرُهَا للبائع، إلا أن يشترط المُبْتَاعُ». 
وفي رواية: «ومن ابْتَاعَ عبدا فمالُه للذي باعه إلا أن يشترط المُبْتَاعُ»."
5843,1,1,Sahih al-Bukhari,Revelation,5843,,عن عائشة رضي الله عنها عن النبي صلى الله عليه وسلم قال: «مَنْ ظَلَم قِيدَ شِبْرٍ مِن الأرْضِ؛ طُوِّقَهُ مِن سَبْعِ أَرَضِين».
5844,1,1,Sahih al-Bukhari,Revelation,5844,,عن أبي هريرة رضي الله عنه مرفوعاً: «إذا أَمَّنَ الإمام فأمنوا، فإنه من وافق تأمينه تأمين الملائكة: غفر له ما تقدم من ذنبه».
5847,1,1,Sahih al-Bukhari,Revelation,5847,,عن عبد الله بن عباس رضي الله عنهما قال: «نهى رسول الله صلى الله عليه وسلم أن تُتَلَقَّى الرُّكْبَانُ، وأن يبيع حاضرٌ لِبَادٍ، قال: فقلت لابن عباس: ما قوله حاضرٌ لِبَادٍ؟ قال: لا يكون له سِمْسَارًا».
5848,1,1,Sahih al-Bukhari,Revelation,5848,,عن عبد الله بن عمر رضي الله عنهما قال: «نهى رسول الله صلى الله عليه وسلم عن المُزَابَنَةِ: أن يبيع ثَمَرَ حَائِطِهِ إن كان نَخْلًا: بتَمْرٍ كَيْلًا، وإن كان كَرْمًا: أن يبيعه بزبيب كَيْلًا، أو كان زَرْعًا: أن يبيعه بكَيْلِ طعام، نهى عن ذلك كله».
5849,1,1,Sahih al-Bukhari,Revelation,5849,,عن عبد الله بن عمر رضي الله عنهما : «أن رسول الله صلى الله عليه وسلم نهى عن الشِّغَارِ».
5850,1,1,Sahih al-Bukhari,Revelation,5850,,عن أبي سعيد الخدري رضي الله عنه مرفوعاً: «أن رسول الله صلى الله عليه وسلم نهى عن الْمُنَابَذَةِ-وهي طرح الرجل ثوبه بالبيع إلى الرجل قبل أن يقلبه، أو ينظر إليه-، ونهى عن الْمُلَامَسَةِ -والملامسة: لمس الرجل الثوب ولا ينظر إليه-».
5851,1,1,Sahih al-Bukhari,Revelation,5851,,عن أنس بن مالك رضي الله عنه مرفوعاً: «أن رسول الله صلى الله عليه وسلم نهى عن بيع الثمار حتى تُزْهِي. قيل: وما تُزْهِي؟ قال: حتى تَحمَرَّ. قال: أرأيت إن مَنَعَ اللهُ الثمرة، بِمَ يستحِلُّ أحدُكُم مال أخيه؟».
5852,1,1,Sahih al-Bukhari,Revelation,5852,,عن عبد الله بن عمر- رضي الله عنهما- مرفوعاً: «أن رسول الله صلى الله عليه وسلم نهى عن بيع الثمرة حتى يبدو صلاحها، نهى البائع و المُبْتَاعَ».
5853,1,1,Sahih al-Bukhari,Revelation,5853,,عن عبد الله بن عمر- رضي الله عنهما- مرفوعاً: «أن النبي صلى الله عليه وسلم نهى عن بيع الوَلاءِ وعن هِبَتِهِ».
5854,1,1,Sahih al-Bukhari,Revelation,5854,,"عن عبد الله بن عمر رضي الله عنهما أن رسول الله صلى الله عليه وسلم نهى عن بيع حَبَلِ الحَبَلَةِ ،وكان بيعا يتبايعه أهل الجاهلية، وكان الرجل يبتاع الجَزُورَ إلى أن تُنتِجَ الناقة، ثم تُنتِج التي في بطنها.
 قيل: إنه كان يبيع الشارف -وهي الكبيرة المسنة- بنتاج الجنين الذي في بطن ناقته."
5855,1,1,Sahih al-Bukhari,Revelation,5855,,عن أبي هريرة رضي الله عنه أن رسول الله صلى الله عليه وسلم جاءه أعرابي فقال: يا رسول الله، إن امرأتي ولدت غلاما أسود، فقال: «هل لك من إبل» قال: نعم، قال: «ما ألوانها» قال: حمر، قال: «هل فيها من أَوْرَقَ» قال: نعم، قال: «فأنى كان ذلك» قال: أراه عرق نزعه، قال: «فلعل ابنك هذا نَزَعَهُ عِرْقٌ»
5860,1,1,Sahih al-Bukhari,Revelation,5860,,عن عبدالله بن عباس رضي الله عنهما قال: كان رسول الله صلى الله عليه وسلم يبيت الليالي المتتابعة طَاوِياً، وأهلُهُ لا يجِدُون عَشَاءً، وكان أكثر خبزهم خبز الشعير.
5861,1,1,Sahih al-Bukhari,Revelation,5861,,عن عقبة بن الحارث رضي الله عنه مرفوعاً: «أنه تزوج أم يحيى بنت أبي إهاب، فجاءت أَمَة سوداء، فقالت: قد أرضعتكما، فذكرت ذلك للنبي صلى الله عليه وسلم . قال: فأعرض عني. قال: فَتَنَحَّيْتُ فذكرت ذلك له. قال: كيف وقد زعمت أن قد أرضعتكما؟!».
5862,1,1,Sahih al-Bukhari,Revelation,5862,,عن أبي هريرة رضي الله عنه مرفوعاً: «من تصدق بعدل تمرة من كسب طيب، ولا يقبل الله إلا الطيب، فإن الله يقبلها بيمينه، ثم يُرَبِّيها لصاحبها كما يُرَبِّي أحدكم فَلُوَّه حتى تكون مثل الجبل»
5864,1,1,Sahih al-Bukhari,Revelation,5864,,عن أبي خبيب -بضم الخاء المعجمة- عبد الله بن الزبير رضي الله عنهما ، قال: لما وقف الزبير يوم الجمل دعاني فقمت إلى جنبه، فقال: يا بني، إِنَّهُ لاَ يُقْتَلُ اليوم إلا ظالم أو مظلوم، وإني لا أُرَانِى إلا سأقتل اليوم مظلوما، وإن من أكبر همي لديني، أفترى دَيْنَنَا يُبقي من مَالِنا شيئا؟ ثم قال: يا بني، بِعْ مَا لَنا واقض ديني، وأوصى بالثلث وثلثه لبنيه، يعني لبني عبد الله بن الزبير ثلث الثلث. قال: فإن فَضَلَ من مَالِنَا بعد قضاء الدين شيء فثلثه لبنيك. قال هشام: وكان بعض ولد عبد الله قد وَازَى بعض بني الزبير خُبَيْبٌ وعَبَّادٌ، وله يومئذ تسعة بنين وتسع بنات. قال عبد الله: فجعل يوصيني بدينه ويقول: يا بني، إن عجزت عن شيء منه فاستعن عليه بمولاي. قال: فوالله ما دريت ما أراد حتى قلت: يا أبت من مولاك؟ قال: الله. قال: فوالله ما وقعت في كربة من دينه إلا قلت: يا مولى الزبير اقض عنه دينه فيقضيه. قال: فقتل الزبير ولم يَدَع دينارا ولا درهما إلا أَرَضِينَ ، منها الغابة وإحدى عشرة دارا بالمدينة، ودارين بالبصرة، ودارا بالكوفة، ودارا بمصر. قال: وإنما كان دينه الذي كان عليه أن الرجل كان يأتيه بالمال، فيستودعه إياه، فيقول الزبير: لا، ولكن هو سلف إني أخشى عليه الضَّيْعَةَ ،وما ولي إمارة قط ولا جباية ولا خراجا ولا شيئا إلا أن يكون في غزو مع رسول الله صلى الله عليه وسلم أو مع أبي بكر وعمر وعثمان رضي الله عنهم قال عبد الله: فحسبت ما كان عليه من الدين فوجدته ألفي ألف ومئتي ألف! فلقي حكيم بن حزام عبد الله بن الزبير، فقال: يا ابن أخي، كم على أخي من الدين؟ فكتمته وقلت: مائة ألف. فقال حكيم: والله ما أرى أموالكم تسع هذه. فقال عبد الله: أرأيتك إن كانت ألفي ألف ومئتي ألف؟ قال: ما أراكم تطيقون هذا، فإن عجزتم عن شيء منه فاستعينوا بي، قال: وكان الزبير قد اشترى الغابة بسبعين ومئة ألف، فباعها عبد الله بألف ألف وستمئة ألف، ثم قام فقال: من كان له على الزبير شيء فليوافنا بالغابة، فأتاه عبد الله بن جعفر، وكان له على الزبير أربعمئة ألف، فقال لعبد الله: إن شئتم تركتها لكم؟ قال عبد الله: لا، قال: فإن شئتم جعلتموها فيما تؤخرون إن إخرتم، فقال عبد الله: لا، قال: فاقطعوا لي قطعة، قال عبد الله: لك من هاهنا إلى هاهنا. فباع عبد الله منها فقضى عنه دينه وأوفاه، وبقي منها أربعة أسهم ونصف، فقدم على معاوية وعنده عمرو بن عثمان، والمنذر بن الزبير، وابن زَمْعَةَ ، فقال له معاوية: كم قُوِّمَتِ الغابة؟ قال: كل سهم بمئة ألف، قال: كم بقي منها؟ قال: أربعة أسهم ونصف، فقال المنذر بن الزبير: قد أخذت منها سهما بمئة ألف، قال عمرو بن عثمان: قد أخذت منها سهما بمئة ألف. وقال ابن زمعة: قد أخذت سهما بمئة ألف، فقال معاوية: كم بقي منها؟ قال: سهم ونصف سهم، قال: قد أخذته بخمسين ومئة ألف. قال: وباع عبد الله بن جعفر نصيبه من معاوية بستمئة ألف، فلما فرغ ابن الزبير من قضاء دينه، قال بنو الزبير: اقسم بيننا ميراثنا، قال: والله لا أقسم بينكم حتى أنادي بالموسم أربع سنين: ألا من كان له على الزبير دين فليأتنا فلنقضه. فجعل كل سنة ينادي في الموسم، فلما مضى أربع سنين قسم بينهم ودفع الثلث. وكان للزبير أربع نسوة، فأصاب كل امرأة ألف ألف ومئتا ألف، فجميع ماله خمسون ألف ألف ومئتا ألف.
5865,1,1,Sahih al-Bukhari,Revelation,5865,,عن حذيفة بن اليمان وأبي هريرة رضي الله عنهما مرفوعاً: «يجمع الله -تبارك وتعالى- الناس فيقوم المؤمنون حتى تُزْلَفَ لهم الجنة، فيأتون آدم صلوات الله عليه، فيقولون: يا أبانا استفتح لنا الجنة، فيقول: وهل أخرجكم من الجنة إلا خطيئة أبيكم! لست بصاحب ذلك، اذهبوا إلى ابني إبراهيم خليل الله، قال: فيأتون إبراهيم فيقول إبراهيم: لستُ بصاحب ذلك إنما كنت خليلا من وراءِ وراء، اعمدوا إلى موسى الذي كلمه الله تكليما، فيأتون موسى، فيقول: لستُ بصاحب ذلك، اذهبوا إلى عيسى كلمة الله وروحه، فيقول عيسى: لست بصاحب ذلك، فيأتون محمدا صلى الله عليه وسلم فيقوم فيؤذن له، وتُرسَلُ الأمانة والرحم فيقومان جَنْبَتَي الصِّرَاطَ يمينا وشمالا فيَمُرُّ أوَّلُكُم كالبَرْقِ» قلتُ: بأبي وأمي، أي شيء كَمَرِّ البرْقِ؟ قال: «ألم تروا كيف يمر ويرجع في طَرْفِة عَيْنٍ، ثم كَمَرِّ الرِّيح، ثم كَمَرِّ الطَّيْرِ، وشَدِّ الرِّجال تجري بهم أعمالهم، ونبيكم قائم على الصراط، يقول: رب سَلِّمْ سَلِّمْ، حتى تعجز أعمال العباد، حتى يجيء الرجل لا يستطيع السير إلا زَحْفَا، وفي حافتي الصراط كَلالِيبُ مُعَلَّقَةٌ مأمورة بأخذ من أُمِرَتْ به، فَمَخْدُوشٌ نَاجٍ، ومُكَرْدَسٌ في النار». والذي نفس أبي هريرة بيده، إن قَعْرَ جهنم لسبعون خريفا.
5879,1,1,Sahih al-Bukhari,Revelation,5879,,"عن عائشة رضي الله عنها أن النبي صلى الله عليه وسلم كان إذا أخذ مَضْجَعَهُ نَفَثَ في يديه، وقرأ بالمُعَوِّذَاتِ، ومسح بهما جسده. 
وفي رواية: أن النبي صلى الله عليه وسلم كان إذا أَوَى إلى فِرَاشِهِ كل ليلة جَمَعَ كَفَّيْهِ، ثم نَفَثَ فيهما فقرأ فيهما: «قل هو الله أحد، وقل أعوذ برب الفلق، وقل أعوذ برب الناس» ثم مسح بهما ما استطاع من جسده، يبدأ بهما على رأسه ووجهه، وما أَقْبَلَ من جسده، يفعل ذلك ثلاث مرات."
5880,1,1,Sahih al-Bukhari,Revelation,5880,,عن أبي هريرة رضي الله عنه مرفوعًا: «إذا صلى أحدكم للناس فَلْيُخَفِّفْ فإن فيهم الضعيف والسَّقِيمَ وذَا الحاجة، وإذا صلى أحدكم لنفسه فَلْيُطَوِّلْ ما شاء».
5881,1,1,Sahih al-Bukhari,Revelation,5881,,عن عائشة بنت أبي بكر رضي الله عنهما أن رسول الله -صلى الله عليه وسلم اشترى من يهودي طعاما، ورهنه دِرْعًا من حديد.
5882,1,1,Sahih al-Bukhari,Revelation,5882,,عن أنس رضي الله عنه أن رسول الله صلى الله عليه وسلم كان إذا أوى إلى فراشه، قال: «الحمد لله الذي أطعمنا وسقانا، وكفانا وآوانَا، فَكَمْ مِمَّنْ لا كَافِيَ له وَلاَ مُؤْوِيَ».
5883,1,1,Sahih al-Bukhari,Revelation,5883,,عن أبي هريرة-رضي الله عنه مرفوعاً: «اللهم إني أعوذ بك من الجوع، فإنه بِئْسَ الضَّجِيعُ،وأعوذُ بِكَ منَ الخِيَانَةِ، فَإنَّهَا بِئْسَتِ البِطَانَةُ».
5885,1,1,Sahih al-Bukhari,Revelation,5885,,"عن سعد بن أبي وقاص رضي الله عنه قال: جاءني رسول الله صلى الله عليه وسلم يَعُودُنِي عام حَجَّةِ الوداع من وَجَعٍ اشْتَدَّ بي، فقلت: يا رسول الله، قد بلغ بي من الوَجَعِ ما ترى، وأنا ذو مال، ولا يَرِثُنِي إلا ابنةٌ أَفَأَتَصَدَّقُ بثلثي مالي؟ قال: لا، قلت: فالشَّطْرُ يا رسول الله؟ قال: لا، قلت: فالثلث؟ قال: الثلث، والثلث كثير، إنك إن تَذَرَ وَرَثَتَكَ أغنياء خيرٌ من أن تَذَرَهُم عالَةً يَتَكَفَّفُونَ الناس، وإنك لن تنفق نفقة تبتغي بها وجه الله إلا أُجِرْتَ بها، حتى ما تجعل في فِيْ امرأتك. 
قال: قلت: يا رسول الله أُخَلَّفُ بعد أصحابي؟ قال: إنك لن تُخَلَّفُ فتعمل عملا تبتغي به وجه الله إلا ازْدَدْتَ به درجة ورِفْعَةً، ولعلك أن تُخَلَّفَ حتى ينتفع بك أقوام، ويُضَرُّ بك آخرون. 
اللهم أَمْضِ لأصحابي هجرتهم، ولا تَرُدَّهُم على أَعْقَابِهِم، لكنِ البَائِسُ سعد بن خَوْلَةَ (يَرْثِي له رسول الله صلى الله عليه وسلم أن مات بمكة)."
5887,1,1,Sahih al-Bukhari,Revelation,5887,,"عن عبد الله بن عباس رضي الله عنهما عن رسول الله صلى الله عليه وسلم : «أَلْحِقُوا الفَرَائِضَ بأهلها، فما بَقِيَ فهو لأَوْلَى رجل ذَكَرٍ». 
وفي رواية: «اقْسِمُوا المالَ بين أهل الفَرَائِضِ على كتاب الله، فما تَرَكَتْ؛ فلأَوْلَى رجل ذَكَرٍ»."
5905,1,1,Sahih al-Bukhari,Revelation,5905,,"عن أبي هريرة رضي الله عنه مرفوعًا: «بينما رجل يمشي في حُلَّةٍ تُعْجِبُهُ نَفْسُهُ، مُرَجِّلٌ رأسه، يَخْتَالُ في مَشْيَتهِ، إذ خَسَفَ اللهُ به، فهو يَتَجَلْجَلُ في الأرض إلى يوم القيامة""."
5906,1,1,Sahih al-Bukhari,Revelation,5906,,"عن أبي سعيد الخدري رضي الله عنه قال: بينما نحن في سفرٍ مع النبيِّ صلى الله عليه وسلم إذ جاء رجلٌ على رَاحِلةٍ له، فجعلَ يَصرِفُ بصرَه يمينًا وشمالًا، فقال رسولُ اللهِ صلى الله عليه وسلم : ""من كان معه فَضْلُ ظَهرٍ فَليَعُدْ به على من لا ظَهرَ له، ومن كان له فضلٌ من زادٍ، فَليَعُدْ به على من لا زادَ له""، فذكرَ من أصنافِ المالِ ما ذكر حتى رأينا أنه لا حقَّ لأحدٍ منَّا في فضلٍ."
5908,1,1,Sahih al-Bukhari,Revelation,5908,,"عن أبي هريرة رضي الله عنه مرفوعًا: «تُعْرَضُ الأعمالُ يومَ الاثنين والخميس، فَأُحِبُّ أَنْ يُعْرَضَ عَملي وأنا صائم».
وفي رواية: «تُفْتَحُ أبوابُ الجَنَّةِ يومَ الاثنين والخميس، فَيُغْفَرُ لكلِّ عبد لا يُشْرِكُ بالله شيئا، إِلا رجلا كان بينه وبين أخيه شَحْنَاءُ، فَيُقَالُ: أَنظِروا هذيْن حتى يَصْطَلِحَا، أنظروا هذين حتى يصطلحا».
وفي رواية: «تُعْرَضُ الأَعْمَالُ في كلِّ اثْنَيْنِ وَخَميسٍ، فَيَغْفِرُ اللهُ لِكُلِّ امْرِئٍ لا يُشْرِكُ بالله شيئاً، إِلاَّ امْرَءاً كانت بينه وبين أخِيهِ شَحْنَاءُ، فيقول: اتْرُكُوا هذَيْنِ حتى يَصْطَلِحَا»."
5911,1,1,Sahih al-Bukhari,Revelation,5911,,"عن أبي هريرة رضي الله عنه قال: جاء رجلٌ إلى النبيِّ صلى الله عليه وسلم فقال: إني مجهودٌ، فأرسل إلى بعضِ نسائِه، فقالت: والذي بعثك بالحقِّ ما عندي إلا ماءٌ، ثم أرسل إلى أخرى، فقالت مثلَ ذلك، حتى قُلْنَ كلهن مثلَ ذلك: لا والذي بعثك بالحقِّ ما عندي إلا ماءٌ. فقال النبيُّ صلى الله عليه وسلم : ""من يُضيفُ هذا الليلةَ؟""، فقال رجلٌ من الأنصار: أنا يا رسولَ اللهِ، فانطلقَ به إلى رحلِه، فقال لامرأته: أكرِمِي ضيف رسول الله صلى الله عليه وسلم .
وفي رواية قال لامرأته: هل عندك شيءٌ؟، فقالت: لا، إلا قوتَ صِبيَاني، قال: فعَلِّليهم بشيءٍ، وإذا أرادوا العشاءَ فنوّمِيهم، وإذا دخلَ ضيفُنا فأطفِئي السِّراجَ، وأرِيهِ أنَّا نَأكلُ، فقعدوا وأكلَ الضيفُ، وباتا طاويين، فلمَّا أصبحَ غدا على النبيِّ صلى الله عليه وسلم فقال: ""لقد عَجِبَ اللهُ من صَنِيعِكما بضَيفِكما الليلةَ""."
5912,1,1,Sahih al-Bukhari,Revelation,5912,,عن ابن عباس رضي الله عنهما : أن عليَّ بنَ أبي طالبٍ رضي الله عنه خَرَجَ من عندِ رسولِ اللهِ صلى الله عليه وسلم في وَجَعِهِ الذي تُوُفِّيَ فيه، فقالَ الناسُ: يا أبَا الحَسَنِ، كيفَ أَصْبَحَ رسولُ اللهِ صلى الله عليه وسلم ؟ قالَ: أَصْبَحَ بِحَمدِ اللهِ بَارِئًا.
5914,1,1,Sahih al-Bukhari,Revelation,5914,,"عن أنس بن مالك رضي الله عنه قال: كان رسول الله صلى الله عليه وسلم يقول: «اللهم إني أعوذ بك من العَجْزِ، والكَسَلِ، وَالجُبْنِ، والهَرَمِ، والبخل، وأعوذ بك من عذاب القبر، وأعوذ بك من فتنة المحيا والممات». 
وفي رواية: «وَضَلَعِ الدَّيْنِ، وَغَلَبَةِ الرِّجَالِ»."
5916,1,1,Sahih al-Bukhari,Revelation,5916,,"عن عائشة رضي الله عنها : أن رسول الله صلى الله عليه وسلم دخل عليَّ مسرورًا تبرُقُ أسارِيرُ وجهه. فقال: ألم تَرَيْ أن مُجَزِّزًا نظر آنفًا إلى زيد بن حارثة وأسامة بن زيد، فقال: إن بعض هذه الأقدام لمن بعض».
 وفي لفظ: «كان مجزِّزٌ قائفًا»."
5917,1,1,Sahih al-Bukhari,Revelation,5917,,عن جابر بن عبد الله رضي الله عنهما مرفوعاً: نهى النبي صلى الله عليه وسلم عن المُخَابَرَةِ والمُحَاقَلَةِ، وعن المُزَابنة، وعن بيع الثَّمَرَة حتى يَبدُو صَلاحُها، وأن لا تبُاع إلا بالدينار والدرهم، إلا العَرَايَا.
5918,1,1,Sahih al-Bukhari,Revelation,5918,,عن أبي هريرة رضي الله عنه عن النبي صلى الله عليه وسلم : «لا تَلَقَّوُا الرُّكبان، ولا يبع بعضكم على بيع بعض، ولا تَنَاجَشُوا ولا يبع حَاضِرٌ لِبَادٍ، ولا تُصَرُّوا الإبلَ والغنم، ومن ابتاعها فهو بخير النَّظَرَين بعد أن يحلبها: إن رَضِيَهَا أمسكها، وإن سَخِطَها رَدَّهَا وَصَاعا ًمن تمر».
5919,1,1,Sahih al-Bukhari,Revelation,5919,,عن أبي هريرة رضي الله عنه : «نهى رسول الله صلى الله عليه وسلم أن يبيع حاضرٌ لباد، ولا تناجشوا. ولا يبَعِ ِالرجل على بيع أخيه، ولا يخطب على خطبته ، ولا تسأل المرأة طلاق أختها لتِكْفَأَ ما في صَحفَتِهَا».
5920,1,1,Sahih al-Bukhari,Revelation,5920,,عن أبي المنهال قال: «سألت البراء بن عازب، وزيد بن أرقم، عن الصَّرْفِ؟ فكل واحد يقول: هذا خير مني. وكلاهما يقول: نهى رسول الله صلى الله عليه وسلم عن بيع الذهب بالوَرِقِ دَيْنَاً».
5921,1,1,Sahih al-Bukhari,Revelation,5921,,عن أبي بكرة رضي الله عنه قال: «نهى رسول الله صلى الله عليه وسلم عن الفضة بالفضة، والذهب بالذهب، إلا سَوَاءً بسوَاءٍ، وأمرنا أن نشتري الفضة بالذهب، كيف شئنا. ونشتري الذهب بالفضة كيف شئنا، قال: فسأله رجل فقال: يدا بيد؟ فقال: هكذا سمعت».
5922,1,1,Sahih al-Bukhari,Revelation,5922,,عن علي بن أبي طالب رضي الله عنه «أن النبي صلى الله عليه وسلم نهى عن نكاح المتعة يوم خيبر، وعن لحوم الحُمُرِ الأهلية».
5926,1,1,Sahih al-Bukhari,Revelation,5926,,"عن أبي هريرة رضي الله عنه أنه سمع النبي صلى الله عليه وسلم ، يقول: ""إنّ ثلاثة من بني إسرائيل: أبرص وأقرع وأعمى، فأراد الله أن يَبْتَلِيَهم، فبعث إليهم ملَكًا، فأتى الأبرص؛ فقال: أيُّ شيء أحب إليك؟ 
قال: لون حسن، وجلد حسن، ويذهب عني الذي قد قَذِرَني النَّاس به. 
قال: فمسحه فذهب عنه قَذَرُه، فأُعْطِيَ لوناً حسناً وجلداً حسناً. 
قال: فأي المال أحب إليك؟ 
قال: الإبل أو البقر -شك إسحاق-. فأُعْطي ناقة عُشَرَاءَ، وقال: بارك الله لك فيها. 
قال: فأتى الأقرع؛ فقال: أي شيء أحب إليك؟ 
قال شعر حسن، ويذهب عني الذي قد قَذِرَني الناس به. فمسحه فذهب عنه، وأُعْطِيَ شعراً حسناً.
فقال: أي المال أحب إليك؟ 
قال: البقر أو الإبل. فأُعْطِيَ بقرة حاملاً، قال: بارك الله لك فيها. 
فأتى الأعمى؛ فقال: أي شيء أحب إليك؟ قال: أن يَرُدَّ الله إليَّ بصري فأبصر به الناس. فمسحه فردَّ الله إليه بصره. 
قال: فأي المال أحب إليك؟ 
قال: الغنَم، فأُعْطِي شاة والدًا.
فأُنْتِجَ هذان، ووَلَّد هذا، فكان لهذا وادٍ مِن الإبل، ولهذا وادٍ مِن البقر، ولهذا وادٍ من الغنم. 
قال: ثم إنه أتى الأبرص في صورته وهيئته، فقال: رجل مسكين قد انقطعت بي الحِبال في سفري، فلا بلوغ لي اليوم إلا بالله ثم بك، أسألك بالذي أعطاك اللون الحسن والجلد الحسن والمال بعيرا أَتَبَلَّغُ به في سفري. 
فقال: الحقوق كثيرة. 
فقال: كأني أعرفك، ألم تكن أبرص يَقْذَرُك الناس، فقيرًا فأعطاك الله المال؟ 
فقال: إنما ورثت هذا المال كابرًا عن كابرٍ. 
فقال: إن كنت كاذباً فصيَّرك الله إلى ما كنت. 
وأتى الأقرعَ في صورته فقال له مثل ما قال لهذا، وردَّ عليه مثل ما ردَّ عليه هذا. 
فقال: إن كنت كاذباً فصيّرك الله إلى ما كنت.
 قال: وأتى الأعمى في صورته، فقال: رجل مسكين وابن سبيل قد انقطعت بي الحِبال في سفري، فلا بلاغ لي اليوم إلا بالله ثم بك، أسألك بالذي ردَّ عليك بصرك شاة أَتَبَلَّغُ بها في سفري. 
فقال: قد كنت أعمى فردَّ الله إليَّ بصري، فخُذْ ما شِئْت ودَعْ ما شِئْت، فوالله لا أَجْهَدُك اليوم بشيء أخذته لله. 
فقال: أَمْسِكْ مالك؛ فإنما ابتُلِيتُم؛ فقد رضِيَ الله عنك، وسَخِط على صاحبيك""."
5930,1,1,Sahih al-Bukhari,Revelation,5930,,"عن أبي هريرة رضي الله عنه عن النبي صلى الله عليه وسلم قال: «إن أَخْنَعَ اسم عند الله رجل تسمى ملك الأملاك، لا مالك إلا الله».
 وفي رواية: «أَغْيَظُ رجل على الله يوم القيامة، وأخبثه وأَغْيَظُه عليه، رجل كان يسمى ملك الأملاك، لا مَلِكَ إلا الله».
قال سفيان: «مثل شَاهَانْ شَاهْ»، وقال أحمد بن حنبل: سألت أبا عمرو عن أَخْنَع؟ فقال: «أَوْضَع»."
5933,1,1,Sahih al-Bukhari,Revelation,5933,,"عن بُرَيْدَة بن الحُصَيب الأَسْلَمِيّ رضي الله عنه قال: كان رسول الله صلى الله عليه وسلم إذا أمَّر أميرًا على جَيْش أو سَرِيَّة أَوْصَاه بتَقْوَى الله، ومَن معه مِن المسلمين خيرًا، فقال: ""اغْزُوا بسم الله في سبيل الله، قاتِلُوا مَن كَفَر بالله، اغْزُوا ولا تَغُلُّوا ولا تَغْدِروا ولا تُـمَثِّلُوا ولا تَقْتُلُوا وَلِيدًا، وإذا لَقِيتَ عَدُوَّك مِن المشركين فادْعُهم إلى ثلاث خِصال -أو خِلال-، فأيَّتُهُنَّ ما أجابوك فاقْبَلْ منهم وكُفَّ عنهم، ثم ادْعُهم إلى الإسلام فإن أجابوك فاقْبَلْ منهم. 
ثم ادْعُهم إلى التَّحَوُّل مِن دارهم إلى دار المهاجرين، وأَخْبِرْهم أنهم إن فَعَلُوا ذلك فلهم ما للمهاجرين وعليهم ما على المهاجرين، فإن أَبَوْا أن يَتَحَوَّلُوا منها فأَخْبِرْهم أنهم يكونون كأَعْرَاب المسلمين يَجْرِي عليهم حُكْمُ الله تعالى، ولا يكون لهم في الغَنِيمَة والفَيْء شيءٌ إلا أن يُجَاهِدُوا مع المسلمين، فإن هم أَبَوْا فاسْأَلْهم الجِزْيَةَ، فإن هم أجابوك فاقْبَلْ منهم وكُفَّ عنهم، فإن هم أَبَوْا فاستَعِن بالله وقَاتِلْهم. 
وإذا حاصَرْتَ أَهْلَ حِصْنٍ فأرادُوك أن تَجْعَلَ لهم ذِمَّةَ الله وذِمَّةَ نَبِيِّه، فلا تَجْعَلْ لهم ذِمَّةَ الله وذِمَّةَ نَبِيِّه، ولكن اجْعَلْ لهم ذِمَّتَك وذِمَّةَ أصحابك؛ فإنكم أن تُخْفِرُوا ذِمَمَكم وذِمَّةَ أصحابكم أَهْوَنُ مِن أن تُخْفِرُوا ذِمَّةَ الله وذِمَّةَ نَبِيِّه، وإذا حاصَرْتَ أَهْلَ حِصْنٍ فأرادُوك أن تُنْزِلَهم على حُكْم الله فلا تُنْزِلْهم، ولكن أَنْزِلْهم على حُكْمِك، فإنك لا تَدْرِي أَتُصِيبُ فيهم حُكْمَ الله أم لا""."
5937,1,1,Sahih al-Bukhari,Revelation,5937,,عن عبد الله بن سَرْجِس رضي الله عنه قال: كان رسول الله صلى الله عليه وسلم إذا سافر يَتَعَوَّذ مِن وَعْثاء السَّفَر، وكآبة الـمُنْقَلَب، والحَوْر بعد الكَوْن، ودعوة المظلوم، وسُوء الـمَنْظَر في الأهل والمال.
5940,1,1,Sahih al-Bukhari,Revelation,5940,,"عن عبد الله بن عمر رضي الله عنهما أنه سمع رسول الله صلى الله عليه وسلم يقول: إذا رَفَعَ رَأْسَه مِن الرُّكوع في الركعة الأخيرة مِن الفَجْر: «اللهمَّ الْعَنْ فُلانًا وفُلانًا». بعدَما يقول: «سَمِعَ الله لمن حَمِدَه رَبَّنا ولك الحَمْدُ». فأنزل الله: (لَيْسَ لَكَ مِنَ الأَمْرِ شَيْءٌ ...) الآية.
وفي رواية: يَدْعُو على صَفْوَانَ بنِ أُمَيَّةَ، وسُهيْلِ بن عَمْرٍو، والحارث بن هشام، فنَزَلَتْ: (لَيْسَ لَكَ مِنَ الأَمْرِ شَيْءٌ)."
5941,1,1,Sahih al-Bukhari,Revelation,5941,,عن صَخْر بن وَدَاعَة الغامدي رضي الله عنه عن النبي صلى الله عليه وسلم قال: «اللهم بارك لأمتي في بُكُورها» وكان إذا بعَث سَرِيَّةً أو جيشًا بعَثَهم من أوَّل النهار، وكان صَخْر تاجرًا، وكان يبعث تِجارته أوَّل النهار، فأَثْرَى وكثُر مالُه.
5942,1,1,Sahih al-Bukhari,Revelation,5942,,عن ابن مسعود رضي الله عنه عن النبي صلى الله عليه وسلم قال: «ألا هل أُنَبِّئُكم ما العَضْهُ؟ هي النَّميمة القَالَةُ بين النّاس».
5946,1,1,Sahih al-Bukhari,Revelation,5946,,"عن بَجَالَةَ بن عَبَدة قال: كتب عمر بن الخطاب: «أن اقتُلُوا كلّ ساحر وساحرة». قال: فقتلنا ثلاث سواحر.
وعن ابن عمر رضي الله عنه : «أن حفصة سَحَرَتْها جاريتها فاعتَرَفَتْ بسِحْرها، فأمرت عبد الرحمن بن زيد فقتلها».
وعن أبي عثمان النهدي: «أنه كان عند الوليد رجل يلعب فذبح إنسانًا، وأبان رأسه؛ فعَجِبْنا، فأعاد رأسه، فجاء جُنْدُبٌ الْأَزْديّ فقتله»."
5949,1,1,Sahih al-Bukhari,Revelation,5949,,"عن أبي هريرة رضي الله عنه قال: قال رسول الله صلى الله عليه وسلم : ""تَعِسَ عَبْدُ الدينار، تَعِسَ عَبْدُ الدرهم، تَعِسَ عَبْدُ الخَمِيصَة، تعس عَبْدُ الخَمِيلَة، إن أُعْطِيَ رَضِيَ، وإن لم يُعْطَ سَخِطَ، تَعِسَ وانْتَكَسَ، وإذا شِيكَ فلا انتَقَشَ، طُوبَى لعبد آخذ بعِنَانِ فرسه في سبيل الله، أشعث رأسه، مُغْبَرَّةً قدماه، إن كان في الحِرَاسَةِ كان في الحِرَاسَةِ، وإن كان في السَّاقَةِ كان في السَّاقَةِ، إن استأذن لم يُؤْذَنْ له، وإن شَفَعَ لم يُشَفَّعْ""."
5951,1,1,Sahih al-Bukhari,Revelation,5951,,عن أبي موسى الأشعري رضي الله عنه قال: قال رسول الله صلى الله عليه وسلم : «ثلاثة لا يدخلون الجنة مُدْمِنُ خمر، وقاطع الرحم، ومُصَدِّق بالسِّحْر».
5954,1,1,Sahih al-Bukhari,Revelation,5954,,"عن ابن الدَّيْلَمِي قال: أتيتُ أُبَيَّ بن كعب فقلتُ: في نفْسي شيء من القدر، فحَدِّثْني بشيء لعل الله يُذْهِبَه مِن قلبي. فقال: «لو أنفقتَ مثل أُحُد ذَهَبًا ما قَبِلَه الله منك حتى تؤمن بالقدَر، وتعلمَ أنَّ ما أصابك لم يكن ليُخطِئك، وما أخْطأك لم يكن لِيُصِيبَك، ولو مُتَّ على غير هذا لكنتَ مِن أهل النار». 
قال: فأتيتُ عبد الله بن مسعود، وحذيفة بن اليمان، وزيد بن ثابت، فكلهم حدَّثني بمثل ذلك عن النبي صلى الله عليه وسلم ."
5979,1,1,Sahih al-Bukhari,Revelation,5979,,"عن عبادة بن الصامت رضي الله عنه قال: يا بُنَيَّ، إنك لن تجد طعم الإيمان حتى تعلم أن ما أصابك لم يكن ليخطئك، وما أخطأك لم يكن ليصيبك، سمعت رسول الله صلى الله عليه وسلم يقول: «إن أول ما خلق الله القلم، فقال له: اكتب. فقال: رب، وماذا أكتب؟ قال: اكتب مقادير كل شيء حتى تقوم الساعة». يا بني سمعت رسول الله صلى الله عليه وسلم يقول: «من مات على غير هذا فليس مني».
وفي رواية لأحمد: «إن أول ما خلق الله تعالى القلم، فقال له: اكتب، فجرى في تلك الساعة بما هو كائن إلى يوم القيامة». 
وفي رواية لابن وهب قال رسول الله صلى الله عليه وسلم : «فمن لم يؤمن بالقدر خيره وشره أحرقه الله بالنار»."
5999,1,1,Sahih al-Bukhari,Revelation,5999,,عن أنس رضي الله عنه قال: كنا إذا نَزَلْنا مَنْزِلًا، لا نُسَبِّحَ حتى نَحُلَّ الرِّحال.
6003,1,1,Sahih al-Bukhari,Revelation,6003,,"عن عبد الله بن عمر رضي الله عنهما أن رسول الله صلى الله عليه وسلم كان إذا استَوَى على بَعِيره خارجًا إلى سَفَر، كَبَّرَ ثلاثا، ثم قال: «سبحان الذي سخَّر لنا هذا وما كُنَّا له مُقْرِنِينَ وإنَّا إلى ربِّنا لـمُنْقَلِبُون، اللهم إنَّا نَسْأَلُك في سفرنا هذا البِرَّ والتَّقْوَى، ومن العمل ما تَرْضَى، اللهم هَوِّنْ علينا سفرنا هذا واطْوِ عنا بُعْدَه، اللهم أنت الصاحب في السفر، والخليفة في الأهل، اللهم إني أعوذ بك مِن وَعْثَاء السفر، وكآبة الـمَنْظر، وسوء الـمُنْقَلَب في المال والأهل والولد». وإذا رجع قالهن. وزاد فيهن «آيبون تائبون عابدون لِربنا حامدون». 
وفي رواية: كان النبي صلى الله عليه وسلم إذا قَفَل من الحج أو العمرة، كلما أَوْفَى على ثَنِيَّة أو فَدْفَدٍ كَبَّرَ ثلاثا، ثم قال: «لا إله إلا الله وحده لا شريك له، له الملك وله الحمد، وهو على كل شيء قدير، آيِبون، تائبون، عابدون، ساجدون، لربنا حامدون، صدَق الله وَعْدَه، ونصَر عَبْدَه، وهزَم الأحزابَ وحده». وفي لفظ: إذا قَفَل من الجيوش أو السَّرايا أو الحج أو العمرة."
6005,1,1,Sahih al-Bukhari,Revelation,6005,,عن جابر رضي الله عنه عن رسول الله صلى الله عليه وسلم : أنه أراد أن يغزو، فقال: «يا معشر المهاجرين والأنصار، إن من إخوانكم قومًا ليس لهم مال، ولا عشيرة، فلْيَضُمَّ أحدكم إليه الرَّجُلَيْنِ أو الثلاثة، فما لأحدنا مِن ظَهْر يَحْمِلُه إلا عُقْبَة كعُقْبَة». يعني: أحدهم، قال: فضَمَمْتُ إليَّ اثنين أو ثلاثة ما لي إلا عُقْبَة كعُقْبَة أحدهم من جَمَلي.
6007,1,1,Sahih al-Bukhari,Revelation,6007,,"قال إبراهيم: ""كانوا يَضْرِبُونَنا على الشَّهادة والعَهْد ونحن صِغار""."
6009,1,1,Sahih al-Bukhari,Revelation,6009,,عن عبدالله بن عباس رضي الله عنهما أنّ النبي صلى الله عليه وسلم دخلَ على أعرابيٍّ يَعُودُه، وكان إذا دَخَلَ على مَن يَعودُه، قال: «لا بأس؛ طَهُور إن شاء الله».
6010,1,1,Sahih al-Bukhari,Revelation,6010,,عن ابن مسعود رضي الله عنه قال: دخلتُ على النبيِّ صلى الله عليه وسلم وهو يُوعَكُ، فَمَسَسْتُهُ، فقلتُ: إنّكَ لَتُوعَكُ وَعَكًا شَدِيدًا، فقالَ: «أجَلْ، إنِّي أُوعَكُ كما يُوعَكُ رَجُلانِ منكُم».
6013,1,1,Sahih al-Bukhari,Revelation,6013,,عن أبي عطية، قال: دخلت أنا ومسروق على عائشة رضي الله عنها ، فقالَ لها مسروقٌ: رجلانِ من أصحابِ محمدٍ صلى الله عليه وسلم كِلاَهُمَا لا يَألُو عَنِ الخَيْرِ؛ أحَدُهُمَا يُعَجِّلُ المَغْرِبَ وَالإفْطَارَ، وَالآخر يؤخِّر المغرب وَالإفْطَارَ؟ فَقَالَتْ: مَنْ يُعَجِّلُ المَغْرِبَ وَالإفْطَار؟ قالَ: عبدُ اللهِ -يعني: ابن مسعود- فقالتْ: هَكذا كانَ رسولُ اللهِ يَصْنَعُ.
6015,1,1,Sahih al-Bukhari,Revelation,6015,,عن عائشة رضي الله عنها أنّ رسولَ اللهِ صلى الله عليه وسلم كانَ يقول في ركوعه وسجودِه: «سبُّوحٌ قُدُّوسٌ رَبُّ المَلاَئِكَةِ وَالرُّوحِ».
6020,1,1,Sahih al-Bukhari,Revelation,6020,,"عن فاطمة بنت قيس- رضي الله عنها- «أن أبا عمرو بن حفص طلقها البَتَّةَ، وهو غائب (وفي رواية: ""طلقها ثلاثا"")، فأرسل إليها وكيله بشعير، فسخطته. فقال: والله ما لك علينا من شيء. فجاءت رسول الله صلى الله عليه وسلم فذكرت ذلك له، فقال: ليس لك عليه نفقة (وفي لفظ: ""ولا سكنى"") فأمرها أن تَعْتَدَّ في بيت أم شريك؛ ثم قال: تلك امرأة يَغْشَاهَا أصحابي؛ اعتدي عند ابن أم مكتوم. فإنه رجل أعمى تضعين ثيابك، فإذا حَلَلْتِ فآذِنِيني. 
قالت: فلما حللت ذكرت له: أن معاوية بن أبي سفيان وأبا جهم خطباني. فقال رسول الله صلى الله عليه وسلم : أما أبو جهم: فلا يَضَعُ عصاه عن عاتقه. وأما معاوية: فصعلوك لا مال له. انكحي أسامة بن زيد. فكرهته ثم قال: انكحي أسامة بن زيد. فنكحته، فجعل الله فيه خيرا، واغْتَبَطْتُ به»."
6022,1,1,Sahih al-Bukhari,Revelation,6022,,عن أنس بن مالك رضي الله عنه أن رسول الله صلى الله عليه وسلم أعتق صفية، وجعل عِتْقَهَا صَدَاقَهَا.
6023,1,1,Sahih al-Bukhari,Revelation,6023,,عن عبدالله بن عمر رضي الله عنهما أن النبي صلى الله عليه وسلم عامل أهل خيبر بِشَطْرِ ما يخرج منها من ثَمَرٍ أو زرع.
6024,1,1,Sahih al-Bukhari,Revelation,6024,,عن عبد الله بن عمر رضي الله عنها : أن رجلا اتهم امرأته بالزنا، ونفى كون ولدها منه في زمن رسول الله صلى الله عليه وسلم فأمرهما رسول الله صلى الله عليه وسلم فتلاعنا، كما قال الله تعالى، ثم قضى بالولد للمرأة، وفرق بين المتلاعنين
6025,1,1,Sahih al-Bukhari,Revelation,6025,,"عن عبد الله بن عمر رضي الله عنهما مرفوعاً: «أن فلان بن فلان قال: يا رسول الله، أرأيت أن لو وجد أحدنا امرأته على فاحشة، كيف يصنع؟ إن تكلم تكلم بأمر عظيم، وإن سَكَتَ سَكَتَ على مثل ذلك. 
قال: فسكت النبي صلى الله عليه وسلم فلم يُجبه. 
فلما كان بعد ذلك أتاه فقال: إن الذي سألتك عنه قد ابتليت به. فأنزل الله عز وجل هؤلاء الآيات في سورة النور ?والذين يرمون أزواجهم...? فتلاهن عليه ووعظه وذكره. وأخبره أن عذاب الدنيا أهون من عذاب الآخرة. فقال: لا، والذي بعثك بالحق، ما كذبتُ عليها. ثم دعاها، فوعظها، وأخبرها: أن عذاب الدنيا أهون من عذاب الآخرة. فقالت: لا، والذي بعثك بالحق، إنه لكاذب. فبدأ بالرجل؛ فشهد أربع شهادات بالله: إنه لمن الصادقين، والخامسة: أن لعنة الله عليه إن كان من الكاذبين. ثم ثَنَّى بالمرأة. فشهدت أربع شهادات بالله: إنه لمن الكاذبين، والخامسة: أن غضب الله عليها إن كان من الصادقين. ثم فرق بينهما. 
ثم قال: إن الله يعلم أن أحدكما كاذب فهل منكما تائب؟ -ثلاثا-»، وفي لفظ «لا سبيل لك عليها. قال: يا رسول الله، مالي؟ قال: لا مال لك: إن كنت صدقت عليها فهو بما استحللت من فرجها، وإن كنت كذبت فهو أبعد لك منها»."
6027,1,1,Sahih al-Bukhari,Revelation,6027,,عن عائشة- رضي الله عنها- قالت: «دخل علي رسول الله صلى الله عليه وسلم وعندي رجل، فقال: يا عائشة، من هذا؟ قلت: أخي من الرضاعة، فقال: يا عائشة: انظرن من إخوانكن؟ فإنما الرضاعة من المجاعة».
6029,1,1,Sahih al-Bukhari,Revelation,6029,,عن أبي هريرة رضي الله عنه مرفوعاً: «إنما جُعِلَ الإمام ليِؤُتَمَّ به، فلا تختلفوا عليه، فإذا كبر فكبروا، وإذا ركع فاركعوا، وإذا قال: سمع الله لمن حمده، فقولوا: ربنا ولك الحمد. وإذا سجد فاسجدوا، وإذا صلى جالسا فصلوا جلوسا أجمعون».
6030,1,1,Sahih al-Bukhari,Revelation,6030,,"عن أم سلمة رضي الله عنها مرفوعاً: «جاءت امرأة إلى رسول الله صلى الله عليه وسلم فقالت: يا رسول الله، إن ابنتي توفي عنها زوجها، وقد اشتكت عينها أفَنَكْحُلُها؟ فقال رسول الله صلى الله عليه وسلم : لا -مرتين، أو ثلاثا-، ثم قال: إنما هي أربعة أشهر وعشر، وقد كانت إحداكن في الجاهلية ترمي بالبَعْرَةِ على رأس الحول». 
فقالت زينب: كانت المرأة إذا توفي عنها زوجها: دخلت حفشا، ولبست شر ثيابها، ولم تَمَسَّ طيبا ولا شيئا حتى تمر بها سنة، ثم تؤتى بدابة -حمار أو طير أو شاة- فتَفْتَضُّ به! فقلما تفتض بشيء إلا مات! ثم تخرج فتُعطى بعرة؛ فترمي بها، ثم تراجع بعد ما شاءت من طيب أو غيره»."
6031,1,1,Sahih al-Bukhari,Revelation,6031,,"عن عبد الله بن عمر رضي الله عنهما قال: «قد أصاب عمر أرضًا بخيبر. فأتى النبي صلى الله عليه وسلم يستأمره فيها. فقال: يا رسول الله، إني أصبت أرضًا بخيبر، لم أُصِبْ مالًا قَطُّ هو أنفس عندي منه، فما تأمرني به؟ فقال: إن شِئْتَ حَبَّسْتَ أصلها، وتصدقت بها. 
قال: فتصدق بها، غير أنه لا يُباع أصلها، ولا يوهب، ولا يورث. 
قال: فتصدق عمر في الفقراء، وفي القربى، وفي الرقاب، وفي سبيل الله، وابن السبيل، والضيف. لا جناح على من وليها أن يأكل منها بالمعروف، أو يطعم صديقًا، غير مُتَمَوِّلٍ فيه»، وفي لفظ: «غير مُتَأثِّلٍ»."
6032,1,1,Sahih al-Bukhari,Revelation,6032,,عن أنس بن مالك رضي الله عنه أن رسول الله صلى الله عليه وسلم رأى عبد الرحمن بن عوف، وعليه ردَعْ ُزَعفَرَان. فقال النبي صلى الله عليه وسلم : «مَهْيَمْ؟ فقال: يا رسول الله تزوجت امرأة، فقال: ما أصدقتها؟ قال: وَزْنُ نواة من ذهب قال: بارك الله لك، أَوْلِمْ ولو بشاة».
6033,1,1,Sahih al-Bukhari,Revelation,6033,,عن أبي سعيد الخدري- رضي الله عنه-: جاء بلال إلى رسول الله صلى الله عليه وسلم بتمر بَرْنِيٍّ، فقال له النبي صلى الله عليه وسلم : «من أين لك هذا؟» قال بلال: كان عندنا تمر رديء، فبعتُ منه صاعين بصاع ليطعم النبي صلى الله عليه وسلم . فقال النبي صلى الله عليه وسلم عند ذلك: «أَوَّهْ، أَوَّهْ، عَيْنُ الربا، عين الربا، لا تفعل، ولكن إذا أردت أن تشتري فَبِعِ التمرَ ببيع آخر، ثم اشتر به».
6034,1,1,Sahih al-Bukhari,Revelation,6034,,عن أبي هريرة رضي الله عنه مرفوعاً: «إذا أوى أحدكم إلى فراشه فَليَنْفُضْ فِرَاشَهُ بِدَاخِلَةِ إزَارِهِ فإنَّهُ لا يدري ما خلفه عليه، ثم يقول: باسمك ربي وضعت جنبي، وبك أرفعه، إن أمسكت نفسي فارحمها، وإن أرسلتها، فاحفظها بما تحفظ به عبادك الصالحين».
6036,1,1,Sahih al-Bukhari,Revelation,6036,,عن أبي مسعود رضي الله عنه «أن رسول الله صلى الله عليه وسلم نهى عن ثمن الكلب، ومَهْرِ البغي، وحُلْوَانِ الكَاهِنِ».
6037,1,1,Sahih al-Bukhari,Revelation,6037,,عن رافع بن خديج رضي الله عنهما أن رسول الله صلى الله عليه وسلم قال: «ثمن الكلب خبيث، ومهر البغي خبيث، وكسب الحجام خبيث».
6038,1,1,Sahih al-Bukhari,Revelation,6038,,عن جابر بن عبد الله رضي الله عنهما : «أنه كان يسير على جمل فأعيا، فأراد أن يُسَيِّبَهُ. فلحقني النبي صلى الله عليه وسلم فدعا لي، وضربه، فسار سيرا لم يَسِرْ مثله. ثم قال: بِعْنِيهِ بأُوقية. قلتُ: لا. ثم قال: بِعْنِيه. فَبِعْتُهُ بأوقية، واستثنيت حُمْلَانَهُ إلى أهلي. فلما بلغت: أتيته بالجمل. فنقدني ثمنه. ثم رجعت. فأرسل في إثري. فقال: أتَرَانِي مَاكستُكَ لآخذ جملك؟ خذ جملك ودراهمك، فهو لك».
6039,1,1,Sahih al-Bukhari,Revelation,6039,,عن حنظلة بن قيس قال: سألت رافع بن خديج عن كراء الأرض بالذهب والورق؟ فقال: لا بأس به، إنما كان الناس يؤاجرون على عهد رسول الله صلى الله عليه وسلم بما على المَاذَيَاناتِ، وأَقْبَالِ الجَدَاوِلِ، وأشياء من الزرع؛ فيهلك هذا، ويسلم هذا، ولم يكن للناس كراء إلا هذا؛ ولذلك زجر عنه، فأما شيء معلوم مضمون؛ فلا بأس.
6040,1,1,Sahih al-Bukhari,Revelation,6040,,عن أبي هريرة رضي الله عنه مرفوعاً: «تعوذوا بالله من جَهْدِ البلاء، وَدَرَكِ الشقاء، وسوء القضاء، وشماتة الأعداء». وفي رواية قال سفيان: أشك أني زدت واحدة منها.
6041,1,1,Sahih al-Bukhari,Revelation,6041,,عن أبي سعيد الخدري رضي الله عنه : «ذُكِرَ َالعزل لرسول الله صلى الله عليه وسلم فقال: ولم يفعل ذلك أحدكم؟ -ولم يقل: فلا يفعل ذلك أحدكم؟-؛ فإنه ليست نفس مخلوقة إلا الله خالقها».
6042,1,1,Sahih al-Bukhari,Revelation,6042,,عن أبي هريرة رضي الله عنه : «أن رسول الله صلى الله عليه وسلم رخص في بيع العرايا، في خمسة أوَسْقُ ٍأو دون خمسة أوسق».
6043,1,1,Sahih al-Bukhari,Revelation,6043,,"عن زيد بن ثابت رضي الله عنه : «أن رسول الله صلى الله عليه وسلم رخص لصاحب العَرِيَّةِ: أن يبيعها بِخَرْصِهَا».
 ولمسلم: «بخرصها تمرا، يأكلونها رُطَبَاً»."
6044,1,1,Sahih al-Bukhari,Revelation,6044,,عن سعد بن أبي وقاص رضي الله عنه قال: رد رسول الله صلى الله عليه وسلم على عثمان بن مظعون التَّبَتُّلَ، ولو أذن له لاختَصَيْنَا.
6045,1,1,Sahih al-Bukhari,Revelation,6045,,عن سهل بن سعد الساعدي رضي الله عنهما أن رسول الله صلى الله عليه وسلم جاءته امرأة فقالت: إني وَهَبْتُ نفسي لك: فقامت طويلا، فقال رجل: يا رسول الله، زَوِّجْنِيهَا، إن لم يكن لك بها حاجة. فقال: هل عندك من شيء تُصْدِقُهَا؟ فقال: ما عندي إلا إِزَارِي هذا. فقال رسول الله صلى الله عليه وسلم : إِزَارُكَ إن أَعْطَيْتَهَا جلست ولا إِزَارَ لك، فالْتَمِسْ شيئا قال: ما أجد. قال: الْتَمِسْ ولو خَاتَمًا من حَدِيدٍ. فالْتَمَسَ فلم يجد شيئا. فقال رسول الله صلى الله عليه وسلم هل معك شيء من القرآن؟ قال: نعم. فقال رسول الله صلى الله عليه وسلم : زَوَّجْتُكَهَا بما معك من القرآن».
6046,1,1,Sahih al-Bukhari,Revelation,6046,,"عن سبيعة الأسلمية رضي الله عنها أنها كانت تحت سعد بن خولة -وهو من بني عامر بن لؤي، وكان ممن شهد بدرا- فتوفي عنها في حجة الوداع، وهي حامل. فلم تنشب أن وضعت حملها بعد وفاته.
فلما تعلت من نفاسها؛ تجملت للخطاب، فدخل عليها أبو السنابل بن بعكك -رجل من بني عبد الدار- فقال لها: ما لي أراك متجملة؟ لعلك ترجين النكاح؟ والله ما أنت بناكح حتى يمر عليك أربعة أشهر وعشر. 
قالت سبيعة: فلما قال لي ذلك: جمعت علي ثيابي حين أمسيت، فأتيت رسول صلى الله عليه وسلم فسألته عن ذلك؟ فأفتاني بأني قد حللت حين وضعت حملي، وأمرني بالتزويج إن بدا لي». 
وقال ابن شهاب: ولا أرى بأسا أن تتزوج حين وضعت -وإن كانت في دمها-، غير أنه لايقربها زوجها حتى تطهر."
6047,1,1,Sahih al-Bukhari,Revelation,6047,,عن أنس بن مالك رضي الله عنه قال: كَانَ رَسُولُ اللهِ -صَلَّى اللهُ عَلَيْهِ وَسَلَّمَ- يَقُولُ: «اللهم إني أعوذ بك من البَرَصِ، والجُنُونِ، والجُذَامِ، وَسَيِّئِ الأسْقَامِ».
6048,1,1,Sahih al-Bukhari,Revelation,6048,,"عن زيد بن خالد الجهني رضي الله عنه : «سئل رسول الله صلى الله عليه وسلم عن لُقَطَة الذهب، أو الوَرِق؟ فقال: اعرف وكِاَءَهَا وعِفَاصَهَا، ثم عَرِّفْهَا سَنَةً، فإن لم تُعرَف فاستنفقها، ولتكن وديعة عندك فإن جاء طالبها يوما من الدهر؛ فأدها إليه. 
وسأله عن ضالة الإبل؟ فقال: ما لك ولها؟ دَعْهَا فإن معها حِذَاَءَهَا وسِقَاءَهَا، تَرِدُ الماء وتأكل الشجر، حتى يجدها رَبُّهَا. 
وسأله عن الشاة؟ فقال: خذها؛ فإنما هي لك، أو لأخيك، أو للذئب»."
6050,1,1,Sahih al-Bukhari,Revelation,6050,,"عن جابر بن عبد الله الأنصاري رضي الله عنهما قال: «شَهِدْتُ مع رسول الله صلى الله عليه وسلم صلاة الخوف فَصَفَفْنَا صَفَّيْنِ خلف رسول الله صلى الله عليه وسلم والعدو بيننا وبين القبلة، وكَبَّرَ النبي صلى الله عليه وسلم وكَبَّرنا جميعا، ثم ركع ورَكَعْنا جميعا، ثم رفع رأسه من الركوع ورفعنا جميعا، ثم انحدر بالسجود والصف الذي يليه، وقام الصَّفُّ الْمُؤَخَّرُ في نَحْرِ الْعَدُوِّ، فلما قضى النبي صلى الله عليه وسلم السجود، وقام الصفّ الذي يليه انْحَدَرَ الصَّفُّ الْمُؤَخَّرُ بالسجود، وقاموا، تَقَدَّمَ الصَّفُّ الْمُؤَخَّرُ، وَتَأَخَّرَ الصَّفُّ الْمُقَدَّمُ، ثم ركع النبي صلى الله عليه وسلم وركعنا جميعا، ثم رفع رأسه من الركوع ورفعنا جميعا، ثم انحدر بالسجود، والصفّ الذي يليه -الذي كان مُؤَخَّرا في الركعة الأولى- فقام الصَّفُّ الْمُؤَخَّرُ فِي نَحْرِ الْعَدُوِّ، فلما قضى النبي صلى الله عليه وسلم السجود والصف الذي يليه: انْحَدَرَ الصَّفُّ الْمُؤَخَّرُ بالسجود، فسجدوا ثم سلَّم صلى الله عليه وسلم وسَلَّمْنا جميعا، قال جابر: كما يصنع حَرَسُكُمْ هؤلاء بأُمرائهم». 
وذكر البخاري طرفا منه: «وأنه صلى صلاة الخوف مع النبي صلى الله عليه وسلم في الغزوة السابعة، غزوة ذات الرِّقَاعِ»."
6072,1,1,Sahih al-Bukhari,Revelation,6072,,عن عائشة رضي الله عنها أن النبي صلى الله عليه وسلم كان يدعو بهذه الكلمات: «اللهم إني أعوذ بك من فتنة النار، وعذاب النار، ومن شر الغنى والفقر».
6073,1,1,Sahih al-Bukhari,Revelation,6073,,عن عمر بن الخطاب رضي الله عنه قال: «حَمَلْتُ على فرس في سبيل الله، فأضاعه الذي كان عنده، فأردت أن أشتريه، وظننت أنه يبيعه بِرُخْصٍ، فسألت النبي صلى الله عليه وسلم ؟ فقال: لا تَشْتَرِهِ، ولا تعد في صدقتك؛ فإن أَعْطَاكَهُ بِدِرْهَمٍ؛ فإن العَائِدَ في هِبَتِهِ كالعَائِدِ في قَيْئِهِ».
6074,1,1,Sahih al-Bukhari,Revelation,6074,,"عن عبد الله بن عباس رضي الله عنهما مرفوعاً: ""العائد في هِبَتِهِ، كالعائد في قَيْئِهِ"". 
وفي لفظ: ""فإن الذى يعود في صدقته: كالكلب يَقِئ ُثم يعود في قيئه""."
6075,1,1,Sahih al-Bukhari,Revelation,6075,,عن عائشة رضي الله عنها قالت: صلى رسول الله صلى الله عليه وسلم في بيته وهو شَاكٍ، صلى جالسا، وصلى وراءه قوم قِيَامًا، فأشار إليهم: أنِ اجْلِسُوا، لما انْصَرَفَ قال: إنما جُعِلَ الإمامُ لِيُؤْتَمَّ به: فإذا ركع فاركعوا، وإذا رفع فارفعوا، وإذا قال: سمع الله لمن حمده فقولوا: ربنا لك الحمد، وإذا صلى جالسا فصلوا جلوسا أجمعون».
6077,1,1,Sahih al-Bukhari,Revelation,6077,,"عن أم حبيبة بنت أبي سفيان رضي الله عنهما قالت: قلت يا رسول الله، انكح أختي ابنة أبي سفيان. قال: أو تحبين ذلك؟ فقلت: نعم؛ لست لك بمُخْلِيَةٍ، وأحَبُّ من شاركني في خير أختي. فقال رسول الله صلى الله عليه وسلم : إن ذلك لا يحل لي. قالت: إنا نُحَدَّثُ أنك تريد أن تنكح بنت أبي سلمة. قال: بنت أم سلمة؟! قالت: قلت: نعم، قال: إنها لو لم تكن ربيبتي في حَجْرِي، ما حلت لي؛ إنها لابنة أخي من الرضاعة، أرضعتني وأبا سلمة ثويبةُ؛ فلا تعرضن علي بناتكن ولا أخواتكن. 
قال عروة: وثويبة مولاة لأبي لهب أعتقها، فأرضعت النبي صلى الله عليه وسلم ، فلما مات أبو لهب رآه بعض أهله بشرِّ حِيبة، فقال له: ماذا لقيت؟ قال أبو لهب: لم ألق بعدكم خيرًا، غير أني سقيت في هذه بعتاقتي ثويبة."
6079,1,1,Sahih al-Bukhari,Revelation,6079,,عن عبد الله بن عباس رضي الله عنهما قال: قدم رسول الله صلى الله عليه وسلم المدينة، وهم يُسلفون في الثمار: السنة والسنتين والثلاث، فقال: «من أسلَفَ في شيء فليُسلف في كيل معلوم، ووزن معلوم، إلى أجل معلوم».
6080,1,1,Sahih al-Bukhari,Revelation,6080,,"عن جابر بن عبد الله رضي الله عنهما قال: «قضى رسول الله صلى الله عليه وسلم بالعُمْرَى لمن وهبت له».
وفي لفظ: «من أُعمِر عمرى له ولعقبه؛ فإنها للذي أعطيها، لا ترجع إلى الذي أعطاها؛ لأنه أعطى عطاء وقعت فيه المواريث». 
وقال جابر: «إنما العمرى التي أجازها رسول الله صلى الله عليه وسلم ، أن يقول: ""هي لك ولعقبك""، فأما إذا قال: ""هي لك ما عشت""؛ فإنها ترجع إلى صاحبها».
وفي لفظ لمسلم: «أمسكوا عليكم أموالكم ولا تفسدوها، فإنه من أُعمِر عمرى فهي للذي أُعمِرها حيًّا وميتًا ولعقبه»."
6081,1,1,Sahih al-Bukhari,Revelation,6081,,عن جابر بن عبد الله رضي الله عنهما قال: (جعل وفي لفظ: قضى) النبي صلى الله عليه وسلم بالشُّفْعة في كل ما لم يقسم، فإذا وقعت الحدود، وصُرِّفَتِ الطرق؛ فلا شفعة).
6083,1,1,Sahih al-Bukhari,Revelation,6083,,عن رافع بن خديج رضي الله عنه قال: «كنا أكثر الأنصار حقلًا، وكنا نكري الأرض، على أن لنا هذه، ولهم هذه، فربما أخرجت هذه، ولم تخرج هذه فنهانا عن ذلك، فأما بالورق: فلم ينهنا».
6084,1,1,Sahih al-Bukhari,Revelation,6084,,"عن جابر بن عبد الله رضي الله عنهما قال: ""كنا نعزل والقرآن ينزل"".
قال سفيان: لو كان شيئا ينهى عنه؛ لنهانا عنه القرآن."
6087,1,1,Sahih al-Bukhari,Revelation,6087,,"عن أبي سعيد الخدري- رضي الله عنه- مرفوعاً: «لا تبيعوا الذهب بالذهب إلا مثِلْاً بمثل، ولا تُشِفُّوا بعضها على بعض، ولا تبيعوا الوَرِقَ بالوَرِقِ إلا مثلا بمثل، ولا تُشفوا بعضها على بعض، ولا تبيعوا منها غائبا بناجز». 
وفي لفظ «إلا يدا بيد». 
وفي لفظ «إلا وزنا بوزن، مثلا بمثل، سواء بسواء»."
6090,1,1,Sahih al-Bukhari,Revelation,6090,,عن أبي هريرة رضي الله عنه مرفوعاً: «لا يجُمَعُ بين المرأة وعمتها، ولا بين المرأة وخالتها».
6105,1,1,Sahih al-Bukhari,Revelation,6105,,عن عمرو بن العاص رضي الله عنه أن رسول الله صلى الله عليه وسلم قال: «فَصْلُ مَا بَيْنَ صِيَامِنَا وصِيَامِ أهْلِ الكِتَابِ، أكْلَةُ السَّحَرِ».
6108,1,1,Sahih al-Bukhari,Revelation,6108,,عن أنس رضي الله عنه قال: قال رجلٌ: يا رسول الله، الرجلُ مِنّا يَلقى أخاه، أو صديقَه، أَيَنْحَني له؟ قال: «لا»، قال: أَفَيَلْتَزِمُهُ ويُقبِّلُهُ؟ قال: «لا» قال: فيأخذ بيده ويصافحُهُ؟ قال: «نعم».
6141,1,1,Sahih al-Bukhari,Revelation,6141,,عن أبي هريرة رضي الله عنه أن رسول الله صلى الله عليه وسلم قال: «مَطْلُ الغني ظلم، وإذا أُتْبِعَ أحدكم على مَلِيءٍ فَلْيَتْبَعْ».
6144,1,1,Sahih al-Bukhari,Revelation,6144,,عن أبي ذر رضي الله عنه مرفوعًا: (ليس من رجل ادَّعَى لغير أبيه -وهو يعلمه- إلا كفر، ومن ادعى ما ليس له، فليس منا وَلَيَتَبَوَّأْ مَقْعَدَهُ من النار، ومن دعا رجلا بالكفر، أو قال: عدو الله، وليس كذلك، إلا حَارَ عليه).
6145,1,1,Sahih al-Bukhari,Revelation,6145,,"عن أنس بن مالك رضي الله عنه قال: «من السنة إذا تَزَوَّجَ البِكْرَ على الثَّيِّبِ: أقام عندها سبعا ثم قَسَمَ. وإذا تَزَوَّجَ الثَّيِّبَ: أقام عندها ثلاثا ثم قَسَمَ». 
قال أبو قلابة:"" ولو شِئْتُ لَقُلْتُ: إنَّ أَنَسًا رَفَعَهُ إلى النبي صلى الله عليه وسلم »."
6159,1,1,Sahih al-Bukhari,Revelation,6159,,"عن عائشة بنت أبي بكر رضي الله عنهما قالت: كانت في بريرة ثلاث سنن: 
خُيِّرَتْ على زوجها حين عتقت.
وأُهْدِيَ لها لحم، فدخل علي رسول الله صلى الله عليه وسلم والبُرْمَةُ على النار، فدعا بطعام، فَأُتِيَ بخبز وأُدْمٌ من أدم البيت، فقال: ألم أَرَ البرمة على النار فيها لحم؟ قالوا: بلى، يا رسول الله، ذلك لحم تُصدِّق به على بريرة، فكرهنا أن نطعمك منه، فقال: هو عليها صدقة، وهو منها لنا هدية.
وقال النبي صلى الله عليه وسلم فيها: إنما الوَلاء لمن أعتق»."
6160,1,1,Sahih al-Bukhari,Revelation,6160,,عن عائشة رضي الله عنها قالت: «اخْتَصَمَ سعد بن أبي وقاص، وعبد بن زَمْعَةَ في غلام: فقال سعد: يا رسول الله، هذا ابن أخي عتبة بن أبي وقاص، عهد إلي أنه ابنه، انظر إلى شبهه، وقال عبد بن زمعة: هذا أخي يا رسول الله، وُلِدَ على فِرَاشِ أبي من وَلِيدَتِهِ، فنظر رسول الله صلى الله عليه وسلم إلى شَبَهِهِ، فرأى شَبَهًا بَيِّنًا بعتبة، فقال: هو لك يا عبد بن زمعة، الولدُ لِلْفِرَاشِ ولِلْعَاهِرِ الحَجَرُ. واحْتَجِبِي منه يا سَوْدَةُ. فلم يَرَ سَوْدَةَ قَطُّ».
6162,1,1,Sahih al-Bukhari,Revelation,6162,,قال رسول الله صلى الله عليه وسلم في بنت حمزة: «لَا تَحِلُّ لِي يَحْرُمُ من الرَّضَاعِ مَا يَحْرُمُ من النَّسَبِ وهي ابنة أَخِي من الرَّضاعة».
6163,1,1,Sahih al-Bukhari,Revelation,6163,,عن شكل بن حميد رضي الله عنه قال: قلت: يا رسول الله، عَلِّمْنِي دعاء، قال: (قل: اللهم إني أعوذ بك من شر سمعي، ومن شر بصري، ومن شر لساني، ومن شر قلبي، ومن شر مَنِيِّي).
6177,1,1,Sahih al-Bukhari,Revelation,6177,,عن طلحة بن عبيد الله رضي الله عنه أن النبي صلى الله عليه وسلم كانَ إذا رأى الهلالَ، قال: «اللّهمَّ أهِلَّهُ عليْنا بالأمْن والإيمان، وَالسَّلامَةِ وَالإسلامِ، ربِّي وربُّكَ اللهُ، هِلالُ رُشْدٍ وخيرٍ».
6178,1,1,Sahih al-Bukhari,Revelation,6178,,عن البراء بن عازب –رضي الله عنهما- قال: كانَ رجلٌ يَقرَأُ سُورةَ الكهفِ، وعندَه فَرَسٌ مَربُوطٌ بِشَطَنَيْنِ، فَتَغَشَّتْهُ سَحَابَةٌ فَجَعَلَتْ تَدْنُو، وجَعلَ فَرَسُه يَنفِرُ منها، فلمّا أصبحَ أتَى النبيَّ صلى الله عليه وسلم فَذَكرَ ذلك له، فقالَ: «تِلكَ السَّكِينةُ تَنَزَّلَتْ للقُرآنِ».
6181,1,1,Sahih al-Bukhari,Revelation,6181,,"عن أبي بن كعب رضي الله عنه : كان رسولُ اللهِ صلى الله عليه وسلم إذا ذَهَبَ ثُلثُ الليلِ قامَ، فقال: ""يا أيها الناسُ، اذكروا اللهَ، جاءت الرَّاجِفَةُ، تَتْبَعُها الرَّادِفَةُ، جاءَ الموتُ بما فيه، جاءَ الموتُ بما فيه""، قلتُ: يا رسول الله، إني أُكْثِرُ الصلاةَ عليكَ، فكم أجعلُ لكَ من صلاتِي؟ فقالَ: ""ما شِئتَ""، قلتُ: الرُّبُعَ؟، قالَ: ""ما شئتَ، فإنْ زِدتَ فهو خيرٌ لكَ""، قلتُ: فالنّصفَ؟، قالَ: ""ما شئتَ، فإن زِدتَ فهو خيرٌ لكَ""، قلتُ: فالثلثين؟ قالَ: ""ما شئتَ، فإن زدتَ فهو خيرٌ لكَ""، قلتُ: أجعلُ لكَ صلاتِي كُلَّها؟ قالَ: ""إذاً تُكْفى هَمَّكَ، ويُغْفَرَ لكَ ذَنبُكَ""."
6183,1,1,Sahih al-Bukhari,Revelation,6183,,عن عائشة رضي الله عنها قالت: كانَ رسولُ اللهِ صلى الله عليه وسلم يَتَحرّى صومَ الإثنينِ والخميسِ.
6184,1,1,Sahih al-Bukhari,Revelation,6184,,عن أبي سعيد الخدري رضي الله عنه قال: كان رسول الله صلى الله عليه وسلم يَتَعَوَّذُ مِنَ الجَانِّ، وعَيْنِ الإنسان، حتى نَزَلَتْ المُعَوِّذتان، فلمَّا نَزَلَتا، أخذ بهما وتركَ ما سواهما.
6185,1,1,Sahih al-Bukhari,Revelation,6185,,عن أنس بن مالك رضي الله عنه قال: كان رسولُ اللهِ صلى الله عليه وسلم يُفطِر قبْل أن يصلي على رُطَبات، فإن لم تكنْ رُطَباتٌ فَتُمَيْراتٌ، فإن لم تكنْ تُمَيْراتٌ، حَسَا حَسَواتٍ مِن ماء.
6186,1,1,Sahih al-Bukhari,Revelation,6186,,عن أنس رضي الله عنه قال: كَانَ غُلاَمٌ يَهُودِيٌّ يَخْدُمُ النَّبيَّ صلى الله عليه وسلم فَمَرِضَ، فَأتَاهُ النَّبيُّ صلى الله عليه وسلم يَعُودُهُ، فَقَعَدَ عِنْدَ رَأسِهِ، فَقَالَ لَه: «أسْلِمْ» فَنَظَرَ إِلَى أبِيهِ وَهُوَ عِنْدَهُ؟، فَقَالَ: أَطِعْ أَبَا القَاسِمِ، فَأسْلَمَ، فَخَرَجَ النَّبيُّ صلى الله عليه وسلم وَهُوَ يَقُول: «الحَمْدُ للهِ الَّذِي أنْقَذَهُ منَ النَّارِ».
6187,1,1,Sahih al-Bukhari,Revelation,6187,,عن عائشةَ رضي الله عنها ، قالت: كانَ لأبي بكرٍ الصديق رضي الله عنه غُلامٌ يُخرِجُ له الخَرَاجَ، وكانَ أبو بكرٍ يأكلُ من خراجِهِ، فجاءَ يوماً بشيءٍ، فأكلَ منه أبو بكرٍ، فقالَ له الغلامُ: تَدرِي ما هذا؟ فقالَ أبو بكرٍ: وما هُو؟ قالَ: كُنتُ تَكَهَّنْتُ لإنسانٍ في الجاهليةِ وما أحسِنُ الكهانَةَ، إلا أني خدعتُهُ، فلَقِيَني، فأعطَانِي لِذلك، هذا الذي أَكَلْتَ منه، فأدخلَ أبو بكرٍ يدَهُ فقاءَ كلَّ شيءٍ في بطنِهِ.
6204,1,1,Sahih al-Bukhari,Revelation,6204,,"عن أنس رضي الله عنه قَالَ: كَانَتْ ناقةُ رسولِ اللهِ صلى الله عليه وسلم العضْبَاءُ لاَ تُسْبَقُ، أَوْ لاَ تَكَادُ تُسْبَقُ، فَجَاءَ أعْرَابيٌّ عَلَى قَعودٍ لَهُ، فَسَبَقَهَا، فَشَقَّ ذَلِكَ عَلَى الْمُسْلِمِينَ حَتَّى عَرَفَهُ، فَقَالَ: ""حَقٌّ عَلَى اللهِ أنْ لاَ يَرْتَفِعَ شَيْءٌ مِنَ الدُّنْيَا إِلاَّ وَضَعَهُ""."
6206,1,1,Sahih al-Bukhari,Revelation,6206,,"عن جابر رضي الله عنه قَالَ: كُنَّا إِذَا صَعِدْنَا كَبَّرْنَا، وَإِذَا نَزَلْنَا سَبَّحْنَا. 
عن ابن عمر رضي الله عنهما قالَ: كانَ النبيُّ صلى الله عليه وسلم وجيُوشُهُ إِذَا عَلَوا الثَّنَايَا كَبَّرُوا، وَإِذَا هَبَطُوا سَبَّحُوا."
6212,1,1,Sahih al-Bukhari,Revelation,6212,,"عن أبي موسى الأشعري رضي الله عنه : أن رسول الله صلى الله عليه وسلم قال له: «لقد أُوتيتَ مِزْمَاراً من مزامير آل داود».
وفي رواية لمسلم: أنّ رسول الله صلى الله عليه وسلم قال له: «لو رَأيتَنِي وأنا أستمع لقراءتك البارحة»."
6213,1,1,Sahih al-Bukhari,Revelation,6213,,"عن عائشة رضي الله عنها قالت: لم يكن النبي صلى الله عليه وسلم يصوم مِنْ شهر أكثر من شعبان، فإنّه كان يصوم شعبان كله. 
وفي رواية: كان يصوم شعبان إلا قليلا."
6214,1,1,Sahih al-Bukhari,Revelation,6214,,"عن أنس رضي الله عنه قَالَ: لَمَّا جَاءَ أهْلُ اليَمَنِ، قَالَ رسولُ الله صلى الله عليه وسلم : ""قَدْ جَاءكُمْ أهْلُ اليَمَنِ"" وَهُمْ أوَّلُ مَنْ جَاءَ بِالمُصَافَحَة."
6216,1,1,Sahih al-Bukhari,Revelation,6216,,عن أبي هريرة رضي الله عنه مرفوعاً: «لو دُعِيتُ إلى كُرَاعٍ أو ذِرَاعٍ لأَجَبتُ، ولو أُهدِيَ إليّ ذِرَاعٌ أو كُرَاعٌ لقَبِلتُ».
6217,1,1,Sahih al-Bukhari,Revelation,6217,,عن عبدالله بن عباس رضي الله عنهما عن النبي صلى الله عليه وسلم قال: «لَئِن بَقِيتُ إلى قابلٍ لأصومنّ التاسِع».
6218,1,1,Sahih al-Bukhari,Revelation,6218,,عن أبي هريرة رضي الله عنه عن النبي صلى الله عليه وسلم قال: «ما أذنَ الله لشيء ما أَذِنَ لنبي حسن الصوت يَتَغَنَّى بالقرآن يجهر به».
6219,1,1,Sahih al-Bukhari,Revelation,6219,,"عن أبي هريرة رضي الله عنه عن النبيِّ صلى الله عليه وسلم قال: ""ما بَعَثَ اللهُ نبياً إلا رَعَى الغَنَمَ""، فقالَ أصحابُهُ: وأنتَ؟، قال: ""نعم، كُنتُ أرعَاها على قَرَارِيطَ لأهلِ مكةَ""."
6221,1,1,Sahih al-Bukhari,Revelation,6221,,عن أنس رضي الله عنه ، قَالَ: مَا مَسِسْتُ دِيبَاجاً وَلاَ حَرِيراً ألْيَنَ مِنْ كَفِّ رسولِ اللهِ صلى الله عليه وسلم ، وَلاَ شَمَمْتُ رَائِحَةً قَطُّ أطْيَبَ مِنْ رَائِحَةِ رسولِ اللهِ صلى الله عليه وسلم ، وَلَقَدْ خدمتُ رسول اللهِ صلى الله عليه وسلم عَشْرَ سنين، فما قَالَ لي قَطُّ: أُفٍّ، وَلاَ قَالَ لِشَيءٍ فَعَلْتُهُ: لِمَ فَعَلْتَه؟، وَلاَ لشَيءٍ لَمْ أفعله: ألاَ فَعَلْتَ كَذا؟.
6256,1,1,Sahih al-Bukhari,Revelation,6256,,عن علي رضي الله عنه قال: سمعتُ رسولَ اللهِ صلى الله عليه وسلم يقول: « مَا مِنْ مُسْلِم يَعُودُ مُسْلِماً غُدْوة إِلاَّ صَلَّى عَلَيْهِ سَبْعُونَ ألْفَ مَلَكٍ حَتَّى يُمْسِي، وَإنْ عَادَهُ عَشِيَّةً إِلاَّ صَلَّى عَلَيْهِ سَبْعُونَ ألْفَ مَلَكٍ حَتَّى يُصْبحَ، وَكَانَ لَهُ خَرِيفٌ في الْجَنَّةِ».
6260,1,1,Sahih al-Bukhari,Revelation,6260,,عن أبي هريرة رضي الله عنه عن النبي صلى الله عليه وسلم قال: «مِنَ القُرْآنِ سُورَةٌ ثَلاثُونَ آيَةً شَفَعَتْ لِرَجُلٍ حَتَّى غُفِرَ لَهُ، وَهِي: تبارك الذي بيده الملك». وفي رواية أبي داود: «تشفع».
6264,1,1,Sahih al-Bukhari,Revelation,6264,,عن عثمان بن عفان رضي الله عنه قال: رأيت رسول الله صلى الله عليه وسلم توضأ مِثل وُضوئي هذا، ثم قال: «مَنْ تَوَضَّأ هكَذَا، غُفِرَ لَهُ مَا تَقَدَّمَ مِنْ ذَنْبِهِ، وَكَانَتْ صَلاَتُهُ وَمَشْيُهُ إِلَى المَسْجدِ نَافِلَةً».
6266,1,1,Sahih al-Bukhari,Revelation,6266,,"عن أبي هريرة رضي الله عنه عن رسولِ اللهِ صلى الله عليه وسلم أنه قالَ: ""مِن خَيرِ مَعَاشِ النّاسِ لهم رَجُلٌ مُمْسِكٌ عِنَانَ فَرسِهِ في سبيلِ اللهِ، يَطيرُ على مَتنِهِ كُلَّما سَمِعَ هَيْعَةً أو فَزعَةً، طَارَ عَليه يَبْتَغِي القَتْلَ، أو المَوتَ مَظانَّه، أو رَجلٌ في غُنَيمَةٍ في رأسِ شَعفَةٍ من هذه الشَّعَفِ، أو بطنِ وادٍ من هذه الأوديةِ، يُقيمُ الصلاةَ، ويُؤتِي الزكاةَ، ويَعبدُ ربَّهُ حتى يَأتِيَه اليقينُ، ليسَ من النَّاسِ إلا في خيرٍ""."
6267,1,1,Sahih al-Bukhari,Revelation,6267,,عن أبي الدرداء رضي الله عنه عن النبي صلى الله عليه وسلم قال: «مَنْ سَلَكَ طَريقا يَبْتَغي فيه عِلْما سَهَّل الله له طريقا إلى الجنة، وإنَّ الملائكةَ لَتَضَعُ أجْنِحَتها لطالب العلم رضًا بما يَصنَع، وإنَ العالم لَيَسْتَغْفِرُ له مَنْ في السماوات ومَنْ في الأرض حتى الحيتَانُ في الماء، وفضْلُ العالم على العَابِدِ كَفَضْلِ القمر على سائِرِ الكواكب، وإنَّ العلماء وَرَثَة الأنبياء، وإنَّ الأنبياء لم يَوَرِّثُوا دينارا ولا دِرْهَماً وإنما وَرَّثُوا العلم، فَمَنْ أَخَذَهُ أَخَذَ بحَظٍّ وَافِرٍ».
6268,1,1,Sahih al-Bukhari,Revelation,6268,,عن أبي هريرة رضي الله عنه أن النبي صلى الله عليه وسلم قال: «مَنْ سُئِلَ عن عِلْمٍ فَكَتَمَهُ، أُلْجِمَ يوم القيامةِ بِلِجَامٍ مِنْ نارٍ».
6269,1,1,Sahih al-Bukhari,Revelation,6269,,عن جندب بن سفيان البجلي رضي الله عنه عن النبي صلى الله عليه وسلم أنه قال: «مَنْ صلَّى الصبحَ فهو في ذِمَّةِ اللهِ، فانظُرْ يا ابنَ آدمَ، لا يَطْلُبَنَّكَ اللهُ مِنْ ذِمَّتِهِ بِشَيء».
6271,1,1,Sahih al-Bukhari,Revelation,6271,,عن زيد بن خالد الجهني رضي الله عنه عن النبي صلى الله عليه وسلم أنه قال: «مَنْ فَطَّرَ صائمًا، كان له مِثْلُ أجْرِهِ، غَيْرَ أنَّهُ لاَ يُنْقَصُ مِنْ أجْرِ الصَّائِمِ شَيْءٌ».
6273,1,1,Sahih al-Bukhari,Revelation,6273,,عن أبي سعيد الخدري وأبي هريرة رضي الله عنهما أَنهُما شَهِدَا عَلَى رسول اللَّه -صَلّى اللهُ عَلَيْهِ وسَلَّم- أَنه قالَ: «من قال: لا إله إلا الله والله أكبر، صَدَّقه ربه، فقال: لا إله إلا أنا وأنا أكبر. وإذا قال: لا إله إلا الله وحده لا شريك له، قال: يقول: لا إله إلا أنا وَحدِي لا شريك لي. وإذا قال: لا إله إلا الله له الملك وله الحمد، قال: لا إله إلا أنا لي الملك ولي الحمد. وإذا قال: لا إله إلا الله ولا حول ولا قوة إلا بالله، قال: لا إله إلا أنا ولا حول ولا قوة إلا بي» وكان يقول: «من قالها في مرضه ثم مات لم تَطْعَمْهُ النار».
6326,1,1,Sahih al-Bukhari,Revelation,6326,,عن شداد بن أوس رضي الله عنه قال: حفِظتُ من رسول الله صلى الله عليه وسلم اثنتين قال: «إن الله مُحسنٌ يحبُّ الإحسانَ إلى كلِّ شيء، فإذا قتلتم فأحسِنوا القِتْلة، وإذا ذبحتم فأحسنوا الذَّبحَ، وليُحِدَّ أحدُكم شَفْرَتَه، وليُرِح ذبيحتَه».
6328,1,1,Sahih al-Bukhari,Revelation,6328,,عن أنس بن مالك رضي الله عنه مرفوعاً: «وكَّلَ اللهُ بالرَّحِم مَلَكًا، فيقول: أيْ ربِّ نُطْفة، أيْ ربِّ عَلَقة، أيْ ربِّ مُضْغة، فإذا أراد اللهُ أن يقضيَ خَلْقَها، قال: أيْ ربِّ، أذكرٌ أم أنثى، أشقيٌّ أم سعيدٌ، فما الرزق؟ فما الأَجَل؟ فيكتب كذلك في بطن أُمِّه».
6329,1,1,Sahih al-Bukhari,Revelation,6329,,عن عبد الله بن عمر رضي الله عنهما قال: سمعت رسول الله صلى الله عليه وسلم يقول: «إذا أراد اللهُ بقومٍ عذابًا، أصابَ العذابُ من كان فيهم، ثم بُعِثوا على أعمالهم».
6330,1,1,Sahih al-Bukhari,Revelation,6330,,عن ابن عباس رضي الله عنهما موقوفًا عليه: «الكُرسِيُّ مَوْضِع القَدَمَين، والعَرْش لا يَقْدِرُ أحدٌ قَدْرَه».
6335,1,1,Sahih al-Bukhari,Revelation,6335,,عن سهيل، قال: كان أبو صالح يأمرنا، إذا أراد أحدُنا أن ينامَ، أن يضطجعَ على شِقِّه الأيمن، ثم يقول: «اللهم ربَّ السماواتِ وربَّ الأرض وربَّ العرش العظيم، ربَّنا وربِّ كلِّ شيء، فالقَ الحَبِّ والنَّوى، ومُنْزِلَ التوراة والإنجيل والفُرقان، أعوذ بك من شرِّ كل شيء أنت آخذٌ بناصيتِه، اللهم أنت الأولُ فليس قبلك شيء، وأنت الآخرُ فليس بعدك شيء، وأنت الظاهرُ فليس فوقك شيء، وأنت الباطن فليس دونك شيء، اقضِ عنَّا الدِّينَ، وأغنِنا من الفقر» وكان يروي ذلك عن أبي هريرة، عن النبي صلى الله عليه وسلم .
6336,1,1,Sahih al-Bukhari,Revelation,6336,,عن أبي هريرة رضي الله عنه عن النبي صلى الله عليه وسلم قال: «ما توطَّنَ رجلٌ مسلمٌ المساجدَ للصلاة والذِّكر، إلا تَبَشْبَشَ اللهُ له، كما يَتَبَشْبَشُ أهلُ الغائب بغائبهم إذا قَدِمَ عليهم».
6338,1,1,Sahih al-Bukhari,Revelation,6338,,عن أنس بن مالك رضي الله عنه أن رسول الله صلى الله عليه وسلم قال: «لما صوَّرَ اللهُ آدمَ في الجنة تركه ما شاء الله أن يتركه، فجعل إبليسُ يُطيفُ به، ينظر ما هو، فلما رآه أجوفَ عَرف أنه خُلِقَ خَلْقًا لا يَتَمالَك».
6365,1,1,Sahih al-Bukhari,Revelation,6365,,عن أبي المنهال سيار بن سلامة قال: (دَخَلتُ أنا وأبي علَى أبي بَرزَة الأسلمي، فقال له أبي: كيف كان النبي صلى الله عليه وسلم يصلي المَكْتُوبَة؟ فقال: كان يُصَلِّي الهَجِير -التي تدعونها الأولى- حِينَ تَدحَضُ الشَّمسُ. ويُصَلِّي العَصرَ ثم يَرجِعُ أَحَدُنَا إلى رَحلِه في أَقصَى المدينة والشَّمسُ حَيَّة، ونَسِيتُ ما قال في المَغرب. وكان يَسْتَحِبُّ أن يُؤَخِّر من العِشَاء التي تَدعُونَها العَتَمَة، وكان يَكرَه النَّوم قَبلَهَا، والحديث بَعدَها. وكان يَنْفَتِلُ من صَلَاة الغَدَاة حِين يَعرِفُ الرَّجُل جَلِيسَه، وكان يَقرَأ بِالسِتِّين إلى المائة).
6366,1,1,Sahih al-Bukhari,Revelation,6366,,"عن أبي سعيد الخدري رضي الله عنه أن رسول الله صلى الله عليه وسلم بَعَث إلى بني لَحْيَان، فقال: «لَيَنْبَعِث مِن كُلِّ رَجُلَين أَحَدُهُما، والأجرُ بَينَهُمَا». 
وفي رواية: «لَيَخْرُجَ مِنْ كُلِّ رَجُلَين رَجُل» ثم قال للقاعد: «أَيُّكُم خَلَفَ الخَارِجَ في أهْلِه وماله بخَير كان له مِثل نِصَفِ أَجْر الخَارجِ»."
6367,1,1,Sahih al-Bukhari,Revelation,6367,,"عن أبي هريرة رضي الله عنه عن رسول الله صلى الله عليه وسلم قال: «النَّاسُ مَعَادِن كَمَعَادِن الذَّهَب وَالفِضَّة، خِيَارُهُم فِي الجَاهِلِيَّة خِيَارُهُم فِي الإِسْلاَم إِذَا فَقُهُوا، والأَرْوَاحُ جُنُودٌ مُجَنَّدَة، فَمَا تَعَارَفَ مِنْهَا ائتَلَفَ، وَمَا تَنَاكَرَ مِنْهَا اخْتَلَفَ». 
وعن أبي هريرة رضي الله عنه قال: قال رسول الله -صلى الله عليه وسلم:
«تَجِدُون النَّاسَ مَعَادِن: خِيَارُهُم فِي الجَاهِليَّة خِيَارُهُم فِي الإِسْلاَم إِذَا فَقِهُوا، وَتَجِدُون خِيَار النَّاس فِي هَذَا الشَّأْن أَشَدُّهُم كَرَاهِيَة لَه، وَتَجِدُون شَرَّ النَّاس ذَا الوَجْهَين، الَّذِي يَأْتِي هَؤُلاَء بِوَجه، وَهَؤُلاَء بِوَجْه»."
6371,1,1,Sahih al-Bukhari,Revelation,6371,,عن أبي بكرة رضي الله عنه قال: سمعت رسول الله صلى الله عليه وسلم يقول: «من أهان السلطان أهانه الله».
6372,1,1,Sahih al-Bukhari,Revelation,6372,,عن أنس بن سيرين، قال: كنت مع أنس بن مالك رضي الله عنه عند نفر من المجوس؛ فجيء بفَالُوذَجٍ على إناء من فضة، فلم يأكله، فقيل له: حوله، فحوله على إناء من خَلَنْجٍ وجيء به فأكله.
6375,1,1,Sahih al-Bukhari,Revelation,6375,,عن قيس بن أبي حازم، قال: دخل أبو بكر الصديق رضي الله عنه على امرأة من أَحْمَسَ يقال لها: زينب، فرآها لا تتكلم. فقال: ما لها لا تتكلم؟ فقالوا: حَجَّتْ مصمِتةً ، فقال لها: تكلمي، فإن هذا لا يحل، هذا من عمل الجاهلية، فتكلمت.
6380,1,1,Sahih al-Bukhari,Revelation,6380,,عن النواس بن سمعان رضي الله عنه قال: ذكر رسول الله صلى الله عليه وسلم الدجال ذات غداة، فخفض فيه ورفع حتى ظنناه في طائفة النخل. فلما رحنا إليه، عرف ذلك فينا، فقال: «ما شأنكم؟» قلنا: يا رسول الله، ذكرت الدجال الغداة، فخفضت فيه ورفعت، حتى ظنناه في طائفة النخل. فقال «غيرُ الدجال أخوفُني عليكم، إن يخرج وأنا فيكم فأنا حَجِيجُهُ دونكم، وإن يخرج ولستُ فيكم فامرؤ حجيج نفسه، والله خليفتي على كل مسلم. إنه شاب قَطَطٌ عينه طافية، كأني أُشَبِّهُهُ بعبد العُزَّى بن قَطَن، فمن أدركه منكم، فليقرأ عليه فواتح سورة الكهف؛ إنه خارج خَلَّةً بين الشام والعراق، فَعَاثَ يمينا وعاث شمالا، يا عباد الله فاثبتوا» قلنا: يا رسول الله، وما لبثه في الأرض؟ قال: «أربعون يوما: يوم كسنة، ويوم كشهر، ويوم كجمعة، وسائر أيامه كأيامكم» قلنا: يا رسول الله، فذلك اليوم الذي كسنة أتكفينا فيه صلاة يوم؟ قال: «لا، اقدروا له قدره». قلنا: يا رسول الله، وما إسراعه في الأرض؟ قال: «كالغيث استدبرته الريح، فيأتي على القوم، فيدعوهم فيؤمنون به ويستجيبون له، فيأمر السماء فتمطر، والأرض فتنبت، فتروح عليهم سارحتهم أطول ما كانت ذرى. وأسبغه ضروعا، وأمده خواصر، ثم يأتي القوم فيدعوهم، فيردون عليه قوله، فينصرف عنهم، فيصبحون مُمْحِلِينَ ليس بأيديهم شيء من أموالهم، ويمر بالخربة، فيقول لها: أخرجي كنوزك، فتتبعه كنوزها كَيَعَاسِيبِ النحل، ثم يدعو رجلا ممتلئا شبابا فيضربه بالسيف، فيقطعه جزلتين رمية الغرض، ثم يدعوه، فيقبل، ويتهلل وجهه يضحك، فبينما هو كذلك إذ بعث الله تعالى المسيح ابن مريم صلى الله عليه وسلم فينزل عند المنارة البيضاء شرقي دمشق بين مَهْرُودَتَيْنِ ، واضعا كفيه على أجنحة ملكين، إذا طأطأ رأسه قطر، وإذا رفعه تحدر منه جمان كاللؤلؤ، فلا يحل لكافر يجد ريح نفسه إلا مات، ونفسه ينتهي إلى حيث ينتهي طرفه، فيطلبه حتى يدركه بباب لد فيقتله، ثم يأتي عيسى صلى الله عليه وسلم قوما قد عصمهم الله منه، فيمسح عن وجوههم ويحدثهم بدرجاتهم في الجنة، فبينما هو كذلك إذ أوحى الله تعالى إلى عيسى صلى الله عليه وسلم : أني قد أخرجت عبادا لي لا يَدَانِ لأحد بقتالهم، فحَرِّزْ عبادي إلى الطُّور. ويبعث الله يأجوج ومأجوج وهم من كل حَدَبٍ يَنْسِلُون، فيمر أوائلهم على بحيرة طَبَرِيَّةَ فيشربون ما فيها، ويمر آخرهم فيقولون: لقد كان بهذه مرة ماء، ويحصر نبي الله عيسى صلى الله عليه وسلم وأصحابه حتى يكون رأس الثور لأحدهم خيرا من مئة دينار لأحدكم اليوم، فيرغب نبي الله عيسى صلى الله عليه وسلم وأصحابه رضي الله عنهم إلى الله تعالى، فيرسل الله تعالى عليهم النَّغَفَ في رِقَابهم، فيُصبحون فَرْسَى كموت نفس واحدة، ثم يهبط نبي الله عيسى صلى الله عليه وسلم وأصحابه رضي الله عنهم إلى الأرض، فلا يجدون في الأرض موضع شِبْرٍ إلا ملأه زَهَمُهُمْ ونَتَنُهُم، فيرغب نبي الله عيسى صلى الله عليه وسلم وأصحابه رضي الله عنهم إلى الله تعالى، فيرسل الله تعالى طيرا كأعناق البُخْتِ ، فتحملهم، فتطرحهم حيث شاء الله، ثم يرسل الله عز وجل مطرا لا يكن منه بيت مَدَرٍ وَلا وَبَرٍ ، فيغسل الأرض حتى يتركها كَالزَّلَقَةِ ، ثم يقال للأرض: أنبتي ثمرتك، وردي بركتك، فيومئذ تأكل العِصَابَةُ من الرمانة، ويستظلون بِقَحْفِهَا ، ويبارك في الرسل حتى أن اللقحة من الإبل لتكفي الفئام من الناس؛ واللقحة من البقر لتكفي القبيلة من الناس، واللَّقْحَة من الغنم لتكفي الفَخِذَ من الناس؛ فبينما هم كذلك إذ بعث الله تعالى ريحا طيبة فتأخذهم تحت آباطهم. فتقبض روح كل مؤمن وكل مسلم؛ ويبقى شرار الناس يَتَهَارَجُونَ فيها تهارج الحمر، فعليهم تقوم الساعة».
6381,1,1,Sahih al-Bukhari,Revelation,6381,,"عن يزيد بن شريك بن طارق، قال: رأيت عليًّا رضي الله عنه على المنبر يخطب، فسمعته يقول: لا والله ما عندنا من كتاب نقرؤه: إلا كتاب الله، وما في هذه الصَّحِيفَةِ، فنشرها؛ فإذا فيها: 
أَسْنَانُ الإبل، وأشياء من الجِرَاحَاتِ.
وفيها: قال رسول الله صلى الله عليه وسلم : «المدينة حَرَمٌ ما بين عَيْرٍ إلى ثَوْرٍ، فمن أحدث فيها حَدَثًا، أو آوى مُحْدِثًا؛ فعليه لعنة الله والملائكة والناس أجمعين، لا يقبل الله منه يوم القيامة صَرْفًا ولا عَدْلًا. 
ذِمَّةُ المسلمين واحدة، يسعى بها أَدْنَاهُم، فمن أَخْفَرَ مسلما، فعليه لعنة الله والملائكة والناس أجمعين، لا يقبل الله منه يوم القيامة صَرْفًا ولا عَدْلًا. 
ومن ادعى إلى غير أبيه، أو انتمى إلى غير مواليه، فعليه لعنة الله والملائكة والناس أجمعين؛ لا يقبل الله منه يوم القيامة صَرْفًا ولا عَدْلًا»."
6382,1,1,Sahih al-Bukhari,Revelation,6382,,عن أنس بن مالك رضي الله عنه قال رسول الله صلى الله عليه وسلم : «اسمعوا وأطيعوا، وإن استعمل عليكم عبد حبشي، كأن رأسه زبيبة».
6391,1,1,Sahih al-Bukhari,Revelation,6391,,عن عائشة رضي الله عنها مرفوعاً: «ما ضرب رسول الله صلى الله عليه وسلم شيئا قَطُّ بيده، ولا امرأة ولا خادما، إلا أن يجاهد في سبيل الله، وما نيِل منه شيء قَطُّ فينتقم من صاحبه، إلا أن ينتهك شيء من محارم الله تعالى، فينتقم لله تعالى».
6392,1,1,Sahih al-Bukhari,Revelation,6392,,عن عبد الله بن عمرو بن العاص رضي الله عنهما مرفوعاً: «ما من غازيَةٍ أو سَرِيَّةٍ تغزو فَتَغْنَم وَتَسْلَمُ إلا كانوا قد تَعَجَّلُوا ثُلُثَي أُجُورِهِمْ، ومَا من غَازِيَةٍ أَوْ سَرِيَّةٍ تُخْفِقُ وَتُصَابُ إِلاَّ تم أُجُورُهُمْ».
6604,1,1,Sahih al-Bukhari,Revelation,6604,,"عن سَمُرة بن جندب رضي الله عنه قال: كان رسول الله صلى الله عليه وسلم مما يُكثر أن يقول لأصحابه: «هل رأى أحدٌ منكم من رؤيا؟» فَيَقُصُّ عليه من شاء الله أن يَقُص، وإنه قال. لنَّا ذات غَدَاة: «إنه أتَاني اللَّيلة آتِيَان، وإنَّهما قالا لي: انْطَلق، وإني انْطَلَقت معهما، وإنا أتَيْنا على رجُلٍ مُضْطَجِعٍ، وإذا آخر قائِمٌ عليه بِصَخْرة، وإذا هو يَهْوي بالصَّخْرَة لرَأْسِه، فَيَثْلَغُ رأسَه، فَيَتَدَهْدَهُ الحَجَر ها هنا، فَيَتْبَعُ الحجر فَيَأخُذُهُ فلا يرْجِع إليه حتى يَصِحَّ رأسه كما كان، ثم يَعُود عليه، فَيُفْعَل به مِثْل ما فعل المرَّة الأولى!» قال: «قلت لهما: سُبحان الله! ما هذان؟ قالا لي: انْطَلق انْطَلق، فانْطَلقنا، فأتَيْنا على رجُل مُسْتَلْقٍ لِقَفَاهُ، وإذا آخر قائم عليه بِكَلُّوبٍ من حديد، وإذا هو يَأتِي أحَدَ شِقَّيْ وجْهه فَيُشَرْشِرُ شِدْقَهُ إلى قَفَاهُ، ومِنْخَرَه إلى قَفَاه، وعَيْنَه إلى قَفَاه، ثم يَتَحَوَّلُ إلى الجانب الآخر، فيفعل به مِثْل ما فعل بالجَانِب الأول، فما يَفْرَغُ من ذلك الجانب حتى يَصِحَّ ذلك الجَانب كما كان، ثم يَعُود عليه فَيَفْعل مثل ما فعل في المرَّة الأولى» قال: «قلت: سُبْحان الله! ما هذان؟ قالا لي: انْطَلق انْطَلق، فانْطَلقْنا، فَأَتَيْنَا على مِثْلِ التَّنُّورِ» فأحْسِب أنه قال: «فإذا فيه لَغَطٌ، وأصوات، فَاطَّلَعْنَا فيه فإذا فيه رِجَال ونساء عُرَاةٌ، وإذا هُمْ يَأتِيِهمْ لَهَبٌ من أسْفَلَ منهم، فإذا أتاهُمْ ذلك اللَّهَبُ ضَوْضَوْا. قلت: ما هؤلاء؟ قالا لي: انْطَلق انْطَلق، فانْطَلقنا، فأتينا على نهر» حَسِبْت أنه كان يقول: «أحْمَر مِثْل الدَّم، وإذا في النهر رجُل سَابِحٌ يَسْبَح، وإذا على شط النَّهر رجُل قد جَمَعَ عنده حِجَارة كثيرة، وإذا ذلك السَّابحُ يَسْبَحُ، ما يَسْبَح، ثم يأتي ذلك الذي قد جَمَعَ عنده الحِجَارة، فَيَفْغَرُ له فَاهُ، فَيُلْقِمُهُ حَجَرًا، فَينْطَلِقُ فَيَسْبَحُ، ثم يَرْجِع إليه، كلَّما رَجَعَ إليه، فَغَرَ له فَاهُ، فَألْقَمَهُ حجرا، قلت لهما: ما هذان؟ قالا لي: انْطَلق انْطَلق، فَانْطَلَقْنَا، فَأَتَيْنَا على رَجُل كَريهِ المرْآةِ، أو كَأكْرَهِ ما أنت رَاءٍ جُلًا مَرْأىً، فإذا هو عنده نار يَحُشُّهَا ويَسْعَى حولها. قلت لهما: ما هذا؟ قالا لي: انْطَلِق انْطَلِق، فَانْطَلَقْنَا، فَأَتَيْنَا على رَوضَة مُعْتَمَّةٍ فيها من كلِّ نَوْر الرَّبيعِ، وإذا بين ظَهْرَي الرَّوْضَةِ رجُلٌ طَويل لا أكَادُ أرى رأسه طُولا في السماء، وإذا حَول الرجُل من أكثر ولدان رَأيْتُهُمْ قَطُّ، قلت: ما هذا؟ وما هؤلاء؟ قالا لي: انْطَلق انْطَلق، فَانْطَلَقْنَا، فَأَتَيْنَا إلى دَوْحَة عظيمة لم أرَ دَوْحَة قَطُّ أعظم منها، ولا أحْسَن! قالا لي: ارْقِ فيها، فارْتَقَيْنَا فيها إلى مدينة مَبْنِيَّةٍ بِلَبنٍ ذَهب ولَبَن فِضَّةٍ، فَأَتَيْنَا باب المدينة فَاسْتَفْتَحْنَا، فَفُتِحَ لنا فَدَخَلْنَاها ، فَتَلَقَّانَا رِجال شَطْرٌ من خَلْقِهِم كأحْسَن ما أنت راءٍ! وشطْر منهم كأقْبَح ما. أنت رَاء! قالا لهم: اذْهَبُوا فَقَعُوا في ذلك النَّهر، وإذا هو نهر مُعْتَرِضٌ يَجري كأن ماءه المَحْضُ في البَيَاضِ، فَذَهَبُوا فَوَقَعُوا فيه. ثم رجَعُوا إلينا قد ذهب ذلك السُّوءُ عنهم، فصاروا في أحسن صورة» قال: «قالا لي: هذه جَنَّةُ عَدْنٍ، وهَذَاكَ مَنْزِلُكَ، فسَمَا بصري صُعُدً، فإذا قصر مِثْل الرَّبَابَةِ البَيْضَاء، قالا لي: هذاك مَنْزِلُكَ؟ قلت لهما: بارك الله فيكما، فَذَراني فأدخُلَه. قالا لي: أما الآن فلا، وأنت داخله، قلت لهما: فإني رأيت منذ الليلة عَجَبَا؟ فما هذا الذي رأيت؟ قالا لي: أما إنَّا سَنُخْبِرُكَ: أما الرُّجُل الأول الذي أتيت عليه يُثْلَغُ رأسه بالحَجَر، فإنه الرجل يأخذ القرآن فَيَرفُضُهُ، وينام عن الصلاة المَكتُوبة. وأما الرجل الذي أتيت عليه يُشَرْشَرُ شِدْقُهُ إلى قَفَاهُ، ومِنْخَرُهُ إلى قَفَاهُ، وَعَيْنُه إلى قَفَاهُ، فإنه الرَّجُل يَغْدُو من بَيْتِهِ فَيَكْذِبُ الكِذْبَةَ تَبْلُغُ الآفَاقَ. وأما الرجال والنساء العُراةُ الذين هُمْ في مثل بناء التَّنُّورِ، فَإنَّهُمُ الزُّنَاةُ والزَّوَاني، وأما الرَّجل الذي أتيت عليه يَسْبَح في النَّهر، ويُلْقِم الحِجَارة، فإنه آكل الربا، وأما الرجل الكَريهُ المرآة الذي عند النار يَحُشُّهَا وَيَسْعَى حَوْلَها، فإنه مَالك خَازِن جَهَنَّمَ، وأما الرَّجُل الطَّويل الذي في الرَّوْضَةِ، فإنه إبراهيم صلى الله عليه وسلم وأما الوِلْدَان الَّذِينَ حَوْلَهُ، فَكُلُّ مَوْلُودٍ ماتَ على الفِطْرَةِ» وفي رواية البرقاني: «وُلِدَ على الفِطْرة» فقال بعض المسلمين: يا رسول الله، وأولاد المشركين فقال رسول الله صلى الله عليه وسلم : «وأولاد المشركين، وأما القوم الذين كانوا شَطْر منهم حَسَنٌ، وشَطْر منهم قَبِيِح، فإنهم قوم خَلَطُوا عملا صالحا وآخر سيئا، تجاوز الله عنهم». 
وفي رواية له: «رأيت اللَّيلة رجلين أتَيَانِي فأخْرَجَاني إلى أرض مُقَدَسة» ثم ذكره وقال: «فَانْطَلَقْنَا إِلَى نَقْبٍ مثل التَّنُّورِ، أعْلَاه ضَيِّقٌ وَأسْفَلُه واسِع؛ يَتَوَقَّدُ تَحْتَهُ نارًا، فإذا ارْتَفَعَتِ ارْتَفَعُوا حتى كَادُوا أن يَخْرُجُوا، وإذا خَمَدَتْ! رَجعُوا فيها، وفيها رجال ونساء عُرَاة». وفيها: «حتى أتَيْنَا على نَهْرٍ من دَمٍ» ولم يَشُكَّ «فيه رجل قائم على وَسَطِ النَّهر وعلى شَطِّ النَّهر رجُل، وبَيْنَ يَدَيه حِجَارة، فأقبل الرَّجُل الذي في النَّهر، فإذا أراد أن يَخرج رَمى الرَّجُل بِحَجر في فِيهِ، فَرَدَّه حيث كان، فَجَعل كلَّما جاء لِيَخْرُجَ جَعَل يَرْمِي. في فِيهِ بِحَجَر، فَيَرْجع كما كان». وفيها: « فَصَعِدَا بي الشَّجرة، فَأدْخَلاَنِي دَارًا لم أرَ قَطُّ أحْسَنَ منها، فيها رجال شُيُوخٌ وشباب». وفيها: «الذي رَأيْتَهُ يُشَقُّ شِدْقُهُ فَكَذَّابٌ، يُحَدِّثُ بِالكِذْبَةِ فتُحْمَلُ عنه حتى تَبْلُغَ الآفَاقَ، فَيُصْنَعُ به ما رأيت إلى يوم القيامة»، وفيها: «الَّذي رَأيْتَهُ يُشْدَخُ رأسه فرَجُل عَلَّمَه الله القرآن، فَنَام عنه بالليل، ولم يَعْمَل فيه بالنَّهار، فَيُفْعَلُ به إلى يوم القيامة، والدار الأولى التي دخلت دار عَامَّةِ المؤمنين، وأما هذه الدار فدار الشَّهداء، وأنا جِبْرِيلُ، وهذا مِيْكَائيل، فارفع رأسك، فرفعت رأسي، فإذا فَوْقِي مِثْلُ السَّحابِ، قالا: ذاك مَنْزِلُك، قلت: دَعَانِي أدخل منزلي، قالا: إنه بَقِي لك عُمُرٌّ لم تَسْتَكْمِلْهُ، فلو اسْتَكْمَلْتَهُ أتيت مَنْزِلك»."
6637,1,1,Sahih al-Bukhari,Revelation,6637,,عن أبي هُريرة رضي الله عنه قال: «لَمَّا فَتَحَ الله -تَعَالَى- عَلَى رَسُولِهِ مَكَّةَ قَتَلَتْ خزاعةُ رَجُلاً مِنْ بَنِي لَيْثٍ بِقَتِيلٍ كَانَ لَهُمْ فِي الْجَاهِلِيَّةِ، فَقَامَ النبي صلى الله عليه وسلم فَقَالَ: إنَّ الله عَزَّ وَجَلَّ قَدْ حَبَسَ عَنْ مَكَّةَ الْفِيلَ، وَسَلَّطَ عَلَيْهَا رَسُولَهُ وَالْمُؤْمِنِينَ، وَإِنَّهَا لَمْ تَحِلَّ لأَحَدٍ كَانَ قَبْلِي، وَلا تَحِلُّ لأَحَدٍ بَعْدِي، وَإِنَّمَا أُحِلَّتْ لِي سَاعَةً مِنْ نَهَارٍ، وَإِنَّهَا سَاعَتِي هَذِهِ: حَرَامٌ، لا يُعْضَدُ شَجَرُهَا، وَلا يُخْتَلَى خَلاهَا، وَلا يُعْضَدُ شَوْكُهَا، وَلا تُلْتَقَطُ سَاقِطَتُهَا إلاَّ لِمُنْشِدٍ، وَمَنْ قُتِلَ لَهُ قَتِيلٌ: فَهُوَ بِخَيْرِ النَّظَرَيْنِ: إمَّا أَنْ يَقْتُلَ، وَإِمَّا أَنْ يُودِيَ، فَقَامَ رَجُلٌ مِنْ أَهْلِ الْيَمَنِ- يُقَالُ لَهُ: أَبُو شَاهٍ فَقَالَ: يَا رَسُولَ الله، اُكْتُبُوا لِي فَقَالَ رَسُولُ الله: اُكْتُبُوا لأَبِي شَاهٍ، ثُمَّ قَامَ الْعَبَّاسُ فَقَالَ: يَا رَسُولَ الله، إلاَّ الإذْخِرَ، فَإِنَّا نَجْعَلُهُ فِي بُيُوتِنَا وَقُبُورِنَا، فَقَالَ رَسُولُ الله: إلاَّ الإِذْخِرَ».
6760,1,1,Sahih al-Bukhari,Revelation,6760,,عن أبي هريرة، وزيد بن خالد الجهني رضي الله عنهما ، أنهما قالا: «إن رجلا من الأعراب أتى رسول صلى الله عليه وسلم فقال: يا رسول الله، أَنْشُدُكَ اللهَ إلا قضيتَ بيننا بكتاب الله. فقال الخَصْمُ الآخر -وهو أفْقه منه-: نعم، فاقْضِ بيننا بكتاب الله، وأْذَنْ لي. فقال النبي صلى الله عليه وسلم : قل. فقال: إنَّ ابني كان عَسِيفًا على هذا فزنى بامرأته، وإني أُخبرتُ أن على ابني الرَّجْمَ، فافْتَدَيْتُ منه بمائة شاة ووَلِيدَةٍ، فسألتُ أهل العلم فأخبروني أنما على ابني جَلْدُ مائة وتَغْرِيبُ عام، وأنَّ على امرأة هذا الرَّجْمَ. فقال رسول الله صلى الله عليه وسلم : والذي نفسي بيده لأَقْضِيَنَّ بينكما بكتاب الله، الوَلِيدَةُ والغنم رَدٌّ عليك، وعلى ابنك جَلْدُ مائة وتَغْرِيبُ عام. واغْدُ يا أُنَيْسُ -لرجل مِن أَسْلَم- على امرأة هذا، فإن اعترفتْ فارْجُمْهَا، فَغَدَا عليها فاعترفتْ، فأَمَرَ بها رسول الله صلى الله عليه وسلم فرُجِمَتْ».
6764,1,1,Sahih al-Bukhari,Revelation,6764,,"عن رويفع قال: قال لي رسول الله صلى الله عليه وسلم : ""يا رُوَيْفِعُ، لعل الحياة ستطول بك فأخبر الناس أن من عَقَدَ لِحْيَتَهُ، أو تَقَلَّدَ وَتَرًا، أو اسْتَنْجَى برَجِيعِ دابة أو عَظْمٍ، فإن محمدًا بريءٌ منه""."
6821,1,1,Sahih al-Bukhari,Revelation,6821,,"عن أنس رضي الله عنه قال: خطَّ النبيُّ صلى الله عليه وسلم خُطُوطاً، فقال: ""هذا الإنسان، وهذا أجَلُهُ، فبينَما هو كذلكَ إذ جاءَ الخَطُّ الأقْرَبُ"". 
عن ابن مسعود رضي الله عنه قال: خطَّ النبيُّ صلى الله عليه وسلم خطاً مربعاً، وخطَّ خطاً في الوسطِ خارجاً منه، وخطَّ خططاً صغاراً إلى هذا الذي في الوسطِ من جانبِه الذي في الوسطِ، فقال: «هذا الإنسانُ، وهذا أجلُهُ محيطاً بِه -أو قد أحاطَ بِه- وهذا الذي هو خارجٌ أملُهُ، وهذه الخُطَطُ الصِّغَارُ الأعْرَاضُ، فإن أخطَأهُ هذا، نَهَشَهُ هذا، وإن أخطَأهُ هذا، نَهَشَهُ هذا»."
6828,1,1,Sahih al-Bukhari,Revelation,6828,,عن النواس بن سمعان رضي الله عنه قال: سمعتُ رسولَ اللهِ صلى الله عليه وسلم يقولُ: «يُؤتى يوم القيامة بالقرآن وأهلِه الذين كانوا يعملون به في الدنيا، تَقْدُمُه سورةُ البقرة وآلِ عمران، تُحاجَّانِ عن صاحِبِهِما».
6829,1,1,Sahih al-Bukhari,Revelation,6829,,"عن أبي سعيد الخدري رضي الله عنه قالَ: قالَ رسولُ اللهِ صلى الله عليه وسلم : ""يُوشَكُ أنْ يكونَ خيرَ مالِ المسلمِ غَنَمٌ يَتَّبعُ بها شَعَفَ الجبالِ، ومواقعَ القطرِ يَفِرُّ بدينِهِ من الفتنِ""."
6967,1,1,Sahih al-Bukhari,Revelation,6967,,"عن جابر رضي الله عنه : أنه غزا مع النبي صلى الله عليه وسلم قِبَل نَجْد، فلما قَفل رسول الله صلى الله عليه وسلم قفل معهم، فأدركتهم القَائِلَةُ في وَادٍ كثير العِضَاه، فنزل رسول الله صلى الله عليه وسلم وتفرق الناس يَسْتَظِلُّونَ بالشجر، ونَزل رسول الله صلى الله عليه وسلم تحت سَمُرَة فعلق بها سيفه وَنِمْنَا نومةً، فإذا رسول الله صلى الله عليه وسلم يدْعونا وإذا عنده أعرابي، فقال: «إن هذا اخْتَرَطَ عليَّ سَيفِي وأنا نائم فاستيقظت وهو في يده صَلتًا، قال: من يَمْنَعُكَ مِنِّي؟ قلت: الله -ثلاثا-» ولم يُعاقِبْهُ وجلس، متفق عليه. 
وفي رواية قال جابر: كنَّا مع رسول الله صلى الله عليه وسلم بذَاتِ الرِّقَاعِ، فإذا أَتَيْنَا على شجرة ظَلِيلَةٍ تَرَكْنَاهَا لرسول الله صلى الله عليه وسلم فجاء رجُل من المشركين وسيف رسول الله صلى الله عليه وسلم معَلَّقٌ بالشجرة فَاخْتَرطَهُ، فقال: تَخَافُنِي؟ قال: «لا»، فقال: فمن يَمْنَعُكَ مِنِّي ؟ قال: «الله». 
وفي رواية أبي بكر الإسماعيلي في «صحيحه»، قال: من يَمْنَعُكَ مِنِّي؟ قال: «الله»، قال: فسقط السيف مِن يَدهِ، فأخذ رسول الله - صلى الله عليه وسلم - السيف، فقال: « من يَمْنَعُكَ مِنِّي ؟»، فقال: كُنْ خَيرَ آخِذٍ، فقال: «تَشهد أن لا إله إلا الله وَأَنِّي رسول الله؟» قال: لا، ولكني أُعَاهِدُكَ أن لا أُقَاتِلَكَ، ولا أكُون مع قوم يُقَاتِلُونَكَ، فَخَلَّى سَبيلَهُ، فأتى أصحابه، فقال: جئتُكُمْ من عندِ خير الناسِ."
6973,1,1,Sahih al-Bukhari,Revelation,6973,,عن سهل بن سعد الساعدي رضي الله عنهما أن رسول الله صلى الله عليه وسلم بَلَغَهُ أن بني عمرو بن عوف كان بينهم شَرٌّ، فخرج رسول الله صلى الله عليه وسلم يصلح بينهم في أناس معه، فحُبِس رسول الله صلى الله عليه وسلم وحَانتِ الصلاة، فجاء بلال إلى أبي بكر رضي الله عنهما ، فقال: يا أبا بكر، إن رسول الله صلى الله عليه وسلم قد حُبِس وحَانت الصلاة فهل لك أن تَؤُمَّ الناس؟ قال: نعم، إن شِئت، فأقام بلال الصلاة، وتقدم أبو بكر فكبَّر وكبَّر الناس، وجاء رسول الله صلى الله عليه وسلم يمشي في الصفوف حتى قام في الصفِّ، فأخذ الناس في التَّصْفيقِ، وكان أبو بكر رضي الله عنه لا يَلْتَفِتُ في الصلاة، فلما أكثر الناس في التَّصْفيقِ الْتَفَتَ، فإذا رسول الله صلى الله عليه وسلم فأشار إليه رسول الله صلى الله عليه وسلم فرفع أبو بكر رضي الله عنه يَدَهُ فحمد الله، ورجع القَهْقَرَى وراءه حتى قام في الصف، فتقدم رسول الله صلى الله عليه وسلم فصلى للناس، فلما فرغ أقبل على الناس، فقال: «أيها الناس، ما لكم حين نَابكم شيء في الصلاة أخذتم في التصفيق؟! إنما التصفيق للنساء. من نَابه شيء في صلاته فليَقُل: سبحان الله، فإنه لا يسمعه أحد حين يقول: سبحان الله، إلا التَفَتَ، يا أبا بكر: ما مَنَعَك أن تصلي بالناس حين أشَرْتُ إليك؟»، فقال أبو بكر: ما كان ينبغي لابن أبي قُحافة أن يصلي بالناس بين يدي رسول الله صلى الله عليه وسلم .
6980,1,1,Sahih al-Bukhari,Revelation,6980,,عن محمد بن زيد: أن نَاسًا قالوا لجده عبد الله بن عمر رضي الله عنهما : إنا ندخل على سَلاطِينِنَا فنقول لهم بخلاف ما نتكلم إذا خرجنا من عندهم، قال: كنا نَعُدُّ هذا نفاقا على عهد رسول الله صلى الله عليه وسلم .
6983,1,1,Sahih al-Bukhari,Revelation,6983,,عن أسماء رضي الله عنها : أن امرأة قالت: يا رسول الله، إن لي ضَرَّةً فهل علي جُناح إن تشبَّعْتُ من زوجي غير الذي يعطيني؟ فقال النبي صلى الله عليه وسلم : «المُتَشَبِّعُ بما لم يُعطَ كلابس ثَوْبَي زُورٍ».
6985,1,1,Sahih al-Bukhari,Revelation,6985,,عن سمرة بن جندب رضي الله عنه مرفوعاً: «لا تَلاعَنُوا بلعنة الله، ولا بغضبه، ولا بالنار»
6986,1,1,Sahih al-Bukhari,Revelation,6986,,عن أبي الدرداء رضي الله عنه مرفوعاً: «إن العبد إذا لعن شيئًا، صَعَدَتِ اللعنةُ إلى السماء، فَتُغْلَقُ أبوابُ السماء دونها، ثم تَهْبِطُ إلى الأرض، فَتُغْلَقُ أبوابُها دونها، ثم تأخذ يمينًا وشمالاً، فإذا لم تجد مَسَاغًا رجعت إلى الذي لُعِنَ، فإن كان أهلا لذلك، وإلا رجعت إلى قائِلها»
6987,1,1,Sahih al-Bukhari,Revelation,6987,,"عن عمران بن الحصين رضي الله عنهما ، قال: بينما رسولُ الله صلى الله عليه وسلم في بعض أَسْفَارِه، وامرأة من الأنصار على ناقة، فضَجِرَتْ فلَعَنَتْهَا، فسمع ذلك رسول الله صلى الله عليه وسلم فقال: «خُذُوا ما عليها ودَعُوهَا؛ فإنها مَلْعُونَةٌ»، قال عمران: فكَأَنِّي أراها الآن تمشي في الناس ما يَعْرِضُ لها أحد""."
6988,1,1,Sahih al-Bukhari,Revelation,6988,,عن أبي بَرْزَةَ نَضْلَةَ بن عبيد الأَسلمي رضي الله عنه قال: بينما جاريةٌ على ناقة عليها بعض مَتَاعِ القوم، إذ بَصُرَتْ بالنبي صلى الله عليه وسلم وتَضَايَقَ بهم الجبل فقالت: حَلْ، اللهم الْعَنْهَا، فقال النبي صلى الله عليه وسلم : «لا تُصَاحِبْنَا ناقةٌ عليها لَعْنَةٌ».
7185,1,1,Sahih al-Bukhari,Revelation,7185,,عن عبد الله بن عُمر رضي الله عنهما عن رسول الله صلى الله عليه وسلم أنه قال: «اللَّهُمَّ ارحم الْمُحَلِّقِينَ. قالوا: والْمُقَصِّرِينَ يا رسول الله؟ قال: اللهم ارحم الْمُحَلِّقِينَ. قالوا: والْمُقَصِّرِينَ يا رسول الله؟ قال: اللهم ارحم الْمُحَلِّقِينَ. قالوا: والْمُقَصِّرِينَ يا رسول الله؟ قال: والْمُقَصِّرِينَ».
7187,1,1,Sahih al-Bukhari,Revelation,7187,,عن عبد الله بن عمر رضي الله عنهما قال: «جَمَع النبيُّ صلى الله عليه وسلم بين المغرب والعشاء بِـجَمْع، لِكُلِّ واحدة منهما إقامة، ولم يُسَبِّحْ بينهما، ولا على إثْرِ واحدةٍ مِنْهُمَا».
7188,1,1,Sahih al-Bukhari,Revelation,7188,,عن عبد الله بن عمر بن الخطاب رضي الله عنهما قال: « صَلَّى بنا رسولُ الله صلى الله عليه وسلم صلاة الخوف في بعض أيامه، فقامت طائفة معه، وطائفة بِإِزَاءِ العدو، فصلَّى بالذين معه ركعة، ثم ذهبوا، وجاء الآخرون، فصَلَّى بهم ركعة، وقَضَتِ الطائفتان ركعة ركعة».
7200,1,1,Sahih al-Bukhari,Revelation,7200,,"عن أم عَطيَّة نُسَيْبة الأنصارية رضي الله عنها قالت: «أَمَرَنا رسول الله صلى الله عليه وسلم أن نُخْرِج في العيدين الْعَوَاتِقَ وَذَوَاتِ الْخُدُورِ، وأَمَر الحُيَّض أن يَعْتَزِلْنَ مُصلّى المسلمين». 
وفي لفظ: «كنا نُؤمر أن نَخْرُجَ يوم العيد، حتى نُخْرِجَ الْبِكْرَ من خِدْرِهَا، حَتَّى تخرجَ الْحُيَّضُ، فَيُكَبِّرْنَ بتكبيرهم ويدعون بدعائهم، يرجون بَرَكَة ذلك اليوم وطُهْرَتَهُ»."
7201,1,1,Sahih al-Bukhari,Revelation,7201,,عن أبي هُرَيْرَةَ رضي الله عنه مرفوعًا: «لا يُصَلِّي أحدكم في الثَّوْبِ الواحد، ليس على عاتقيه منه شيء».
8262,1,1,Sahih al-Bukhari,Revelation,8262,,عن عاصم الأحول، عن عبد الله بن سَرْجِسَ رضي الله عنه قال: قلت لرسول الله صلى الله عليه وسلم : يا رسول الله، غفر الله لك، قال: «ولك». قال عاصم: فقلت له: أستغفر لك رسول الله صلى الله عليه وسلم ؟ قال: نعم ولك، ثم تلا هذه الآية: {واستغفر لذنبك وللمؤمنين والمؤمنات}.
8264,1,1,Sahih al-Bukhari,Revelation,8264,,عن عائشة رضي الله عنه قالت: قال رسول الله صلى الله عليه وسلم : «خُلقت الملائكة من نور، وخُلق الجَانُّ من مَارِجٍ من نار، وخُلق آدم مما وُصِفَ لكم».
8267,1,1,Sahih al-Bukhari,Revelation,8267,,عن أبي الفضل العباس بن عبد المطلب رضي الله عنه قال: شهدت مع رسول الله صلى الله عليه وسلم يوم حُنَيْنٍ، فلَزِمْتُ أنا وأبو سفيان بن الحارث بن عبد المطلب رسول الله صلى الله عليه وسلم فلم نفارقه، ورسول الله صلى الله عليه وسلم على بَغْلَةٍ له بيضاء، فلما التقى المسلمون والمشركون وَلَّى المسلمون مدبرين، فطَفِقَ رسول الله صلى الله عليه وسلم يَرْكُضُ بَغْلَتَهُ قِبَلَ الكفار، وأنا آخِذٌ بلِجامِ بَغْلَةِ رسول الله صلى الله عليه وسلم أَكُفُّها إِرَادَةَ أن لا تُسرع، وأبو سفيان آخِذٌ برِكاب رسول الله صلى الله عليه وسلم فقال رسول الله صلى الله عليه وسلم : «أي عباس، نادِ أصحاب السَّمُرَةِ». قال العباس - وكان رجلا صَيِّتًا - فقلت بأعلى صوتي: أين أصحاب السَّمُرَةِ، فوالله لكأن عَطْفَتَهُم حين سمعوا صوتي عَطْفَةَ البقر على أولادها، فقالوا: يا لبيك يا لبيك، فاقتتلوا هم والكفار، والدعوةُ في الأنصار يقولون: يا معشر الأنصار، يا معشر الأنصار، ثم قُصِرَتِ الدعوة على بني الحارث بن الخَزْرَجِ، فنظر رسول الله صلى الله عليه وسلم وهو على بغلته كالمتطاول عليها إلى قتالهم، فقال: «هذا حِينَ حَمِيَ الوَطِيسُ»، ثم أخذ رسول الله صلى الله عليه وسلم حَصَيَاتٍ فرمى بهن وجوه الكفار، ثم قال: «انْهَزَمُوا ورَبَّ مُحَمَّدٍ»، فذهبت أنظر فإذا القتال على هيئته فيما أرى، فوالله ما هو إلا أن رماهم بحَصياته، فما زِلْت أرى حَدَّهُم كَلِيلًا وأمرَهم مُدبرًا.
8272,1,1,Sahih al-Bukhari,Revelation,8272,,"عن أبي هريرة رضي الله عنه عن رسول الله صلى الله عليه وسلم قال: «إنَّ لِلَّه تعالى ملائكة يَطُوفُون في الطُّرُق يلْتَمِسُون أهل الذِّكْر، فإذا وَجَدُوا قوماً يذكرون الله عز وجل تَنَادَوا: هَلُمُّوا إلى حاجَتِكُم، فَيَحُفُّونَهُم بِأَجْنِحَتِهِم إلى السَّماء الدُّنيا، فيَسألُهُم رَبُّهُم -وهو أعلم-: ما يقول عِبَادي؟ قال: يقولون: يُسَبِّحُونَك، ويُكَبِّرُونك، وَيَحْمَدُونَك، ويُمَجِّدُونَكَ، فيقول: هل رَأَوني؟ فيقولون: لا والله ما رَأَوك. فيقول: كيف لو رَأَوني؟! قال: يقولون: لو رأَوك كَانُوا أشَدَّ لك عبادة، وأشَدَّ لك تمْجِيداً، وأكْثر لك تسبيحاً. فيقول: فماذا يسألون؟ قال: يقولون: يَسْألُونك الجنَّة. قال: يقول: وهل رَأَوهَا؟ قال: يقولون: لا والله يا رب ما رأَوْهَا. قال: يقول: فَكَيف لو رَأَوْهَا؟ قال: يقولون: لو أنَّهُم رَأَوهَا كَانُوا أَشَدَّ عَلَيها حِرصاً، وأشَدَّ لهَا طلباً، وأَعْظَم فِيهَا رغبةً. قال: فَمِمَّ يَتَعَوَذُون؟ قال: يقولون: يَتَعَوذُون من النَّار؛ قال: فيقول: وهل رأوها؟ قال: يقولون: لا والله ما رأوها. فيقول: كيف لو رأوها؟! قال: يقولون: لو رأوها كانوا أشدَّ مِنها فِراراً، وأشدَّ لها مَخَافَة. قال: فيقول: فَأُشْهِدُكُمْ أَنِّي قَدْ غَفَرْتُ لَهُمْ، قال: يقول ملَك مِن الملائكة: فيهم فلان ليس منهم، إنما جاء لحاجة، قال: هُمُ الجُلَسَاء لا يَشْقَى بهم جَلِيسُهُم». 
وفي رواية: عن أبي هريرة رضي الله عنه عن النبي صلى الله عليه وسلم قال: «إن لله ملائكة سَيَّارة فُضُلاً يَتَتَبَّعُون مجالِسَ الذكر، فإذا وجدوا مَجْلِساً فيه ذِكْرٌ، قَعَدُوا معهم، وحَفَّ بعضُهم بعضاً بأجنحتهم حتى يمْلَؤُوا ما بينهم وبين السماء الدنيا، فإذا تَفرقوا عرجوا وصعدوا إلى السماء، فيسألهم الله عز وجل وهو أعلم -: من أين جئتم؟ فيقولون: جئنا من عند عباد لك في الأرض: يسبحونك، ويكبرونك، ويهللونك، ويحمدونك، ويسألونك. قال: وماذا يسألوني؟ قالوا: يسألونك جنتك. قال: وهل رأوا جنتي؟ قالوا: لا، أي رب. قال: فكيف لو رأوا جنتي؟! قالوا: ويستجِيرُونَك. قال: ومم يَسْتجيروني؟ قالوا: من نارك يا ربّ. قال: وهل رأوا ناري؟ قالوا: لا، قال: فكيف لو رأوا ناري؟! قالوا: ويستغفرونك؟ فيقول: قد غفرت لهم، وأعطيتهم ما سألوا، وأجرتهم مما استجاروا. قال: فيقولون: رب فيهم فلان عبد خَطَّاء إنما مرَّ، فجلس معهم. فيقول: وله غفرت، هم القوم لا يشقى بهم جليسُهُم»."
8280,1,1,Sahih al-Bukhari,Revelation,8280,,عن علي بن أبي طالب رضي الله عنه أنَّ رسولَ الله صلى الله عليه وسلم كان إذا قامَ إلى الصلاة، قال: «وَجَّهتُ وجهي للذي فطر السماوات والأرض حنيفًا، وما أنا من المشركين، إنَّ صلاتي، ونُسُكي، ومَحياي، ومماتي لله رب العالمين، لا شريك له، وبذلك أُمِرتُ وأنا من المسلمين، اللهمَّ أنت المَلِك لا إله إلَّا أنت، أنت ربي، وأنا عبدك، ظلمتُ نفسي، واعترفتُ بذنبي، فاغفر لي ذنوبي جميعًا، إنه لا يغفر الذنوب إلا أنت، واهدني لأحسن الأخلاق لا يهدي لأحسنها إلا أنت، واصرف عني سيئَها لا يصرف عني سيئها إلا أنت، لبَّيْك وسَعْدَيْك، والخيرُ كله في يديك، والشر ليس إليك، أنا بك وإليك، تباركتَ وتعاليتَ، أستغفرك وأتوب إليك»، وإذا ركع، قال: «اللهمَّ لك ركعتُ، وبك آمنتُ، ولك أسلمتُ، خشع لك سمعي، وبصري، ومُخِّي، وعظمي، وعَصَبي»، وإذا رفع، قال: «اللهم ربنا لك الحمد مِلءَ السماوات، ومِلءَ الأرض، ومِلءَ ما بينهما، ومِلءَ ما شئتَ من شيء بعد»، وإذا سجد، قال: «اللهم لك سجدتُ، وبك آمنتُ، ولك أسلمتُ، سجد وجهي للذي خلقه، وصوَّره، وشقَّ سمعَه وبصرَه، تبارك الله أحسنُ الخالقين»، ثم يكون من آخر ما يقول بين التشهُّد والتسليم: «اللهم اغفر لي ما قدَّمتُ وما أخَّرتُ، وما أسررتُ وما أعلنتُ، وما أسرفتُ، وما أنت أعلم به مني، أنت المُقَدِّم وأنت المؤَخِّر، لا إله إلا أنت».
8281,1,1,Sahih al-Bukhari,Revelation,8281,,عن عوف بن مالك الأشجعي رضي الله عنه قال: قمتُ مع رسول الله صلى الله عليه وسلم ليلةً، فقام فقرأ سورةَ البقرة، لا يَمُرُّ بآية رحمةٍ إلا وقفَ فسأل، ولا يَمُرُّ بآية عذابٍ إلَّا وقف فتعوَّذ، قال: ثم ركع بقَدْر قيامِه، يقول في ركوعه: «سُبحانَ ذي الجَبَروتِ والملَكوتِ والكِبرياءِ والعَظَمةِ»، ثم سجد بقَدْر قيامه، ثم قال في سجوده مثلَ ذلك، ثم قام فقرأ بآل عمران، ثم قرأ سورةً سورةً.
8282,1,1,Sahih al-Bukhari,Revelation,8282,,عن أبي أمامة رضي الله عنه مرفوعاً: «وَعَدَني ربِّي أنْ يُدْخِلَ الجنةَ من أُمَّتي سبعين ألفًا بغير حسابٍ ولا عذابٍ، مع كلِّ ألفٍ سبعون ألفًا، وثلاثُ حَثَيَاتٍ مِن حَثَيَاتِ ربِّي».
8283,1,1,Sahih al-Bukhari,Revelation,8283,,عن ابن عباس رضي الله عنهما مرفوعاً: «إنَّ الرَّحِمَ شِجْنَةٌ آخذةٌ بحُجْزَةِ الرَّحمنِ، يَصِلُ مَن وَصَلَها، ويقطعُ مَن قَطَعَها».
8284,1,1,Sahih al-Bukhari,Revelation,8284,,عن أبي هريرة رضي الله عنه مرفوعاً: «خَلَقَ اللهُ الخلقَ، فلمَّا فرغَ منه، قامت الرَّحِمُ فأخذت بحَقْو الرَّحمن، فقال له: مَه، قالت: هذا مقامُ العائذِ بك من القَطِيعة، قال: ألَا تَرْضَيْنَ أنْ أصِلَ مَن وصلكِ، وأقطعُ مَن قطعكِ، قالت: بلى يا ربِّ، قال: فذاك». قال رسول الله صلى الله عليه وسلم : اقرءوا إن شئتم: {فهل عسيتُم إنْ تولَّيتُم أن تُفْسِدوا في الأرض وتُقَطِّعوا أرحامَكم}، وفي رواية للبخاري: فقال الله: (من وصلك وصلته ومن قطعك قطعته).
8285,1,1,Sahih al-Bukhari,Revelation,8285,,عن ابن عباس رضي الله عنهما كان النبيُّ صلى الله عليه وسلم إذا تَهَجَّد من الليل قال: «اللهم ربَّنا لك الحمدُ، أنت قَيِّمُ السموات والأرض، ولك الحمدُ أنت ربُّ السموات والأرض ومَن فيهنَّ، ولك الحمدُ أنت نورُ السموات والأرض ومن فيهنَّ، أنت الحقُّ، وقولُك الحقُّ، ووعدُك الحقُّ، ولقاؤك الحقُّ، والجنةُ حقٌّ، والنارُ حقٌّ، والساعةُ حقٌّ، اللهم لك أسلمتُ، وبك آمنتُ، وعليك توكَّلتُ، وإليك خاصمتُ، وبك حاكمتُ، فاغفر لي ما قدَّمتُ وما أخَّرتُ، وأسررتُ وأعلنتُ، وما أنت أعلم به مني، لا إلهَ إلا أنت».
8286,1,1,Sahih al-Bukhari,Revelation,8286,,عن الزُّبير بن العوام رضي الله عنه أنَّه كانت عنده أمُّ كُلثوم بنتُ عقبة، فقالت له وهي حاملٌ: طَيِّب نفسي بتطليقة، فطلَّقها تطليقةً، ثم خرجَ إلى الصلاة، فرجع وقد وضعت، فقال: ما لها؟ خَدَعتني، خَدَعها اللهُ، ثم أتى النبيَّ صلى الله عليه وسلم ، فقال: «سَبَقَ الكتابُ أَجَلَه، اخطِبها إلى نفسِها».
8287,1,1,Sahih al-Bukhari,Revelation,8287,,عن أبي سعيد الخدري رضي الله عنه مرفوعاً: «يُوضَعُ الصِّراط بين ظَهْرَي جهنم، عليه حَسَكٌ كحَسَك السَّعْدان، ثم يستجيز الناس، فناجٍ مُسَلَّم، ومَجْدوح به ثم ناجٍ، ومحتبَس به فمنكوسٌ فيها، فإذا فرغ اللهُ عز وجل من القضاءِ بين العباد، يفقد المؤمنون رجالًا كانوا معهم في الدنيا يُصلُّون بصلاتهم، ويُزَكُّون بزكاتهم، ويصومون صيامهم، ويحجُّون حجَّهم ويغزون غزوَهم فيقولون: أي ربنا عبادٌ من عبادك كانوا معنا في الدنيا يُصلُّون صلاتنا، ويُزَكُّون زكاتنا، ويصومون صيامنا، ويحجُّون حجَّنا، ويغزون غزوَنا لا نراهم، فيقول: اذهبوا إلى النار فمن وجدتم فيها منهم فأخرجوه، قال: فيجدونهم قد أخذتهم النارُ على قَدْر أعمالهم، فمنهم مَن أخذته إلى قدميه، ومنهم مَن أخذته إلى نصف ساقيه، ومنهم مَن أخذته إلى رُكبتيه، ومنهم من أخذته إلى ثَدْيَيْه، ومنهم من أزرته، ومنهم من أخذته إلى عنقه، ولم تَغْشَ الوجوهَ، فيستخرجونهم منها فيُطرحون في ماء الحياة»، قيل: يا رسول الله وما الحياة؟ قال: «غسل أهل الجنة فينبتون نباتَ الزرعة» وقال مرة: «فيه كما تنبت الزرعة في غُثاء السَّيل، ثم يشفع الأنبياء في كلِّ من كان يشهد أن لا إله إلا الله مخلِصًا فيخرجونهم منها» قال: «ثم يتحنَّنُ اللهُ برحمته على من فيها، فما يترك فيها عبدًا في قلبه مثقالُ حبَّة من إيمان إلا أخرجه منها».
8288,1,1,Sahih al-Bukhari,Revelation,8288,,عن عائشة رضي الله عنها مرفوعاً: «ما مِن يومٍ أكثر مِن أنْ يُعْتِقَ اللهُ فيه عبدًا مِن النارِ، مِن يومِ عرفة، وإنَّه ليدنو، ثم يُباهي بهم الملائكةَ، فيقول: ما أراد هؤلاء؟».
8290,1,1,Sahih al-Bukhari,Revelation,8290,,عن أنس بن مالك رضي الله عنه مرفوعاً: قال الناسُ: يا رسولَ الله، غَلَا السِّعْرُ فسَعِّرْ لنا، فقال رسول الله صلى الله عليه وسلم: «إنَّ اللهَ هو المُسَعِّر القابضُ الباسطُ الرازقُ، وإني لأرجو أن ألقى اللهَ وليس أحدٌ منكم يُطالِبُني بمظلمةٍ في دمٍ ولا مالٍ».
8291,1,1,Sahih al-Bukhari,Revelation,8291,,عن أبي سعيد الخدري رضي الله عنه مرفوعاً: «يكشِف ربُّنا عن ساقِه، فيسجدُ له كلُّ مؤمنٍ ومؤمنةٍ، فيبقى كلُّ مَن كان يسجدُ في الدنيا رياءً وسُمْعةً، فيذهبُ ليسجدَ، فيعودَ ظهرُه طبقًا واحدًا».
8292,1,1,Sahih al-Bukhari,Revelation,8292,,عن يعلى بن أمية رضي الله عنه أنَّ رسولَ الله صلى الله عليه وسلم رأى رجلًا يغتسل ُبالبَراز بلا إزار، فصعِد المِنْبر، فحَمِد اللهَ وأثنى عليه، ثم قال صلى الله عليه وسلم: «إنَّ اللهَ عزَّ وجلَّ حَيِيٌّ سَتِيرٌ، يحب الحياءَ والسَّتر؛ فإذا اغتسل أحدُكم فليستتر».
8293,1,1,Sahih al-Bukhari,Revelation,8293,,عن أبي هريرة رضي الله عنه مرفوعاً: «إنَّ اللهَ قال: إذا تَلَقَّاني عبدي بشِبر، تَلَقَّيْتُه بذِراع، وإذا تَلَقَّاني بذراع، تَلَقَّيْتُه ببَاع، وإذا تَلَقَّاني بباع أتيتُه بأسرع».
8295,1,1,Sahih al-Bukhari,Revelation,8295,,عن عائشة رضي الله عنها ، أنَّها قالت: «الحمد لله الذي وَسِعَ سمعه الأصوات، لقد جاءت خَوْلةُ إلى رسول الله صلى الله عليه وسلم تشكو زوجَها، فكان يخفى عليَّ كلامها، فأنزل الله عز وجلَّ: {قد سمع الله قول التي تجادلك في زوجها وتشتكي إلى الله والله يسمع تَحَاوُرَكُما} [المجادلة: 1]» الآية
8346,1,1,Sahih al-Bukhari,Revelation,8346,,"عن ابن عباس رضي الله عنهما قال: جاء إبراهيم صلى الله عليه وسلم بأم إسماعيل وبابنها إسماعيل وهي ترضعه، حتى وضعها عند البيت، عند دَوْحَة فوق زمزم في أعلى المسجد، وليس بمكة يومئذ أحد، وليس بها ماء، فوضعهما هناك، ووضع عندهما جِرَابًا فيه تمر، وسِقاء فيه ماء، ثم قَفَّى إبراهيم منطلقا، فتبعته أم إسماعيل فقالت: يا إبراهيم، أين تذهب وتتركنا بهذا الوادي الذي ليس فيه أنيس ولا شيء؟ فقالت له ذلك مِرارا، وجعل لا يلتفت إليها، قالت له: آلله أمرك بهذا؟ قال: نعم، قالت: إذا لا يُضَيِّعُنَا؛ ثم رجعت، فانطلق إبراهيم صلى الله عليه وسلم حتى إذا كان عند الثَّنِيَّة حيث لا يرونه، استقبل بوجهه البيت، ثم دعا بهؤلاء الدَّعَوَات، فرفع يديه فقال: {رب إني أسكنت من ذريتي بواد غير ذِي زَرْعٍ} حتى بلغ {يشكرون} [إبراهيم: 37]. وجعلت أم إسماعيل ترضع إسماعيل وتشرب من ذلك الماء، حتى إذا نفد ما في السِّقَاء عطشت، وعطش ابنها، وجعلت تنظر إليه يتلوى -أو قال يَتَلَبَّطُ- فانطلقت كراهية أن تنظر إليه، فوجدت الصفا أقرب جبل في الأرض يليها، فقامت عليه، ثم استقبلت الوادي تنظر هل ترى أحدا؟ فلم تر أحدا. فَهَبَطَتْ من الصفا حتى إذا بلغت الوادي، رفعت طَرَفَ دِرْعِهَا، ثم سعَت سعي الإنسان المجهود حتى جاوزت الوادي، ثم أتت المروة فقامت عليها، فنظرت هل ترى أحدا؟ فلم تر أحدا، ففعلت ذلك سبع مرات. قال ابن عباس رضي الله عنهما: قال النبي صلى الله عليه وسلم: «فلذلك سعى الناس بينهما»، فلما أشرفت على المروة سمعت صوتا، فقالت: صَهْ -تريد نفسها- ثم تَسَمَّعَتْ، فسمعت أيضا، فقالت: قد أسمعت إن كان عندك غَوَاث، فإذا هي بالملك عند موضع زمزم، فبحث بعقبه -أو قال بجناحه- حتى ظهر الماء، فجعلت تُحَوِّضُهُ وتقول بيدها هكذا، وجعلت تَغْرِفُ من الماء في سِقائها وهو يفور بعد ما تَغْرِفُ. وفي رواية: بقدر ما تَغْرِفُ. قال ابن عباس رضي الله عنهما : قال النبي صلى الله عليه وسلم : «رحم الله أم إسماعيل لو تركت زمزم - أو قال لو لم تَغْرِفُ من الماء - لكانت زمزم عَيْنًا مَعِينًا» قال: فشربت وأرضعت ولدها، فقال لها الملك: لا تخافوا الضَّيْعَةَ فإن هاهنا بيتا لله يبنيه هذا الغلام وأبوه، وإن الله لا يضيع أهله، وكان البيت مرتفعا من الأرض كَالرَّابِيَةِ، تأتيه السيول، فتأخذ عن يمينه وعن شماله، فكانت كذلك حتى مرت بهم رُفْقَةٌ مِنْ جُرْهُم، أو أهل بيت من جُرْهُم مقبلين من طريق كَدَاءَ، فنزلوا في أسفل مكة؛ فرأوا طائرا عائِفًا، فقالوا: إنّ هذا الطائر ليدور على ماء، لعهدنا بهذا الوادي وما فيه ماء. فأرسلوا جَرِيًّا أَوْ جَرِيَّيْن، فإذا هم بالماء. فرجعوا فأخبروهم؛ فأقبلوا وأم إسماعيل عند الماء، فقالوا: أتأذنين لنا أن ننزل عندك؟ قالت: نعم، ولكن لا حق لكم في الماء، قالوا: نعم. قال ابن عباس: قال النبي صلى الله عليه وسلم : «فَألْفَى ذلك أم إسماعيل، وهي تحب الأنس» فنزلوا، فأرسلوا إلى أهلهم فنزلوا معهم، حتى إذا كانوا بها أهل أبيات، وشَبَّ الغلام وتعلم العربية منهم، وأنفسهم وأعجبهم حين شَبَّ، فلما أدرك زوجوه امرأة منهم: وماتت أم إسماعيل، فجاء إبراهيم بعدما تزوج إسماعيل يطالع تركته، فلم يجد إسماعيل؛ فسأل امرأته عنه فقالت: خرج يبتغي لنا - وفي رواية: يصيد لنا - ثم سألها عن عيشهم وهيئتهم، فقالت: نحن بشر، نحن في ضيق وشدة؛ وشكت إليه، قال: فإذا جاء زوجك اقرئي عليه السلام، وقولي له يغير عَتَبَةَ بابه. فلما جاء إسماعيل كأنه آنس شيئا، فقال: هل جاءكم من أحد؟ قالت: نعم، جاءنا شيخ كذا وكذا، فسألنا عنك فأخبرته، فسألني: كيف عيشنا، فأخبرته أنا في جَهْد وشدة. قال: فهل أوصاك بشيء؟ قالت: نعم، أمرني أن أقرأ عليك السلام، ويقول: غير عَتَبَةَ بابك، قال: ذاك أبي وقد أمرني أن أفارقك! الْحَقِي بأهلك. فطلقها وتزوج منهم أخرى، فلبث عنهم إبراهيم ما شاء الله، ثم أتاهم بعد فلم يجده، فدخل على امرأته فسأل عنه. قالت: خرج يبتغي لنا قال: كيف أنتم؟ وسألها عن عيشهم وهيئتهم، فقالت: نحن بخير وسَعَة، وأثنت على الله. فقال: ما طعامكم؟ قالت: اللحم، قال: فما شرابكم؟ قالت: الماء، قال: اللهم بارك لهم في اللحم والماء. قال النبي - صلى الله عليه وسلم: ولم يكن لهم يومئذ حَبّ، ولو كان لهم دعا لهم فيه، قال: فهما لا يخلو عليهما أحد بغير مكة إلا لم يوافقاه.
وفي رواية: فجاء فقال: أين إسماعيل؟ فقالت امرأته: ذهب يصيد؛ فقالت امرأته: ألا تنزل، فتطعم وتشرب؟ قال: وما طعامكم وما شرابكم؟ قالت: طعامنا اللحم وشرابنا الماء، قال: اللهم بارك لهم في طعامهم وشرابهم. قال: فقال أبو القاسم - صلى الله عليه وسلم: بركة دعوة إبراهيم. قال: فإذا جاء زوجك فَاقْرَئِي عليه السلام مُرِيِهِ يُثَبِّتُ عَتَبَةَ بابه. فلما جاء إسماعيل قال: هل أتاكم من أحد؟ قالت: نعم، أتانا شيخ حسن الهيئة، وأثنت عليه، فسألني عنك فأخبرته، فسألني كيف عيشنا فأخبرته أنا بخير. قال: فأوصاك بشيء؟ قالت: نعم، يقرأ عليك السلام ويأمرك أن تُثَبِّتَ عَتَبَةَ بابك. قال: ذاك أبي، وأنت العَتَبة، أمرني أن أُمْسِكَك. ثم لبث عنهم ما شاء الله، ثم جاء بعد ذلك وإسماعيل يَبْرِي نَبْلًا له تحت دَوْحَةٍ قريبا من زمزم، فلما رآه قام إليه، فصنعا كما يصنع الوالد بالولد والولد بالوالد. قال: يا إسماعيل، إن الله أمرني بأمر، قال: فاصنع ما أمرك ربك؟ قال: وَتُعِينُنِي، قال: وأعينك، قال: فإن الله أمرني أن أبني بيتا هاهنا، وأشار إلى أكَمَة مرتفعة على ما حولها، فعند ذلك رفع القواعد من البيت، فجعل إسماعيل يأتي بالحجارة وإبراهيم يبني حتى إذا ارتفع البناء، جاء بهذا الحجر فوضعه له فقام عليه، وهو يبني وإسماعيل يناوله الحجارة وهما يقولان: {ربنا تَقَبَّلْ منا إنك أنت السميع العليم} [البقرة: 127].
وفي رواية: إن إبراهيم خرج بإسماعيل وأم إسماعيل، معهم شَنَّةٌ فيها ماء، فجعلت أم إسماعيل تشرب من الشَّنَّة فَيَدِرُّ لبنها على صبيها، حتى قدم مكة، فوضعها تحت دَوْحَة، ثم رجع إبراهيم إلى أهله، فاتبعته أم إسماعيل حتى لما بلغوا كَدَاءَ نادته من ورائه: يا إبراهيم إلى من تتركنا؟ قال: إلى الله، قالت: رضيتُ بالله، فرجعتْ وجعلتْ تشرب من الشَّنَّة ويدر لبنها على صبيها، حتى لما فني الماء قالت: لو ذهبت فنظرت لعلي أحس أحدا. قال: فذهبت فصعدت الصفا، فنظرت ونظرت هل تحس أحدا، فلم تحس أحدا، فلما بلغت الوادي سعت، وأتت المروة، وفعلت ذلك أشواطا، ثم قالت: لو ذهبت فنظرت ما فعل الصبي، فذهبت فنظرت فإذا هو على حاله، كأنه يَنْشَغُ للموت، فلم تُقِرَّهَا نفسها فقالت: لو ذهبت فنظرت لعلي أحس أحدا، فذهبت فصعدت الصفا، فنظرت ونظرت فلم تحس أحدا، حتى أتمت سبعا، ثم قالت: لو ذهبت فنظرت ما فعل، فإذا هي بصوت، فقالت: أَغِثْ إنْ كان عندك خير، فإذا جبريل فقال بِعقِبِهِ هكذا، وغمز بِعقِبِهِ على الأرض، فانبثق الماء فدهشت أم إسماعيل، فجعلت تَحْفِنُ ... وذكر الحديث بطوله""."
8410,1,1,Sahih al-Bukhari,Revelation,8410,,"عن عقبة بن عامر رضي الله عنه : أن رسول الله صلى الله عليه وسلم خرج إلى قتلى أحد، فصلى عليهم بعد ثمان سنين كالمُوَدِّعِ للأحياء والأموات، ثم طلع إلى المنبر، فقال: «إني بين أيديكم فَرَط ٌوأنا شهيد عليكم وإن مَوْعِدَكُمُ الحَوْضُ، وإني لأنظر إليه من مقامي هذا، ألَا وإني لست أخشى عليكم أن تُشركوا، ولكن أخشى عليكم الدنيا أن تَنَافَسُوهَا» قال: فكانت آخر نظرة نَظَرْتُها إلى رسول الله صلى الله عليه وسلم . 
وفي رواية: «ولكني أخشى عليكم الدنيا أن تنافسوا فيها، وتَقْتَتِلوا فتَهْلِكوا كما هلك من كان قبلكم». قال عقبة: فكان آخر ما رأيت رسول الله صلى الله عليه وسلم على المنبر. 
وفي رواية قال: «إني فَرَطٌ لكم وأنا شهيد عليكم وإني والله لأنظر إلى حوضي الآن، وإني أُعْطِيتُ مَفَاتِيحَ خَزَائِنِ الأرض، أو مَفَاتِيحَ الأرض، وإني والله ما أخاف عليكم أن تشركوا بعدي، ولكن أخاف عليكم أن تَنَافَسُوا فيها»."
8414,1,1,Sahih al-Bukhari,Revelation,8414,,عن أبي هريرة رضي الله عنه أن رسول الله صلى الله عليه وسلم قال: «قال رجل لأَتَصَدَّقَنَّ بصدقة، فخرج بصدقته فوضعها في يد سارق، فأصبحوا يتحدثون: تُصُدِّقَ على سارق! فقال: اللهم لك الحمد لأَتَصَدَّقَنَّ بصدقة، فخرج بصدقته فوضعها في يد زانية؛ فأصبحوا يتحدثون: تُصُدِّقَ الليلة على زانية! فقال: اللهم لك الحمد على زانية! لأَتَصَدَّقَنَّ بصدقة، فخرج بصدقته فوضعها في يد غني، فأصبحوا يتحدثون: تُصُدِّقَ على غني؟ فقال: اللهم لك الحمد على سارق وعلى زانية وعلى غني! فأتي فقيل له: أما صدقتك على سارق فلعله أن يَسْتَعِفَّ عن سرقته، وأما الزانية فلعلها تَسْتَعِفُّ عن زناها، وأما الغني فلعله أن يَعْتَبِرَ فيُنْفِقَ مما أعطاه الله».
8842,1,1,Sahih al-Bukhari,Revelation,8842,,"عن أبي جعفر عبد الله بن جعفر رضي الله عنهما ، قال: أرْدَفَنِي رسول الله صلى الله عليه وسلم ذات يوم خلفه، وأَسَرَّ إليَّ حديثا لا أُحَدِّث به أحدًا من الناس، وكان أَحَبَّ ما اسْتَتَرَ به رسول الله صلى الله عليه وسلم لحاجته هَدَفٌ أو حائشُ نَخْل. يعني: حائط نخل. 
فدخل حائطا لرجل من الأنصار، فإذا فيه جَمَل، فلما رأى رسول الله صلى الله عليه وسلم جَرْجَر وذَرَفَتْ عيناه، فأتاه النبي صلى الله عليه وسلم فمسَح سَرَاته -أي: سنامه- وذِفْرَاه فسَكَن، فقال: «مَن رَبُّ هذا الجمل؟ لمن هذا الجمل؟». فجاء فَتًى من الأنصار، فقال: هذا لي يا رسول الله. قال: «أفلا تتقي الله في هذه البهيمة التي مَلَّكَك الله إياها؟ فإنه يَشْكُو إلي أنك تُجِيعه وتُدْئِبه»."
8844,1,1,Sahih al-Bukhari,Revelation,8844,,عن أنس بن مالك رضي الله عنه قال: كنا إذا نَزَلْنا مَنْزِلًا، لا نُسَبِّحَ حتى نَحُلَّ الرِّحال.
8869,1,1,Sahih al-Bukhari,Revelation,8869,,عن علي رضي الله عنه قال: كُنَّا في جَنَازة في بَقِيعِ الغَرْقَدِ، فَأتَانَا رسول الله صلى الله عليه وسلم فَقَعَدَ، وَقَعَدْنَا حَوْلَه ومعه مِخْصَرَةٌ فَنَكَّسَ وجعل يَنْكُتُ بِمِخْصَرَتِهِ، ثم قال: «ما مِنْكُمْ من أحَدٍ إلا وقد كُتِبَ مَقْعَدُه من النَّار ومَقْعَدُه من الجنَّة» فقالوا: يا رسول الله، أفلا نَتَّكِلُ على كِتَابِنَا؟ فقال: «اعملوا؛ فَكلٌّ مُيَسَّرٌ لما خُلِقَ له...» وذكر تمام الحديث.
8870,1,1,Sahih al-Bukhari,Revelation,8870,,عن أبي الأسود، قال: قَدِمْتُ المدينة، فَجَلَسْتُ إلى عمر بن الخطاب رضي الله عنه فَمَرَّتْ بهم جَنازة، فَأُثْنِيَ على صاحِبِها خيراً، فقال عمر: وجَبَتْ، ثم مَرَّ بأُخْرَى فَأُثْنِيَ على صاحِبِها خيراً، فقال عمر: وجَبَتْ، ثم مَرَّ بالثالثة، فَأُثْنِيَ على صاحِبِها شَرَّا، فقال عمر: وجَبَتْ، قال أبو الأسود: فقلت: وما وجَبَتْ يا أمير المؤمنين؟ قال: قلت كما قال النبي صلى الله عليه وسلم : «أيُّما مُسلم شَهِد له أربعة بخير، أدخله الله الجنة» فقلنا: وثلاثة؟ قال: «وثلاثة» فقلنا: واثنان؟ قال: «واثنان» ثم لم نَسْأَلْهُ عن الواحد.
8871,1,1,Sahih al-Bukhari,Revelation,8871,,عن أبي سعيد الخُدْرِي رضي الله عنه قال: جاءت امرأة إلى رسول الله صلى الله عليه وسلم فقالت: يا رسول الله، ذهب الرجال بِحَدِيثِكَ، فاجْعَل لنَا من نَفْسِك يومًا نَأتِيكَ فيه تُعَلِّمُنَا مما عَلَّمَكَ الله، قال: «اجْتَمِعْنَ يَوَم كَذَا وكَذَا» فَاجْتَمَعْنَ، فأتَاهُنَّ النبي صلى الله عليه وسلم فَعَلَّمَهُنَّ مما عَلَّمَهُ الله، ثم قال: «ما مِنْكُنَّ من امرأة تُقَدِّمُ ثَلاَثَة من الولد إلا كانوا حِجَابًا من النَّارِ» فقالت امرأة: واثنين؟ فقال رسول الله صلى الله عليه وسلم : «واثنين».
8872,1,1,Sahih al-Bukhari,Revelation,8872,,"عن عبد الله بن أبي أَوفَى رضي الله عنهما : أنه كَبَّرَ على جَنَازة ابْنَةٍ له أرْبَعَ تكبيرات، فقام بعد الرابعة كَقَدْرِ ما بَين التَّكْبِيرَتَيْنِ يَسْتَغْفِرُ لها ويَدْعُو، ثم قال: كان رسول الله صلى الله عليه وسلم يَصْنَعُ هكذا. 
وفي رواية: كَبَّر أربَعاً فَمَكَثَ سَاعة حتى ظَنَنْتُ أنه سَيُكَبِّرُ خَمْساً، ثم سلَّم عن يمينه وعن شماله. فلما انْصَرف قلنا له: ما هذا؟ فقال: إني لا أزِيدُكُم على ما رأيت رسول الله صلى الله عليه وسلم يَصْنَع، أو: هكذا صَنَع رسول الله صلى الله عليه وسلم ."
8876,1,1,Sahih al-Bukhari,Revelation,8876,,عن أنس رضي الله عنه قال: مَرُّوا بجَنَازَةٍ، فأَثْنَوْا عليها خيراً، فقال النبي صلى الله عليه وسلم : «وَجَبَتْ» ثم مَرُّوا بأخرى، فأَثْنَوْا عليها شراً، فقال النبي صلى الله عليه وسلم : «وَجَبَتْ»، فقال عمر بن الخطاب رضي الله عنه : ما وَجَبَتْ؟ فقال: «هذا أَثْنَيْتُمْ عليه خيراً، فوَجَبَتْ له الجنة، وهذا أَثْنَيْتُم عليه شراً، فوَجَبَتْ له النار، أنتم شُهَدَاءُ الله في الأرض».
8877,1,1,Sahih al-Bukhari,Revelation,8877,,عن أبي هريرة رضي الله عنه أن رسول الله صلى الله عليه وسلم قال: «إذا قال الرَّجُل: هَلَكَ الناس، فهو أَهْلَكُهُم».
8880,1,1,Sahih al-Bukhari,Revelation,8880,,عن ابن مسعود رضي الله عنه : أنه أُتِي برجُل فقيل له: هذا فُلان تَقْطُر لحيته خَمْرًا، فقال: إنا قد نُهِيْنَا عن التَّجَسُّسِ، ولكن إن يَظهر لنا شَيْءٌ، نَأخُذ به.
8882,1,1,Sahih al-Bukhari,Revelation,8882,,عن أبي هريرة رضي الله عنه قال: قال رسول الله صلى الله عليه وسلم : «لا يَحِلُّ لمسلم أن يَهْجُرَ أخَاه فوق ثَلَاث، فمن هَجَر فوق ثَلَاث فمات دخل النَّار».
8884,1,1,Sahih al-Bukhari,Revelation,8884,,عن أبي هريرة رضي الله عنه مرفوعاً: «من خَبَّبَ زوجة امْرِئٍ أو مَمْلُوكَهُ فليس مِنَّا».
8885,1,1,Sahih al-Bukhari,Revelation,8885,,عن أبي خِراش حَدْرَدِ بن أبي حَدْرَدٍ الأسْلَمِي رضي الله عنه مرفوعاً: «من هَجَر أخَاه سَنَة فهو كَسَفْكِ دَمِهِ».
8887,1,1,Sahih al-Bukhari,Revelation,8887,,"عن أبي مسعود البَدْري رضي الله عنه قال: كنت أضرب غُلاما لي بالسَّوْط، فسمعت صوتا من خَلفِي: «اعلم أبَا مسعود» فلم أفْهَم الصَّوت من الغَضَب، فلمَّا دَنَا مِنِّي إذا هو رسول الله صلى الله عليه وسلم فإذا هو يقول: «اعلم أبَا مسعود أن الله أقْدَرُ عليك مِنْك على هذا الغُلام». فقلت: لا أَضرب مملوكا بعده أبدًا. 
وفي رواية: فسقط السَّوط من يَدي من هَيْبَتِه. 
وفي رواية: فقلت: يا رسول الله، هو حُرٌّ لوجه الله تعالى، فقال: «أمَا لو لم تفعل، لَلَفَحَتْكَ النَّار، أو لَمَسَّتْكَ النَّار»."
8890,1,1,Sahih al-Bukhari,Revelation,8890,,عن أنس رضي الله عنه قال: نَهى رسول الله صلى الله عليه وسلم أن تُصْبَرَ البَهائِم.
8891,1,1,Sahih al-Bukhari,Revelation,8891,,عن ابن عباس رضي الله عنهما مرفوعاً: رأى رسول الله صلى الله عليه وسلم حِمَارًا مَوْسُومَ الوَجْهِ، فأنكر ذلك؟ فقال: «والله لا أَسِمُهُ إلا أقصى شيء من الوجه» وأمر بحماره فُكُوِيَ في جَاعِرَتَيْهِ، فهو أول من كوى الجاعرتين.
8893,1,1,Sahih al-Bukhari,Revelation,8893,,"عن ابن عباس رضي الله عنهما أن النبي صلى الله عليه وسلم مر عليه حمار قد وُسِمَ في وجهه، فقال:«لعن الله الذي وسمه». 
وفي رواية لمسلم أيضا: نهى رسول الله صلى الله عليه وسلم عن الضرب في الوجه، وعن الوسم في الوجه»"
8894,1,1,Sahih al-Bukhari,Revelation,8894,,عن أبي علي سويد بن مُقَرِّن رضي الله عنه قال: لقد رَأَيْتُنِي سابع سبعة من بني مُقَرِّن ما لنا خادم إلا واحدة لطمها أصغرنا فأمرنا رسول الله صلى الله عليه وسلم أن نعتقها وفي رواية: «سابع إخوة لي».
8895,1,1,Sahih al-Bukhari,Revelation,8895,,عن ابن عمر رضي الله عنهما أن النبي صلى الله عليه وسلم قال: «من ضرب غلاما له حدا لم يأته، أو لَطَمَه، فإن كفارته أن يعتقه».
8896,1,1,Sahih al-Bukhari,Revelation,8896,,عن أبي طلحة زيد بن سهل رضي الله عنه قال: كُنَّا قعودا بالأفْنِيَةِ نتحدَّث فيها فجاء رسول الله صلى الله عليه وسلم فقام علينا، فقال: «ما لكم ولمجالس الصُّعُدَاتِ؟ اجتنبوا مجالس الصُّعُدَاتِ». فقُلنا: إنما قَعَدْنَا لغير ما بأس، قَعَدْنَا نتذَاكَر، ونتحدث. قال: «إما لا فأدُّوا حقَها: غَضُّ البَصَر، وردُّ السلام، وحُسْن الكلام».
8898,1,1,Sahih al-Bukhari,Revelation,8898,,عن أبي هريرة رضي الله عنه أن النبي صلى الله عليه وسلم قال: «كُتب على ابن آدم نَصِيبُه من الزِنا مُدْرِكُ ذلك لا مَحَالة: العينان زِناهما النَظر، والأُذنان زِناهما الاستماع، واللسان زِناه الكلام، واليَدُ زِناها البَطْش، والرِّجل زِناها الخُطَا، والقلب يَهْوَى ويتمنى، ويُصَدِّق ذلك الفَرْج أو يُكذِّبُه».
8899,1,1,Sahih al-Bukhari,Revelation,8899,,عن أبي هريرة رضي الله عنه قال: سمعت رسول الله صلى الله عليه وسلم يقول: «إن أول الناس يُقضى يوم القيامة عليه رجُل اسْتُشْهِدَ، فأُتي به، فعرَّفه نِعمته، فعرَفَها، قال: فما عَمِلت فيها؟ قال: قَاتَلْتُ فيك حتى اسْتُشْهِدْتُ. قال: كَذبْتَ، ولكنك قَاتَلْتَ لأن يقال: جَرِيء! فقد قيل، ثم أُمِرَ به فَسُحِب على وجهه حتى أُلقي في النار. ورجل تعلم العلم وعلمه، وقرأ القرآن، فأُتي به فعرَّفه نِعَمه فعرَفَها. قال: فما عملت فيها؟ قال: تعلمت العلم وعلمته، وقرأت فيك القرآن، قال: كَذَبْتَ، ولكنك تعلمت ليقال: عالم! وقرأت القرآن ليقال: هو قارئ؛ فقد قيل، ثم أُمِر به فَسُحِب على وجهه حتى ألقي في النار. ورجل وَسَّعَ الله عليه، وأعطاه من أصناف المال، فأُتي به فعرَّفه نِعَمه، فعرَفَها. قال: فما عملت فيها؟ قال: ما تركت من سبيل تُحِبُّ أن يُنْفَقَ فيها إلا أنفقت فيها لك. قال: كَذَبْتَ، ولكنك فعلت ليقال: جواد! فقد قيل، ثم أُمِر به فَسُحِب على وجهه حتى ألقي في النار».
8900,1,1,Sahih al-Bukhari,Revelation,8900,,عن أبي ذر رضي الله عنه قال: قيل لرسول الله صلى الله عليه وسلم : أرأيت الرَّجل الذي يعمل العمل من الخَير، ويَحمدُه الناس عليه؟ قال: «تلك عاجِل بُشْرَى المؤمن».
8901,1,1,Sahih al-Bukhari,Revelation,8901,,عن بريدة رضي الله عنه قال: قال رسول الله صلى الله عليه وسلم : «حُرْمَةُ نساء المجاهدين على القَاعِدِين كَحُرْمَةِ أُمَّهَاتِهِم، ما من رَجُلٍ من القَاعِدِين يَخْلِف رجُلا من المجاهدين في أهله، فَيَخُونُهُ فيهم إلا وقَف له يوم القيامة، فيأخذ من حسناته ما شاء حتى يَرْضى» ثم التفت إلينا رسول الله صلى الله عليه وسلم فقال: «ما ظنَّكم؟».
8906,1,1,Sahih al-Bukhari,Revelation,8906,,عن ابن عمر رضي الله عنهما قال: رأى رسول الله صلى الله عليه وسلم صبيًّا قد حُلِق بعض شعر رأسه وترك بعضه، فنهاهم عن ذلك، وقال: «احلقوه كله، أو اتركوه كله».
8907,1,1,Sahih al-Bukhari,Revelation,8907,,عن أبي هريرة رضي الله عنه قال: سمعت رسول الله صلى الله عليه وسلم يقول: «إذا انقطع شِسْعُ نَعْل أحدكم، فلا يَمْشِ في الأخرى حتى يُصلِحها».
8908,1,1,Sahih al-Bukhari,Revelation,8908,,عن أبي هريرة رضي الله عنه أن رسول الله صلى الله عليه وسلم قال: «إن اليهود والنصارى لا يصبغون، فخالفوهم».
8909,1,1,Sahih al-Bukhari,Revelation,8909,,عن جابر رضي الله عنه قال: أُتِيَ بأبي قُحَافَة والد أبي بكر الصديق رضي الله عنهما ، يوم فتح مكة ورأسه ولحيته كَالثَّغَامَةِ بياضًا. فقال رسول الله صلى الله عليه وسلم : «غَيِّرُوا هذا واجْتَنِبوا السَّواد».
8910,1,1,Sahih al-Bukhari,Revelation,8910,,عن عبد الله بن جعفر رضي الله عنهما : أن النبي صلى الله عليه وسلم أمهل آل جعفر ثلاثا، ثم أتاهم، فقال: «لا تبكوا على أخي بعد اليوم» ثم قال: «ادعوا لي بني أخي» فجيء بنا كأننا أفْرُخٌ فقال: «ادعوا لي الحلاق» فأمره، فحلق رؤوسنا».
8911,1,1,Sahih al-Bukhari,Revelation,8911,,عن عمرو بن شعيب، عن أبيه، عن جده رضي الله عنه عن النبي صلى الله عليه وسلم قال: «لا تَنْتِفُوا الشَّيْبَ؛ فإنه نُور المسلم يوم القيامة».
8915,1,1,Sahih al-Bukhari,Revelation,8915,,عن حُميد بن عبد الرحمن: أنه سمع معاوية رضي الله عنه عام حَجَّ على المِنْبَر، وتناول قُصَّة من شَعْرٍ كانت في يَدِ حَرَسِيٍّ، فقال: يا أهل المدينة أين عُلَمَاؤُكُمْ؟! سمعت النبي صلى الله عليه وسلم يَنْهَى عن مثل هذه، ويقول: «إنما هَلَكَت بَنُو إسرائيل حين اتَّخَذَهَا نساؤُهُم».
8917,1,1,Sahih al-Bukhari,Revelation,8917,,عن أبي موسى رضي الله عنه مرفوعاً: «ما من ميِّت يموت فيقوم باكِيهم فيقول: واجَبَلَاه، واسَيِّدَاه، أو نحو ذلك إلا وُكِّلَ به مَلَكَان يَلْهَزَانِه: أهكذا كُنت؟».
8925,1,1,Sahih al-Bukhari,Revelation,8925,,عن جابر رضي الله عنه مرفوعًا: «غَطُّوا الإِناء، وأَوْكِئُوا السِّقَاءَ، وأَغْلِقُوا الأبوابَ، وأَطْفِئُوا السِّرَاجَ؛ فإن الشيطان لا يَحُلُّ سِقَاءً، ولا يَفْتَحُ بَابًا، ولا يَكْشِفُ إِناءً، فإن لم يجد أحدكم إلا أن يَعْرُضَ على إِنَائِهِ عُودًا، ويذكر اسم الله، فَلْيَفْعَلْ؛ فإن الفُوَيْسِقَةَ تُضْرِمُ على أهل البيت بَيْتَهُم».
8928,1,1,Sahih al-Bukhari,Revelation,8928,,عن بُريدة رضي الله عنه : أن النبي صلى الله عليه وسلم كان لا يَتَطَيَّر.
8929,1,1,Sahih al-Bukhari,Revelation,8929,,عن أسيد بن أبي أسيد التابعي، عن امرأة من المبايعات، قالت: كان فيما أخذ علينا رسولُ الله صلى الله عليه وسلم في المعروف الذي أخذ علينا أن لا نعصيه فيه: أن لا نَخْمِشَ وجهًا، ولا نَدْعُوَ وَيْلًا، ولا نَشُقَّ جَيْبًا، وأن لا نَنْشُرَ شَعْرًا.
8930,1,1,Sahih al-Bukhari,Revelation,8930,,عن ابن عمر رضي الله عنهما مرفوعاً: «لا تَتْرُكُوا النار في بيوتكم حين تنامون».
8934,1,1,Sahih al-Bukhari,Revelation,8934,,عن مسروق، قال: دخَلْنَا على عبد الله بن مسعود رضي الله عنه فقال: يا أيها الناس، من عَلِم شيئا فَلْيَقُلْ به، ومن لم يَعْلَم، فَلْيَقُلْ: الله أعلم، فإن من العلم أن يقول لما لا يَعْلَم: الله أعلم. قال الله تعالى لنبيه صلى الله عليه وسلم : (قل ما أسألكم عليه من أجر وما أنا من المتكلفين).
8949,1,1,Sahih al-Bukhari,Revelation,8949,,عن بُريدة رضي الله عنه : أن رجُلاً نَشَدَ في المسجد فقال: من دَعَا إلى الجَمَل الأحمر؟ فقال رسول الله صلى الله عليه وسلم : «لا وجَدْتَ؛ إنما بُنِيَتِ المساجد لما بُنِيَتْ له».
8956,1,1,Sahih al-Bukhari,Revelation,8956,,عن عائشة رضي الله عنها ، قالت: كان النبي صلى الله عليه وسلم إذا عَصَفَت الرِّيح قال: «اللَّهُمَّ إنِّي أسْأَلُك خَيرها وخير ما فيها وخَير ما أُرسِلت به، وأعوذ بك من شرِّها وشرِّ ما فيها وشرِّ ما أُرسِلت به».
8960,1,1,Sahih al-Bukhari,Revelation,8960,,عن زيد بن خالد الجُهني رضي الله عنه مرفوعاً: «لا تَسُبُّوا الدِّيْك فإنه يُوْقِظ للصلاة».
8962,1,1,Sahih al-Bukhari,Revelation,8962,,عن بُريدة رضي الله عنه قال: قال رسول الله صلى الله عليه وسلم : «لا تقولوا للمُنَافق سَيِّدٌ، فإنه إن يَكُ سَيِّدًا فقد أسْخَطْتُمْ ربكم عز وجل ».
8963,1,1,Sahih al-Bukhari,Revelation,8963,,عن أبي هريرة رضي الله عنه قال: قال رسول الله صلى الله عليه وسلم : «لأَنْ يَلَجَّ أحدُكم في يَمِينِه في أهْلِه آثَمُ له عند الله تعالى من أن يُعْطِي كَفَّارَتَهُ التي فرض الله عليه».
10008,1,1,Sahih al-Bukhari,Revelation,10008,,"عَنْ كَثِيرِ بن زِيَاد، قال: حدثتني الأزْدِيَّة يعني مُسَّةَ قالت: حَجَجْتُ فَدَخَلْتُ عَلَى أُمِّ سَلَمَةَ فَقُلْتُ: يَا أُمَّ المؤْمِنِين، إِنَّ سَمُرَةَ بن جندب يَأْمُرُ النِّسَاءَ يَقْضِينَ صَلَاةَ الْمَحِيضِ فَقَالَتْ: «لَا يَقْضِينَ كَانَتِ المَرْأَةُ من نِسَاءِ النبي صلى الله عليه وسلم تَقْعُدُ فِي النِّفَاسِ أَرْبَعِينَ لَيْلَةً لَا يَأْمُرُهَا النبي صلى الله عليه وسلم بِقَضَاءِ صَلَاةِ النِّفَاسِ»
وفي رواية: و«كنا نطلي على وُجُوهنا بِالوَرْسِ -تعني- من الكَلَف»."
10010,1,1,Sahih al-Bukhari,Revelation,10010,,عن عائشة رضي الله عنها قالت: خرجنا مع رسول الله صلى الله عليه وسلم لا نَذْكُرُ إلا الحج، حتى جِئْنَا سَرِف فَطَمِثْتُ، فدخل عليَّ رسول الله صلى الله عليه وسلم وأنا أبْكِي، فقال: «ما يُبْكِيك؟» فقلت: والله، لوَدِدْتُ أنَّي لم أكُن خرجت العَام، قال: «ما لك؟ لَعَلَّكِ نَفِسْتِ؟» قلت: نعم، قال: «هذا شيء كَتَبه الله على بنات آدم، افعلي ما يفعل الحاج غير أن لا تَطُوفي بالبيت حتى تَطْهُري» قالت: فلمَّا قدمت مكة، قال رسول الله صلى الله عليه وسلم لأصحابه «اجْعَلُوها عُمرة» فأحَلَّ الناس إلا من كان معه الهَدْي، قالت: فكان الهَدْي مع النبي صلى الله عليه وسلم وأبي بكر وعمر وذَوِي اليَسَارَة، ثم أهَلُّوا حين راحُوا، قالت: فلمَّا كان يوم النَّحر طَهَرْت، فأمَرَني رسول الله صلى الله عليه وسلم فَأَفَضْتُ، قالت: فَأُتِيَنَا بِلَحم بَقَر، فقلت: ما هذا؟ فقالوا: أَهْدَى رسول الله -صلى الله عليه وسلم- عن نِسَائه البقر، فلمَّا كانت ليلة الحَصْبَةِ، قلت: يا رسول الله، يرجع الناس بحجة وعُمرة وأرجع بِحَجَّة؟ قالت: فأمر عبد الرحمن بن أبي بكر، فَأَرْدَفَنِي على جَمَلِه، قالت: فإني لأذْكُر، وأنا جَارية حَدِيثَةُ السِّن، أَنْعَسُ فيُصِيب وجْهِي مُؤْخِرَة الرَّحْل، حتى جِئْنَا إلى التَّنْعِيم، فَأَهْلَلْتُ منها بِعُمْرة؛ جزاء بِعُمْرَة الناس التي اعْتَمَرُوا.
10012,1,1,Sahih al-Bukhari,Revelation,10012,,عن ابن عباس رضي الله عنهما ، عن النبي صلى الله عليه وسلم في الذي يأتي امرأته وهي حائض قال: «يتصدق بدينار أو نصف دينار».
10013,1,1,Sahih al-Bukhari,Revelation,10013,,عن أنس رضي الله عنه : أن اليَهُود كانوا إذا حَاضَت المرأة فيهم لم يؤَاكِلُوها، ولم يُجَامِعُوهُن في البيوت فسأل أصحاب النبي صلى الله عليه وسلم النبي صلى الله عليه وسلم فأنزل الله تعالى: {ويسألونك عن المحيض قل هو أذى فاعتزلوا النساء في المحيض} [البقرة: 222] إلى آخر الآية، فقال رسول الله صلى الله عليه وسلم : «اصْنَعُوا كلَّ شيء إلا النكاح». فَبَلغ ذلك اليهود، فقالوا: ما يُريد هذا الرَّجُل أن يَدع من أمْرِنا شيئا إلا خَالفَنَا فيه، فجاء أُسَيْدُ بن حُضَيْر، وعَبَّاد بن بِشْر فقالا يا رسول الله، إن اليهود تقول: كذا وكذا، فلا نُجَامِعُهُن؟ فَتغيَّر وجه رسول الله صلى الله عليه وسلم حتى ظَنَنَا أن قد وجَد عليهما، فخرجا فَاسْتَقْبَلَهُمَا هَدِيَّة من لَبَنٍ إلى النبي صلى الله عليه وسلم ، فأَرسَل في آثَارِهِما فَسَقَاهُمَا، فَعَرَفَا أن لم يَجِد عليهما.
10016,1,1,Sahih al-Bukhari,Revelation,10016,,عن حَمْنَة بنت جَحش رضي الله عنها قالت: كنت أُسْتَحَاض حَيْضَة كثيرة شَدِيدة، فأتيت رسول الله صلى الله عليه وسلم أَسْتَفْتِيه وأُخْبِرُه، فَوجدْتُه في بيت أختي زينب بنت جَحش فقلت: يا رسول الله، إني امرأة أُسْتَحَاض حَيْضَة كثيرة شديدة، فما تَرى فيها، قد مَنَعَتْنِي الصلاة والصوم، فقال: «أَنْعَتُ لك الكُرْسُف، فإنه يُذهِبُ الدَّم». قالت: هو أكثر من ذلك، قال: «فاتَّخِذِي ثوبا». فقالت: هو أكثر من ذلك إنما أَثُجُّ ثَجًّا، قال رسول الله صلى الله عليه وسلم : «سَآمُرُك بأمْرَين أيهما فَعَلْتِ أجْزَأَ عَنْكِ من الآخر، وإن قَوِيتِ عليهما فأنتِ أعْلَم». قال لها: «إنما هذه رَكْضَةٌ من رَكَضَات الشيطان فَتَحَيَّضِي ستَّة أيام أو سبعة أيَّام في عِلْم الله، ثم اغْتَسِلِي حتى إذا رأيت أنك قد طَهُرْتِ، واسْتَنْقَأْتِ فصلِّي ثلاثا وعشرين ليلة أو أربعا وعشرين ليلة وأيامها وصومي، فإن ذلك يُجْزِيكِ، وكذلك فافْعَلي في كل شهر كما تحيض النساء، وكما يَطْهُرْن مِيقَاتُ حَيْضِهِنَّ وَطُهْرِهِنَّ، وإن قَوِيت على أن تُؤَخِّري الظهر وتُعَجَلِّي العصر فَتَغْتَسِلِينَ وَتَجْمَعِينَ بين الصلاتين الظهر والعصر، وتُؤَخِّرِين المغرب وتُعَجِّلين العشاء، ثم تَغْتَسِلِينَ وَتَجْمَعِينَ بين الصلاتين فافْعَلي، وَتَغْتَسِلِينَ مع الفجر فافْعَلي، وصُومي إن قَدِرت على ذلك»، قال رسول الله صلى الله عليه وسلم : «وهذا أَعْجَبُ الْأَمْرَيْنِ إليَّ».
10017,1,1,Sahih al-Bukhari,Revelation,10017,,عن أسماء بنت عُمَيْس رضي الله عنها قالت: قلت: يا رسول الله، إن فاطمة بنت أبي حُبَيْش اسْتُحِيضَتْ -مُنْذُ كذا وكذا- فلم تُصَل فقال رسول الله صلى الله عليه وسلم : «سُبحان الله، إن هذا من الشَّيطان لِتَجْلِسْ في مِرْكَنٍ، فإذا رأت صُفْرَة فوق الماء فلتَغْتَسِل للظهر والعصر غُسْلاً واحدا، وتغتسل للمغرب والعشاء غسلا واحدا، وتغتسل للفجر غسلا واحدا، وتتوضأ فيما بَيْنَ ذلك».
10019,1,1,Sahih al-Bukhari,Revelation,10019,,عن جابر رضي الله عنه قال: خرجنا في سَفَر فأصاب رجُلا مِنَّا حَجَرٌ فَشَجَّهُ في رأسه، ثم احتلم فسأل أصحابه فقال: هل تجدون لي رُخْصَة في التَّيمم؟ فقالوا: ما نَجِد لك رُخْصَة وأنت تَقْدِرُ على الماء فاغْتَسَل فمات، فلمَّا قَدِمْنَا على النبي صلى الله عليه وسلم أخبر بذلك فقال: «قَتَلُوه قَتَلَهُم الله ألا سَألُوا إذ لم يعلموا فإنَّما شِفَاء العِيِّ السؤال، إنما كان يَكفيه أن يَتيمَّم ويَعْصِر-أو يَعْصِب- على جُرحِه خِرقَة، ثم يمسح عليها، ويَغسل سائر جسده».
10022,1,1,Sahih al-Bukhari,Revelation,10022,,عن أبي سعيد الخدري رضي الله عنه قال: خرج رَجُلَان في سفر، فَحَضَرَتِ الصلاة وليس معهما ماء؛ فَتَيَمَّمَا صَعيدا طيِّبا فَصَلَّيَا، ثمَّ وجَدَا الماء في الوقت، فأعاد أَحَدُهُمَا الصلاة وَالوُضُوءَ ولم يُعِدِ الآخر، ثم أتَيَا رسول الله صلى الله عليه وسلم فذكَرَا ذلك له فقال لِلَّذِي لَمْ يُعِدْ: «أَصَبْتَ السنة، وَأَجْزَأَتْكَ صَلَاتُكَ». وقال للذي توضأ وأعاد: «لك الأجر مرَّتَين».
10023,1,1,Sahih al-Bukhari,Revelation,10023,,عن أبي ذر جندب بن جنادة رضي الله عنه قال: اجتمعت غنيمة عند رسول الله صلى الله عليه وسلم فقال: «يا أبا ذر اُبْدُ فيها» فبَدَوْتُ إلى الرَّبذَة فكانت تُصيبني الجنابة فأمكث الخَمْسَ والسِّتَّ، فأتيتُ النبي صلى الله عليه وسلم فقال: «أبو ذر» فَسَكَتُّ فقال: «ثَكِلَتْكَ أمك أبا ذر لأمِّكَ الوَيْلُ» فدعا لي بجارية سوداء فجاءت بِعُسٍّ فيه ماء فستَرتْنِي بثَوب واستَتَرْتُ بالرَّاحلة، واغتسلتُ فكأني أَلقَيْتُ عني جَبَلًا فقال «الصعيدُ الطيِّبُ وُضُوءُ المسلم ولو إلى عشر سنين، فإذا وجدتَ الماء فأَمِسَّهُ جِلدَكَ فإن ذلك خَيرٌ».
10025,1,1,Sahih al-Bukhari,Revelation,10025,,"عن علي بن أبي طالب رضي الله عنه مرفوعاً: قال رسول الله صلى الله عليه وسلم : ""أُعطِيتُ ما لم يُعطَ أحدٌ من الأنبياءِ"". فقلنا: يارسول الله، ما هو؟ قال: ""نُصِرتُ بالرُّعبِ، وأُعطِيتُ مَفَاتِيحَ الأرضِ، وسُمِّيتُ أحمدَ، وجُعِلَ التُّرابُ لي طَهُوراً، وجُعِلَتْ أمَّتي خيرَ الأممِ""."
10028,1,1,Sahih al-Bukhari,Revelation,10028,,"عن عائشة رضي الله عنها قالت: «كُنت أغْتَسِل أنا ورسول الله صلى الله عليه وسلم من إناء واحد، تَخْتَلِفُ أَيْدِينَا فيه من الجَنَابة».
وفي رواية: «وتَلْتَقِي»."
10030,1,1,Sahih al-Bukhari,Revelation,10030,,عن أم سلمة رضي الله عنها قالت: قلت: يا رسول الله، إنِّي امرأة أَشُدُّ ضَفْرَ رأسي فَأَنْقُضُهُ لغُسل الجَنابة [وفي رواية: والحَيْضَة]؟ قال: «لا، إنَّما يَكْفِيك أن تَحْثِي على رأْسِك ثلاث حَثَيَاتٍ ثم تُفِيضِينَ عليك الماء فَتَطْهُرين».
10032,1,1,Sahih al-Bukhari,Revelation,10032,,عن عائشة، قالت: «كان رسول الله صلى الله عليه وسلم إذا اغتسل من الجَنَابَة يبدأ فيغسل يديه، ثم يُفرغ بيمينه على شماله فيغسل فَرْجَه، ثم يتوضأ وضوءه للصلاة، ثم يأخذ الماء فيُدخل أصابعه في أصول الشَّعَرِ، حتى إذا رأى أن قد اسْتَبْرَأَ حَفَنَ على رأسه ثلاث حَفَنَات، ثم أفاض على سائر جسده. ثم غسل رجليه».
10033,1,1,Sahih al-Bukhari,Revelation,10033,,"عن أبي سعيد الخُدْرِي رضي الله عنه مرفوعاً: «إذا أَتَى أحَدُكُم أهله ثم أرَاد أن يَعود فَلْيَتَوَضَّأْ بينهما وضُوءًا».
 وفي رواية الحاكم: «فإنه أَنْشَطُ لِلْعَوْد»."
10035,1,1,Sahih al-Bukhari,Revelation,10035,,عن سمرة رضي الله عنه مرفوعاً: «من توضَّأَ يوم الجُمعة فَبِهَا ونِعْمَتْ، ومن اغْتَسَل فهو أفْضَل».
10039,1,1,Sahih al-Bukhari,Revelation,10039,,عن أنس بن مالك رضي الله عنه : أن أم سُلَيم حدَّثَت أنَّها سألت نَبِي الله صلى الله عليه وسلم عن المرأة تَرى في مَنَامِها ما يَرى الرَّجل، فقال رسول الله صلى الله عليه وسلم : «إذا رَأَت ذلك المرأة فَلْتَغْتَسِل» فقالت أم سُلَيْم: واسْتَحْيَيْتُ من ذلك، قالت: وهل يَكون هذا؟ فقال نَبِي الله صلى الله عليه وسلم : «نعم، فمِن أين يَكُون الشَّبَه؟ إنَّ ماء الرَّجُل غَليِظ أبْيَض، وماء المرأة رقِيق أصْفَر، فَمِنْ أَيِّهِمَا عَلَا، أو سَبَقَ، يَكُونُ مِنْه الشَّبَهُ».
10040,1,1,Sahih al-Bukhari,Revelation,10040,,عن أبي سعيد الخدري رضي الله عنه قال: خَرَجْتُ مع رسول الله صلى الله عليه وسلم يوم الاثنين إلى قباء إِذَا كُنَّا فِي بَنِي سَالِمٍ وقف رسول الله صلى الله عليه وسلم على باب عِتْبَانَ فَصَرَخَ بِهِ، فَخَرَجَ يَجُرُّ إزاره، فقال رسول الله صلى الله عليه وسلم : «أَعْجَلْنَا الرَّجُلَ» فقال عتبان: يا رسول الله، أَرَأَيْتَ الرَّجُلَ يُعْجَلُ عن امرأته ولم يُمْنِ، ماذا عليه؟ قال رسول الله صلى الله عليه وسلم : «إِنَّمَا المَاءُ مِنَ الماءِ».
10051,1,1,Sahih al-Bukhari,Revelation,10051,,عن أبي هريرة رضي الله عنه مرفوعًا: «اتقوا اللَّعَّانَيْن» قالوا: وما اللَّعَّانَانِ يا رسول الله؟ قال: «الذي يَتَخَلَّى في طريق الناس، أو في ظِلِّهم».
10102,1,1,Sahih al-Bukhari,Revelation,10102,,"عن أبي هريرة رضي الله عنه قال: أخذ الحسن بن علي رضي الله عنهما تمرة من تمر الصدقة فجعلها في فيه، فقال رسول الله صلى الله عليه وسلم : «كَخْ كَخْ ارْمِ بها، أما علمت أنَّا لا نأكل الصدقة!؟». 
وفي رواية: «أنَّا لا تَحِلُّ لنا الصدقة»."
10103,1,1,Sahih al-Bukhari,Revelation,10103,,"عن جابر بن عبد الله رضي الله عنهما ، أنَّ رسول الله صلى الله عليه وسلم أمر بَلَعْقِ الأصابع والصَّحْفَةِ، وقال: «إنَّكم لا تدرون في أَيِّهَا البركة». 
وفي رواية: «إذا وقعت لُقْمَةُ أحدكم فليأخذها، فَلْيُمِطْ ما كان بها من أذى، وليأكلها ولا يدعها للشيطان، ولا يمسح يده بالمِنْدِيلِ حتى يَلْعَقَ أصابعه فإنه لا يدري في أَيِّ طعامه البركة». 
وفي رواية: «إن الشيطان يحضر أحدكم عند كل شيء من شأنه، حتى يحضره عند طعامه، فإذا سقطت من أحدكم اللُّقْمَةُ فَلْيُمِطْ ما كان بها من أذى، فليأكلها ولا يدعها للشيطان»."
10104,1,1,Sahih al-Bukhari,Revelation,10104,,عن أبي بكرة -ضي الله عنه- مرفوعاً: «إِنَّ الزمانَ قَدِ اسْتَدَارَ كَهَيْئَتِهِ يَوْمَ خَلَقَ اللهُ السَّمَاوَاتِ والأَرْضَ: السنةُ اثنا عَشَرَ شَهْرًا، منها أربعةٌ حُرُمٌ: ثلاثٌ مُتَوَالِيَاتٌ: ذُو القَعْدَةِ، وذُو الحَجَّةِ، والمحرمُ، ورَجَبُ مُضَرَ الذي بين جُمَادَى وشَعْبَانَ، أَيُّ شَهْرٍ هَذَا؟» قلنا: اللهُ ورسولُهُ أَعْلَمُ، فسكتَ حتى ظننا أنه سَيُسَمِّيهِ بغير اسمه، قال: «أَلَيْسَ ذَا الحَجَّةِ؟» قُلْنَا: بَلَى. قال: «فأَيُّ بَلَدٍ هَذَا؟» قلنا: اللهُ ورسولُهُ أَعْلَمُ، فسكتَ حتى ظننا أنه سُيَسَمِّيهِ بغير اسمه. قال: «أَلَيْسَ البَلْدَةَ؟» قلنا: بلى. قال: «فأَيُّ يَوْمٍ هَذَا؟» قُلْنَا: اللهُ ورسولُهُ أَعْلَمُ، فسكتَ حتى ظَنَنَّا أنه سيسميه بغير اسمه. قال: «أَلَيْسَ يَوْمَ النَّحْرِ؟» قلنا: بَلَى. قال: «فَإِّنَّ دِمَاءَكُمْ وأَمْوَالَكُمْ وأَعْرَاضَكُمْ عَلَيْكُمْ حَرَامٌ، كَحُرْمَةِ يَوْمِكُمْ هَذَا في بَلَدِكُمْ هَذَا فِي شَهْرِكُمْ هَذَا، وَسَتَلْقَونَ رَبَّكُمْ فَيَسْأَلُكُمْ عَنْ أَعْمَالِكُمْ، أَلَا فَلَا تَرْجِعُوا بَعْدِي كُفَّارًا يَضْرِبُ بَعْضُكُم رِقَابَ بَعْضٍ، أَلَا لِيُبَلِّغِ الشَّاهِدُ الغَائِبَ، فَلَعَلَّ بَعْضَ مَنْ يَبْلُغُهُ أَنْ يكونَ أَوْعَى لَهُ مِنْ بَعْضِ مَنْ سَمِعَهُ»، ثُمَّ قال: «أَلَا هَلْ بَلَّغْتُ، أَلَا هَلْ بَلَّغْتُ؟» قلنا: نعم. قال: «اللَّهُمَّ اشْهَدْ».
10105,1,1,Sahih al-Bukhari,Revelation,10105,,"عن أنس بن مالك رضي الله عنه مرفوعاً: «إنَّ الكافر إذا عمل حسنة، أُطْعِمَ بها طُعْمَةً من الدنيا، وأما المؤمن فإِنَّ اللهَ تعالى يدخر له حسناته في الآخرة، ويُعْقِبُهُ رزقًا في الدنيا على طاعته». 
وفي رواية: «إنَّ الله لا يظلم مؤمنا حسنة، يُعْطَى بها في الدنيا، ويُجْزَى بها في الآخرة، وأما الكافر فَيُطْعَمُ بحسنات ما عمل لله تعالى في الدنيا، حتى إذا أفضى إلى الآخرة، لم يكن له حسنة يُجْزَى بها»."
10108,1,1,Sahih al-Bukhari,Revelation,10108,,"عن أبي ذر رضي الله عنه قال: قال رسول الله صلى الله عليه وسلم : «إِذَا صُمْتَ مِنَ الشَّهْرِ ثَلاَثاً، فَصُمْ ثَلاَثَ عَشْرَةَ، وَأرْبَعَ عَشْرَةَ، وَخَمْسَ عَشْرَةَ». 
عن قتادة بن ملحان رضي الله عنه قال: كانَ رسولُ اللهِ صلى الله عليه وسلم يَأمُرُنَا بِصِيَامِ أيَّامِ البِيضِ: ثَلاثَ عَشْرَةَ، وَأرْبَعَ عَشْرَةَ، وَخَمْسَ عَشْرَةَ. 
عن ابن عباس رضي الله عنهما قال: كانَ رسولُ اللهِ صلى الله عليه وسلم لاَ يُفْطِرُ أيَّامَ البِيضِ في حَضَرٍ وَلاَ سَفَرٍ."
10109,1,1,Sahih al-Bukhari,Revelation,10109,,عن أبي هريرة رضي الله عنه قال: قال رسول الله صلى الله عليه وسلم : «إِذَا نُودِيَ بالصَّلاَةِ، أدْبَرَ الشَّيْطَانُ، وَلَهُ ضُرَاطٌ حَتَّى لاَ يَسْمَعَ التَّأذِينَ، فَإذَا قُضِيَ النِّدَاءُ أقْبَلَ، حَتَّى إِذَا ثُوِّبَ للصَّلاةِ أدْبَرَ، حَتَّى إِذَا قُضِيَ التَّثْوِيبُ أقْبَلَ، حَتَّى يَخْطِرَ بَيْنَ المَرْءِ وَنَفْسِهِ، يَقُولُ: اذْكُرْ كَذَا واذكر كَذَا - لِمَا لَمْ يَذْكُر مِنْ قَبْلُ - حَتَّى يَظَلَّ الرَّجُلُ مَا يَدْرِي كَمْ صَلَّى».
10110,1,1,Sahih al-Bukhari,Revelation,10110,,عن أنس رضي الله عنه : أن النبيَّ صلى الله عليه وسلم جاءَ إلى سعد بنِ عبادة رضي الله عنه فَجَاءَ بِخُبْزٍ وَزَيْتٍ، فأكلَ، ثم قال النبيُّ صلى الله عليه وسلم : «أفْطَرَ عِنْدَكُمُ الصَّائِمُونَ؛ وَأكَلَ طَعَامَكُمُ الأَبرَارُ، وَصَلَّتْ عَلَيْكُمُ المَلاَئِكَةُ».
10111,1,1,Sahih al-Bukhari,Revelation,10111,,عن معاذة العدوية: أنها سألتْ عائشةَ رضي الله عنها : أكانَ رسولُ اللهِ صلى الله عليه وسلم يَصُومُ مِنْ كُلِّ شَهْرٍ ثَلاَثة أيَّامٍ؟ قالتَ: نعم. فقلتُ: مِنْ أيِّ الشَّهْرِ كَانَ يَصُوم؟ قالتَ: لَمْ يَكُنْ يُبَالِي مِنْ أيِّ الشَّهْرِ يَصُومُ.
10112,1,1,Sahih al-Bukhari,Revelation,10112,,عن أبي سعيد رافع بن المعلى رضي الله عنه قال: قال لي رسول الله صلى الله عليه وسلم : «أَلاَ أُعَلِّمُكَ أَعْظَمَ سُورَةٍ في القُرْآن قَبْلَ أنْ تَخْرُجَ مِنَ الْمَسْجِد؟» فَأخَذَ بِيَدِي، فَلَمَّا أرَدْنَا أنْ نَخْرُجَ، قُلْتُ: يَا رَسُولَ اللهِ، إنَّكَ قُلْتَ: لأُعَلِّمَنَّكَ أعْظَمَ سُورَةٍ في القُرْآنِ؟ قالَ: «الحَمْدُ للهِ رَبِّ العَالَمِينَ، هِيَ السَّبْعُ المَثَانِي وَالقُرْآنُ العَظِيمُ الَّذِي أُوتِيتُهُ».
10118,1,1,Sahih al-Bukhari,Revelation,10118,,عن عبد الله بن عمرو بن العاص رضي الله عنهما ، قال: سمعت رسول الله صلى الله عليه وسلم يقول: «إنَّ اللهَ لاَ يَقْبِضُ العِلْمَ انْتِزَاعاً يَنْتَزعهُ مِنَ النَّاسِ، وَلكِنْ يَقْبِضُ العِلْمَ بِقَبْضِ العُلَمَاءِ، حَتَّى إِذَا لَمْ يُبْقِ عَالِماً، اتَّخَذَ النَّاسُ رُؤُوساً جُهَّالاً، فَسُئِلُوا فَأفْتوا بِغَيْرِ عِلْمٍ، فَضَلُّوا وَأضَلُّوا».
10119,1,1,Sahih al-Bukhari,Revelation,10119,,عن عمر بن الخطاب رضي الله عنه : أن النبي صلى الله عليه وسلم قال: «إن اللهَ يَرفعُ بهذا الكِتابِ أقْواماً ويَضَعُ به آخَرِينَ».
10120,1,1,Sahih al-Bukhari,Revelation,10120,,عن أبي هريرة رضي الله عنه : أنّ النبيَّ صلى الله عليه وسلم أُتِيَ لَيْلَةَ أُسْرِيَ بِهِ بِقَدَحَيْنِ مِنْ خَمْرٍ وَلَبَنٍ، فَنَظَرَ إِلَيْهمَا فَأَخَذَ اللَّبَنَ. فَقَالَ جِبريل: الحَمْدُ للهِ الَّذِي هَدَاكَ لِلفِطْرَةِ لَوْ أخَذْتَ الخَمْرَ غَوَتْ أُمَّتُكَ.
10121,1,1,Sahih al-Bukhari,Revelation,10121,,عن ابن عباس رضي الله عنهما أن رسول الله صلى الله عليه وسلم صام يوم عاشوراء وأمر بصيامه.
10405,1,1,Sahih al-Bukhari,Revelation,10405,,"عن المغيرة بن شعبة رضي الله عنه قال: قال رسول الله صلى الله عليه وسلم : «سَأل موسى صلى الله عليه وسلم ربَّه: ما أدْنَى أهل الجَنَّة مَنْزِلَة؟ قال: هو رَجُل يَجِيءُ بعد ما أُدخِل أهل الجَنَّة الجَنَّة، فَيُقَال له: ادخل الجَنَّة. فيقول: أيْ رب، كيف وقد نَزَل النَّاس مَنَازِلَهُم، وأخَذُوا أَخَذَاتِهِم؟ فَيُقَال له: أَتَرْضَى أن يكون لك مثل مُلْكِ مَلِكٍ من مُلُوكِ الدُّنيا؟ فيقول: رَضِيْتُ رَبِّ، فيقول: لك ذلك ومثله ومِثْلُه ومِثْلُه ومِثْلُه، فيقول في الخامِسة. رَضِيْتُ رَبِّ، فيقول: هذا لك وَعَشَرَةُ أَمْثَالِه، ولك ما اشْتَهَتْ نَفْسُكَ، وَلَذَّتْ عَيْنُكَ. فيقول: رَضِيتُ رَبِّ. قال: رَبِّ فَأَعْلاَهُمْ مَنْزِلَة؟ قال: أُولَئِكَ الَّذِينَ أَرَدْتُ غَرَسْتُ كَرامَتَهُم بِيَدِي، وخَتَمْتُ عليها، فلم تَر عَيْنٌ، ولم تسمع أُذُنٌ، ولم يَخْطُر على قَلْب بَشَر». 
وعن ابن مسعود رضي الله عنه قال: قال رسول الله صلى الله عليه وسلم : «إنِّي لأَعْلَمُ آخِر أَهل النَّارِ خُرُوجًا منها، وآخِر أهل الجنَّة دخولًا الجنَّة. رَجُل يخرج من النَّار حَبْوا، فيقول الله عز وجل له: اذهب فادخل الجنَّة، فيَأتِيَها، فَيُخَيَّل إليه أَنَّها مَلْأَى، فيرجع، فيقول: يا رب وجَدُتها مَلْأَى! فيقول الله عز وجل له: اذهب فادخل الجَنَّة، فيأتيها، فَيُخَيَّل إليه أَنَّها مَلْأَى، فيرجع فيقول: يا ربِّ وجَدُتها مَلْأَى، فيقول الله عز وجل له: اذهب فادخل الجَنَّة، فإن لك مثل الدنيا وَعَشَرَةَ أَمْثَالِهَا؛ أو إن لك مثل عَشَرَةَ أَمْثَالِ الدُّنْيَا، فيقول: أَتَسْخَرُ بِي، أو تضحك بِي وأنت الْمَلِكُ!». قال: فلقد رأيت رسول الله صلى الله عليه وسلم ضَحِك حتى بَدَت نَوَاجِذُه فكان يقول: «ذلك أَدْنَى أهل الجَنَّة مَنْزِلة»."
10406,1,1,Sahih al-Bukhari,Revelation,10406,,عن شريح بن هانئ، قال: أتيتُ عائشة أسألها عن المسح على الخُفَّين، فقالت: عَلَيْكَ بِابْنِ أبِي طالب، فَسَلْهُ فإِنَّه كان يُسَافِرُ مع رسول الله صلى الله عليه وسلم فسألناه فقال: «جَعَلَ رسول الله صلى الله عليه وسلم ثَلَاثَةَ أَيَّامٍ وَلَيَالِيَهُنَّ للمسافر، ويوما وليلة للمُقيم».
10407,1,1,Sahih al-Bukhari,Revelation,10407,,عن عائشة رضي الله عنها قالت: ألا أُحَدِّثكم عنِّي وعن رسول الله صلى الله عليه وسلم قلنا: بلى، قال: قالت: لمَّا كانت ليلتي التي كان النبيُّ صلى الله عليه وسلم فيها عندي، انقلب فوضعَ رداءه، وخلع نعلَيْه، فوضعهما عند رجليه، وبسط طرفَ إزاره على فراشه، فاضطجع، فلم يلبث إلا رَيْثما ظنَّ أن قد رقدتُ، فأخذ رداءه رُوَيْدًا، وانتعل رُوَيْدًا، وفتح الباب فخرج، ثم أجافه رُوَيْدًا، فجعلتُ دِرْعي في رأسي، واختمرتُ، وتَقنَّعتُ إزاري، ثم انطلقتُ على إثره، حتى جاء البَقِيعَ فقام، فأطال القيام، ثم رفع يديه ثلاث مرات، ثم انحرف فانحرفتُ، فأسرع فأسرعت، فهَرْول فهرولتُ، فأحضر فأحضرت، فسبقتُه فدخلت، فليس إلا أن اضطجعتُ فدخل، فقال: «ما لك؟ يا عائشُ، حَشْيا رابِية» قالت: قلت: لا شيء، قال: «تُخْبِرِينِي أَو لَيُخْبِرَنِّي اللطيفُ الخبير» قالت: قلت: يا رسول الله، بأبي أنت وأمي، فأخبرته، قال: «فأنتِ السواد الذي رأيتُ أمامي؟» قلت: نعم، فلَهَدَني في صدري لَهْدةً أوجعتني، ثم قال: «أظننتِ أنْ يَحِيفَ اللهُ عليك ورسولُه؟» قالت: مَهْما يكتمِ الناسُ يعلمه الله، قال: «نعم، فإن جبريلَ أتاني حين رأيتِ، فناداني، فأخفاه منك، فأجبتُه، فأخفيته منك، ولم يكن يدخل عليك وقد وضعتِ ثيابك، وظننت أن قد رقدت، فكرهتُ أن أوقظَك، وخشيتُ أن تستوحشي، فقال: إنَّ ربَّك يأمركَ أن تأتيَ أهلَ البَقِيع فتستغفر لهم»، قالت: قلت: كيف أقول لهم يا رسول الله؟ قال «قولي: السلامُ على أهل الدِّيار من المؤمنين والمسلمين، ويرحمُ اللهُ المستقدمين منا والمستأخرين، وإنَّا إن شاء الله بكم للاحِقون».
10408,1,1,Sahih al-Bukhari,Revelation,10408,,عن أبي هريرة رضي الله عنه ، قال: قال رسول الله صلى الله عليه وسلم : «لما خلق اللهُ آدمَ مسح ظهره، فسقط من ظهره كل نَسَمة هو خالقها من ذُرِّيته إلى يوم القيامة، وجعل بين عيني كل إنسان منهم وَبِيصًا من نور، ثم عرضهم على آدم فقال: أي رب، مَن هؤلاء؟ قال: هؤلاء ذريتك، فرأى رجلا منهم فأعجبه وَبِيصُ ما بين عينيه، فقال: أي رب مَن هذا؟ فقال: هذا رجل من آخر الأمم من ذُرِّيتك يقال له: داود. فقال: رب كم جعلتَ عُمُرَه؟ قال: ستين سنة، قال: أي رب، زِده من عُمُري أربعين سنة. فلما قضي عمر آدم جاءه مَلَكُ الموت، فقال: أوَلَم يبقَ من عمري أربعون سنة؟ قال: أوَلَم تُعْطِها ابنَك داود قال: فجَحَدَ آدمُ فجحدت ذُرِّيتُه، ونسي آدمُ فنسيت ذُرِّيتُه، وخَطِئ آدم فخَطِئت ذُرِّيتُه».
10409,1,1,Sahih al-Bukhari,Revelation,10409,,عن عياض بن حمار المجاشعي رضي الله عنه ، أن رسول الله صلى الله عليه وسلم ، قال ذات يوم في خطبته: «ألَا إن ربي أمرني أن أُعَلِّمَكم ما جَهِلتم، ممَّا علَّمني يومي هذا، كلُّ مالٍ نَحَلتُه عبدًا حلال، وإني خلقتُ عبادي حُنَفاء كلهم، وإنهم أتتهم الشياطين فاجتالتهم عن دينهم، وحَرَّمت عليهم ما أحللتُ لهم، وأمرتهم أن يُشركوا بي ما لم أُنزِّل به سلطانا، وإن الله نظر إلى أهل الأرض، فمَقَتهم عربهم وعَجَمهم، إلَّا بقايا من أهل الكتاب، وقال: إنما بعثتُك لأبتليَك وأبتلي بك، وأنزلتُ عليك كتابًا لا يغسله الماءُ، تقرؤه نائمًا ويقظان، وإنَّ اللهَ أمرني أن أحرِق قُرَيشًا، فقلت: رب إذا يَثْلُغوا رأسي فيدعوه خُبْزة، قال: استخرجهم كما استخرجوك، واغزهم نُغزك، وأنفق فسننفق عليك، وابعث جيشا نبعث خمسة مثله، وقاتل بمن أطاعك مَن عصاك، قال: وأهل الجنة ثلاثة ذو سلطان مُقْسِط مُتَصَدِّق مُوَفَّق، ورجل رحيم رقيق القلب لكل ذي قربى ومسلم، وعفيف متعفِّف ذو عيال، قال: وأهل النار خمسة: الضعيف الذي لا زَبْر له، الذين هم فيكم تبعا لا يبتغون أهلا ولا مالا، والخائن الذي لا يخفى له طمع، وإن دقَّ إلا خانه، ورجل لا يُصبح ولا يمسي إلا وهو يخادعك عن أهلك ومالك «وذكر» البخل أو الكذب والشِّنظير الفحَّاش».
10410,1,1,Sahih al-Bukhari,Revelation,10410,,عن ابن عباس رضي الله عنهما ، قال: كان النبيُّ صلى الله عليه وسلم يدعو: «ربِّ أَعِنِّي ولا تُعِن عليَّ، وانصرني ولا تنصر عليَّ، وامكر لي ولا تمكر عليَّ، واهدني ويسِّر هُدايَ إليَّ، وانصرني على مَن بغى عليَّ، اللهم اجعلني لك شاكرًا، لك ذاكرًا، لك راهبًا، لك مِطواعًا، إليك مُخْبِتًا، أو مُنِيبا، رب تقبَّل توبتي، واغسل حَوْبتي، وأجب دعوتي، وثبِّت حُجَّتي، واهدِ قلبي، وسدِّد لساني، واسْلُلْ سَخِيمةَ قلبي».
10413,1,1,Sahih al-Bukhari,Revelation,10413,,"عن أبي هريرة رضي الله عنه قال: قالوا: يا رسول الله هل نَرى ربَّنا يوم القيامة؟ قال: «هل تُضارُّون في رؤية الشمس في الظَّهِيرة، ليست في سحابة؟» قالوا: لا، قال: «فهل تُضارُّون في رؤية القمر ليلة البدر، ليس في سحابة؟» قالوا: لا، قال: "" فوالذي نفسي بيده لا تُضارُّون في رؤية ربكم، إلا كما تُضارُّون في رؤية أحدهما، قال: فيَلْقى العبد، فيقول: أي فُل أَلَم أُكْرِمْك، وأُسَوِّدْك، وأُزَوِّجك، وأُسَخِّر لك الخيل والإبل، وأَذَرْك تَرْأَس، وتَرْبَع؟ فيقول: بلى، قال: فيقول: أفظننتَ أنك مُلاقِي؟ فيقول: لا، فيقول: فإني أنساك كما نَسِيتَني، ثم يلقى الثاني فيقول: أيْ فُل أَلَم أُكْرِمْك، وأُسَوِّدْك، وأُزَوِّجك، وأُسَخِّر لك الخيل والإبل، وأَذَرْك تَرْأَس، وتَرْبَع؟ فيقول: بلى، أيْ ربِّ فيقول: أفظننتَ أنك مُلاقِي؟ فيقول: لا، فيقول: فإني أنساك كما نَسِيتَني، ثم يلقى الثالث، فيقول له مثل ذلك، فيقول: يا ربِّ آمنتُ بك، وبكتابك، وبرسلك، وصليتُ، وصمتُ، وتصدَّقتُ، ويُثني بخير ما استطاع، فيقول: هاهنا إذًا، قال: ثم يقال له: الآن نبعث شاهدَنا عليك، ويتفكَّر في نفسه: مَن ذا الذي يَشهد عليَّ؟ فيُختَم على فيه، ويقال لفَخِذه ولحمه وعظامه: انطِقي، فِتِنْطِق فخِذه ولحمه وعظامه بعمله، وذلك ليُعْذِرَ من نفسه، وذلك المنافق وذلك الذي يسخط الله عليه."
10414,1,1,Sahih al-Bukhari,Revelation,10414,,عن أبي هريرة رضي الله عنه قال: قال رسول الله صلى الله عليه وسلم : «الإيمانُ يمانٍ والحِكمةُ يمانِيَة، وأَجد نَفَسَ الرحمن من قِبَل اليمن، أَلَا إنَّ الكفرَ والفسوقَ وقسوةَ القلب في الفَدَّادين أصحاب المَعِز والوَبَر».
10415,1,1,Sahih al-Bukhari,Revelation,10415,,عن عبد الله بن عمرو رضي الله عنهما قال: سمعت رسول الله صلى الله عليه وسلم يقول: «إنَّ اللهَ عزَّ وجلَّ خلق خَلْقَه في ظُلْمة، فألقى عليهم من نوره، فمَن أصابه مِن ذلك النور اهتدى، ومَن أخطأه ضلَّ»، فلذلك أقول: جَفَّ القلم على علم الله.
10416,1,1,Sahih al-Bukhari,Revelation,10416,,عن أبي هريرة رضي الله عنه روايةً قال: «للهِ تسعةٌ وتسعون اسمًا، مائةً إلَّا واحدًا، لا يحفظُها أحدٌ إلَّا دخل الجنةَ، وهو وِترٌ يحبُّ الوِتر».
10417,1,1,Sahih al-Bukhari,Revelation,10417,,عن ابن عمر رضي الله عنهما ، عن النبي صلى الله عليه وسلم ، قال: «خرج ثلاثةُ نَفَرٍ يمشون فأصابهم المَطَر، فدَخَلوا في غارٍ في جبَل، فانْحَطَّت عليهم صَخْرةٌ، قال: فقال بعضُهم لبعض: ادعوا اللهَ بأفضلِ عَمَلٍ عَمِلتموه، فقال أحدُهم: اللهمَّ إني كان لي أبَوَانِ شَيْخانِ كبيران، فكنتُ أخرج فَأَرْعى، ثم أَجيء فأحْلِب فأجيء بالحِلاب، فآتي به أبويَّ فيَشْربان، ثم أسِقِيَ الصِّبْيَة وأهلي وامرأتي، فاحتَبَستُ ليلة، فجئتُ فإذا هما نائمان، قال: فكرهتُ أن أُوقِظَهما، والصِّبية يَتَضَاغَوْن عند رِجْلي، فلم يزل ذلك دَأْبي ودَأْبَهما، حتى طلَع الفجر، اللهم إن كنتَ تَعْلَمُ أنِّي فعلتُ ذلك ابْتغاء وجهِك، فافرُجْ عنا فُرْجة نرى منها السماء، قال: فَفُرِج عنهم، وقال الآخر: اللهم إن كنتَ تعلم أني كنتُ أُحبُّ امرأةً مِن بنات عمي كأشَدِّ ما يُحبُّ الرجلُ النساء، فقالت: لا تَنال ذلك منها حتى تعطيها مائة دينار، فسَعيْتُ فيها حتى جَمَعتُها، فلما قَعَدتُ بيْن رِجليْها قالت: اتقِ الله ولا تَفُضَّ الخاتَمَ إلا بحقِّه، فقمتُ وتركتُها، فإن كنتَ تعْلَم أنِّي فعلتُ ذلك ابتغاء وجهِك، فافرُجْ عنا فُرْجَة، قال: ففُرِج عنهم الثُّلُثيْنِ، وقال الآخر: اللهم إن كنتَ تعْلَم أني اسْتَأجَرْتُ أجيرًا بفَرَق من ذُرَة فأعْطيتُه، وأَبَى ذاك أنْ يأخُذَ، فعَمَدتُ إلى ذلك الفَرَق فزرعتُه، حتى اشتريتُ منه بقرًا وراعِيها، ثم جاء فقال: يا عبد الله أعْطِني حَقِّي، فقلتُ: انطلقْ إلى تلك البقر وراعِيها فإنها لك، فقال: أتستهْزِئ بي؟ قال: فقلت: ما أستهزئ بك ولكنها لك، اللهم إن كنتَ تعلم أنِّي فعلتُ ذلك ابتغاء وجهك، فافْرُجْ عنا فكُشِف عنهم».
10418,1,1,Sahih al-Bukhari,Revelation,10418,,عن ابن مسعود رضي الله عنه قال: قال رسول الله صلى الله عليه وسلم : «رأيتُ جِبريلَ على سِدْرة المُنْتَهى، وله ستُّ مائة جَناح» قال: سألتُ عاصمًا، عن الأجنحة؟ فأبى أن يخبرني، قال: فأخبرني بعض أصحابه: «أنَّ الجَناح ما بين المشرق والمغرب».
10419,1,1,Sahih al-Bukhari,Revelation,10419,,عن ابن مسعود رضي الله عنه أنه قال في هذه الآية: {ولقد رآه نَزْلَةً أُخرى} [النجم: 13]، قال رسول الله صلى الله عليه وسلم : «رأيتُ جبريلَ عند سِدْرةِ المُنْتَهى، عليه ستُّمائة جَناح، يَنْتَثِرُ من رِيشِه التَّهاوِيلُ: الدُّرُّ والياقُوتُ».
10420,1,1,Sahih al-Bukhari,Revelation,10420,,عن مسروق، قال: كنتُ مُتَّكئًا عند عائشة، فقالت: يا أبا عائشة، ثلاثٌ مَن تكلَّم بواحدةٍ منهن فقد أَعظَمَ على اللهِ الفِرْيةَ، قلتُ: ما هن؟ قالت: مَن زعم أنَّ محمدًا صلى الله عليه وسلم رأى ربَّه فقد أعظم على الله الفِرْيةَ، قال: وكنتُ مُتَّكئًا فجلستُ، فقلتُ: يا أمَّ المؤمنين، أَنْظِريني، ولا تَعْجَليني، أَلَم يقل اللهُ عز وجل : {ولقد رآه بالأُفُق المُبين} [التكوير: 23]، {ولقد رآه نَزْلَةً أخرى} [النجم: 13]؟ فقالت: أنا أولُ هذه الأمَّة سأل عن ذلك رسولَ الله صلى الله عليه وسلم ، فقال: «إنما هو جبريلُ، لم أَرَه على صُورتِه التي خُلق عليها غير هاتين المرَّتين، رأيتُه مُنهبِطًا من السماء سادًّا عِظَمُ خَلقِه ما بيْن السماء إلى الأرض»، فقالت: أَوَلَم تسمع أنَّ الله يقول: {لا تُدْرِكه الأبصارُ وهو يُدْرِكُ الأبصارَ وهو اللطيفُ الخبيرُ} [الأنعام: 103]، أَوَلَم تسمع أنَّ الله يقول: {وما كان لبشرٍ أن يُكلِّمه اللهُ إلا وحيًا أو من وراء حِجاب أو يُرسلُ رسولا فيوحيَ بإذنه ما يشاء إنَّه عَلِيٌّ حَكِيمٌ} [الشورى: 51]، قالت: ومَن زعم أنَّ رسول الله صلى الله عليه وسلم كَتَم شيئا مِن كتاب الله، فقد أعْظَم على الله الفِرْيةَ، واللهُ يقول: {يا أيها الرسول بَلِّغْ ما أُنزِل إليك من ربك وإن لم تفعلْ فما بلَّغتَ رسالتَه} [المائدة: 67]، قالت: ومَن زعم أنه يُخبر بما يكون في غدٍ، فقد أعْظَم على الله الفِرْيةَ، والله يقول: {قل لا يعلمُ مَنْ في السماوات والأرضَ الغيبَ إلَّا الله} [النمل: 65].
10421,1,1,Sahih al-Bukhari,Revelation,10421,,عن ابن شِهاب أنَّ عُمر بن عبد العزيز أخَّرَ العصرَ شيئًا، فقال له عُروة: أمَا إنَّ جبريلَ قد نزل فصلَّى إمامَ رسول الله صلى الله عليه وسلم ، فقال عمرُ: اعلمْ ما تقولُ يا عُروة قال: سمعتُ بَشِير بن أبي مسعود يقول: سمعتُ أبا مسعود يقول: سمعتُ رسول الله صلى الله عليه وسلم يقول: «نَزَل جبريلُ فأمَّني، فصلَّيتُ معه، ثم صَلَّيتُ معه، ثم صَلَّيتُ معه، ثم صَلَّيتُ معه، ثم صَلَّيتُ معه» يحسِبُ بأصابعِه خمسَ صَلَواتٍ.
10422,1,1,Sahih al-Bukhari,Revelation,10422,,عن جابر رضي الله عنه قال: قال رسول الله صلى الله عليه وسلم : «ليلةَ أُسْرِيَ بي مررتُ على جبريل في المَلَأ الأعلى كالحِلْسِ البالي مِن خَشيةِ الله عز وجل ».
10543,1,1,Sahih al-Bukhari,Revelation,10543,,عن عائشة رضي الله عنها قالت: «كان رسول الله صلى الله عليه وسلم يَنَام وهو جُنُب من غِير أن يَمَسَّ ماء».
10545,1,1,Sahih al-Bukhari,Revelation,10545,,عن أبي سعيد الخدري رضي الله عنه ، قال: قال رسول الله صلى الله عليه وسلم : «كيف أَنْعَمُ وقدِ الْتَقَمَ صاحبُ القَرْنِ القَرْنَ وحَنَى جَبهتَه وأَصْغَى سمعَه ينتظرُ أنْ يُؤمَرَ أنْ يَنْفُخَ فينفخُ» قال المسلمون: فكيف نقولُ يا رسولَ الله؟ قال: «قولوا: حسبُنا اللهُ ونِعْمَ الوَكيلُ توكَّلنا على اللهِ ربِّنا» وربما قال سفيان: على الله توكَّلنا.
10546,1,1,Sahih al-Bukhari,Revelation,10546,,عن جابر بن عبد الله رضي الله عنهما ، عن النبي صلى الله عليه وسلم قال: «أُذِنَ لي أنْ أُحَدِّثَ عن مَلَك مِن ملائكة الله مِن حَمَلَةِ العَرْش، إنَّ ما بين شَحْمةِ أُذُنِه إلى عاتِقِه مَسِيرةُ سبعِمائة عام».
10548,1,1,Sahih al-Bukhari,Revelation,10548,,عن عائشة قالت: كان رسولُ الله صلى الله عليه وسلم مُضْطجِعًا في بيتي، كاشفًا عن فَخِذَيْه، أو ساقَيْه، فاسْتأذَن أبو بكر فأذِنَ له، وهو على تلك الحال، فتحدَّثَ، ثم اسْتأذَن عُمر، فأذِن له، وهو كذلك، فتحدَّث، ثم اسْتأذَن عثمان، فجلس رسول الله صلى الله عليه وسلم ، وسوَّى ثِيابه -قال محمد: ولا أقول ذلك في يوم واحد- فَدَخَل فتحدَّث، فلمَّا خرج قالت عائشة: دخل أبو بكر فلم تَهْتَشَّ له ولم تُبَالِه، ثم دخل عمر فلم تَهْتَشَّ له ولم تُبَالِه، ثم دخل عثمان فجلستَ وسوَّيتَ ثيابك فقال: «ألا أسْتَحِي من رجل تَسْتَحِي منه الملائكةُ».
10549,1,1,Sahih al-Bukhari,Revelation,10549,,عن عبد الله بن الزبير رضي الله عنهما قال: سمعتُ رسول الله صلى الله عليه وسلم يقول: وقد كان الناسُ انهزموا عن رسول الله صلى الله عليه وسلم حتى انتهى بعضُهم إلى دُون الأَعْراض على جبلٍ بناحيةِ المدينة، ثم رجعوا إلى رسول الله صلى الله عليه وسلم وقد كان حَنْظَلة بن أبي عامر الْتَقَى هو وأبو سفيان بن حرْب، فلمَّا اسْتَعْلاه حَنْظَلة رآه شَدَّاد بن الأسْود، فعَلَاه شَدَّاد بالسيْف حتى قتله، وقد كاد يَقْتل أبا سفيان، فقال رسول الله صلى الله عليه وسلم : «إنَّ صاحبَكم حَنْظَلةُ تُغَسِّلُه الملائكةُ، فسَلُوا صاحبتَه»، فقالت: خرج وهو جُنُبٌ لما سمِع الهائِعَة، فقال رسول الله صلى الله عليه وسلم : «فذاك قد غَسَّلَتْه الملائكةُ».
10550,1,1,Sahih al-Bukhari,Revelation,10550,,عن أبي بن كعب، عن النبي صلى الله عليه وسلم قال: «لما تُوُفِّيَ آدمُ غَسَّلَتْه الملائكةُ بالماء وِتْرًا، وأَلْحَدُوا له، وقالوا: هذه سُنَّةُ آدَمَ في وَلَدِه».
10551,1,1,Sahih al-Bukhari,Revelation,10551,,عن أبي هريرة رضي الله عنه قال: قال النبي صلى الله عليه وسلم : «إذا كان يوم الجمعة وقَفَتِ الملائكةُ على باب المسجد يَكْتُبون الأوّلَ فالأوّلَ، ومَثَلُ المُهَجِّر كمثل الذي يُهْدي بَدَنةً، ثم كالذي يُهْدي بقرة، ثم كَبْشا، ثم دَجاجة، ثم بَيضة، فإذا خرج الإمام طَوَوُا صُحُفَهم، ويسْتَمعون الذِّكرَ».
10552,1,1,Sahih al-Bukhari,Revelation,10552,,عن أبي سعيد الخدري رضي الله عنه : أنَّ أُسَيْد بن حُضَيْر بينما هو ليلةً يَقْرأ في مَرْبَدِه، إذ جالَتْ فَرَسُه، فقرأ، ثم جالَتْ أخرى، فقرأ، ثم جالَتْ أيضا، قال أُسَيْد: فخشيتُ أن تَطَأَ يحيى، فقمتُ إليها، فإذا مِثلُ الظُّلَّة فوق رأسي فيها أَمْثال السُّرُج، عَرَجَتْ في الجَوِّ حتى ما أراها، قال: فغدوتُ على رسول الله صلى الله عليه وسلم ، فقلت: يا رسول الله بينما أنا البارِحَةَ من جَوْف الليل أقرأ في مِرْبَدي، إذ جالَتْ فَرَسي، فقال رسول الله صلى الله عليه وسلم : «اقرأ ابنَ حُضَيْر» قال: فقرأتُ، ثم جالَتْ أيضًا، فقال رسول الله صلى الله عليه وسلم : «اقرأ ابنَ حُضَيْر» قال: فقرأتُ، ثم جالَتْ أيضًا، فقال رسول الله صلى الله عليه وسلم : «اقرأ ابنَ حُضَيْر» قال: فانصرفتُ، وكان يحيى قريبًا منها، خشيتُ أن تَطَأَه، فرأيتُ مثل الظُّلَّة فيها أمْثال السُّرُج، عَرَجَتْ في الجَوِّ حتى ما أراها، فقال رسول الله صلى الله عليه وسلم : «تلك الملائكةُ كانت تستمِعُ لك، ولو قرأتَ لأصبحَتْ يراها الناسُ ما تَسْتَتِرُ منهم».
10553,1,1,Sahih al-Bukhari,Revelation,10553,,عن عبد الله بن مسعود رضي الله عنه قال: قال رسول الله صلى الله عليه وسلم : «إنَّ لله ملائكةً سَيَّاحين في الأرضِ يُبَلِّغوني مِن أُمَّتِي السَّلامَ».
10554,1,1,Sahih al-Bukhari,Revelation,10554,,عن ابن عباس رضي الله عنهما أن النبي صلى الله عليه وسلم قال يوم بدر: «هذا جبريلُ، آخذٌ برأس فَرَسِه، عليه أَدَاةُ الحَرْب».
10555,1,1,Sahih al-Bukhari,Revelation,10555,,"عن ابن عباس رضي الله عنه قال: لمَّا كان يومُ بدْر نظر رسولُ الله صلى الله عليه وسلم إلى المشركين وهم ألف، وأصحابه ثلاثُمائة وتسعة عشر رجلا، فاستقبل نبيُّ الله صلى الله عليه وسلم القبلةَ، ثم مدَّ يديْه، فجعل يَهْتِف بربِّه: «اللهمَّ أَنْجِزْ لي ما وعدْتَني، اللهم آتِ ما وعدْتَني، اللهمَّ إنْ تَهْلِك هذه العِصابةُ من أهْل الإسلام لا تُعْبَد في الأرض»، فما زال يَهْتِف بربِّه، مادًّا يديْه مستقبلَ القِبلة، حتى سقط رِداؤه عن مَنْكبيه، فأتاه أبو بكر فأخذ رِداءه، فألقاه على مَنْكبيه، ثم التَزَمه مِن وَرَائه، وقال: يا نبيَّ الله، كفاك مناشَدَتَك ربَّك، فإنَّه سيُنْجِز لك ما وعَدَك، فأنزل الله عز وجل : {إذ تستغيثون ربَّكم فاستجاب لكم أنِّي مُمِدُّكم بألف من الملائكة مُرْدِفين} [الأنفال: 9] فأمدَّه اللهُ بالملائكة، قال أبو زميل: فحدثني ابن عباس، قال: بينما رجلٌ من المسلمين يومئذ يشتَدُّ في أَثَر رَجُلٍ من المشركين أمامه، إذ سَمِع ضربةً بالسَّوْط فَوْقَه وصَوْت الفارس يقول: أقدِم حَيْزُوم، فنَظَر إلى المشرك أمامه فخَرَّ مُسْتَلْقيًا، فنظر إليه فإذا هو قد خُطِمَ أنفُه، وشُقَّ وجهُه، كضرْبة السَّوْط فاخْضَرَّ ذلك أجمعُ، فجاء الأنصاري، فحدَّث بذلك رسولَ الله صلى الله عليه وسلم ، فقال: «صدَقْتَ، ذلك مِن مَدَدِ السماء الثالثة»، فقَتَلوا يومئذ سبعين، وأَسَروا سبعين، قال أبو زميل، قال ابن عباس: فلمَّا أَسَروا الأُسارى، قال رسول الله صلى الله عليه وسلم لأبي بكر وعمر: «ما تَرَوْن في هؤلاء الأُسارى؟» فقال أبو بكر: يا نبي الله، هم بنو العَمِّ والعَشِيرة، أَرَى أن تَأْخُذ منهم فِدْيَةً فتكون لنا قوَّةً على الكفار، فعسى اللهُ أنْ يهديَهم للإسلام، فقال رسول الله صلى الله عليه وسلم : «ما تَرى يا ابنَ الخطَّاب؟» قلت: لا واللهِ يا رسول الله، ما أرى الذي رأى أبو بكر، ولكني أرى أنْ تُمَكِنَّا فَنَضْرب أعناقَهم، فتُمَكِّنْ عليًّا من عَقِيل فيضرب عنقَه، وتُمَكِّنِّي من فلان نسيبًا لعمر، فأضرب عنُقه، فإن هؤلاء أئمةُ الكفر وصَناديدُها، فهَوِيَ رسول الله صلى الله عليه وسلم ما قال أبو بكر، ولم يَهْوَ ما قلتُ، فلمَّا كان من الغَدِ جئتُ، فإذا رسولُ الله صلى الله عليه وسلم وأبو بكر قاعدين يبكيان، قلتُ: يا رسول الله، أخبرني مِن أي شيء تبكي أنت وصاحبُك؟ فإن وجدتُ بكاءً بكيْتُ، وإن لم أجد بكاء تَباكيْتُ لِبُكائكما، فقال رسول الله صلى الله عليه وسلم : "" أبكي للذي عُرِضَ على أصحابك مِن أخذِهم الفِداء، لقد عُرِضَ عليَّ عذابَهم أدْنى مِن هذه الشجرة -شجرةً قريبةً من نبي الله صلى الله عليه وسلم- وأنزل الله عز وجل : {ما كان لِنَبِيٍّ أن يكون له أَسرى حتى يُثْخِنَ في الأرض} [الأنفال: 67] إلى قوله {فكلوا مما غَنِمْتُم حلالا طيِّبا} [الأنفال: 69] فأحلَّ الله الغنيمةَ لهم."
10556,1,1,Sahih al-Bukhari,Revelation,10556,,عن عائشة رضي الله عنها قالت: لمَّا رجعَ النبيُّ صلى الله عليه وسلم من الخَنْدَق، ووَضَعَ السِّلاحَ واغتسل، أتاه جِبْريلُ -عليه السلام-، فقال: «قد وضعتَ السِّلاحَ؟ واللهِ ما وضَعْناه، فاخرُج إليهم قال: فإلى أيْنَ؟ قال: ها هُنا، وأشار إلى بَنِي قُرَيْظَةَ، فخرج النبيُّ صلى الله عليه وسلم إليهم».
10557,1,1,Sahih al-Bukhari,Revelation,10557,,عن أنس رضي الله عنه قال: «كأنِّي أنظر إلى الغُبار ساطِعًا في زُقَاق بني غَنْم، مَوْكبَ جبريلَ -صلوات الله عليه- حين سار رسولُ الله صلى الله عليه وسلم إلى بني قُرَيْظَة».
10558,1,1,Sahih al-Bukhari,Revelation,10558,,عن أبي هريرة رضي الله عنه ، قال أبو جهل: هل يُعَفِّر محمدٌ وجهَه بين أَظْهُركم؟ قال فقيل: نعم، فقال: واللَّات والعُزَّى لَئِن رأيتُه يفعل ذلك لأَطَأَنَّ على رقبتَه، أو لأُعَفِّرنَّ وجهَه في التراب، قال: فأتى رسولَ الله صلى الله عليه وسلم وهو يصلِّي، زَعَم لَيَطَأ على رقبته، قال: فما فَجِئَهم منه إلا وهو يَنْكِصُ على عَقِبَيْه ويتَّقي بيديْه، قال: فقيل له: ما لك؟ فقال: إنَّ بيْني وبيْنه لخَنْدَقًا من نار وهَوْلًا وأجنِحة، فقال رسول الله صلى الله عليه وسلم : «لو دنا منِّي لاخْتَطفَتْه الملائكةُ عُضْوًا عُضْوًا» قال: فأنزل اللهُ -عزَّ وجلَّ- -لا ندري في حديث أبي هريرة، أو شيء بلغه -: {كَلَّا إِنَّ الْإِنْسَانَ لَيَطْغَى، أَنْ رَآهُ اسْتَغْنَى، إِنَّ إِلَى رَبِّكَ الرُّجْعَى، أَرَأَيْتَ الَّذِي يَنْهَى، عَبْدًا إِذَا صَلَّى، أَرَأَيْتَ إِنْ كَانَ عَلَى الْهُدَى، أَوْ أَمَرَ بِالتَّقْوَى، أَرَأَيْتَ إِنْ كَذَّبَ وَتَوَلَّى} [العلق: 7]- يعني أبا جهل - {أَلَمْ يَعْلَمْ بِأَنَّ اللَّهَ يَرَى، كَلَّا لَئِنْ لَمْ يَنْتَهِ لَنَسْفَعًا بِالنَّاصِيَةِ، نَاصِيَةٍ كَاذِبَةٍ خَاطِئَةٍ، فَلْيَدْعُ نَادِيَهُ، سَنَدْعُ الزَّبَانِيَةَ، كَلَّا لَا تُطِعْهُ} [العلق: 14]، زاد عبيد الله -أحد الرواة- في حديثه قال: وأمره بما أمره به. وزاد ابن عبد الأعلى -راوٍ آخر-: {فَلْيَدْعُ نَادِيَهُ} [العلق: 17]، يعني قومه.
10559,1,1,Sahih al-Bukhari,Revelation,10559,,عن ابن عمر رضي الله عنهما ، عن رسول الله صلى الله عليه وسلم قال: «هذا الذي تحرَّكَ له العرشُ، وفُتِحَتْ له أبوابُ السماءِ، وشَهِدَه سبعون ألفًا من الملائكة، لقد ضُمَّ ضَمَّةً، ثم فُرِّجَ عنه».
10560,1,1,Sahih al-Bukhari,Revelation,10560,,عن أبي هريرة رضي الله عنه قال: قال رسول الله صلى الله عليه وسلم : «على أَنْقَابِ المدينةِ ملائكةٌ لا يدخلُها الطَّاعونُ، ولا الدَّجَّالُ».
10561,1,1,Sahih al-Bukhari,Revelation,10561,,عن زيد بن ثابت رضي الله عنه ، قال: كنَّا عند رسول الله صلى الله عليه وسلم نُؤَلِّفُ القرآنَ من الرِّقاع، فقال رسول الله صلى الله عليه وسلم : «طُوبَى للشَّام»، فقلنا: لأيٍّ ذلك يا رسولَ الله؟ قال: «لأنَّ ملائكةَ الرحمن باسطةٌ أجنحتَها عليها».
10562,1,1,Sahih al-Bukhari,Revelation,10562,,عن ابن عمر رضي الله عنهما قال: قال رسول الله صلى الله عليه وسلم : «إذا طلعَ حاجبُ الشمس فدَعُوا الصلاةَ حتى تَبْرُزَ، وإذا غاب حاجبُ الشمس فدَعُوا الصلاةَ حتى تغيبَ، ولا تَحَيَّنُوا بصلاتِكم طُلُوعَ الشمسِ ولا غروبَها، فإنَّها تطلُعُ بيْن قَرْنَيْ شيطان، أو الشيطان».
10563,1,1,Sahih al-Bukhari,Revelation,10563,,عن أبي هريرة رضي الله عنه أنَّه كان يَحمِل مع النبي صلى الله عليه وسلم إدَاوَة لوَضوئِه وحاجَتِه، فَبَيْنَما هو يتْبَعُه بها، فقال: «مَنْ هذا؟» فقال: أنا أبو هريرة، فقال: «ابْغِني أحجارًا أسْتَنْفِض بها، ولا تأتِني بعَظْم ولا بِرَوْثَة». فأتيتُه بأحجار أحْمِلها في طرَف ثوبي، حتى وضعتُها إلى جَنْبه، ثم انصرفتُ حتى إذا فَرَغ مشيْتُ، فقلتُ: ما بالُ العَظْم والرَّوْثَة؟ قال: «هما مِنْ طعام الجِنِّ، وإنه أتاني وَفْدُ جِنِّ نَصِيبين، ونِعْمَ الجن، فسألوني الزَّادَ، فدَعَوْتُ اللهَ لهم أن لا يَمُرُّوا بعَظْم ولا برَوْثة إلَّا وجدوا عليها طعامًا».
10564,1,1,Sahih al-Bukhari,Revelation,10564,,عن بريدة رضي الله عنه ، قال: خرج رسول الله صلى الله عليه وسلم في بعض مَغَازيه، فلما انصرف جاءت جاريةٌ سوداءُ، فقالت: يا رسولَ الله إنِّي كنتُ نَذَرْتُ إنْ رَدَّك اللهُ سالِمًا أنْ أضربَ بيْن يديْك بالدُّفِّ وأتغنَّى، فقال لها رسول الله صلى الله عليه وسلم : «إنْ كنتِ نَذَرْتِ فاضرِبي، وإلَّا فلا». فجَعَلَتْ تَضْرِب، فدخل أبو بكر وهي تضرِب، ثم دخل عليٌّ وهي تضرِب، ثم دخل عثمان وهي تضرِب، ثم دخل عمر فألقتِ الدُّفَّ تحت اسْتِها، ثم قَعَدت عليه، فقال رسول الله صلى الله عليه وسلم : «إنَّ الشيطانَ لَيَخافُ منك يا عمر، إنِّي كنتُ جالسًا وهي تضرِب، فدخل أبو بكر وهي تضرِب، ثم دخل عليٌّ وهي تضرب، ثم دخل عثمان وهي تضرِب، فلمَّا دخلتَ أنت يا عمر ألقتِ الدُّفَّ».
10566,1,1,Sahih al-Bukhari,Revelation,10566,,عن سعد بن أبي وقاص رضي الله عنه ، قال: استأذن عمرُ على رسول الله صلى الله عليه وسلم وعنده نساءٌ من قريش يُكَلِّمْنَه ويَسْتَكْثِرْنَه، عاليةً أصواتهن، فلما استأذن عمر قُمْنَ يَبْتَدِرْنَ الحجابَ، فأذِنَ له رسولُ الله صلى الله عليه وسلم ورسول الله صلى الله عليه وسلم يضْحَك، فقال عمر: أضْحَكَ اللهُ سِنَّك يا رسولَ الله، قال: «عَجِبتُ من هؤلاء اللَّاتي كُنَّ عندي، فلمَّا سَمِعْنَ صوتَك ابْتَدَرْنَ الحجابَ» قال عمر: فأنت يا رسولَ الله كنتَ أحقَّ أنْ يَهَبْنَ، ثم قال: أيْ عَدُوَّاتِ أنفسِهن، أَتَهَبْنَني ولا تَهَبْنَ رسولَ الله صلى الله عليه وسلم ؟ قلن: نعم، أنت أَفَظُّ وأغلظُ مِنْ رسول الله صلى الله عليه وسلم ، قال رسول الله صلى الله عليه وسلم : «والذي نفسي بيدِه، ما لَقِيَكَ الشيطانُ قَطُّ سالكًا فَجًّا إلَّا سَلَكَ فَجًّا غيرَ فَجِّكَ».
10567,1,1,Sahih al-Bukhari,Revelation,10567,,عن عامر، قال: سألتُ عَلْقَمةَ: هل كان ابنُ مسعود شَهِدَ مع رسول الله صلى الله عليه وسلم ليلةَ الجنِّ؟ قال: فقال عَلْقَمةُ، أنا سألتُ ابنَ مسعود فقلتُ: هل شَهِدَ أحدٌ منكم مع رسول الله صلى الله عليه وسلم ليلةَ الجنِّ؟ قال: لا، ولكنَّا كنَّا مع رسول الله ذاتَ ليلة ففَقَدْناه فالتمسناه في الأودية والشِّعاب. فقلنا: استُطِير أو اغْتِيل. قال: فبِتْنَا بِشَرِّ ليلة بات بها قومٌ، فلما أصبحْنا إذا هو جاء من قِبَل حِرَاء. قال: فقلنا يا رسول الله فقدْناك فطلبْناك فلم نجدْك، فبِتْنَا بِشَرِّ ليلة بات بها قوم. فقال: «أتاني داعي الجنِّ فذهبتُ معه فقرأتُ عليهم القرآنَ» قال: فانطلقَ بنا فأرانا آثارَهم وآثارَ نِيرانِهم وسألوه الزاد فقال: «لكم كلُّ عظم ذُكر اسمُ الله عليه يقع في أيديكم أوفر ما يكون لحمًا، وكلُّ بَعْرة عَلَفٌ لدوابِّكم» . فقال رسول الله صلى الله عليه وسلم : «فلا تسْتَنْجُوا بهما فإنَّهما طعامُ إخوانِكم».
10568,1,1,Sahih al-Bukhari,Revelation,10568,,عن أبي موسى رضي الله عنه قال: قال رسول الله صلى الله عليه وسلم : «فَنَاءُ أُمَّتي بالطَّعْن والطَّاعون». فقيل: يا رسول الله، هذا الطَّعْنُ قد عَرَفْناه، فما الطَّاعون؟ قال: «وَخْزُ أعدائِكم مِن الجِنِّ، وفي كلٍّ شُهَداء».
10569,1,1,Sahih al-Bukhari,Revelation,10569,,عن جابر رضي الله عنه ، قال: قال رسول الله صلى الله عليه وسلم : «إنَّ إبليسَ يضعُ عرْشَه على الماء، ثم يَبْعَث سَراياه، فأدْناهم منه منزِلةً أعظمُهم فتنةً، يجيء أحدهم فيقول: فعلتُ كذا وكذا، فيقول: ما صنعتَ شيئًا. قال: ثم يجيء أحدهم فيقول: ما تركتُه حتى فَرَّقتُ بينه وبين امرأتِه، قال: فيُدْنِيه منه ويقول: نعم أنت». قال الأعمش: أراه قال: «فيَلْتَزِمُه».
10570,1,1,Sahih al-Bukhari,Revelation,10570,,عن عائشة رضي الله عنها قالت: سَحَرَ رسولَ الله صلى الله عليه وسلم رجلٌ من بني زُرَيق، يقال له لَبِيد بن الأَعْصَم، حتى كان رسول الله صلى الله عليه وسلم يُخَيَّل إليه أنه كان يَفْعل الشيء وما فَعَله، حتى إذا كان ذاتَ يوم أو ذات ليلة وهو عندي، لكنه دَعا ودَعا، ثم قال: «يا عائشة، أَشَعَرْتِ أنَّ اللهَ أفتاني فيما استَفْتَيْتُه فيه، أتاني رجلان، فقَعَد أحدُهما عند رأسي، والآخر عند رِجْلي، فقال أحدهما لصاحبه: ما وَجَعُ الرجل؟ فقال: مَطْبوب، قال: مَن طَبَّه؟ قال: لَبِيد بن الأَعْصَم، قال: في أي شيء؟ قال: في مِشْطٍ ومُشَاطة، وجُفِّ طَلْعِ نخلةٍ ذَكَرٍ. قال: وأين هو؟ قال: في بئر ذَرْوان» فأتاها رسول الله صلى الله عليه وسلم في ناس من أصحابه، فجاء فقال: «يا عائشة، كأنَّ ماءَها نُقَاعَة الحِنَّاء، أو كأنَّ رءوس نخلها رءوس الشياطين» قلت: يا رسول الله: أفلا استخرجتَه؟ قال: «قد عافاني الله، فكرِهتُ أن أُثَوِّرَ على الناس فيه شرًّا» فأمر بها فدُفِنَت.
10571,1,1,Sahih al-Bukhari,Revelation,10571,,عن زيد بن أرقم رضي الله عنه ، عن رسول الله صلى الله عليه وسلم قال:«إنَّ هذه الحُشُوشَ مُحْتَضَرَةٌ، فإذا أتى أحدُكم الخَلَاءَ فَلْيَقُلْ: أعوذُ باللهِ مِنَ الخُبُثِ والخَبَائث».
10572,1,1,Sahih al-Bukhari,Revelation,10572,,عن أبي هريرة رضي الله عنه قال: قال رسول الله صلى الله عليه وسلم : «إذا قَرَأ ابنُ آدم السجدةَ فسجد اعْتَزَل الشيطانُ يبكي، يقول: يا وَيْلَه -وفي روايةٍ: يا وَيْلي- أُمِر ابنُ آدمَ بالسجودِ فسجدَ فله الجنة، وأُمِرتُ بالسجود فأبَيْتُ فَلِيَ النارُ».
10573,1,1,Sahih al-Bukhari,Revelation,10573,,عن ابن جُبير، قال: قَدِم علينا أبو جُمعة الأنصاري، قال: كنَّا مع رسول الله صلى الله عليه وسلم ومَعَنا معاذ بن جَبَل عاشرَ عشرةٍ فقلنا: يا رسول الله هل مِن أَحَدَ أعْظَمُ مِنَّا أجرًا، آمنَّا بك واتَّبَعْناك؟ قال: «وما يَمْنَعُكم من ذلك ورسولُ الله بيْن أَظْهُرِكم، يأتيكم بالوَحْي من السماء؟ بل قومٌ يأتون مِنْ بَعْدِكم يأتيهم كتابٌ بيْن لَوْحَيْن فيؤمنون به ويعملون بما فيه، أولئك أعظمُ منكم أجرًا».
10574,1,1,Sahih al-Bukhari,Revelation,10574,,عن زيد بن ثابت الأنصاري -رضي الله عنه، وكان ممَّن يكتب الوحيَ- قال: أرسلَ إليَّ أبو بكر مَقتلَ أهلِ اليَمَامة وعنده عمر، فقال أبو بكر: إنَّ عمر أتاني، فقال: إن القتلَ قد اسْتَحَرَّ يوم اليَمَامة بالناس، وإنِّي أخشى أنْ يَسْتَحِرَّ القتلُ بالقُرَّاء في المواطن، فيذهب كثيرٌ من القرآن إلَّا أنْ تجْمعوه، وإنِّي لأَرى أنْ تَجْمع القرآنَ. قال أبو بكر: قلتُ لعمر: «كيف أفعلُ شيئًا لم يفعله رسولُ الله صلى الله عليه وسلم ؟» فقال عمر: هو واللهِ خيرٌ. فلم يزَلْ عمر يُراجعني فيه حتى شَرَحَ اللهُ لذلك صَدري، ورأيتُ الذي رأى عمر، قال زيد بن ثابت: وعمرُ عنده جالسٌ لا يتكلَّم، فقال أبو بكر: إنك رجلٌ شابٌّ عاقلٌ، ولا نَتَّهِمُك، كنتَ تكتبُ الوحيَ لرسول الله صلى الله عليه وسلم ، فتَتَبَّعِ القرآنَ فاجْمعه، فواللهِ لو كلَّفني نَقْلَ جبل من الجبال ما كان أثقلَ عليَّ ممَّا أمرني به مِن جَمْعِ القرآن، قلت: كيف تفعلان شيئًا لم يفعله النبي صلى الله عليه وسلم ؟ فقال أبو بكر: هو واللهِ خيرٌ، فلم أزَلْ أراجعه حتى شرح اللهُ صدري للذي شرحَ اللهُ له صدرَ أبي بكر وعمر، فقمتُ فتتبَّعتُ القرآنَ أجمعُه من الرِّقَاع والأكتاف، والعُسُب وصدور الرجال، حتى وجدتُ من سورة التوبة آيتيْن مع خُزيمة الأنصاري لم أجدْهما مع أحد غيره، {لقد جاءكم رسولٌ من أنفسِكم عزيزٌ عليه ما عَنِتُّم حريصٌ عليكم} [التوبة: 128] إلى آخرهما، وكانت الصُّحُفُ التي جُمِعَ فيها القرآنُ عند أبي بكر حتى توفَّاه اللهُ، ثم عند عمر حتى توفَّاه الله، ثم عند حفصة بنت عمر.
10575,1,1,Sahih al-Bukhari,Revelation,10575,,عن ابن شهاب أنَّ أنس بن مالك حدثه: أنَّ حُذيفة بن اليَمان قدِم على عثمان وكان يُغازي أهل الشام في فتْح أَرْمِيِنيَّة، وأَذْرَبِيجان مع أهل العراق، فأفْزَع حذيفةَ اختلافُهم في القراءة، فقال حُذيفة لعثمان: يا أمير المؤمنين، أدْرِكْ هذه الأمةَ، قبل أنْ يختلفوا في الكتاب اختلافَ اليهود والنصارى، فأرسل عثمانُ إلى حفصة: «أنْ أرسلي إلينا بالصُّحُف ننسخُها في المصاحف، ثم نردُّها إليك»، فأرسلتْ بها حفصةُ إلى عثمان، فأَمَر زيدَ بن ثابت، وعبدَ الله بن الزبير، وسعيد بن العاص، وعبد الرحمن بن الحارث بن هشام فنسخوها في المصاحف، وقال عثمان للرَّهْط القُرَشيِّين الثلاثة: «إذا اختلفتم أنتم وزيدُ بن ثابت في شيء من القرآن فاكتبوه بِلِسان قُريش، فإنما نزل بِلِسانهم» ففعلوا حتى إذا نسخوا الصُّحُف في المصاحف، رَدَّ عثمانُ الصُّحُفَ إلى حفصة، وأرسل إلى كلِّ أُفُق بمصحف مما نَسَخُوا، وأَمَر بما سواه من القرآن في كلِّ صحِيفة أو مُصحف، أنْ يُحرق.
10576,1,1,Sahih al-Bukhari,Revelation,10576,,عن زيد مولى رسول الله صلى الله عليه وسلم قال: قال رسول الله صلى الله عليه وسلم : «من قال: أَسْتَغْفِرُ الله الذي لا إله إلا هو الحَيَّ القيَّومَ وأتوب إليه، غُفرت ذنوبه، وإن كان قد فَرَّ من الزَّحْف».
10596,1,1,Sahih al-Bukhari,Revelation,10596,,عن عبد الله بن عمرو رضي الله عنهما : أن رسول الله صلى الله عليه وسلم ، قال:«وقت الظهر إذا زالت الشمس وكان ظل الرجل كطوله، ما لم يحضر العصر، ووقت العصر ما لم تَصْفَرَّ الشمس، ووقت صلاة المغرب ما لم يَغِبْ الشفق، ووقت صلاة العشاء إلى نصف الليل الأوسط، ووقت صلاة الصبح من طلوع الفجر ما لم تطلع الشمس، فإذا طلعت الشمس فأمسك عن الصلاة، فإنها تطلع بين قرني شيطان».
10599,1,1,Sahih al-Bukhari,Revelation,10599,,عن رافع بن خَديج الأنصاري الأوسي رضي الله عنه قال: كنا نصلي المغرب مع النبي صلى الله عليه وسلم ، فينصرف أحدنا وإنه لَيُبْصِرُ مَوَاقِعَ نَبْلِهِ.
10600,1,1,Sahih al-Bukhari,Revelation,10600,,"أَعْتَمَ رسول الله صلى الله عليه وسلم ليلة من الليالي بصلاة العشاء، وهي التي تُدْعَى العَتَمَةَ، فلم يخرج رسول الله صلى الله عليه وسلم حتى قال عمر بن الخطاب: نام النساء والصبيان [وفي رواية: حتى ذهب عامَّة الليل]، فخرج رسول الله صلى الله عليه وسلم ، فقال لأهل المسجد حين خرج عليهم: «ما ينتظرها أحد من أهل الأرض غَيْرُكُم»، وفي رواية: «إنه لوقتها لولا أن أشق على أمتي». وفي رواية: «لولا أن يُشَقَّ على أمتي»، وذلك قبل أن يفشوَ الإسلام في الناس.
 قال ابن شهاب: وذُكِر لي: أن رسول الله صلى الله عليه وسلم ، قال: وما كان لكم أَن تَنْزُرُوا رسول الله صلى الله عليه وسلم على الصلاة، وذاكَ حِين صاح عمر بن الخطاب."
10601,1,1,Sahih al-Bukhari,Revelation,10601,,عن رافع بن خديج رضي الله عنه قال: قال رسول الله صلى الله عليه وسلم : «أَصْبِحُوا بالصبح؛ فإنه أعظم لِأُجُورِكُم، أو أعظم للأجر».
10602,1,1,Sahih al-Bukhari,Revelation,10602,,عن أبي هريرة رضي الله عنه أن رسول الله صلى الله عليه وسلم قال:«مَنْ أَدْرَكَ مِن الصُّبح ركعة قبل أن تَطْلُعَ الشمس فقد أَدْرَكَ الصُّبح، ومن أَدْرَكَ ركعة من العصر قبل أن تَغْرُبَ الشمس فقد أَدْرَكَ العصر».
10607,1,1,Sahih al-Bukhari,Revelation,10607,,عن جُبير بن مُطعم رضي الله عنه مرفوعًا: «لا تَمْنَعُوا أحدًا يطوف بهذا البيت، ويصلي أي سَاعة شاء من لَيل أو نَهار».
10609,1,1,Sahih al-Bukhari,Revelation,10609,,عن جابر بن عبد الله رضي الله عنهما قال: قال رسول الله صلى الله عليه وسلم : الفجر فَجْرَانِ: فأما الفَجْر الذي يكون كَذَنَبِ السِّرْحَانِ فلا تَحِلُّ الصلاة فيه ولا يٌحْرِّم الطعام، وأما الذي يذهب مُسْتَطِيلًا فِي الأُفُق فإنه يُحِلُّ الصلاة، ويُحْرِّم الطعام.
10612,1,1,Sahih al-Bukhari,Revelation,10612,,عن يسار مَولى ابن عمر قال: رَآني ابن عمر وأنا أصلِّي، بعد طلوع الفَجر، فقال: يا يَسار، إن رسول الله صلى الله عليه وسلم خرج علينا ونحن نُصلِّي هذه الصلاة، فقال: «لِيُبَلِّغْ شِاهِدُكُم غَائِبَكم، لا تُصلُّوا بعد الفجر إلا سَجْدَتَيْن».
10615,1,1,Sahih al-Bukhari,Revelation,10615,,عن عبد الله بن زيد رضي الله عنه قال: لَمَّا أَمَرَ رسول الله صلى الله عليه وسلم بِالنَّاقُوسِ يُعْمَلُ لِيُضْرَبَ بِهِ لِلنَّاسِ لِجَمْعِ الصلاة طاف بي وأنا نائم رجل يحمل ناقوساً في يده، فقلت: يا عبد الله أَتَبِيعُ الناقوس؟ قال: وما تصنع به؟ فقلت: ندعو به إلى الصلاة، قال: أَفَلَا أَدُلُّكَ عَلَى مَا هُوَ خَيْرٌ مِنْ ذَلِكَ؟ فقلت له: بلى، قال: فقال: تقول: الله أكبر، الله أكبر، الله أكبر، الله أكبر، أشهد أن لا إله إلا الله، أشهد أن لا إله إلا الله، أشهد أن محمدا رسول الله، أشهد أن محمدا رسول الله، حيَّ على الصلاة، حيَّ على الصلاة، حيَّ على الفلاح، حيَّ على الفلاح، الله أكبر، الله أكبر، لا إله إلا الله، قال: ثُمَّ اسْتَأْخَرَ عَنِّي غَيْرَ بعيد، ثم قال: وتقول إِذَا أَقَمْتَ الصَّلَاةَ: الله أكبر الله أكبر، أشهد أن لا إله إلا الله، أشهد أن محمدًا رسول الله، حيَّ على الصلاة، حيَّ على الفلاح، قَدْ قَامَتِ الصَّلَاةُ، قد قامتِ الصلاة، الله أكبر الله أكبر، لا إله إلا الله، فلما أصبحت، أتيتُ رسول الله صلى الله عليه وسلم ، فأخبرته، بما رأيتُ فقال: «إِنَّهَا لَرُؤْيَا حَقٌّ إِنْ شَاءَ اللَّهُ، فَقُمْ مَعَ بِلَالٍ فَأَلْقِ عَلَيْهِ مَا رَأَيْتَ، فَلْيُؤَذِّنْ بِهِ، فإنه أَنْدَى صوتا منك» فقمتُ مع بلال، فَجَعَلْتُ أُلْقِيهِ عَلَيْهِ، وَيُؤَذِّنُ بِهِ، قَالَ: فَسَمِعَ ذَلِكَ عُمَرُ بنُ الخَطَّاب، وهو في بيته فخرج يَجُرُّ رِدَاءَهُ، ويقول: وَالَّذِي بَعَثَكَ بِالحَقِّ يَا رَسُولَ اللَّهِ، لقد رأيتُ مثل ما رأى، فقال رسول الله صلى الله عليه وسلم : «فَلِلَّهِ الحَمْدُ».
10618,1,1,Sahih al-Bukhari,Revelation,10618,,عن أبي جحيفة رضي الله عنه قال: رأيت بلالًا يؤذِّن ويدور ويتبع فاه هاهنا، وهاهنا، وإصبعاه في أُذنيه، ورسول الله صلى الله عليه وسلم في قُبَّةٍ له حمراء -أُراه قال: من أَدَمٍ- فخرج بلال بين يديه بِالعَنَزَةِ فركزها بِالبَطْحَاءِ، «فصلى إليها رسول الله صلى الله عليه وسلم، يمر بين يديه الكلب والحمار، وعليه حُلَّةٌ حمراء»، كأني أنظر إلى بَرِيقِ ساقيه. وفي رواية: رأيت بلالًا خرج إلى الأبطح فأذَّن فلما بلغ حي على الصلاة، حي على الفلاح، لوى عنقه يمينا وشمالا، ولم يستدِر.
10621,1,1,Sahih al-Bukhari,Revelation,10621,,عَنْ أَبِي قَتَادَةَ، قَالَ: خطبَنا رسول الله صلى الله عليه وسلم، فقال: «إنكم تَسِيرُونَ عَشِيَّتَكُمْ، وتأتون الماء إن شاء الله غدا»، فانطلَق الناس لا يَلْوِي أحد على أحد، قال أبو قتادة: فبينما رسول الله صلى الله عليه وسلم يسير حتى ابهَارَّ الليلُ، وأنا إلى جنْبه، قال: فَنَعَس رسول الله صلى الله عليه وسلم، فمَاَل عن راحلته، فأتيتُه فدَعَمْته من غير أن أُوقِظه حتى اعتدل على راحلته، قال: ثم سار حتى تَهَوَّرَ الليل، مالَ عن راحلته، قال: فدعمتُه من غير أن أُوقِظه حتى اعتدل على راحلته، قال: ثم سار حتى إذا كان من آخر السَّحَر، مال مَيْلة هي أشد من الميْلتيْن الأولييْن، حتى كاد يَنْجَفِل، فأتيتُه فدعمْته، فرفع رأسه، فقال: «مَن هذا؟» قلت: أبو قتادة، قال: «متى كان هذا مسيرَك مني؟» قلت: ما زال هذا مَسِيري منذ الليلة، قال: «حفظك الله بما حفظت به نبيه»، ثم قال: «هل ترانا نَخْفى على الناس؟»، ثم قال: «هل تَرى من أحد؟» قلت: هذا راكب، ثم قلت: هذا راكب آخر، حتى اجتمعنا فكنا سبعةَ ركْب، قال: فمالَ رسول الله صلى الله عليه وسلم عن الطريق، فوضع رأسه، ثم قال: «احفظوا علينا صلاتنا»، فكان أوَّل مَن استيقظ رسول الله صلى الله عليه وسلم والشمسُ في ظهْره، قال: فقُمْنا فَزِعِين، ثم قال: «اركبوا»، فركبْنا فسِرْنا حتى إذا ارتفعت الشمس نَزَل، ثم دعا بِمِيضَأَة كانت معي فيها شيء من ماء، قال: فتوضأ منها وُضوءا دون وُضوء، قال: وبقي فيها شيء من ماء، ثم قال لأبي قتادة: «احفظْ علينا مِيضَأتك، فسيكون لها نَبَأ»، ثم أذَّن بلال بالصلاة، فصلَّى رسول الله صلى الله عليه وسلم ركعتين، ثم صلَّى الغَداة، فصنع كما كان يصنع كلَّ يوم، قال: وركِبَ رسول الله صلى الله عليه وسلم وركبْنا معه، قال: فجعل بعضنا يَهْمِس إلى بعض ما كفَّارة ما صنعنا بِتَفْريطِنا في صلاتنا؟ ثم قال: «أما لَكُم فيَّ أُسْوة»، ثم قال: «أمَا إنه ليس في النوم تَفْريط، إنما التفريط على من لم يصلِّ الصلاة حتى يجيء وقت الصلاة الأخرى، فمن فعل ذلك فليُصَلِّها حِينَ ينتبه لها، فإذا كان الغد فليصلها عند وقتها»، ثم قال: «ما تَرَوْن الناس صنعوا؟» قال: ثم قال: «أصبح الناس فَقَدُوا نبيهم»، فقال أبو بكر وعمر: رسول الله صلى الله عليه وسلم بَعْدَكم، لم يكن لِيُخلِّفكم، وقال الناس: إن رسول الله صلى الله عليه وسلم بيْن أيديكم، فإن يطيعوا أبا بكر، وعمر يَرْشُدُوا، قال: فانْتهيْنا إلى الناس حين امتدَّ النهار، وحَمِي كل شيء، وهم يقولون: يا رسول الله هَلَكْنا، عطِشْنا، فقال: «لا هُلْكَ عليكم»، ثم قال: «أَطْلِقوا لي غُمَرِي» قال: ودعا بالمِيضَأة، فجعل رسول الله صلى الله عليه وسلم يصُبُّ، وأبو قتادة يَسْقِيهم، فلم يعد أن رأى الناس ماء في الميضأة تكابوا عليها، فقال رسول الله صلى الله عليه وسلم: «أحسنوا المَلَأ كلُّكُم سيَرْوَى» قال: ففعلوا، فجعل رسول الله صلى الله عليه وسلم يصبُّ وأسقِيهم حتى ما بقي غيري، وغير رسول الله صلى الله عليه وسلم، قال: ثم صب رسول الله صلى الله عليه وسلم، فقال لي: «اشرب»، فقلت: لا أشرب حتى تشرب يا رسول الله قال: «إن ساقيَ القوم آخرهُم شربا»، قال: فشربتُ، وشرب رسول الله صلى الله عليه وسلم، قال: فأتى الناس الماء جامِّينَ رِوَاءً، قال: فقال عبد الله بن رباح: إني لأحدِّث هذا الحديث في مسجد الجامع، إذ قال عمران بن حصين انظر أيها الفتى كيف تحدِّث، فإني أحد الركب تلك الليلة، قال: قلت: فأنت أعلم بالحديث، فقال: ممَّن أنت؟ قلت: من الأنصار، قال: حدِّث، فأنتم أعلم بحديثكم، قال: فحدَّثت القوم، فقال عمران: لقد شهدت تلك الليلة، وما شَعَرتُ أن أحدا حفظه كما حفظته.
10622,1,1,Sahih al-Bukhari,Revelation,10622,,عن جعفر بن محمد، عن أبيه، قال: دخلنا على جابر بن عبد الله، فسأل عن القوم حتى انتهى إلي، فقلت: أنا محمد بن علي بن حسين، فأهوى بيده إلى رأسي فنزع زري الأعلى، ثم نزع زري الأسفل، ثم وضع كفه بين ثديي وأنا يومئذ غلام شاب، فقال: مرحبا بك، يا ابن أخي، سَلْ عما شِئْتَ، فسألته، وهو أعمى، وحضر وقت الصلاة، فقام في نَسَاجَة مُلتحفا بها، كلما وضعها على منَكْبِهِ رَجَعَ طَرَفَاهَا إليه من صغرها، ورداؤه إلى جنبه، على المِشْجَبِ، فصلى بنا، فقلت: أخبرني عن حجة رسول الله صلى الله عليه وسلم، فقال: بيده فعقد تسعا، فقال: إن رسول الله صلى الله عليه وسلم مكث تسع سنين لم يحج، ثم أذَّنَ في الناس في العاشرة، أن رسول الله صلى الله عليه وسلم حاج، فقدم المدينة بشر كثير، كلهم يلتمس أن يأتَمَّ برسول الله صلى الله عليه وسلم، ويعمل مثل عمله، فخرجنا معه، حتى أتينا ذا الحليفة، فولدت أسماء بنت عميس محمد بن أبي بكر، فأرسلت إلى رسول الله صلى الله عليه وسلم: كيف أصنع؟ قال: «اغتسلي، واستَثْفِرِي بثوب وأحرمي» فصلى رسول الله صلى الله عليه وسلم في المسجد، ثم ركب القَصْوَاءَ، حتى إذا استوت به ناقته على البَيْدَاءِ، نظرت إلى مَدِّ بصري بين يديه، من راكب وماش، وعن يمينه مثل ذلك، وعن يساره مثل ذلك، ومن خلفه مثل ذلك، ورسول الله صلى الله عليه وسلم بين أظهرنا، وعليه ينزل القرآن، وهو يعرف تأويله، وما عمل به من شيء عملنا به، فأهل بالتوحيد «لبيك اللهم، لبيك، لبيك لا شريك لك لبيك، إن الحمد والنعمة لك، والملك لا شريك لك» وأهل الناس بهذا الذي يهلون به، فلم يرد رسول الله صلى الله عليه وسلم عليهم شيئا منه، ولزم رسول الله صلى الله عليه وسلم تلبيته، قال جابر رضي الله عنه: لسنا ننوي إلا الحج، لسنا نعرف العمرة، حتى إذا أتينا البيت معه، استلم الركن فرمل ثلاثا ومشى أربعا، ثم نفذ إلى مقام إبراهيم عليه السلام، فقرأ: ﴿واتخذوا من مقام إبراهيم مصلى﴾ [البقرة: 125] فجعل المقام بينه وبين البيت، فكان أبي يقول - ولا أعلمه ذكره إلا عن النبي صلى الله عليه وسلم -: كان يقرأ في الركعتين قل هو الله أحد وقل يا أيها الكافرون، ثم رجع إلى الركن فاستلمه، ثم خرج من الباب إلى الصفا، فلما دنا من الصفا قرأ: ﴿إن الصفا والمروة من شعائر الله﴾ [البقرة: 158] «أبدأ بما بدأ الله به» فبدأ بالصفا، فرقي عليه، حتى رأى البيت فاستقبل القبلة، فوحد الله وكبره، وقال: «لا إله إلا الله وحده لا شريك له، له الملك وله الحمد وهو على كل شيء قدير، لا إله إلا الله وحده، أنجز وعده، ونصر عبده، وهزم الأحزاب وحده» ثم دعا بين ذلك، قال: مثل هذا ثلاث مرات، ثم نزل إلى المروة، حتى إذا انصبت قدماه في بطن الوادي سعى، حتى إذا صعدتا مشى، حتى أتى المروة، ففعل على المروة كما فعل على الصفا، حتى إذا كان آخر طوافه على المروة، فقال: «لو أني استقبلت من أمري ما استدبرت لم أَسُقِ الهدي، وجعلتها عمرة، فمن كان منكم ليس معه هدي فليحل، وليجعلها عمرة»، فقام سراقة بن مالك بن جعشم، فقال: يا رسول الله، ألعامنا هذا أم لأبد؟ فشبك رسول الله صلى الله عليه وسلم أصابعه واحدة في الأخرى، وقال: «دخلت العمرة في الحج» مرتين «لا بل لأبد أبد» وقدم علي من اليمن ببدن النبي صلى الله عليه وسلم، فوجد فاطمة رضي الله عنها ممن حل، ولبست ثيابا صبيغا، واكتحلت، فأنكر ذلك عليها، فقالت: إن أبي أمرني بهذا، قال: فكان علي يقول، بالعراق: فذهبت إلى رسول الله صلى الله عليه وسلم مُحَرِّشاً على فاطمة للذي صنعت، مستفتيا لرسول الله صلى الله عليه وسلم فيما ذكرت عنه، فأخبرته أني أنكرت ذلك عليها، فقال: «صدقت صدقت، ماذا قلت حين فرضت الحج؟» قال قلت: اللهم، إني أهل بما أهل به رسولك، قال: «فإن معي الهدي فلا تحل» قال: فكان جماعة الهدي الذي قدم به علي من اليمن والذي أتى به النبي صلى الله عليه وسلم مائة، قال: فحل الناس كلهم وقصروا، إلا النبي صلى الله عليه وسلم ومن كان معه هدي، فلما كان يوم التروية توجهوا إلى منى، فأهلوا بالحج، وركب رسول الله صلى الله عليه وسلم، فصلى بها الظهر والعصر والمغرب والعشاء والفجر، ثم مكث قليلا حتى طلعت الشمس، وأمر بِقُبَّةٍ من شَعَرٍ تُضْرَبُ له بنِمَرِةَ، فسار رسول الله صلى الله عليه وسلم ولا تشك قريش إلا أنه واقف عند المشعر الحرام، كما كانت قريش تصنع في الجاهلية، فأجاز رسول الله صلى الله عليه وسلم حتى أتى عرفة، فوجد القبة قد ضربت له بنمرة، فنزل بها، حتى إذا زاغت الشمس أمر بالقصواء، فرحلت له، فأتى بطن الوادي، فخطب الناس وقال: «إن دماءكم وأموالكم حرام عليكم، كحرمة يومكم هذا في شهركم هذا، في بلدكم هذا، ألا كل شيء من أمر الجاهلية تحت قدمي موضوع، ودماء الجاهلية موضوعة، وإن أول دم أضع من دمائنا دم ابن ربيعة بن الحارث، كان مسترضعا في بني سعد فقتلته هذيل، وربا الجاهلية موضوع، وأول ربا أضع ربانا ربا عباس بن عبد المطلب، فإنه موضوع كله، فاتقوا الله في النساء، فإنكم أخذتموهن بأمان الله، واستحللتم فروجهن بكلمة الله، ولكم عليهن أن لا يوُطئن فُرُشَكُم أحدا تكرهونه، فإن فعلن ذلك فاضربوهن ضربا غير مُبَرِّحٍ، ولهن عليكم رزقهن وكسوتهن بالمعروف، وقد تركت فيكم ما لن تضلوا بعده إن اعتصمتم به، كتاب الله، وأنتم تسألون عني، فما أنتم قائلون؟» قالوا: نشهد أنك قد بلغت وأديتَ ونصحت،َ فقال: بإصبعه السبابة، يرفعها إلى السماء ويَنْكُتُها إلى الناس «اللهم، اشهد، اللهم، اشهد» ثلاث مرات، ثم أذن، ثم أقام فصلى الظهر، ثم أقام فصلى العصر، ولم يصل بينهما شيئا، ثم ركب رسول الله صلى الله عليه وسلم، حتى أتى الموقف، فجعل بطن ناقته القصواء إلى الصخرات، وجعل حبل المشاة بين يديه، واستقبل القبلة، فلم يزل واقفا حتى غربت الشمس، وذهبت الصُّفْرَة قليلا، حتى غاب القُرص، وأرْدَفَ أسامة خلفه، ودفع رسول الله صلى الله عليه وسلم وقد شَنَقَ للقصواء الزِّمَامَ حتى إن رأسها ليصيب مَوْرِكَ رَحْلِهِ، ويقول بيده اليمنى «أيها الناس، السكينة السكينة». كلما أتى حبلا من الحبال أرخى لها قليلا، حتى تصعد، حتى أتى المزدلفة، فصلى بها المغرب والعشاء بأذان واحد وإقامتين، ولم يسبح بينهما شيئا، ثم اضطجع رسول الله صلى الله عليه وسلم حتى طلع الفجر، وصلى الفجر، حين تبين له الصبح، بأذان وإقامة، ثم ركب القصواء، حتى أتى المشعر الحرام، فاستقبل القبلة، فدعاه وكبره وهلله ووحده، فلم يزل واقفا حتى أسفر جدا، فدفع قبل أن تطلع الشمس، وأردف الفضل بن عباس، وكان رجلا حسن الشعر أبيض وسيما، فلما دفع رسول الله صلى الله عليه وسلم مرت به ظعن يجرين، فطفق الفضل ينظر إليهن، فوضع رسول الله صلى الله عليه وسلم يده على وجه الفضل، فحول الفضل وجهه إلى الشق الآخر ينظر، فحول رسول الله صلى الله عليه وسلم يده من الشق الآخر على وجه الفضل، يصرف وجهه من الشق الآخر ينظر، حتى أتى بطن محسر، فحرك قليلا، ثم سلك الطريق الوسطى التي تخرج على الجمرة الكبرى، حتى أتى الجمرة التي عند الشجرة، فرماها بسبع حصيات، يكبر مع كل حصاة منها، مثل حصى الخذف، رمى من بطن الوادي، ثم انصرف إلى المنحر، فنحر ثلاثا وستين بيده، ثم أعطى عليا، فنحر ما غبر، وأشركه في هديه، ثم أمر من كل بدنة ببضعة، فجعلت في قدر، فطبخت، فأكلا من لحمها وشربا من مرقها، ثم ركب رسول الله صلى الله عليه وسلم فأفاض إلى البيت، فصلى بمكة الظهر، فأتى بني عبد المطلب، يسقون على زمزم، فقال: «انزعوا، بني عبد المطلب، فلولا أن يغلبكم الناس على سقايتكم لنَزَعْتْ ُمعكم» فناولوه دلوا فشرب منه.
10623,1,1,Sahih al-Bukhari,Revelation,10623,,عن ابن عمر رضي الله عنهما ، قال: «جمع رسول الله صلى الله عليه وسلم بين المغرب والعشاء بجمع: صلى المغرب ثلاثاً، والعشاء ركعتين، بإقامة واحدة».
10626,1,1,Sahih al-Bukhari,Revelation,10626,,عن عثمان بن أبي العاص رضي الله عنه قال: يا رسول الله، اجعلني إمام قومي، قال: «أنت إمامهم، وَاقْتَدِ بأضعفهم، وَاتَّخِذْ مُؤَذِّناً لا يأخذ على أذانه أجرا».
10632,1,1,Sahih al-Bukhari,Revelation,10632,,عن جابر بن سمرة رضي الله عنه قال: «كان مُؤَذِّنُ رسول الله -صلى الله عليه وسلَّم- يُمْهِلُ فلا يُقِيم، حتَّى إذا رأى رسول الله صلى الله عليه وسلم قد خرج أقام الصَّلاة حِين يَرَاه».
10633,1,1,Sahih al-Bukhari,Revelation,10633,,عن علي رضي الله عنه مرفوعاً: «المؤذن أملك بالأذان، والإمام أملك بالإقامة».
10637,1,1,Sahih al-Bukhari,Revelation,10637,,عن عائشة رضي الله عنها عن النبي صلى الله عليه وسلم أنه قال: «لا يَقْبَل الله صلاة حَائض إلا بِخِمَار».
10638,1,1,Sahih al-Bukhari,Revelation,10638,,"عن سعيد بن الحارث قال: سَأَلنَا جابر بن عبد الله عن الصلاة في الثوب الواحد؟ فقال: خَرَجْت مع النبي صلى الله عليه وسلم في بعض أَسْفَارِهِ، فَجِئْت لَيْلَةً لِبَعْض أَمْرِي، فَوَجَدْتُهُ يُصَلِّي، وعليَّ ثوب واحد، فَاشْتَمَلْتُ به وَصَلَّيْتُ إلى جَانِبِه، فلما انْصَرف قال: «ما السُّرَى يا جابر»؟ فأخْبَرتُه بحاجتي، فلما فَرَغْتُ قال: «ما هذا الِاشْتِمَال الذي رَأيْتُ»؟ قلت: كان ثوب -يعني ضاق-، قال: «فإن كان واسعا فَالتَحِفْ به، وإن كان ضَيِّقًا فَاتَّزِرْ به». 
ولمسلم: «إذا كان واسِعًا فخَالف بين طَرَفَيْه، وإذا كان ضَيِّقًا فَاشْدُدْه عَلَى حَقْوِكَ»."
10641,1,1,Sahih al-Bukhari,Revelation,10641,,عن عامر بن رَبِيعة رضي الله عنه قال: كنَّا مع النبي صلى الله عليه وسلم في سَفَر في لَيلة مُظْلِمَةٍ، فلم نَدْرِ أين القِبْلَة، فصلى كُلُّ رَجُلٍ مِنَّا على حِيَالِه، فلمَّا أَصْبَحْنَا ذَكرنا ذلك للنبي صلى الله عليه وسلم ، فنزل: ﴿فأينما تولوا فثم وجه الله﴾ [البقرة: 115].
10642,1,1,Sahih al-Bukhari,Revelation,10642,,عن أبي هريرة رضي الله عنه قال: قال رسول الله صلى الله عليه وسلم : «ما بَيْن المَشْرِق والمَغْرِب قِبْلة».
10643,1,1,Sahih al-Bukhari,Revelation,10643,,عن جابر رضي الله عنه قال: «كان رسول الله صلى الله عليه وسلم يُصلِّي على راحِلَته، حيث تَوَجَّهَت فإذا أراد الفَرِيضة نَزل فاسْتَقبل القِبْلة».
10645,1,1,Sahih al-Bukhari,Revelation,10645,,عن أبي سعيد الخدري رضي الله عنه مرفوعًا: «الأرض كُلُّها مسجد إلا المَقْبَرة والحَمَّام».
10648,1,1,Sahih al-Bukhari,Revelation,10648,,عن أبي سعيد الخُدْري رضي الله عنه قال: بَينما رسول الله صلى الله عليه وسلم يصلِّي بأصحابه إذ خَلع نَعْلَيه فوضَعَهُما عن يساره، فلمَّا رأى ذلك القوم أَلْقَوْا نِعَالَهُمْ، فلمَّا قَضى رسول الله صلى الله عليه وسلم صلاته، قال: «ما حَمَلَكُمْ على إِلقَاءِ نِعَالِكُم»، قالوا: رأيْنَاك أَلقَيْت نَعْلَيْك فَأَلْقَيْنَا نِعَالَنَا، فقال رسول الله صلى الله عليه وسلم : إن جبريل صلى الله عليه وسلم أتَانِي فأخْبَرنِي أن فيهما قَذَرًا -أو قال: أَذًى-، وقال: إذا جاء أحدكم إلى المسجد فلينظر: فإن رَأى في نَعْلَيه قَذَرا أو أَذًى فَلْيَمْسَحْه وليُصَلِّ فيهما.
10649,1,1,Sahih al-Bukhari,Revelation,10649,,عن أبي هريرة رضي الله عنه قال: قال رسول الله صلى الله عليه وسلم : «إذا وَطِئَ الأَذَى بِخُفَّيْه، فَطَهُورُهُمَا التُّرَاب».
10650,1,1,Sahih al-Bukhari,Revelation,10650,,عن معاوية بن الحَكم السُّلَمي رضي الله عنه قال: بَيْنَا أنا أُصلِّي مع رسول الله صلى الله عليه وسلم ، إذ عَطَس رجُل من القوم، فقلت: يَرْحَمُكَ الله، فَرَمَانِي القوم بأبْصَارهم، فقلت: وَاثُكْلَ أُمِّيَاهْ، ما شَأنُكُم تنظرون إليَّ؟، فجعلوا يضربون بأيْدِيهم على أفْخَاذِهم، فلما رأيتهم يُصَمِّتُونَنِي لكنِّي سَكَتُّ، فلما صلَّى رسول الله صلى الله عليه وسلم ، فَبِأَبِي هو وأمِّي، ما رأيت معَلِّما قَبْلَه ولا بَعده أحْسَن تَعليما منه، فوالله، ما كَهَرَنِي وَلَا ضَرَبني وَلَا شَتَمَنِي، قال: «إن هذه الصلاة لا يَصلح فيها شيء من كلام الناس، إنما هو التَّسبيح والتَّكبير وقراءة القرآن»، أو كما قال رسول الله صلى الله عليه وسلم قلت: يا رسول الله، إنِّي حديث عَهد بِجَاهلية، وقد جاء الله بالإسلام، وإن مِنَّا رجَالا يَأتون الكُهَّان، قال: «فلا تَأْتِهِم» قال: ومِنَّا رجَال يَتَطَيَّرُونَ، قال: ذَاك شَيء يَجِدونه في صُدورهم، فلا يَصُدَّنَّهُمْ -قال ابن الصَّبَّاحِ: فلا يَصُدَّنَّكُم- قال قلت: ومِنَّا رجال يَخُطُّونَ، قال: «كان نَبِي من الأنبياء يَخُطُّ، فمن وافق خَطَه فَذَاك»، قال: وكانت لي جَارية تَرعى غَنَما لي قِبَل أُحُدٍ والْجَوَّانِيَّةِ، فَاطَّلَعْتُ ذات يوم فإذا الذِّيب قد ذهب بِشَاة من غَنَمِهَا، وأنا رجُلٌ من بَني آدم، آسَف كما يَأْسَفُونَ؛ لكني صَكَكْتُهَا صَكَّة، فَأَتَيْت رسول الله صلى الله عليه وسلم فَعظَّم ذلك عليَّ، قلت: يا رسول الله أفلا أُعْتِقُهَا؟ قال: «ائْتِنِي بها»، فَأَتَيْتُهُ بها، فقال لها: «أَيْن الله؟» قالت: في السَّماء، قال: «من أنا؟»، قالت: أنت رسول الله، قال: «أَعْتِقْهَا، فَإِنها مُؤْمِنَةٌ».
10652,1,1,Sahih al-Bukhari,Revelation,10652,,عن أبي هريرة رضي الله عنه مرفوعًا: «التَّسْبِيحُ للرجال، والتَّصْفِيق للنساء».
10653,1,1,Sahih al-Bukhari,Revelation,10653,,عن عبد الله بن الشِّخِير رضي الله عنه قال: «رأيت رسول الله صلى الله عليه وسلم يُصَلِّي، وفي صَدره أَزِيزٌ كَأَزِيزِ الرَّحَى من البُكَاءِ صلى الله عليه وسلم ».
10655,1,1,Sahih al-Bukhari,Revelation,10655,,"عن عبد الله بن عمر رضي الله عنهما قال: «خرج رسول الله صلى الله عليه وسلم إلى قُبَاءَ يُصَلِّي فيه»، قال: «فَجَاءَتْه الأنصار، فَسَلَّمُوا عليه وهو يُصلِّي»، قال: "" فقلت لبِلاَل: كيف رأَيْت رسول الله صلى الله عليه وسلم يَرُدُّ عليهم حِين كانوا يُسَلِّمُونَ عليه وهو يُصلِّي؟ ""، قال: يقول هَكَذا، وبَسَطَ كفَّه، وجعل بطنه أسفل، وجعل ظَهْرَه إلى فوْق."
10656,1,1,Sahih al-Bukhari,Revelation,10656,,عن أبي قتادة الأنصاري رضي الله عنه ، قال: «رأيتُ النبيَّ صلى الله عليه وسلم يَؤُمُّ الناس وأُمَامَة بِنْت أَبِي العَاصِ وهي ابنةُ زينب بنتِ النبي صلى الله عليه وسلم على عاتِقِه، فإذا ركَع وضَعها، وإذا رفَع مِن السُّجُود أعَادَها».
10657,1,1,Sahih al-Bukhari,Revelation,10657,,عن أبي هريرة رضي الله عنه قال: قال رسول الله صلى الله عليه وسلم : «اقتلوا الأسودَين في الصلاة: الحيَّة، والعقرب».
10659,1,1,Sahih al-Bukhari,Revelation,10659,,عن أبي بكرة نُفيع بن الحارث الثقفي رضي الله عنه عن النبي صلى الله عليه وسلم أنه رَخَّصَ للمسَافر ثلاثةَ أيَّام ولَيَالِيهنَّ، وللمُقِيم يوما وليلة، إذا تطَهَّر فَلَبِسَ خُفَّيه: أَن يَمسَحَ عليهما.
10706,1,1,Sahih al-Bukhari,Revelation,10706,,عن عبدالله بن عمر رضي الله عنهما أن بلالا أذَّنَ قبل طلوع الفجر، فأمره النبي صلى الله عليه وسلم أن يرجع فينادي: «ألا إن العبد قد نام، ألا إن العبد قد نام».
10834,1,1,Sahih al-Bukhari,Revelation,10834,,عن عمر بن الخطاب رضي الله عنه قال: سمعتُ هشامَ بن حَكِيم يَقْرَأ سورةَ الفُرقان في حياة رسول الله صلى الله عليه وسلم ، فاسْتَمَعْتُ لقراءته، فإذا هو يقْرَؤها على حروف كثيرةٍ لم يُقْرِئْنِيها رسولُ الله صلى الله عليه وسلم كذلك، فكِدْتُ أُساوِرُه في الصلاة، فانتظرتُه حتى سَلَّم، ثم لَبَّبْتُه بِرِدائِه أو بِرِدائي، فقلتُ: مَنْ أقرأكَ هذه السورةَ؟ قال: أَقْرَأنيها رسولُ الله صلى الله عليه وسلم ، قلتُ له: كذبتَ، فواللهِ إنَّ رسولَ الله صلى الله عليه وسلم أَقْرأَني هذه السورةَ التي سمعتُك تَقْرَؤُها، فانطلقتُ أقودُه إلى رسول الله صلى الله عليه وسلم فقلتُ: يا رسول الله، إنِّي سمعتُ هذا يقرَأ بسورة الفُرْقان على حروف لم تُقْرِئنيها، وأنت أقرأْتَنِي سورةَ الفُرقان، فقال رسول الله صلى الله عليه وسلم : «أَرْسِلْه يا عمر، اقرأْ يا هشام» فقَرَأ عليه القراءةَ التي سمعتُه يقرؤها، قال رسول الله صلى الله عليه وسلم : «هكذا أُنْزِلت» ثم قال رسول الله صلى الله عليه وسلم : «اقرأْ يا عمر» فقرأتُ، فقال: «هكذا أُنْزِلَت» ثم قال: «إنَّ هذا القرآنَ أُنْزِل على سبعة أحْرُف، فاقرءوا ما تيسَّر منه».
10836,1,1,Sahih al-Bukhari,Revelation,10836,,عن أبي بن كعب رضي الله عنه ، قال: لَقِيَ رسولُ الله صلى الله عليه وسلم جبريلَ، فقال: «يا جبريلُ إنِّي بُعِثتُ إلى أُمَّة أُمِّيِّين: منهم العجوزُ، والشيخُ الكبيرُ، والغلامُ، والجاريةُ، والرجلُ الذي لم يقرأْ كتابًا قطُّ» قال: يا محمدُ إنَّ القرآنَ أُنْزِل على سبعة أَحْرُف.
10837,1,1,Sahih al-Bukhari,Revelation,10837,,عن عائشة وابن عباس رضي الله عنهم : «أنَّ النبيَّ صلى الله عليه وسلم لَبِثَ بمكَّة عشرَ سِنِين، يَنْزلُ عليه القرآنَ، وبالمدينة عشرًا».
10838,1,1,Sahih al-Bukhari,Revelation,10838,,عن عبد العزيز بن رُفَيع، قال: دخلتُ أنا وشَدَّاد بن مَعْقِل، على ابن عباس رضي الله عنهما ، فقال له شَدَّاد بن مَعْقِل: أَتَرَكَ النبيُّ صلى الله عليه وسلم مِن شيء؟ قال: «ما تَرَكَ إلَّا ما بيْن الدَّفَّتَيْن» قال: ودَخَلْنا على محمد ابن الحَنَفِيَّة، فسألناه، فقال: «ما تَرَكَ إلَّا ما بيْن الدَّفَّتَيْن».
10840,1,1,Sahih al-Bukhari,Revelation,10840,,عن عائشة أُمِّ المؤمنين رضي الله عنها أنَّ الحارثَ بن هشام رضي الله عنه سأل رسولَ الله صلى الله عليه وسلم فقال: يا رسولَ الله، كيف يأْتِيكَ الوَحْيُ؟ فقال رسول الله صلى الله عليه وسلم : «أحْيانًا يَأْتِيني مِثْلَ صَلْصَلَة الجَرَس، وهو أَشدُّه عليَّ، فيَفْصِمُ عنِّي وقد وَعَيْتُ عنه ما قال، وأحيانًا يتمثَّلُ لي المَلَكُ رَجُلًا فيُكَلِّمُني فأَعِي ما يقول». قالت عائشة رضي الله عنها : ولقد رأيتُه ينزِل عليه الوَحْيُ في اليومِ الشديدِ البرْدِ، فيَفْصِمُ عنه وإنَّ جَبِينَه لَيَتَفَصَّدُ عَرَقًا.
10841,1,1,Sahih al-Bukhari,Revelation,10841,,عن عبادة بن الصامت رضي الله عنه ، قال: «كان نبيُّ اللهِ صلى الله عليه وسلم إذا أُنْزِلَ عليه الوحيُ كُرِبَ لذلك وتَرَبَّدَ وجهُه».
10842,1,1,Sahih al-Bukhari,Revelation,10842,,عن عائشة رضي الله عنها ، قالت: «إنْ كانَ لَيَنْزِلُ على رسولِ اللهِ صلى الله عليه وسلم في الغَدَاةِ الباردةِ، ثم تَفِيضُ جَبْهَتُه عَرَقًا».
10843,1,1,Sahih al-Bukhari,Revelation,10843,,عن ابن عباس رضي الله عنهما في قوله تعالى: {لا تُحَرِّكْ به لسانَك} [القيامة: 16]، قال: «كان النبيُّ صلى الله عليه وسلم يُعالِجُ مِن التنزيل شِدَّةً، وكان يُحَرِّكُ شَفَتَيْهِ» فقال لي ابنُ عباس: فأنا أُحَرِّكُهما لك كما كان رسولُ الله صلى الله عليه وسلم يُحَرِّكُهما، فقال سعيد: أنا أُحَرِّكُهما كما كان ابنُ عباس يُحَرِّكُهما، فحرَّك شَفَتَيْهِ فأنزل اللهُ -عزَّ وجلَّ-: {لا تُحَرِّكْ به لسانَك لِتَعْجَلَ به إنَّ علينا جَمْعَه وقُرآنَه} [القيامة: 17]، قال: «جَمْعَه في صدرك ثم تقرؤه»، {فإذا قرأناه فاتَّبِعْ قُرآنه} [القيامة: 18] قال: «فاستمِع له وأَنْصِتْ، ثم إنَّ علينا أن تقْرَأه، قال: فكان رسول الله صلى الله عليه وسلم إذا أتاه جبريل عليه السلام استمع، فإذا انطلقَ جبريلُ قرأه النبي صلى الله عليه وسلم كما أقرَأَه».
10844,1,1,Sahih al-Bukhari,Revelation,10844,,عن صفوان بن يَعْلَى: أنَّ يَعْلَى قال لعمر رضي الله عنه : أَرِني النبيَّ صلى الله عليه وسلم حِين يُوحَى إليه، قال: «فبيْنَما النبي صلى الله عليه وسلم بالجِعِرَّانة، ومعه نَفَرٌ من أصحابه، جاءه رجل فقال: يا رسول الله، كيف ترى في رجل أحْرَم بعمرة، وهو مُتَضَمِّخٌ بطِيب، فسكت النبيُّ صلى الله عليه وسلم ساعة، فجاءه الوحْي، فأشار عمر رضي الله عنه إلى يَعْلَى، فجاء يَعْلَى وعلى رسول الله صلى الله عليه وسلم ثوْب قد أُظِلَّ به، فأَدخَل رأسه، فإذا رسول الله صلى الله عليه وسلم مُحْمَرُّ الوجه، وهو يَغِطُّ، ثم سُرِّيَ عنه، فقال: «أين الذي سأل عن العمرة؟» فأُتي برجل، فقال: «اغسل الطِّيبَ الذي بِكَ ثلاث مرات، وانزِعْ عنك الجُبَّة، واصنع في عُمرتك كما تصنعُ في حَجَّتك» قلت لعطاء: أراد الإنقاء حين أمره أن يغسل ثلاث مرات؟ قال: «نعم».
10846,1,1,Sahih al-Bukhari,Revelation,10846,,عن أبي هريرة رضي الله عنه ، قال: وفَدَت وفودٌ إلى معاوية وذلك في رمضان، فكان يصْنَع بعضُنا لبعض الطعام، فكان أبو هريرة مِمَّا يُكثِر أنْ يدْعُوَنا إلى رَحْلِه، فقلتُ: ألا أصْنَع طعامًا فأدْعُوهم إلى رَحْلي؟ فأَمَرتُ بطعام يُصنع، ثم لقيتُ أبا هريرة مِن العَشِيِّ، فقلتُ: الدعوةُ عندي الليلة، فقال: سَبَقْتَني، قلت: نعم، فدعَوْتُهم، فقال أبو هريرة: ألَا أُعْلِمُكم بحديث مِنْ حَديثِكم يا مَعْشَرَ الأنصار، ثم ذَكَرَ فتْحَ مكة، فقال: أقْبَلَ رسولُ الله صلى الله عليه وسلم حتى قَدِمَ مكة، فبَعَث الزُّبير على إحْدى المُجَنِّبَتَيْن، وبعث خالدًا على المُجَنِّبة الأُخْرى، وبعث أبا عُبيدة على الحُسَّر، فَأَخَذوا بَطْن الوادي، ورسول الله صلى الله عليه وسلم في كَتِيبة، قال: فَنَظَر فَرَآني، فقال أبو هريرة: قلتُ: لَبَّيْك يا رسول الله، فقال: «لا يَأْتِيني إلَّا أنصارِيّ»، -وفي رواية: فقال: «اهْتِفْ لي بالأنصار»-، قال: فأَطافوا به، ووَبَّشَت قريشٌ أوْباشًا لها وأتْباعًا، فقالوا: نُقدِّم هؤلاء، فإنْ كان لهُمْ شيء كنا معهم، وإن أُصِيبوا أَعْطَينا الذي سُئلنا، فقال رسول الله صلى الله عليه وسلم : «تَرون إلى أوْباش قريش، وأتباعهم»، ثم قال بيديْه إحداهما على الأخرى، ثم قال: «حتى تُوافوني بالصَّفا»، قال: فانطلَقْنا فما شاء أحدٌ مِنَّا أنْ يَقْتُلَ أحدًا إلَّا قتله، وما أحدٌ منهم يُوجِّه إلينا شيئًا، قال: فجاء أبو سفيان، فقال: يا رسول الله، أُبِيحت خَضْراء قريش، لا قريش بعد اليوم، ثم قال: «مَنْ دخَل دار أبي سفيان فهو آمن»، فقالت الأنصار بعضهم لبعض: أما الرجل فأَدْرَكَتْه رغْبَة في قريته، ورأْفَة بعشيرته، قال أبو هريرة: وجاء الوحي وكان إذا جاء الوحي لا يَخْفَى علينا، فإذا جاء فليس أحدٌ يرْفَع طَرْفَه إلى رسول الله صلى الله عليه وسلم حتى يَنْقَضي الوحي، فلما انْقَضَى الوحي، قال رسول الله صلى الله عليه وسلم : «يا مَعْشر الأنصار» قالوا: لبَّيْك يا رسول الله، قال: «قلتُم: أمَّا الرجل فأدْرَكَتْه رغْبَةٌ في قريته؟» قالوا: قد كان ذاك. قال: «كلَّا، إني عبدُ الله ورسوله، هاجرتُ إلى الله وإليكم، والمَحْيَا مَحْيَاكم والمَمَات مَماتُكم»، فأقْبَلوا إليه يبْكون ويقولون: والله، ما قلْنا الذي قلْنا إلَّا الضِّنَّ بالله وبرسوله، فقال رسول الله صلى الله عليه وسلم : «إنَّ اللهَ ورسولَه يُصَدِّقانِكم، ويَعْذُرانِكم»، قال: فأَقْبَل الناس إلى دار أبي سفيان، وأغلق الناسُ أبوابهم، قال: وأَقْبَل رسول الله صلى الله عليه وسلم حتى أَقْبَل إلى الحَجَر، فاسْتَلمه ثم طاف بالبيت، قال: فَأَتى على صَنَم إلى جنْب البيت كانوا يعبدونه، قال: وفي يد رسول الله صلى الله عليه وسلم قَوْس وهو آخِذ بسِيَةِ القوس، فلمَّا أتى على الصنم جعل يطْعَنُه في عيْنه، ويقول: {جاء الحقُّ وزَهَقَ الباطلُ} [الإسراء: 81]، فلمَّا فرَغ مِن طَوافه أتى الصَّفَا، فَعَلا عليه حتى نظر إلى البيت، ورفع يديْه فجعل يحمدُ اللهَ ويدعو بما شاء أن يدْعو.
10847,1,1,Sahih al-Bukhari,Revelation,10847,,عن البراء بن عازب رضي الله عنه قال: قال رسول الله صلى الله عليه وسلم : «زَيِّنُوا القرآنَ بأصواتِكم».
10848,1,1,Sahih al-Bukhari,Revelation,10848,,عن ابن عباس رضي الله عنهما كان يحدِّث: أنَّ رجلًا أتى رسولَ الله صلى الله عليه وسلم فقال: إنِّي رأيتُ الليلةَ في المَنام ظُلَّةً تَنْطِفُ السَّمْنَ والعَسَلَ، فأَرى الناسَ يَتَكفَّفُون منها، فالمُستَكْثِرُ والمُسْتَقِلُّ، وإذا سَبَبٌ واصلٌ من الأرض إلى السماء، فأراك أخذتَ به فعَلَوْتَ، ثم أخَذَ به رجلٌ آخَرُ فَعَلا به، ثم أخَذ به رجل آخَر فَعَلا به، ثم أخَذ به رجلٌ آخَر فانقطع ثم وُصِلَ. فقال أبو بكر: يا رسول الله، بأبي أنت، والله لتَدَعَنِّي فأُعَبِّرها، فقال النبي صلى الله عليه وسلم : «اعْبُرْها» قال: أما الظُّلَّة فالإسلام، وأما الذي يَنْطِف من العَسَل والسَّمْن فالقرآن، حلاوتُه تَنْطِفُ، فالمُستَكْثِرُ من القرآن والمُسْتَقِلُّ، وأما السَّبَبُ الواصِل من السماء إلى الأرض فالحقُّ الذي أنت عليه، تأخُذُ به فيُعْلِيك الله، ثم يأخُذ به رجُل مِن بعدِك فيَعْلُو به، ثم يأخذ به رجل آخر فيَعْلُو به، ثم يأخُذه رجل آخَر فيَنْقَطِع به، ثم يوصَل له فيَعْلُو به، فأخبِرْني يا رسول الله، بأبي أنت، أصبْتُ أم أخطأْتُ؟ قال النبي صلى الله عليه وسلم : «أصبتَ بعضًا وأخطأتَ بعضًا» قال: فواللهِ يا رسول الله لتُحَدِّثَنِّي بالذي أخْطَأْتُ، قال: «لا تُقْسِم».
10850,1,1,Sahih al-Bukhari,Revelation,10850,,عن عبد الله بن مسعود رضي الله عنه قال: قال النبي صلى الله عليه وسلم : «بِئْسَ ما لأحَدِهم أنْ يقول نَسِيتُ آيةَ كَيْتَ وكَيْتَ، بل نُسِّيَ، واستذكِروا القرآن، فإنه أشدُّ تَفَصِّيًا مِن صدور الرِّجال من النَّعَم».
10852,1,1,Sahih al-Bukhari,Revelation,10852,,عن جندب بن عبد الله رضي الله عنه عن النبي صلى الله عليه وسلم قال: «اقرؤوا القرآنَ ما ائْتَلَفت قلوبُكم، فإذا اختلفْتُم فقوموا عنه».
10853,1,1,Sahih al-Bukhari,Revelation,10853,,عن عبد الله بن عمرو رضي الله عنهما : أنَّ نَفَرًا كانوا جُلوسًا بباب النبي صلى الله عليه وسلم ، فقال بعضُهم: ألم يَقُلِ اللهُ كذا وكذا؟ وقال بعضُهم: ألم يَقُلِ اللهُ كذا وكذا؟ فسمِعَ ذلك رسولُ الله صلى الله عليه وسلم ، فخرج كأنَّما فُقِئَ في وجهِه حَبُّ الرُّمَّان، فقال: «بهذا أُمِرْتُم؟ أو بهذا بُعِثْتم؟ أنْ تَضْربُوا كتابَ اللهِ بعضَه ببعض؟ إنَّما ضَلَّتِ الأُمَمُ قبلكم في مثل هذا، إنَّكم لستُم ممَّا هاهنا في شيء، انظروا الذي أُمِرتم به، فاعملوا به، والذي نُهِيتُم عنه، فانتهوا».
10854,1,1,Sahih al-Bukhari,Revelation,10854,,عن عبد الله بن عمرو رضي الله عنهما أن النبي صلى الله عليه وسلم قال: «لا تُجادِلوا في القرآن؛ فإنَّ جِدالًا فيه كُفرٌ».
10855,1,1,Sahih al-Bukhari,Revelation,10855,,عن حذيفة رضي الله عنه قال: قال رسول الله صلى الله عليه وسلم : «إنَّ ما أَتَخوَّفُ عليكم رجلٌ قَرَأ القرآنَ حتى إذا رُئِيَتْ بَهْجتُه عليه، وكان رِدْئًا للإِسلام، غَيَّرَه إلى ما شاء الله، فانْسَلَخَ مِنْه ونَبَذَه وراءَ ظَهْرِه، وسَعَى على جاره بالسَّيف، ورمَاه بالشِّرك»، قال: قلتُ: يا نبيَّ الله، أيُّهما أوْلى بالشِّرك، المَرْمِي أم الرَّامي؟ قال: «بل الرَّامي».
10856,1,1,Sahih al-Bukhari,Revelation,10856,,عن عقبة بن عامر، يقول: إن رسول الله صلى الله عليه وسلم قال: «إنِّي أخاف على أُمَّتي اثنَتَيْن: القرآنَ واللَّبَن، أما اللَّبَن فيَبْتَغُون الرِّيفَ ويتَّبِعون الشَّهَوَاتِ ويَتْركون الصلوات، وأما القرآن فيتعلَّمه المنافقون فيُجادِلون به المؤمنين».
10857,1,1,Sahih al-Bukhari,Revelation,10857,,عن عبد الله بن عمرو بن العاصي رضي الله عنهما قال: سمعت رسول الله صلى الله عليه وسلم يقول: «إنَّ أكثرَ مُنافِقي أُمَّتي قُرَّاؤها».
10858,1,1,Sahih al-Bukhari,Revelation,10858,,عن أبي أُمامة الباهلي رضي الله عنه : أنَّ رجلا قال: يا رسول الله، أَنَبِيًّا كان آدم؟ قال: «نعم» . قال: كم بيْنه وبيْن نوح؟ قال: «عشرة قُرُون» . قال: كم بيْن نوح وإبراهيم؟ قال: «عشرة قُرُون» . قال: يا رسول الله، كم كانت الرُّسُل؟ قال: «ثلاثمائة وخمسة عشر».
10859,1,1,Sahih al-Bukhari,Revelation,10859,,عن واثلة بن الأسقع رضي الله عنه ، قال: قال رسول الله صلى الله عليه وسلم : «إنَّ اللهَ اصْطَفى كِنانَة من وَلَد إسماعيل، واصْطَفى قُريشًا من كِنانة، واصْطَفى بَني هاشم مِنْ قُرَيش، واصْطَفاني مِنْ بني هاشم، فأنا سَيِّدُ وَلَد آدم ولا فَخْر، وأوَّلُ مَن تَنْشَقُّ عنه الأرض، وأوَّلُ شافع، وأوَّل مُشَفَّع».
10860,1,1,Sahih al-Bukhari,Revelation,10860,,عن جُبَيْر بن مُطْعِم رضي الله عنه قال: قال رسول الله صلى الله عليه وسلم : «لِي خمسة أسْماء: أنا محمد، وأحمد، وأنا الماحِي الذي يَمْحُو الله بي الكفر، وأنا الحاشِر الذي يُحشَر الناس على قَدَمِي، وأنا العاقِب».
10861,1,1,Sahih al-Bukhari,Revelation,10861,,عن أبي موسى رضي الله عنه قال: سَمَّى لنا رسولُ الله صلى الله عليه وسلم نفْسَه أسْماءً منها ما حَفِظْنا فقال: «أنا محمد، وأحمد، والمُقَفِّي، والحاشِر، ونبي الرَّحمة، قال يزيد: ونبِيُّ التوبة ونَبِيُّ المَلْحَمة».
10862,1,1,Sahih al-Bukhari,Revelation,10862,,عن أنس بن مالك رضي الله عنه أن رسول الله صلى الله عليه وسلم أتَاه جبريل صلى الله عليه وسلم وهو يَلْعَب مع الغِلمان، فأخَذَه فصَرَعه، فشقَّ عن قلبه، فاستَخْرَج القلب، فاستخرج منه عَلَقة، فقال: هذا حَظُّ الشيطان منك، ثم غَسَله في طَسْت مِن ذَهَب بماء زمزم، ثم لَأَمَهُ، ثم أعاده في مكانه، وجاء الغِلْمان يَسْعَون إلى أُمِّه -يعني ظِئْرِه- فقالوا: إن محمدًا قد قُتِل، فاستَقْبَلُوه وهو مُنْتَقِعُ اللَّوْن، قال أنس: «وقد كنتُ أَرَى أثر ذلك المِخيط في صدره».
10868,1,1,Sahih al-Bukhari,Revelation,10868,,عن طلحة بن عبيد الله رضي الله عنه قال: كنَّا نصلِّي والدواب تمرُّ بين أيدينا فذكرنا ذلك لرسول الله صلى الله عليه وسلم فقال: «مِثْلُ مُؤْخِرَةِ الرَّحْلِ تكون بين يدي أحدكم، ثم لا يضُرُّه ما مر بين يديه».
10869,1,1,Sahih al-Bukhari,Revelation,10869,,عن سَبْرة بن معبد الجهني رضي الله عنه عن النبي صلى الله عليه وسلم قال: «إذا صلى أحدكم، فليسْتَتِر لصلاته، ولو بسهم».
10870,1,1,Sahih al-Bukhari,Revelation,10870,,"عن أبي ذر رضي الله عنه ، قال: قال رسول الله صلى الله عليه وسلم : «إذا قام أحدكم يصلي، فإنه يستره إذا كان بين يديه مثل آخرة الرحل، فإذا لم يكن بين يديه مثل آخرة الرحل، فإنه يقطع صلاته الحمار، والمرأة، والكلب الأسود»، قلت: يا أبا ذر، ما بال الكلب الأسود من الكلب الأحمر من الكلب الأصفر؟ قال: يا ابن أخي، سألت رسول الله صلى الله عليه وسلم كما سألتني فقال: «الكلب الأسود شيطان».
وفي رواية من حديث ابن عباس رضي الله عنهما : «يقطع الصلاة المرأة الحائض والكلب»."
10871,1,1,Sahih al-Bukhari,Revelation,10871,,"عن أبي سعيد الخدري رضي الله عنه مرفوعًا: «إذا صلَّى أَحَدُكُم إلى شيء يَسْتُرُهُ مِنَ النَّاس، فأَرَاد أحَد أن يَجْتَازَ بين يديه، فَلْيَدْفَعْهُ، فإن أبى فَلْيُقَاتِلْهُ؛ فإنما هو شيطان». 
وفي رواية: «إذا كان أَحَدُكُمْ يُصَلِّي فلا يَدَعْ أحدا يمُرُّ بين يديه، فإنْ أبى فَلْيُقَاتِلْهُ؛ فإن معه القَرِينَ»."
10874,1,1,Sahih al-Bukhari,Revelation,10874,,عن أبي هريرة رضي الله عنه ، قال: «نهى النبي صلى الله عليه وسلم أن يصلي الرَّجُلُ مُخْتَصِرًا».
10875,1,1,Sahih al-Bukhari,Revelation,10875,,عن عائشة رضي الله عنها أنها كانت تكره أن يجعل يده في خَاصِرَتِهِ، وتقول: إن اليهود تفعله.
10876,1,1,Sahih al-Bukhari,Revelation,10876,,عن أنس بن مالك رضي الله عنه : أن رسول الله صلى الله عليه وسلم قال: «إذا قُدِّمَ العَشَاءُ ، فابدءوا به قبل أن تُصَلُّوا صلاة المغرب، ولا تَعْجَلوا عن عَشَائِكم».
10877,1,1,Sahih al-Bukhari,Revelation,10877,,"عن أبي ذر رضي الله عنه مرفوعًا: «إذا قام أَحَدُكُمْ إلى الصلاة؛ فإنَّ الرَّحمة تُوَاجِهُهُ، فلا يَمْسَح الحَصَى». 
وعن معيقيب رضي الله عنه أن النبي صلى الله عليه وسلم قال: في الرجل يُسَوِّي التُّراب حيث يسجُد، قال: «إِنْ كُنْت فاعِلا فَوَاحِدة»."
10878,1,1,Sahih al-Bukhari,Revelation,10878,,عن عائشة رضي الله عنها قالت: سَألتُ رسول الله صلى الله عليه وسلم عن الالتِفَات في الصلاة؟ فقال: «هو اخْتِلاس يَختَلِسُهُ الشَّيطان من صلاة العَبْد».
10880,1,1,Sahih al-Bukhari,Revelation,10880,,عن أنس بن مالك رضي الله عنه أن النبي صلى الله عليه وسلم رأى نُخْامَة في القِبْلَة، فَشَقَّ ذلك عليه حتى رُئِي في وجْهِه، فقام فَحَكَّه بِيَده، فقال: «إن أحدكم إذا قام في صلاته فإنه يُنَاجِي رَبَّه، أو إن رَبَّه بينه وبين القِبْلَة، فلا يَبْزُقَنَّ أحدُكم قِبَل قِبْلتِه، ولكن عن يَسَاره أو تحت قَدَمَيه» ثم أخذ طَرف رِدَائِه، فَبَصَقَ فيه ثم ردَّ بَعْضَهُ على بعض، فقال: «أو يفعل هكذا».
10881,1,1,Sahih al-Bukhari,Revelation,10881,,عن أنس بن مالك رضي الله عنه قال: كان قِرَام لعائشة سَترت به جانب بَيتها، فقال النبي صلى الله عليه وسلم : «أَمِيطِي عنَّا قِرَامَكِ هذا، فإنه لا تَزال تصاوِيُره تَعْرِض في صلاتي».
10882,1,1,Sahih al-Bukhari,Revelation,10882,,"عن عائشة رضي الله عنها أن النبي صلى الله عليه وسلم صلَّى في خَمِيصَةٍ لها أعْلَام، فَنَظَر إلى أَعْلاَمِهَا نَظْرَةً، فلمَّا انْصَرف قال: «اذهبوا بِخَمِيصَتِي هذه إلى أبي جَهْم وَأْتُونِي بِأَنْبِجَانِيَّةِ أبي جَهْم؛ فإنها أَلْهَتْنِي آنِفًا عن صَلاتي»
 وفي رواية: «كنت أنظر إلى عَلَمِها، وأنا في الصلاة؛ فأخاف أن تَفْتِنَنِي»."
10884,1,1,Sahih al-Bukhari,Revelation,10884,,عن أبي هريرة رضي الله عنه مرفوعًا: «التَّثَاؤُبُ في الصلاة من الشَّيطان؛ فإذا تَثَاءَبَ أحدكم فَليَكْظِم ما اسْتَطاع».
10885,1,1,Sahih al-Bukhari,Revelation,10885,,عن عائشة رضي الله عنها قالت: أَمَر رسول الله صلى الله عليه وسلم بِبناء المساجد في الدُّورِ، وأن تُنظَّف، وتُطيَّب.
10888,1,1,Sahih al-Bukhari,Revelation,10888,,عن أبي هريرة رضي الله عنه ، قال: بعث رسول الله صلى الله عليه وسلم خيلا قِبَلَ نَجْدٍ، فجاءت برجل من بني حَنِيفة يُقَالُ لَهُ: ثُمَامَةُ بْنُ أُثَالٍ، سَيِّدُ أَهْلِ اليَمَامَةِ، فَرَبَطُوهُ بِسَارِيَةٍ مِنْ سَوَارِي المسجد، فخرج إليه رسول الله صلى الله عليه وسلم ، فقال: «مَاذَا عِنْدَك يا ثمامة؟» فقال: عندي يا محمد خير، إِنْ تَقْتُلْ تَقْتُل ذَا دَمٍ، وَإِنْ تُنْعِمْ تُنْعِمْ عَلَى شَاكِر، وإن كنت تريد المال فَسَلْ تُعْطَ مِنْهُ مَا شِئْتَ، فَتَرَكَهُ رسول الله صلى الله عليه وسلم حتى كان بعد الغد، فقال: «ما عندك يا ثمامة؟» قال: ما قلت لك، إن تنعم تنعم على شاكر، وإن تقتل تقتل ذا دم، وإن كنت تريد المال فسل تعط منه ما شئت، فتركه رسول الله صلى الله عليه وسلم حتى كان من الغد، فقال: «ماذا عندك يا ثمامة؟» فقال: عندي ما قلت لك، إن تنعم تنعم على شاكر، وإن تقتل تقتل ذا دم، وإن كنت تريد المال فسل تعط منه ما شئت، فقال رسول الله صلى الله عليه وسلم : «أَطْلِقُوا ثمامة»، فَانْطَلَقَ إِلَى نَخْلٍ قَرِيبٍ مِنَ المَسْجِدِ، فاغتسل، ثم دخل المسجد، فقال: أشهد أن لا إله إلا الله، وأشهد أن محمدا عبده ورسوله، يا محمد، والله، مَا كَانَ عَلَى الْأَرْضِ وَجْهٌ أَبْغَضَ إِلَيَّ مِنْ وَجْهِكَ، فَقَدْ أَصْبَحَ وَجْهُكَ أَحَبَّ الْوُجُوهِ كُلِّهَا إِلَيَّ، والله، ما كان مِن دِين أبغَضَ إليَّ مِن دِينَك، فأصبح دينُك أحبَّ الدِّين كُلِّه إليَّ، والله، ما كان من بلد أبغض إلي من بلدك، فأصبح بلدُك أحبَّ البلاد كلها إليَّ، وإنَّ خَيلَك أخَذَتنِي وأنا أُرِيد العمرة فمَاذَا تَرَى؟ فبشَّره رسول الله صلى الله عليه وسلم وأمره أن يَعْتَمِر، فلمَّا قدِم مكَّة قال له قائل: أصَبَوْت، فقال: لا، ولكنَّي أسْلَمت مع رسول الله صلى الله عليه وسلم ، ولا والله، لا يأتِيكم مِن اليمامة حبة حنطة حتىَّ يأْذَنَ فيها رسول الله صلى الله عليه وسلم .
10890,1,1,Sahih al-Bukhari,Revelation,10890,,عن أبي هريرة رضي الله عنه قال: قال رسول الله صلى الله عليه وسلم : «من سمِع رجُلا يَنْشُدُ ضَالَّةً في المسجد فليقُل: لا رَدَّهَا الله عليك، فإنَّ المساجد لم تُبْنَ لهذا».
10891,1,1,Sahih al-Bukhari,Revelation,10891,,عن أبي هريرة رضي الله عنه ، أن رسول الله صلى الله عليه وسلم قال: إذا رَأَيْتُم مَن يَبِيع أو يَبْتَاعُ في المسجد، فقولوا: لا أَرْبَحَ اللَّهُ تِجَارَتَكَ، وإذا رأيتم مَنْ يَنْشُدُ فيه ضَالَّة، فقولوا: لاَ رَدَّ الله عليك.
10892,1,1,Sahih al-Bukhari,Revelation,10892,,عن حكيم بن حزام رضي الله عنه مرفوعًا: «لا تُقَامُ الحدود في المساجد، ولا يُسْتَقَادُ فيها».
10893,1,1,Sahih al-Bukhari,Revelation,10893,,"عن عائشة رضي الله عنها ، قالت: أُصِيب سعد يوم الخندق، رماه رجل من قريش، يقال له حبان بن الْعَرِقَةِ وهو حبان بن قيس، من بني معيص بن عامر بن لؤي رماه في الأَكْحَلِ ، فضرب النبي صلى الله عليه وسلم خَيمة في المسجد ليعوده من قريب، فلما رجع رسول الله صلى الله عليه وسلم من الخندق وضع السلاح واغتسل، فأتاه جبريل -عليه السلام- وهو ينفض رأسه من الغُبار، فقال: "" قد وضعتَ السلاح، والله ما وضعتُه، اخرج إليهم، قال النبي صلى الله عليه وسلم : فأين فأشار إلى بني قُرَيظة "" فأتاهم رسول الله صلى الله عليه وسلم فنزلوا على حُكمه، فردَّ الحُكمَ إلى سعد، قال: فإني أحكم فيهم: أن تُقتل المقاتِلة، وأن تُسبى النساء والذُّرِّية، وأن تُقسم أموالهم قال هشام، فأخبرني أبي، عن عائشة: أن سعدا قال: اللهم إنك تعلم أنه ليس أحد أحب إلي أن أُجاهدهم فيك، من قوم كذَّبوا رسولك صلى الله عليه وسلم وأخرجوه، اللهم فإني أظن أنك قد وضعتَ الحرب بيننا وبينهم، فإن كان بقي من حرب قريش شيء فأَبْقِني له، حتى أجاهدهم فيك، وإن كنتَ وضعتَ الحرب فافْجُرها واجعل موتتي فيها، فانفجرت من لَبَّته فلم يَرْعَهم، وفي المسجد خيمة من بني غِفَار، إلا الدم يسيل إليهم، فقالوا: يا أهل الخيمة، ما هذا الذي يأتينا من قبلكم؟ فإذا سعد يَغْذو جرحه دما، فمات منها رضي الله عنه ."
10894,1,1,Sahih al-Bukhari,Revelation,10894,,عن عائشة رضي الله عنها أن أبا بكر رضي الله عنه ، دخل عليها وعندها جاريتان في أيام منى تُدَفِّفَانِ، وتضربان، والنبي صلى الله عليه وسلم مُتَغَشٍّ بثوبه، فانتهرهما أبو بكر، فكشف النبي صلى الله عليه وسلم عن وجهه، فقال: «دعهما يا أبا بكر؛ فإنها أيام عيد»، وتلك الأيام أيام منى، وقالت عائشة: رأيت النبي صلى الله عليه وسلم يسترني وأنا أنظر إلى الحبشة وهم يلعبون في المسجد، فزجرهم عمر، فقال النبي صلى الله عليه وسلم : «دعهم أَمْنًا بني أَرْفِدَة».
10895,1,1,Sahih al-Bukhari,Revelation,10895,,"عن عائشة رضي الله عنها أن وَلِيدَةً كانت سوداء لِحَيٍّ من العرب، فأعتقوها، فكانت معهم، قالت: فخرجت صبية لهم عليها وِشَاحٌ أحمر من سُيُورٍ، قالت: فوضعته -أو وقع منها- فمرت به حُدَيَّاةٌ وهو مُلْقًى، فحسبته لحما فَخَطِفَتْهُ، قالت: فالتمسوه، فلم يجدوه، قالت: فاتهموني به، قالت: فَطَفِقُوا يُفَتِّشُونَ حتى فتشوا قبلها، قالت: والله إني لقائمة معهم، إذ مرت الحدياة فألقته، قالت: فوقع بينهم، قالت: فقلت هذا الذي اتهمتموني به، زعمتم وأنا منه بريئة، وهو ذا هو، قالت: «فجاءت إلى رسول الله صلى الله عليه وسلم فأسلمت»، قالت عائشة: «فكان لها خباء في المسجد -أو حِفْشٌ -» قالت: فكانت تأتيني فتحدث عندي، قالت: فلا تجلس عندي مجلسا، إلا قالت:
ويوم الْوِشَاحِ من أعاجيب ربنا ... ألا إنه من بلدة الكفر أنجاني
قالت عائشة: فقلت لها ما شأنك، لا تقعدين معي مقعدا إلا قلت هذا؟ قالت: فحدثتني بهذا الحديث."
10896,1,1,Sahih al-Bukhari,Revelation,10896,,عن أنس رضي الله عنه قال: قال رسول الله صلى الله عليه وسلم : «البُزَاق في المسجد خَطيئة، وَكَفَّارَتُهَا دَفْنُها».
10898,1,1,Sahih al-Bukhari,Revelation,10898,,عن ابن عباس رضي الله عنهما ، قال: قال رسول الله صلى الله عليه وسلم : «ما أُمِرْتُ بِتَشْيِيد المساجد»، قال ابن عباس: لتُزَخْرِفُنَّها كما زَخْرَفَت اليهود والنصارى.
10901,1,1,Sahih al-Bukhari,Revelation,10901,,"عن رفاعة بن رافع الزرقي رضي الله عنه ، وكان من أصحاب النبي صلى الله عليه وسلم قال: جاء رجل ورسول الله صلى الله عليه وسلم جالس في المسجد، فصلى قريبا منه، ثم انْصَرَف إلى رسول الله صلى الله عليه وسلم ، فَسَلَّمَ عليه فقال رسول الله صلى الله عليه وسلم : أعِد صَلَاتَك، فإنك لم تصل، قال: فرجع فصلى كَنَحْو مِمَّا صَلَّى، ثم انصرف إلى رسول الله صلى الله عليه وسلم ، فقال له: "" أَعِدْ صلاتك، فإنك لم تُصَلِّ "". فقال: يا رسول الله، عَلِّمْنِي كيف أَصْنَع، قال: ""إذا اسْتَقْبَلت القبلة فَكَبِّر، ثُمَّ اقْرَأ بأمِّ القرآن، ثم اقرأ بما شِئْت، فإذا رَكَعْت، فَاجْعَل رَاحَتَيْكَ على رُكْبَتَيك، وامْدُد ظَهْرَك وَمَكِّنْ لِرُكُوعِك، فإذا رفعت رأسك فأَقِم صُلْبَكَ حتى ترجع العظام إلى مَفَاصِلَها، وإذا سَجَدتَ فَمَكِّنْ لِسُجُودِك، فإذا رَفَعْت رَأْسَك، فَاجْلِس على فَخِذِك اليسرى، ثم اصْنَع ذلك في كل ركعة وسجدة. 
وفي رواية: «إنها لا تَتِمُّ صلاة أَحَدِكُم حتى يُسْبِغَ الوُضُوء كما أمره الله عز وجل، فيغسل وجهه ويديه إلى المرفقين، ويمسح برأسه ورجليه إلى الكعبين، ثم يكبر الله عز وجل ويحمده، ثم يقرأ من القرآن ما أَذِن له فيه وتَيَسَّر، ثم يُكَبِّرَ فيَسْجُد فَيُمَكِّن وَجْهَه -وربما قال: جَبْهَتَه من الأرض- حتى تَطْمَئِنَّ مَفَاصِلُه وَتَسْتَرْخِيَ، ثم يكبر فَيَسْتَوِي قاعدا على مَقْعَدَه ويقيم صُلْبَهُ، فوصف الصلاة هكذا أربع ركعات تَفْرَغ، لا تَتِمُّ صلاة أحدكم حتى يفعل ذلك.
وفي رواية: «فتوضأ كما أمرك الله جل وعز، ثم تَشَهَّدْ، فأقم ثم كبر، فإن كان معك قرآن فاقرأ به، وإلا فاحمد الله وَكَبِّرْهُ وَهَلِّلْهُ»."
10902,1,1,Sahih al-Bukhari,Revelation,10902,,"عن محمد بن عمرو بن عطاء، قال: سمعت أبا حميد الساعدي، في عشرة من أصحاب رسول الله صلى الله عليه وسلم منهم أبو قتادة، قال أبو حميد: أنا أَعلمُكم بصلاة رسول الله صلى الله عليه وسلم ، قالوا: فَلِمَ؟ فوالله ما كنتَ بأكثرنا له تبعا ولا أقدمنا له صحبة، قال: بلى، قالوا: فاعْرِض، قال: "" كان رسول الله صلى الله عليه وسلم إذا قام إلى الصلاة يرفع يديه حتى يُحَاذِيَ بهما مَنْكِبَيْهِ ، ثم يُكبِّر حتى يَقِرَّ كل عظم في موضعه معتدلا، ثم يقرأ، ثم يكبِّر فيرفع يديه حتى يُحاذي بهما مَنْكبيه، ثم يركع ويضع رَاحَتَيْهِ على رُكبتيه، ثم يعتدل فلا يَصُبُّ رأسه ولا يُقْنِعُ ، ثم يرفع رأسه، فيقول: سمع الله لمن حمده، ثم يرفع يديه حتى يُحاذي بهما منكبيه معتدلا، ثم يقول: الله أكبر ثم يهوي إلى الأرض فيُجافي يديه عن جنبيه، ثم يرفع رأسه ويَثْني رجله اليسرى فيقعد عليها، ويفتح أصابع رجليه إذا سجد، ويسجد ثم يقول: الله أكبر، ويرفع رأسه ويَثْني رجله اليسرى فيقعد عليها حتى يرجع كل عظم إلى موضعه، ثم يصنع في الأخرى مثل ذلك، ثم إذا قام من الركعتين كبر ورفع يديه حتى يحاذي بهما منكبيه كما كبر عند افتتاح الصلاة، ثم يصنع ذلك في بقية صلاته حتى إذا كانت السجدة التي فيها التسليم أخر رجله اليسرى وقعد مُتَوَرِّكًا على شقه الأيسر، قالوا: صدقت هكذا كان يصلي صلى الله عليه وسلم ."
10905,1,1,Sahih al-Bukhari,Revelation,10905,,عن أبي سعيد الخُدْرِي رضي الله عنه قال: كان رسول الله صلى الله عليه وسلم إذا قام من الليل كَبَّر، ثم يقول: «سُبْحَانك اللَّهم وبحَمْدِك وتبارك اسْمُك، وتعالى جَدُّك، ولا إله غَيْرك»، ثم يقول: «لا إله إلا الله» ثلاثا، ثم يقول: «الله أكبر كبيرا» ثلاثا، «أعُوذُ بالله السَّميع العليم من الشَّيطان الرَّجيم من هَمْزِه، ونَفْخِه، ونَفْثِه»، ثم يقرأ.
10908,1,1,Sahih al-Bukhari,Revelation,10908,,عن مالك بن الحويرث رضي الله عنه «أن رسول الله صلى الله عليه وسلم كان إذا كَبَّر رفع يديه حتى يُحَاذِيَ بهما أُذُنَيْه، وإذا ركَع رفع يَديه حتى يُحَاذِيَ بهما أُذُنَيْه، وإذا رفع رأسه من الركوع» فقال: «سَمع الله لِمَن حَمِده» فعل مِثل ذلك.
10909,1,1,Sahih al-Bukhari,Revelation,10909,,عن وائل بن حجر رضي الله عنه قال: «صلَّيت مع رسول الله صلى الله عليه وسلم ، ووضع يَدَه اليُمْنَى على يَدِه اليُسْرى على صَدْرِه».
10910,1,1,Sahih al-Bukhari,Revelation,10910,,عن عبادة بن الصامت رضي الله عنه قال: كُنَّا خَلْفَ رسول الله صلى الله عليه وسلم في صلاة الفجر فَقَرأ رسول الله صلى الله عليه وسلم ، فَثَقُلَتْ عليه القراءة، فلمَّا فَرَغَ قال: «لعلَّكم تَقْرَءُون خلف إِمَامِكُم» قلنا: نعم هذا يا رسول الله، قال: «لا تفعلوا إلا بفاتحة الكتاب فإنه لا صلاة لِمَنْ لم يَقْرَأ بها».
10911,1,1,Sahih al-Bukhari,Revelation,10911,,"عن أنس رضي الله عنه : أن النبي صلى الله عليه وسلم وأبا بكر وعمر كانوا يفتتحون الصلاة بـ﴿الحمد لله رب العالمين﴾.
 زاد مسلم: لا يذكرون: ﴿بسم الله الرحمن الرحيم﴾ في أول قراءة ولا في آخرها.
 وفي رواية لأحمد والنسائي وابن خزيمة: لا يجهرون بـ﴿بسم الله الرحمن الرحيم﴾.
 وفي أخرى لابن خزيمة: كانوا يُسرُّون."
10913,1,1,Sahih al-Bukhari,Revelation,10913,,عن أبي هريرة رضي الله عنه قال: قال رسول الله صلى الله عليه وسلم : إذا قرأتم: الحمد لله فاقرءوا: ﴿بسم الله الرحمن الرحيم﴾ إنها أم القرآن، وأم الكتاب، والسبع المثاني، و﴿بسم الله الرحمن الرحيم﴾ إحداها.
10915,1,1,Sahih al-Bukhari,Revelation,10915,,"عن عبد الله بن أبي أوفى رضي الله عنه قال: جاء رجل إلى النبي صلى الله عليه وسلم فقال: إني لا أستطيع أن آخذ من القرآن شيئا فَعَلِّمْنِي ما يُجْزِئُنِي منه، قال: ""قل: سبحان الله، والحمد لله، ولا إله إلا الله، والله أكبر، ولا حول ولا قوة إلا بالله العلي العظيم""، قال: يا رسول الله، هذا لله عز وجل فما لي، قال: قل: اللهم ارْحَمْنِي وَارْزُقْنِي وَعَافِنِي وَاهْدِنِي. فلما قام قال: هكذا بيده فقال رسول الله صلى الله عليه وسلم : «أما هذا فقد ملأ يده من الخير»."
10916,1,1,Sahih al-Bukhari,Revelation,10916,,عن أبي قتادة رضي الله عنه : «أن النبي صلى الله عليه وسلم كان يقرأ في الظهر في الأوليين بأم الكتاب، وسورتين، وفي الركعتين الأخريين بأم الكتاب ويسمعنا الآية، ويطول في الركعة الأولى ما لا يطول في الركعة الثانية، وهكذا في العصر وهكذا في الصبح».
10917,1,1,Sahih al-Bukhari,Revelation,10917,,عن أبي سعيد الخدري رضي الله عنه قال: «كنا نَحْزِرُ قيام رسول الله صلى الله عليه وسلم في الظهر والعصر فَحَزَرْنَا قيامه في الركعتين الأُولَيَيْنِ من الظهر قَدْرَ قراءة الم تنزيل السجدة وَحَزَرْنَا قيامه في الأُخْرَيَيْنِ قدر النصف من ذلك، وَحَزَرْنَا قيامه في الركعتين الأوليين من العصر على قدر قيامه في الأُخْرَيَيْنِ من الظهر وفي الأخريين من العصر على النصف من ذلك» ولم يذكر أبو بكر في روايته: الم تنزيل وقال: قدر ثلاثين آية.
10918,1,1,Sahih al-Bukhari,Revelation,10918,,عن أبي هريرة رضي الله عنه قال: «ما صليت وراء أحد أشبه صلاة برسول الله صلى الله عليه وسلم من فلان - فصلينا وراء ذلك الإنسان وكان يطيل الأوليين من الظهر، ويخفف في الأخريين، ويخفف في العصر، ويقرأ في المغرب بقصار المفصل، ويقرأ في العشاء بالشمس وضحاها وأشباهها، ويقرأ في الصبح بسورتين طويلتين».
10919,1,1,Sahih al-Bukhari,Revelation,10919,,عن جبير بن مطعم رضي الله عنه قال: سمعت النبي صلى الله عليه وسلم يقرأ في المغرب بالطُّور، فلما بلغ هذه الآية: ﴿أم خُلِقُوا من غير شيء أم هم الخالقون، أم خَلَقُوا السموات والأرض بل لا يوقنون، أم عندهم خزائن ربك أم هم المسيطرون﴾. قال: كاد قلبي أن يطير.
10922,1,1,Sahih al-Bukhari,Revelation,10922,,عن ابن عباس -رضي الله عنهما- قال: كَشف رسول الله صلى الله عليه وسلم السِّتَارة والناس صُفوف خَلف أبي بَكر، فقال: «أيها الناس، إنه لم يَبْق من مُبَشِّرَاتِ النُّبُوَّةِ إلا الُّرؤيا الصَّالحة، يَراها المُسلم، أو تُرى له، ألا وإنِّي نُهِيت أن أقْرَأ القرآن راكِعا أو ساجِدا، فأما الرُّكوع فعظِّموا فيه الرَّب عز وجل ، وأما السُّجود فَاجْتَهِدُوا في الدُّعاء، فَقَمِنٌ أن يُستَجاب لكم».
10924,1,1,Sahih al-Bukhari,Revelation,10924,,عن الحكم قال: غَلَب على الكُوفة رجُل -قد سَمَّاه- زَمَنَ ابن الأشْعَث، فأمر أبَا عُبيدة بن عبد الله أن يصلِّي بالناس، فكان يصلِّي، فإذا رَفع رأسه من الرُّكوع قام قَدْر ما أقُول: اللَّهُم ربَّنا لك الحَمد، مِلْءَ السَّماوات ومِلْءَ الأرض، ومِلْءَ ما شِئت من شَيء بعد، أهْل الثَّناء والمَجد، لا مانع لما أعْطَيت، ولا مُعْطِي لما مَنعت، ولا يَنفع ذَا الجَدِّ مِنْك الجَدِّ. قال الحَكم: فَذَكَرت ذلك لعَبد الرَّحمن بن أبي ليلى فقال: سمعت البَرَاء بن عَازب يقول: «كانت صلاة رسول الله صلى الله عليه وسلم وركُوعه، وإذا رفع رأسه من الرُّكوع، وسُجوده، وما بَيْن السَّجدتين، قريبًا من السَّوَاء» قال شُعبة: فذَكَرْتُه لِعَمرو بن مُرَّة فقال: قد رأيت ابن أبي ليلى، فلم تَكن صلاته هكذا.
10928,1,1,Sahih al-Bukhari,Revelation,10928,,عن وائل بن حجر رضي الله عنه : أن النبي صلى الله عليه وسلم كان إذا ركع فَرَّجَ أصابِعَه وإذا سَجد ضَمَّ أصَابِعه.
10929,1,1,Sahih al-Bukhari,Revelation,10929,,عن عائشة رضي الله عنها قالت: رأيت رسول الله صلى الله عليه وسلم يصلِّي متربِّعًا.
10931,1,1,Sahih al-Bukhari,Revelation,10931,,عن مالك بن الحويرث رضي الله عنه : أنه رأى النبي صلى الله عليه وسلم يصلي، فإذا كان في وِتْرٍ من صلاته لم ينهض حتى يستوي قاعداً.
10934,1,1,Sahih al-Bukhari,Revelation,10934,,عن أنس بن مالك رضي الله عنه أن النبي صلى الله عليه وسلم : كان لا يقنت إلا إذا دعا لقوم، أو دعا على قوم.
10935,1,1,Sahih al-Bukhari,Revelation,10935,,عن أبي مالك الأشجعي سعد بن طارق رضي الله عنه قال: قلت لأبي: يا أبت إنك قد صليت خلف رسول الله صلى الله عليه وسلم وأبي بكر وعمر وعثمان وعلي هاهنا بالكوفة، نحوًا من خمس سنين، «فكانوا يَقْنُتُونَ في الفجر؟» فقال: أَيْ بُنَيَّ مُحْدَثٌ.
10938,1,1,Sahih al-Bukhari,Revelation,10938,,عن أبي هريرة رضي الله عنه مرفوعًا: «إذا سجد أَحَدُكُمْ فَلَا يَبْرُك كَمَا يَبْرُكُ البَعِير، وَلْيَضَعْ يديه قبل ركبتيه».
10940,1,1,Sahih al-Bukhari,Revelation,10940,,كان ابن عمر يَضع يديه قبل رُكْبَتَيِه، وقال: كان رسول الله صلى الله عليه وسلم يَفعل ذلك.
10941,1,1,Sahih al-Bukhari,Revelation,10941,,عن عبد الله بن الزُّبير رضي الله عنهما قال: «كان رسول الله صلى الله عليه وسلم إذا قَعد يَدْعُو، وضع يَده اليُمْنَى على فخِذِه اليُمْنَى، ويَده اليُسْرَى على فخِذِه اليُسْرَى، وأشَار بِإِصْبَعِهِ السَّبَّابَة، ووضَع إبْهَامَه على إِصْبَعِهِ الوُسْطَى، ويُلْقِم كَفَّه الْيُسْرَى رُكْبَتَه».
10943,1,1,Sahih al-Bukhari,Revelation,10943,,عن ابن عباس رضي الله عنهما ، أنه قال: كان رسول الله صلى الله عليه وسلم يعلمنا التشهد كما يعلمنا السورة من القرآن فكان يقول: «التحيَّات المباركات، الصَّلَوَاتُ الطَّيِّبَاتُ لله، السلام عليك أيها النبي ورحمة الله وَبَرَكَاتُهُ، السلام علينا وعلى عباد الله الصالحين، أشهد أَنْ لَا إِلَهَ إِلَّا اللهُ، وأشهد أنَّ محمَّدا رسول الله» وفي رواية ابن رُمْحٍ كما يُعلِّمنا القرآن.
10953,1,1,Sahih al-Bukhari,Revelation,10953,,عن بريدة رضي الله عنه قال: «إنَّ رسولَ الله صلى الله عليه وسلم تَفَلَ في رِجْل عمرو بن مُعاذ حِين قُطِعتْ رِجْلُه، فبَرأَ».
10954,1,1,Sahih al-Bukhari,Revelation,10954,,عن سَلَمة بن الأَكْوع رضي الله عنه قال: غَزَوْنا مع رسول الله صلى الله عليه وسلم حُنَينًا، فلما واجَهْنا العدوَّ تقدَّمتُ فأَعْلُو ثَنِيَّة، فاستَقْبَلَني رجُل من العدو، فَأَرْمِيه بسَهْم فتَوَارَى عَني، فما دَرَيت ما صَنَع، ونظرتُ إلى القوم فإذا هُمْ قد طَلَعوا من ثَنِيَّة أخرى، فالتَقَوْا هُمْ وصَحابة النبي صلى الله عليه وسلم ، فولَّى صحابة النبي صلى الله عليه وسلم وأَرجِعُ مُنْهَزِمًا، وعليَّ بُرْدَتان مُتَّزِرًا بإحداهما مُرْتَدِيًا بالأخرى، فاستُطلِق إِزاري فجَمَعْتُهما جميعا، ومررتُ على رسول الله صلى الله عليه وسلم مُنْهَزِمًا وهو على بَغْلَتِه الشَّهْباء، فقال رسول الله صلى الله عليه وسلم : «لقد رَأَى ابنُ الأكْوَع فَزَعًا»، فلما غَشَوا رسول الله صلى الله عليه وسلم نَزَل عن البَغْلة، ثم قَبَضَ قَبْضَة مِن ترابٍ مِن الأرض، ثم استقْبَلَ به وجوههم، فقال: «شاهَت الوجوه»، فما خَلَق الله منهم إنسانًا إلا مَلَأَ عيْنَيْه ترابًا بِتِلك القبْضَة، فَوَلَّوا مُدْبِرين، فَهَزَمَهم الله عز وجل ، وقَسَّم رسول الله صلى الله عليه وسلم غَنائِمهم بين المسلمين.
10955,1,1,Sahih al-Bukhari,Revelation,10955,,عن أبي زيد بن أخْطَب رضي الله عنه قال: «مَسَح رسول الله صلى الله عليه وسلم يده على وجْهِي ودَعا لي» قال عَزْرَةُ: إنه عاش مائة وعشرين سنَة وليس في رأسه إلا شُعيْرات بِيض.
10956,1,1,Sahih al-Bukhari,Revelation,10956,,عن علي بن أبي طالب رضي الله عنه قال: «ما رَمِدْتُ ولا صُدِعْتُ منذ مَسَحَ رسول الله صلى الله عليه وسلم وجْهي، وتَفَل في عيْنِي يوم خَيْبر حِين أعْطاني الرَّايَة».
10957,1,1,Sahih al-Bukhari,Revelation,10957,,عن حنظلة بن حِذْيَم، أن جدَّه حَنِيفَة قال لحِذْيَم: اجمع لي بنيَّ، فإني أريد أن أُوصِي، فجَمَعهم، فقال: إنَّ أوَّل ما أوصي أنَّ ليَتِيمي هذا الذي في حَجْري مائة من الإبل، التي كنا نُسمِّيها في الجاهلية: المُطَيِّبة، فقال حِذْيَم: يا أبَتِ، إني سمعت بَنِيك يقولون: إنما نُقِرُّ بهذا عند أَبِينا، فإذا مات رجَعْنا فيه، قال: فبَيْني وبيْنكم رسول الله صلى الله عليه وسلم ، فقال حِذيم: رَضِينا، فارْتَفَعَ حذيم، وحنيفة، وحنْظَلَة معهم غُلام، وهو رَدِيف لحذيم، فلما أتوا النبي صلى الله عليه وسلم ، سلَّموا عليه، فقال النبي صلى الله عليه وسلم : «ما رَفَعَك يا أبا حذيم؟» قال: هذا، وضرَب بيده على فَخِذ حذيم، فقال: إني خَشِيتُ أن يَفْجَأَني الكِبَر، أو الموْت، فأردتُ أن أوصي، وإني قلتُ: إن أوَّل ما أوصي أن ليتيمي هذا الذي في حَجْري مائة من الإبل، كنا نُسَمِّيها في الجاهلية: المُطَيِّبة، فغَضِب رسول الله صلى الله عليه وسلم ، حتى رأَيْنا الغضب في وجهه، وكان قاعدًا فجَثَا على ركبتيه، وقال: «لا، لا، لا الصدقة خمس، وإلا فعشر، وإلا فخمس عشرة، وإلا فعشرون، وإلا فخمس وعشرون، وإلا فثلاثون، وإلا فخمس وثلاثون، فإن كَثُرت فأربعون» ، قال: فودَّعوه ومع اليتيم عصا، وهو يَضْرب جملا، فقال النبي صلى الله عليه وسلم : «عَظُمَت هذه هراوة يتيم» ، قال حنظلة: فَدَنا بي إلى النبي صلى الله عليه وسلم ، فقال: إنَّ لي بَنِين ذوي لِحى، ودون ذلك، وإنَّ ذا أصغرُهم، فادع الله له، فَمَسَح رأسه، وقال: «بارك الله فيك» ، أو «بورك فيه» ، قال ذَيَّالٌ: فلقد رأيتُ حنظلة، يؤتى بالإنسان الوارِم وجهه، أو بالبهيمة الوارِمة الضَّرع، فيَتْفُل على يديه، ويقول: بسم الله، ويضع يده على رأسه، ويقول على موْضِع كف رسول الله صلى الله عليه وسلم ، فَيَمْسحه عليه، وقال ذيال: فَيَذْهب الوَرَم.
10958,1,1,Sahih al-Bukhari,Revelation,10958,,عن أبي العَلاء بن عُمير رضي الله عنه ، قال: كنتُ عند قَتادة بن مِلْحان حين حُضِر، فمرَّ رجل في أقْصى الدَّار، قال: فأبْصرْتُه في وجْهِ قتادة، قال: وكنتُ إذا رأيتُه كأنَّ على وجْهِه الدِّهان، قال: «وكان رسول الله صلى الله عليه وسلم مَسَح على وجْهِه».
10959,1,1,Sahih al-Bukhari,Revelation,10959,,عن عائشة رضي الله عنها ، قالت: «قُبِض رسولُ الله صلى الله عليه وسلم ورأسُه بين سَحْري ونَحْري»، قالت: «فلمَّا خَرَجَتْ نفْسُه، لم أَجِدْ ريحا قَطُّ أطْيَبَ منها».
10960,1,1,Sahih al-Bukhari,Revelation,10960,,عن يَزيد بن الأسْود رضي الله عنه : أنَّه صلَّى مع النبي صلى الله عليه وسلم الصبح، فذَكر الحديث. قال: ثم ثار الناسُ يأخذون بيده يمْسَحون بها وجوههم، قال: فأخذتُ بيده فمسحتُ بها وجهي، فوجدتُها أَبْرَد من الثلج، وأطْيَبَ ريحًا من المِسْك».
10961,1,1,Sahih al-Bukhari,Revelation,10961,,عن أنس بن مالك رضي الله عنه ، قال: دخَل علينا النبي صلى الله عليه وسلم فَقَالَ عِنْدَنا، فعَرِقَ، وجاءت أمِّي بقَارُورَة، فَجَعَلَتْ تَسْلُتُ العَرَق فيها، فاستَيْقَظ النبي صلى الله عليه وسلم فقال: «يا أمَّ سُليم ما هذا الذي تَصْنَعِين؟» قالت: هذا عَرَقُك نَجْعَله في طِيبِنا، وهو مِنْ أَطْيَب الطِّيبِ.
10962,1,1,Sahih al-Bukhari,Revelation,10962,,عن علي بن أبي طالب رضي الله عنه ، قال: لما غَسَّل النبيَّ صلى الله عليه وسلم ذَهَبَ يَلْتَمِسُ منه ما يُلتمس مِن الميِّت، فلم يَجِدْه، فقال: «بأبي الطيِّب، طِبتَ حيًّا، وطِبتَ ميتًا».
10963,1,1,Sahih al-Bukhari,Revelation,10963,,عن الجعْد، قال: سمعتُ السَّائِب بن يَزيد، يقول: ذهبتْ بي خالتي إلى النبي صلى الله عليه وسلم فقالت: يا رسول الله، إنَّ ابنَ أختي وَجِعٌ. فمَسَح رأسي ودعا لي بالبَرَكة، ثم توضَّأ، فشربتُ من وَضوئه، ثم قمتُ خَلْف ظهره، فنَظَرتُ إلى خاتَم النبوة بيْن كتِفَيْه، مثل زِرِّ الحَجَلَة.
10964,1,1,Sahih al-Bukhari,Revelation,10964,,عن أبي زيد الأنصاري رضي الله عنه قال: قال لي رسول الله صلى الله عليه وسلم : «اقتَرِب منِّي»، فاقتربتُ منه، فقال: «أَدْخِلْ يدك فامْسَح ظهري» ، قال: فأدْخلتُ يدي في قميصه، فمسَحتُ ظهْره، فَوَقَع خاتَم النبوة بين إصبعي، قال: فسُئل عن خاتَم النبوة، فقال: «شَعْرات بيْن كتِفيْه».
10965,1,1,Sahih al-Bukhari,Revelation,10965,,عن عبد الله بن سَرْجس، قال: رأيتُ النبي صلى الله عليه وسلم وأكلتُ معه خُبْزا ولحْمًا، أو قال ثَرِيدًا، قال فقلتُ له: أَسْتَغْفَرَ لك النبي صلى الله عليه وسلم ؟ قال: نعم، ولك، ثم تَلا هذه الآية {وَاسْتَغْفِرْ لِذَنْبِكَ وَلِلْمُؤْمِنِينَ وَالْمُؤْمِنَاتِ} [محمد: 19] قال: ثم دُرْتُ خَلْفَه فنَظَرْتُ إلى خاتَم النُّبوة بين كَتِفَيْه، عند ناغِض كَتِفِه اليُسْرى، جُمْعًا، عَلَيْه خِيلانٌ كأمْثال الثَّآلِيلِ.
10966,1,1,Sahih al-Bukhari,Revelation,10966,,عن أنس، قال: قال رسول الله صلى الله عليه وسلم : «لقد أُخِفتُ في الله وما يُخافُ أحد، ولقد أُوذيت في الله وما يُؤذَى أحد، ولقد أَتَتْ عليَّ ثلاثون مِن بيْن يوم وليلة وما لي ولِبِلال طعامٌ يَأْكُلُه ذُو كَبِد إلا شيءٌ يُوارِيه إبطُ بلال».
10967,1,1,Sahih al-Bukhari,Revelation,10967,,عن عائشة رضي الله عنها ، قالت: «قامَ النبي صلى الله عليه وسلم بآيةٍ مِنَ القرآن ليلةً».
10968,1,1,Sahih al-Bukhari,Revelation,10968,,عن أنس رضي الله عنه ، أنَّ امرأةً كان في عَقْلها شيء، فقالت: يا رسول الله إنَّ لي إليْك حاجة، فقال: «يا أمَّ فُلان انظُري أيَّ السِّكَك شِئتِ، حتى أقضيَ لكِ حاجَتَكِ» فخَلا معها في بعض الطُّرُق، حتى فَرَغتْ مِنْ حاجَتِها.
10969,1,1,Sahih al-Bukhari,Revelation,10969,,عن أنس بن مالك رضي الله عنه ، قال: حَجَّ النبي صلى الله عليه وسلم على رَحْلٍ رَثٍّ، وقَطِيفة تُساوي أربعة دراهم، أو لا تُساوي، ثم قال: «اللهمَّ حَجَّة لا رِياءَ فيها، ولا سُمْعَة».
10970,1,1,Sahih al-Bukhari,Revelation,10970,,عن أنس رضي الله عنه ، قال: «لم يكن شخصٌ أَحَبَّ إليهم مِن رسول الله -صلى الله عليه وسلم، وكانوا إذا رَأَوْه لم يقوموا لِمَا يَعْلَمون مِن كَرَاهِيَته لذلك».
10971,1,1,Sahih al-Bukhari,Revelation,10971,,عن جابر رضي الله عنه قال: «جاءني النبيُّ صلى الله عليه وسلم يَعُودُني، ليس بِرَاكبٍ بَغْل ولا بِرْذَوْن».
10972,1,1,Sahih al-Bukhari,Revelation,10972,,عن يوسف بن عبد الله بن سلام رضي الله عنهما قال: «سَمَّاني رسول الله صلى الله عليه وسلم يوسف، وأَجْلَسَنِي في حِجْره».
10973,1,1,Sahih al-Bukhari,Revelation,10973,,عن عائشة رضي الله عنها ، أنها سُئلتْ ما كان رسول الله صلى الله عليه وسلم يَعْمل في بيته؟ قالت: «كان بشرًا مِن البشر يَفْلي ثوبَه، ويَحْلِب شاتَه، ويَخْدِم نفْسَه».
10975,1,1,Sahih al-Bukhari,Revelation,10975,,عن ابن عباس رضي الله عنهما قال: «بُعِث رسولُ الله صلى الله عليه وسلم لِأَربعين سَنَة، فَمَكَثَ بِمكة ثلاثَ عشرة سنة يوحَى إليه، ثم أُمِرَ بالهِجْرة فَهاجَر عشر سِنِين، ومات وهو ابنُ ثَلاثٍ وستِّين».
10976,1,1,Sahih al-Bukhari,Revelation,10976,,عن أنس رضي الله عنه قال: «آخِرُ نَظْرة نَظَرْتُها إلى رسول الله صلى الله عليه وسلم كَشَف السِّتارة والناسُ صُفوف خَلْف أبي بكر رضي الله عنه ، فأراد أبو بكر أنْ يَرْتَدَّ، فأشار إليهم أَنِ امكثُوا وأَلْقى السِّجْفَ، وتُوفِّي مِن آخِرِ ذلك اليوم، وذلك يومَ الإثنين».
10979,1,1,Sahih al-Bukhari,Revelation,10979,,عن عائشة رضي الله عنها قالت: «ما أَغْبِطُ أحدًا بهَوْنٍ موتٍ بَعْدَ الذي رَأَيتُ مِنْ شدَّة مَوْت رسول الله صلى الله عليه وسلم ».
10980,1,1,Sahih al-Bukhari,Revelation,10980,,عن عائشة رضي الله عنها ، قالت: لما مات النبيُّ صلى الله عليه وسلم قالوا: أين يُدْفنُ؟ فقال أبو بكر: في المكان الذي مات فيه.
10982,1,1,Sahih al-Bukhari,Revelation,10982,,عن عائشة رضي الله عنها ، أنَّ أبا بكر دَخَل على النبي صلى الله عليه وسلم بعد وفاته، فَوَضَع فَمَهُ بَيْن عيْنَيْه، ووَضَعَ يديْه على صُدْغَيه، وقال: «وَانَبِيَّاهُ، وَاخَليلاهُ، وَاصَفِيَّاهُ».
10983,1,1,Sahih al-Bukhari,Revelation,10983,,عن أنس بن مالك رضي الله عنه ، قال: «لمَّا كان اليوم الذي دَخَل فيه رسول الله صلى الله عليه وسلم المدينةَ أضاءَ منها كلُّ شيء، فلمَّا كان اليوم الذي مات فيه أَظْلَم منها كلُّ شيء، وما نَفَضْنا عن رسول الله صلى الله عليه وسلم الأيْدِي وإنَّا لفي دَفْنِه حتى أَنْكَرْنا قلوبَنا».
10986,1,1,Sahih al-Bukhari,Revelation,10986,,عن أبي هريرة رضي الله عنه أن رسول الله صلى الله عليه وسلم قال: «لا يَقْتَسِمُ وَرَثَتي دينارًا ولا درهمًا، ما تَرَكْتُ بَعْدَ نَفَقَة نسائي، ومئونَة عامِلي فهو صَدَقة».
10987,1,1,Sahih al-Bukhari,Revelation,10987,,عن عائشة رضي الله عنها ، قالت: «ما تَرَك رسولُ الله صلى الله عليه وسلم دينارًا، ولا درهمًا، ولا شاةً، ولا بَعِيرًا، ولا أَوْصى بشيء».
10988,1,1,Sahih al-Bukhari,Revelation,10988,,عن عائشة قالت: كان النبي صلى الله عليه وسلم يقول وهو صحيح: «إنَّه لم يُقبض نبيٌّ حتى يرى مقعدَه من الجنة، ثم يُخَيَّر» فلمَّا نزل به، ورأسه على فخِذي غُشِي عليه، ثم أفاق فأشْخَصَ بصرَه إلى سقف البيت، ثم قال: «اللهمَّ الرَّفِيقَ الأعلى». فقلتُ: إذًا لا يختارنا، وعرفتُ أنَّه الحديثُ الذي كان يحدِّثنا وهو صحيح، قالت: فكانت آخر كلمة تكلَّم بها: «اللهمَّ الرَّفِيقَ الأعلى».
10992,1,1,Sahih al-Bukhari,Revelation,10992,,"عن أبي هريرة رضي الله عنه قال: قال رسول الله صلى الله عليه وسلم : ""إنَّ موسى كان رجُلا حَيِيًّا سَتِيرًا، لا يُرى من جِلْده شيء استحياء منه، فآذاه مَن آذاه مِن بني إسرائيل فقالوا: ما يَسْتَتِر هذا التَّستُّر، إلا من عيْب بجلده: إما بَرَص وإما أُدْرة، وإما آفة، وإنَّ الله أراد أن يُبرِّئه مما قالوا لموسى، فَخَلا يوما وَحْده، فَوَضَع ثيابه على الحَجَر، ثم اغتسل، فلما فَرَغ أقْبَل إلى ثيابه ليأخذها، وإن الحَجَر عدا بثوبِهِ، فأخَذَ موسى عصاه وطَلَب الحَجَر، فجعل يقول: ثوبي حَجَر، ثوبي حَجَر، حتى انتهى إلى مَلَإ من بني إسرائيل، فرأوه عُرْيانا أحسن ما خلق الله، وأَبْرَأه مما يقولون، وقام الحَجَر، فأخَذ ثوبه فلَبِسه، وطَفِق بالحجر ضربا بعصاه، فوالله إن بالحجر لنُدْبا مِنْ أَثَر ضَرْبِه، ثلاثا أو أربعا أو خمسا، فذلك قوله: {يَاأَيُّهَا الَّذِينَ آمَنُوا لَا تَكُونُوا كَالَّذِينَ آذَوْا مُوسَى فَبَرَّأَهُ اللَّهُ مِمَّا قَالُوا وَكَانَ عِنْدَ اللَّهِ وَجِيهًا}"" [الأحزاب: 69]."
10993,1,1,Sahih al-Bukhari,Revelation,10993,,عن أبي هريرة رضي الله عنه عن النبي صلى الله عليه وسلم قال: ««رأى عيسى ابنُ مريم رجلًا يَسْرِق، فقال له: أسَرَقتَ؟ قال: كلا والله الذي لا إله إلا هو، فقال عيسى: آمنتُ بالله، وكذَّبتُ عيني».
10994,1,1,Sahih al-Bukhari,Revelation,10994,,عن أبي هريرة رضي الله عنه قال: سمعتُ رسول الله صلى الله عليه وسلم يقول: «ما مِن بَني آدم مَوْلودٌ إلا يَمَسُّه الشيطانُ حِين يُولَد، فيَسْتَهِلُّ صارخا مِن مَسِّ الشيطان، غير مريم وابنها» ثم يقول أبو هريرة: {وإنِّي أُعِيذُها بك وذُرِّيَّتَها من الشَّيطان الرَّجِيمِ}.
10995,1,1,Sahih al-Bukhari,Revelation,10995,,عن أبي هريرة رضي الله عنه عن النبي صلى الله عليه وسلم قال: «إنَّما سُمِّيَ الخَضِرُ أنَّه جلس على فَرْوَة بيضاء، فإذا هي تهتزُّ مِنْ خَلْفِه خَضْراء».
10996,1,1,Sahih al-Bukhari,Revelation,10996,,عن ابن عمر رضي الله عنهما عن النبي صلى الله عليه وسلم قال: «الكَريمُ، ابنُ الكَريمِ، ابنِ الكَريمِ، ابنِ الكَريمِ يوسفُ بنُ يعقوبَ بنِ إسحاقَ بنِ إبراهيمَ -عليهم السلام-».
10997,1,1,Sahih al-Bukhari,Revelation,10997,,عن ابن عباس رضي الله عنهما عن النبي صلى الله عليه وسلم قال: «لا يَنْبغي لِعَبْدٍ أنْ يقول: أنا خيرٌ مِن يونس بن مَتَّى» ونسبه إلى أبيه.
10998,1,1,Sahih al-Bukhari,Revelation,10998,,عن أبي هريرة، قال: قال رسول الله صلى الله عليه وسلم: «إنَّ الشمسَ لم تُحْبَس على بشر إلا ليُوشَع ليالي سار إلى بيت المَقْدِس».
11152,1,1,Sahih al-Bukhari,Revelation,11152,,عن زيد بن أرقم رضي الله عنه قال: قال رسول الله صلى الله عليه وسلم : «اللهمَّ اغفِرْ للأنصار، ولأبناءِ الأنصار، وأبناءِ أبناءِ الأنصار».
11159,1,1,Sahih al-Bukhari,Revelation,11159,,عن عُروة بن الزبير، قال: سألتُ عبد الله بن عمرو عن أشد ما صنع المشركون برسول الله صلى الله عليه وسلم ، قال: رأيتُ عُقبة بن أبي مُعَيْط جاء إلى النبي صلى الله عليه وسلم وهو يصلي، فوضع رداءه في عنقه فخنقه به خنقًا شديدًا، فجاء أبو بكر حتى دفعه عنه، فقال: {أَتَقْتُلُونَ رَجُلًا أَنْ يَقُولَ رَبِّيَ اللَّهُ وَقَدْ جَاءَكُمْ بِالْبَيِّنَاتِ مِنْ رَبِّكُمْ} [غافر: 28].
11164,1,1,Sahih al-Bukhari,Revelation,11164,,عن ابن عمر رضي الله عنهما أن رسول الله صلى الله عليه وسلم قال: «إنَّ اللهَ جَعَل الحقَّ على لِسان عمر وقَلْبه». وقال ابن عمر: ما نَزَل بالناس أمرٌ قطُّ فقالوا فيه، وقال فيه عمر، إلا نَزَل فيه القرآن على نَحْوِ ما قال عمر.
11168,1,1,Sahih al-Bukhari,Revelation,11168,,عن المسور بن مخرمة رضي الله عنهما مرفوعًا: «فاطمة بَضْعة مني، فمَن أغضبها أغضبني».
11170,1,1,Sahih al-Bukhari,Revelation,11170,,عن ابن أبي نعم، قال: كنتُ شاهدا لابن عمر، وسأله رجل عن دم البَعُوض، فقال: ممن أنت؟ فقال: من أهل العراق، قال: انظروا إلى هذا، يسألني عن دم البَعُوض، وقد قتلوا ابن النبي صلى الله عليه وسلم، وسمعتُ النبي صلى الله عليه وسلم يقول: «هما رَيْحَانَتاي من الدنيا».
11171,1,1,Sahih al-Bukhari,Revelation,11171,,عن أبي هريرة رضي الله عنه قال: كنتُ مع رسول الله صلى الله عليه وسلم في سوق من أسواق المدينة، فانصرف فانصرفتُ، فقال: «أين لُكَعُ -ثلاثا- ادعُ الحسن بن علي». فقام الحسن بن علي يمشي وفي عنقه السِّخَاب، فقال النبي صلى الله عليه وسلم بيده هكذا، فقال الحسن بيده هكذا، فالتزمه فقال: «اللهم إني أُحبه فأَحبَّه، وأَحبَّ من يحبه». وقال أبو هريرة: فما كان أحد أحب إليَّ من الحسن بن علي، بعد ما قال رسول الله صلى الله عليه وسلم ما قال.
11172,1,1,Sahih al-Bukhari,Revelation,11172,,عن أبي بكرة رضي الله عنه قال: أخرج النبي صلى الله عليه وسلم ذات يوم الحسن، فصعد به على المنبر، فقال: «ابني هذا سيِّد، ولعلَّ اللهَ أن يُصلحَ به بين فئتين من المسلمين».
11173,1,1,Sahih al-Bukhari,Revelation,11173,,عن أبي هريرة رضي الله عنه قال: قال النبي صلى الله عليه وسلم : «مَن أحبَّ الحسن والحُسين فقد أحبَّني، ومَن أبغضهما فقد أبغضني».
11174,1,1,Sahih al-Bukhari,Revelation,11174,,عن أبي هريرة رضي الله عنه ، قال: قال رسول الله صلى الله عليه وسلم : «خيرُكم خيركم لأهلي مِن بعدي». قال: فباع عبد الرحمن بن عوف حديقةً بأربع مائة ألف، فقسَّمها في أزواج النبي صلى الله عليه وسلم .
11175,1,1,Sahih al-Bukhari,Revelation,11175,,عن عائشة رضي الله عنها قالت: ما غِرْتُ على نساء النبي صلى الله عليه وسلم إلا على خديجة، وإني لم أُدركها، قالت: وكان رسول الله صلى الله عليه وسلم إذا ذبح الشاة، فيقول: «أرسلوا بها إلى أصدقاء خديجة»، قالت: فأغضبتُه يوما، فقلتُ: خديجة، فقال رسول الله صلى الله عليه وسلم : «إني قد رُزِقْتُ حُبَّها».
11176,1,1,Sahih al-Bukhari,Revelation,11176,,عن عائشة رضي الله عنها ، قالت: «لم يتزوج النبي صلى الله عليه وسلم على خديجة حتى ماتت».
11177,1,1,Sahih al-Bukhari,Revelation,11177,,عن عائشة رضي الله عنها ، أنَّ جبريل جاء بصورتها في خِرْقَة حَرير خضراء إلى النبي صلى الله عليه وسلم ، فقال: «هذه زوجتُك في الدنيا والآخرة».
11178,1,1,Sahih al-Bukhari,Revelation,11178,,عن عائشة رضي الله عنها قالت: قال رسول الله صلى الله عليه وسلم يومًا: «يا عائش، هذا جبريل يُقرِئك السلام» فقلت: وعليه السلام ورحمة الله وبركاته، تَرى ما لا أَرى. تريد رسول الله صلى الله عليه وسلم .
11179,1,1,Sahih al-Bukhari,Revelation,11179,,عن أبي موسى رضي الله عنه قال: قال رسول الله صلى الله عليه وسلم : «كَمُل من الرجال كثير، ولم يَكمُل من النساء: إلا آسية امرأة فرعون، ومريم بنت عِمران، وإنَّ فضلَ عائشة على النساء كفضل الثَّرِيد على سائر الطعام».
11180,1,1,Sahih al-Bukhari,Revelation,11180,,عن عائشة رضي الله عنها قالت: قال لي رسول الله صلى الله عليه وسلم : «إنِّي لأعلمُ إذا كنتِ عنِّي راضيةً، وإذا كنتِ عليَّ غَضْبَى». قالت: فقلتُ: مِن أين تَعْرف ذلك؟ فقال: «أمَّا إذا كنتِ عني راضيةً، فإنكِ تقولين: لا وربِّ محمد، وإذا كنتِ علي غَضبى، قلتِ: لا وربِّ إبراهيم». قالت: قلتُ: أجل والله يا رسول الله، ما أهْجُرُ إلَّا اسمَك.
11187,1,1,Sahih al-Bukhari,Revelation,11187,,عن أبي هريرة قال: قال رسول الله صلى الله عليه وسلم : «رأيتُ جعفرًا يطير في الجنة مع الملائكة».
11188,1,1,Sahih al-Bukhari,Revelation,11188,,"عن أنس بن مالك رضي الله عنه قال: «ما رأيتُ أحدا كان أرحم بالعِيال من رسول الله صلى الله عليه وسلم »، قال: «كان إبراهيم مُسْتَرضَعًا له في عَوَالي المدينة، فكان ينطلق ونحن معه، فيدخل البيت وإنه ليُدَخَّن، وكان ظِئْره قَيْنًا، فيأخذه فيُقبِّله، ثم يرجع».
قال عمرو: فلما تُوفي إبراهيم قال رسول الله صلى الله عليه وسلم : «إن إبراهيم ابني، وإنه مات في الثَّدي، وإن له لظِئْرين تُكمِلان رضاعه في الجنة»."
11189,1,1,Sahih al-Bukhari,Revelation,11189,,عن البراء رضي الله عنه قال: لما تُوفِّي إبراهيم -عليه السلام-، قال رسول الله صلى الله عليه وسلم : «إنَّ له مُرْضِعًا في الجنة».
11190,1,1,Sahih al-Bukhari,Revelation,11190,,عن أنس بن مالك رضي الله عنه مرفوعًا: «إنَّ لكل أُمَّة أمِينًا، وإنَّ أمِيننا -أيتُها الأمة- أبو عُبيدة بن الجَرَّاح».
11191,1,1,Sahih al-Bukhari,Revelation,11191,,عن الزُّبير بن العَوَّام رضي الله عنه قال: كان على النبي صلى الله عليه وسلم دِرْعان يوم أحد، فنهض إلى الصَّخرة فلم يستطع، فأَقعد طلحة تحته، فصعد النبي -صلى الله عليه وسلم عليه- حتى استوى على الصخرة، فقال: سمعتُ النبي صلى الله عليه وسلم يقول: «أَوْجِبْ طلحة».
11192,1,1,Sahih al-Bukhari,Revelation,11192,,عن جابر رضي الله عنهما قال: قال النبي صلى الله عليه وسلم : «مَن يأتيني بخبر القوم؟» يوم الأحزاب. قال الزُّبير: أنا، ثم قال: «مَن يأتيني بخبر القوم؟»، قال الزُّبير: أنا، فقال النبي صلى الله عليه وسلم : «إنَّ لكل نبي حَوَاريًّا، وحَوَاريِّ الزُّبير».
11193,1,1,Sahih al-Bukhari,Revelation,11193,,عن جابر بن عبد الله رضي الله عنه مرفوعًا: «الزُّبير ابن عَمَّتي، وحَوَاريِّ من أُمَّتي».
11194,1,1,Sahih al-Bukhari,Revelation,11194,,عن جابر بن عبد الله رضي الله عنهما ، قال: أقبل سعد، فقال النبي صلى الله عليه وسلم : «هذا خالي فليُرِني امرؤٌ خالَه».
11195,1,1,Sahih al-Bukhari,Revelation,11195,,عن علي رضي الله عنه قال: ما رأيتُ النبيَّ صلى الله عليه وسلم يُفَدِّي رجلًا بعد سعد سمعتُه يقول: «ارم فداك أبي وأمي».
11196,1,1,Sahih al-Bukhari,Revelation,11196,,عن عائشة رضي الله عنها أن رسول الله صلى الله عليه وسلم كان يقول: «إنَّ أمركنَّ لمِمَّا يُهِمُّني بعدي، ولن يصبر عليكن إلا الصابرون». قال: ثم تقول عائشة، فسقى الله أباك من سَلْسَبيل الجنة، تريد عبد الرحمن بن عوف، وقد كان وَصَل أزواج النبي صلى الله عليه وسلم بمال، يقال: بيعت بأربعين ألفا.
11197,1,1,Sahih al-Bukhari,Revelation,11197,,عن عبد الرحمن بن أبي عميرة وكان من أصحاب رسول الله صلى الله عليه وسلم عن النبي صلى الله عليه وسلم أنه قال لمعاوية: «اللهم اجعله هاديًا مَهْديًّا واهدِ به».
11199,1,1,Sahih al-Bukhari,Revelation,11199,,عن عائشة قالت: قال رسول الله صلى الله عليه وسلم : «ما خُيِّر عَمَّار بين أمرين إلَّا اختار أرشدَهما».
11201,1,1,Sahih al-Bukhari,Revelation,11201,,عن أبي هريرة قال: قال رسول الله صلى الله عليه وسلم : «ابْنَا العاصِ مؤمنان: عمروٌ وهشامٌ».
11202,1,1,Sahih al-Bukhari,Revelation,11202,,عن أبي عزة الهذلي رضي الله عنه قال قال رسول الله صلى الله وسلم: «إذا أراد اللهُ قَبْضَ عبد بأرض جعلَ له بها حاجة».
11203,1,1,Sahih al-Bukhari,Revelation,11203,,عن عمر الجمعي رضي الله عنه : أن رسول الله صلى الله عليه وسلم قال: «إذا أراد اللهُ بعبدٍ خيرًا استعملَه قبل موتِه» فسأله رجلٌ من القوم: ما استعملَه؟ قال: «يهديه اللهُ عزَّ وجلَّ إلى العمل الصالح قبل موتِه، ثم يقبضه على ذلك».
11206,1,1,Sahih al-Bukhari,Revelation,11206,,عن عائشة رضي الله عنها ، قالت: دخلت عليَّ عجوزان من عُجُز يهود المدينة، فَقَالَتا لي: إنَّ أهلَ القبور يُعذَّبون في قبورهم، فكذَّبتُهما، ولم أُنْعِم أنْ أُصَدِّقهما، فَخَرَجَتَا، ودخل عليَّ النبي صلى الله عليه وسلم ، فقلت له: يا رسول الله، إنَّ عجوزين، وذكرتُ له، فقال: «صَدَقَتَا، إنَّهم يُعذَّبون عذابًا تَسْمَعُه البهائم كلُّها» فما رأيتُه بعْدُ في صلاة إلا تعوَّذ من عذاب القبر.
11207,1,1,Sahih al-Bukhari,Revelation,11207,,عن أسماء بنت أبي بكر رضي الله عنها قالت: قام رسول الله صلى الله عليه وسلم فَذَكَرَ الفتنةَ التي يُفتن بها المرء في قبره، فلما ذكر ذلك ضَجَّ المسلمون ضَجَّةً حالت بيني وبين أن أفهم كلامَ رسول الله صلى الله عليه وسلم ، فلما سَكَنَت ضَجَّتُهم قلتُ لرجل قريب مني: أيْ -بارك الله لك- ماذا قال رسول الله صلى الله عليه وسلم في آخر قوله؟ قال: «قد أُوحِيَ إليَّ أنكم تُفتَنون في القبور قريبًا من فتنة الدَّجَّال».
11208,1,1,Sahih al-Bukhari,Revelation,11208,,عن أبي سعيد رضي الله عنه قال: ولم أشهده من النبي صلى الله عليه وسلم ، ولكن حدَّثنيه زيد بن ثابت، قال: بينما النبي صلى الله عليه وسلم في حائط لبني النَّجَّار، على بَغْلة له ونحن معه، إذ حادَت به فكادت تُلْقيه، وإذا أقبُر ستة أو خمسة أو أربعة -قال: كذا كان يقول الجريري- فقال: «مَن يعرف أصحاب هذه الأقبُر؟» فقال رجل: أنا، قال: فمتى مات هؤلاء؟ قال: ماتوا في الإشراك، فقال: «إن هذه الأمة تُبْتَلى في قبورها، فلولا أن لا تَدَافنوا لدعوتُ اللهَ أنْ يُسْمِعَكم من عذاب القبر الذي أسمع منه» ثم أقبل علينا بوجهه، فقال: «تعوَّذوا بالله من عذاب النار» قالوا: نعوذ بالله من عذاب النار، فقال: «تعوَّذوا بالله من عذاب القبر» قالوا: نعوذ بالله من عذاب القبر، قال: «تعوَّذوا بالله من الفتن، ما ظهر منها وما بَطَن» قالوا: نعوذ بالله من الفتن ما ظهر منها وما بَطَن، قال: «تعوَّذوا بالله من فتنة الدَّجَّال» قالوا: نعوذ بالله من فتنة الدَّجَّال.
11209,1,1,Sahih al-Bukhari,Revelation,11209,,عن أبي أيوب رضي الله عنه، قال: خرج النبي صلى الله عليه وسلم وقد وَجَبَت الشمس، فسمع صوتا فقال: «يهودُ تُعذَّب في قبورها».
11211,1,1,Sahih al-Bukhari,Revelation,11211,,عن أبي هريرة رضي الله عنه قال: قال رسول الله صلى الله عليه وسلم : إذا قُبِر الميت -أو قال: أحدكم- أتاه ملكان أسودان أزرقان، يقال لأحدهما: المُنكَر، وللآخر: النَّكِير، فيقولان: ما كنتَ تقول في هذا الرجل؟ فيقول: ما كان يقول: هو عبد الله ورسوله، أشهد أن لا إله إلا الله، وأن محمدا عبده ورسوله، فيقولان: قد كنا نعلم أنك تقول هذا، ثم يُفْسَح له في قبره سبعون ذِراعا في سبعين، ثم يُنَوَّر له فيه، ثم يقال له: نم، فيقول: أرجع إلى أهلي فأخبرهم، فيقولان: نم كنومة العروس الذي لا يوقِظه إلا أحب أهله إليه، حتى يبعثه الله من مَضْجعه ذلك، وإن كان منافقا قال: سمعتُ الناس يقولون، فقلت مثله، لا أدري، فيقولان: قد كنا نعلم أنك تقول ذلك، فيقال للأرض: التَئِمي عليه، فتَلْتَئِم عليه، فتختلف فيها أضلاعه، فلا يزال فيها مُعذَّبا حتى يبعثه الله من مَضْجعه ذلك.
11212,1,1,Sahih al-Bukhari,Revelation,11212,,"عن البراء بن عازب رضي الله عنه ، قال: خرجنا مع رسول الله صلى الله عليه وسلم في جنازة رجل من الأنصار، فانتهينا إلى القبر ولمَّا يُلْحَد، فجلس رسول الله صلى الله عليه وسلم وجلسنا حوله كأنما على رءوسنا الطير، وفي يده عود يَنكتُ به في الأرض، فرفع رأسه، فقال: «استعيذوا بالله من عذاب القبر» مرتين، أو ثلاثا، زاد في رواية: ""وإنه ليسمع خَفْقَ نعالهم إذا وَلَّوا مُدْبِرين حين يقال له: يا هذا، من ربك؟ وما دينك؟ ومن نبيك؟"" قال هناد: قال: ""ويأتيه ملكان فيُجلِسانه فيقولان له: من ربك؟ فيقول: ربي الله، فيقولان له: ما دينك؟ فيقول: ديني الإسلام، فيقولان له: ما هذا الرجل الذي بُعث فيكم؟"" قال: ""فيقول: هو رسول الله صلى الله عليه وسلم ، فيقولان: وما يُدريك؟ فيقول: قرأتُ كتاب الله فآمنت به وصدقت، «زاد في حديث جرير» فذلك قول الله عز وجل {يُثَبِّتُ اللهُ الذين آمنوا} [إبراهيم: 27]"" الآية -ثم اتفقا- قال: ""فينادي مُناد من السماء: أن قد صدق عبدي، فأفرشوه من الجنة، وافتحوا له بابا إلى الجنة، وألبسوه من الجنة"" قال: «فيأتيه من رَوْحها وطِيبها» قال: «ويُفتَح له فيها مدَّ بصره» قال: «وإن الكافر» فذكر موته قال: ""وتُعاد روحه في جسده، ويأتيه ملكان فيُجلسانه فيقولان: له من ربُّك؟ فيقول: هَاهْ هَاهْ هَاهْ، لا أدري، فيقولان له: ما دينك؟ فيقول: هَاهْ هَاهْ، لا أدري، فيقولان: ما هذا الرجل الذي بُعث فيكم؟ فيقول: هَاهْ هَاهْ، لا أدري، فينادي مناد من السماء: أن كذب، فأفرشوه من النار، وألبسوه من النار، وافتحوا له بابا إلى النار"" قال: «فيأتيه من حَرِّها وسَمُومها» قال: «ويُضيَّق عليه قبره حتى تختلف فيه أضلاعه» زاد في حديث جرير قال: «ثم يُقَيَّض له أعمى أَبْكَم معه مِرْزَبّة من حديد، لو ضُرب بها جبل لصار ترابا» قال: «فيضربه بها ضربة يسمعها ما بين المشرق والمغرب إلا الثَّقَلين، فيصير ترابا» قال: «ثم تُعاد فيه الروح»."
11213,1,1,Sahih al-Bukhari,Revelation,11213,,عن أسامة بن زيد رضي الله عنهما قال: أشرفَ النبيُّ صلى الله عليه وسلم على أُطُم من آطام المدينة، فقال: «هل ترون ما أرى؟» قالوا: لا، قال: «فإنِّي لأرى الفتنَ تقع خِلال بيوتكم كوَقْع القَطْر».
11214,1,1,Sahih al-Bukhari,Revelation,11214,,عن عوف بن مالك رضي الله عنه ، قال: أتيتُ النبي صلى الله عليه وسلم في غزوة تبوك وهو في قُبَّة من أَدَم، فقال: «اعدُد ستًّا بين يدي الساعة: موتي، ثم فتح بيت المقدس، ثم مُوتانٌ يأخذ فيكم كقُعَاص الغنم، ثم استفاضة المال حتى يُعطى الرجل مائة دينار فيظل ساخطا، ثم فتنة لا يبقى بيتٌ من العرب إلا دخلته، ثم هُدْنة تكون بينكم وبين بني الأصفر، فيغدرون فيأتونكم تحت ثمانين غاية، تحت كل غاية اثنا عشر ألفا».
11215,1,1,Sahih al-Bukhari,Revelation,11215,,عن سهل بن سعد رضي الله عنه عن رسول الله صلى الله عليه وسلم قال: «بُعِثْتُ أنا والساعةَ هكذا»، ويُشير بإصبعيه فيَمُدُّ بهما.
11216,1,1,Sahih al-Bukhari,Revelation,11216,,عن أبي هريرة رضي الله عنه مرفوعًا: «لا تقومُ الساعةُ حتى تخرجَ نارٌ من أرض الحِجاز تُضيءُ أعناقَ الإبل ببُصْرى».
11218,1,1,Sahih al-Bukhari,Revelation,11218,,عن أبي نَضْرَة، قال: كنا عند جابر بن عبد الله فقال: يُوشِك أهلُ العراق أن لا يُجبى إليهم قَفِيز ولا درهم، قلنا: من أين ذاك؟ قال: من قِبل العَجَم يمنعون ذاك، ثم قال: يُوشك أهل الشام أن لا يُجبى إليهم دينار ولا مُدْي، قلنا: من أين ذاك؟ قال: من قِبل الروم، ثم سكت هُنيَّة، ثم قال: قال رسول الله صلى الله عليه وسلم: «يكون في آخر أمتي خليفة يَحثي المال حَثْيا، لا يَعُدُّه عددا» قال قلتُ لأبي نَضرَة وأبي العلاء: أتَرَيان أنه عمر بن عبد العزيز، فقالا: لا.
11219,1,1,Sahih al-Bukhari,Revelation,11219,,عن نافع بن عتبة رضي الله عنه ، قال: كنا مع رسول الله صلى الله عليه وسلم في غزوة، قال: فأَتَى النبيَّ صلى الله عليه وسلم قومٌ من قِبَل المغرب، عليهم ثياب الصوف، فوافقوه عند أَكَمة، فإنهم لَقيامٌ ورسول الله صلى الله عليه وسلم قاعد، قال: فقالت لي نفسي: ائتِهم فقُم بينهم وبينه لا يَغتالونه، قال: ثم قلتُ: لعله نَجِيّ معهم، فأَتَيتُهم فقمتُ بينهم وبينه، قال: فحفِظتُ منه أربع كلمات أَعُدُّهن في يدي، قال: «تَغزون جزيرة العرب فيَفتحها الله، ثم فارس فيفتحها الله، ثم تغزون الروم فيفتحها الله، ثم تغزون الدَّجَّال فيفتحه الله» قال: فقال نافع: يا جابر، لا نرى الدجال يخرج، حتى تُفتح الروم.
11221,1,1,Sahih al-Bukhari,Revelation,11221,,عن ثوبان مولى رسول الله صلى الله عليه وسلم مرفوعًا: «عِصابتان من أُمَّتي أحرزهما اللهُ من النار: عصابةٌ تغزو الهندَ، وعصابةٌ تكون مع عيسى ابن مريم عليهما السلام».
11222,1,1,Sahih al-Bukhari,Revelation,11222,,عن أبي هريرة رضي الله عنه عن رسول الله صلى الله عليه وسلم قال: «لا تقومُ الساعةُ حتى تُقاتلوا التُّرْكَ: صِغارَ الأَعين، حُمْرَ الوجوه، ذُلْفَ الأنوف، كأنَّ وجوهَهم المِجانُّ المُطْرَقة، ولا تقومُ الساعةُ حتى تقاتلوا قومًا نِعالُهم الشَّعر».
11223,1,1,Sahih al-Bukhari,Revelation,11223,,عن أبي هريرة رضي الله عنه مرفوعًا: «لا تقوم الساعة حتى تُقاتِلوا خُوزًا وكِرْمان من الأعاجم، حُمْر الوجوه، فُطْس الأُنوف، صِغار الأعين، وجوههم المِجَانُّ المُطْرَقة، نعالهم الشعر».
11227,1,1,Sahih al-Bukhari,Revelation,11227,,عن أبي هريرة، قال: قال النبي صلى الله عليه وسلم : «والذي نفسي بيده ليأتينَّ على الناس زمانٌ لا يدري القاتلُ في أيِّ شيء قَتَل، ولا يدري المقتولُ على أيِّ شيء قُتِل».
11229,1,1,Sahih al-Bukhari,Revelation,11229,,عن أبي هريرة رضي الله عنه قال: صَلَّى النبي صلى الله عليه وسلم إِحْدَى صَلاَتَيِ العَشِيّ -قال محمد: وَأَكْثَرُ ظَنِّي العصر- رَكْعَتَيْنِ، ثُمَّ سَلَّمَ، ثم قام إلى خَشَبَةٍ فِي مُقَدَّمِ المَسْجِدِ، فَوَضَعَ يَدَهُ عَلَيْهَا، وفيهم أبو بكر، وعمر رضي الله عنهما ، فَهَابَا أَنْ يُكَلِّمَاهُ، وخرج سَرَعَانُ النَّاسِ فَقَالُوا: أَقَصُرَتِ الصلاة؟ وَرَجُلٌ يَدْعُوهُ النبي صلى الله عليه وسلم ذُو اليَدَيْنِ، فَقَالَ: أَنَسِيتَ أَمْ قَصُرَتْ؟ فَقَالَ: لَمْ أَنْسَ وَلَمْ تُقْصَرْ، قَالَ: «بَلَى قَدْ نَسِيتَ، فَصَلَّى رَكْعَتَيْنِ، ثُمَّ سَلَّمَ، ثُمَّ كَبَّرَ، فَسَجَدَ مِثْلَ سُجُودِهِ أَوْ أَطْوَلَ، ثُمَّ رَفَعَ رَأْسَهُ، فَكَبَّرَ، ثُمَّ وَضَعَ رَأْسَهُ، فكبر، فَسَجَدَ مِثْلَ سُجُودِهِ أَوْ أَطْوَلَ، ثُمَّ رَفَعَ رَأْسَهُ وَكَبَّرَ».
11234,1,1,Sahih al-Bukhari,Revelation,11234,,عن زياد بن علاقة قال: صَلَّى بِنَا المغيرة بنُ شُعْبَةَ فَنَهَضَ في الركعتين، قلنا: سبحان الله، قال: سبحان الله وَمَضَى، فَلَمَّا أَتَمَّ صَلَاتَهُ وَسَلَّمَ، سَجَدَ سَجْدَتَيِ السَّهْوِ، فَلَمَّا انْصَرَفَ، قَالَ: «رَأَيْتُ رسول الله صلى الله عليه وسلم يَصْنَعُ كَمَا صَنَعْتُ».
11236,1,1,Sahih al-Bukhari,Revelation,11236,,عن ثوبان رضي الله عنه : أن النبي صلى الله عليه وسلم قال: «لكل سهو سجدتان بعدما يُسَلِّمُ».
11237,1,1,Sahih al-Bukhari,Revelation,11237,,عن أبي رافع أن أبا هريرة رضي الله عنه قرأ لهم: «إذا السماء انْشَقَّتْ» فسجد فيها، فلما انصَرَفَ أخبرهم أن رسول الله صلى الله عليه وسلم سجد فيها.
11238,1,1,Sahih al-Bukhari,Revelation,11238,,عن ابن عباس رضي الله عنهما قال: «ص ليس من عَزَائِمِ السُّجود، وقد رأيت النبي صلى الله عليه وسلم يَسجد فيها».
11240,1,1,Sahih al-Bukhari,Revelation,11240,,عن زيد بن ثابت رضي الله عنه قال: «قَرأت على النبي صلى الله عليه وسلم والنَّجم فلم يسجد فيها».
11241,1,1,Sahih al-Bukhari,Revelation,11241,,عن عُقْبَة بن عامر رضي الله عنه قال: قلت لرسول الله صلى الله عليه وسلم : أفِي سورة الحج سَجدَتَان؟ قال: «نعم، ومن لم يَسْجُدْهما؛ فلا يَقْرَأْهما».
11242,1,1,Sahih al-Bukhari,Revelation,11242,,عن رَبيعة بن عبد الله بن الهُدَيْر التَّيْمِيِّ: أن عمر بن الخطاب رضي الله عنه ، قرأ يوم الجمعة على المِنْبَر بسورة النَّحل حتى إذا جاء السَّجدة نَزل، فسجد وسجد الناس حتى إذا كانت الجمعة القَابِلة قَرأ بها، حتى إذا جاء السَّجدة، قال: «يا أيُّها الناس إنا نَمُرُّ بالسُّجود، فمن سجد، فقد أصاب ومن لم يسجد، فلا إثم عليه ولم يَسجد عمر رضي الله عنه » وفي رواية: «إن الله لم يَفرض السُّجود إلا أن نشاء».
11244,1,1,Sahih al-Bukhari,Revelation,11244,,عن أبي بكرة، عن النبي صلى الله عليه وسلم أنه كان «إذا جاءه أمرُ سرورٍ، أو بُشِّرَ به خَرَّ ساجدًا شاكرًا لله».
11245,1,1,Sahih al-Bukhari,Revelation,11245,,عن عبد الرحمن بن عوف رضي الله عنه قال: خرج رسول الله صلى الله عليه وسلم ، فتوجه نحو صدقته فدخل، فاستقبل القبلة فَخَرَّ ساجداً، فأطال السجود حتى ظننت أن الله عز وجل قبض نفسه فيها، فَدَنَوْتُ منه، ثم جلستُ فرفع رأسه، فقال: من هذا؟ قلت عبد الرحمن، قال: ما شأنك؟ قلت: يا رسول الله سجدت سجدة خشيت أن يكون الله عز وجل قد قَبَضَ نَفْسَكَ فيها، فقال: إن جبريل -عليه السلام-، أتاني فَبَشَّرَنِي ، فقال: إن الله عز وجل يقول: من صلى عليك صَلَّيْتُ عليه، ومن سلم عليك سَلَّمْتُ عليه، فسجدت لله عز وجل شكراً.
11246,1,1,Sahih al-Bukhari,Revelation,11246,,عن البراء رضي الله عنه قال: بعث النبي صلى الله عليه وسلم خالد بن الوليد إلى أهل اليمن يَدْعُوهُمْ إلى الإسلام فَلَمْ يُجِيبُوهُ، ثم إنَّ النبي صلى الله عليه وسلم بعث علي بن أبي طالب، وأمره أن يَقْفُلَ خالد ومن كان معه إلا رجل ممن كان مع خالد أحب أن يُعَقِّبَ مع علي رضي الله عنه فَلْيُعَقِّبْ معه قال البراء فَكُنْتُ مِمَّنْ عَقَّبَ مَعَهُ، فَلَمَّا دَنَوْنَا مِنَ القوم خرجوا إلينا فصلى بنا عليٌّ رضي الله عنه وَصَفَّنَا صَفًّا واحدا، ثم تقدَّم بين أيدينا، فقرأ عليهم كتاب رسول الله صلى الله عليه وسلم فَأَسْلَمَتْ هَمْدَانُ جَمِيعًا، فكتب علي رضي الله عنه إلى رسول الله صلى الله عليه وسلم بإسلامهم، فلمَّا قرأ رسول الله صلى الله عليه وسلم الكتاب خَرَّ ساجدا، ثم رفع رأسه، فقال: السَّلَامُ عَلَى هَمْدَانَ، السلامُ على هَمْدَانَ.
11248,1,1,Sahih al-Bukhari,Revelation,11248,,عن حفصة رضي الله عنها «أن النبي صلى الله عليه وسلم كان يُصلي ركعتين خَفيفتين بعد ما يَطلع الفجر»، وفي رواية: قبل أن تُقام الصلاة.
11252,1,1,Sahih al-Bukhari,Revelation,11252,,عن عبدالله بن عمر رضي الله عنهما قال: قال رسول الله صلى الله عليه وسلم : «رحم الله امرأ صلى قبل العصر أربعًا».
11253,1,1,Sahih al-Bukhari,Revelation,11253,,عن عبد الله بنِ مُغَفَّلِ المُزَنِيِّ رضي الله عنهما قال: قال رسول الله صلى الله عليه وسلم : «صَلُّوا قبل المغرب ركعتين»، ثم قال: «صَلُّوا قبل المغرب ركعتين لمن شاء»، خشية أن يتخذها الناس سُنة.
11257,1,1,Sahih al-Bukhari,Revelation,11257,,عن عائشة رضي الله عنها قالت: «كان رسول الله صلى الله عليه وسلم إذا سَكَتَ المؤذن بالأولى من صلاة الفجر قام، فركع ركعتين خفيفتين قبل صلاة الفجر، بعد أن يَسْتَبينَ الفجر، ثم اضطجع على شِقِّهِ الأيمن، حتى يأتيه المؤذن للإقامة».
11258,1,1,Sahih al-Bukhari,Revelation,11258,,عن أبي هريرة رضي الله عنه ، قال: قال رسول الله صلى الله عليه وسلم : «إذا صلى أحدكم الركعتين قبل الصبح، فليضطجع على يمينه»، فقال له مروان بن الحكم: أما يجزئ أحدنا ممشاه إلى المسجد حتى يضطجع على يمينه، قال عبيد الله في حديثه: قال: لا، قال: فبلغ ذلك ابن عمر، فقال: أكثر أبو هريرة على نفسه، قال: فقيل لابن عمر: هل تنكر شيئا مما يقول؟ قال: «لا، ولكنه اجترأ وجبنا»، قال: فبلغ ذلك أبا هريرة، قال: «فما ذنبي إن كنت حفظت ونسوا».
11260,1,1,Sahih al-Bukhari,Revelation,11260,,عن ابن عمر رضي الله عنهما ، عن النبي صلى الله عليه وسلم قال: «صلاة الليل والنَّهار مثْنَى مثْنَى».
11261,1,1,Sahih al-Bukhari,Revelation,11261,,عن أبي هريرة رضي الله عنه قال: قال رسول الله صلى الله عليه وسلم : «أفضل الصِّيام، بعد رمضان، شَهر الله المُحَّرم، وأفضل الصلاة، بعد الفَريضة، صلاة الليل».
11262,1,1,Sahih al-Bukhari,Revelation,11262,,عن أبي أيوب الأنصاري رضي الله عنه أن النبي صلى الله عليه وسلم قال: «الوِتر حَق، فمن شاء أوْتَر بِسبْعٍ، ومن شاء أوْتَر بخمس، ومن شاء أوْتَر بثلاث، ومن شاء أوْتَر بواحدة».
11263,1,1,Sahih al-Bukhari,Revelation,11263,,عن علي رضي الله عنه قال: «الوِتر ليس بِحَتْمٍ كَهَيْئَةِ الصلاة المَكتوبة، ولكن سُنَّة سَنَّها رسول الله صلى الله عليه وسلم ».
11266,1,1,Sahih al-Bukhari,Revelation,11266,,عن أبي تَمِيم الجَيْشَانِيِّ قال: سمعت عمرو بن العَاص يقول: أخبرني رَجُل من أصحاب النبي صلى الله عليه وسلم يقول: إن رسول الله صلى الله عليه وسلم قال: «إن الله عز وجل زَادَكُمْ صلاة فصلُّوها فيما بَيْن صلاة العِشَاء إلى صلاة الصُّبح، الوِتر الوِتر»، أَلَا وإنَّه أبو بَصْرَة الغِفَاري، قال أبو تَميم: فكنت أنا وأبو ذَرٍ قاعِدَين، قال: فأخذ بِيَدِي أبو ذَرٍّ فانطلقنا إلى أبي بَصْرة فوجدناه عند الباب الذي يَلِي دار عَمرو بن العاص، فقال أبو ذَرٍّ: يا أبا بَصْرَة آنت سمعت النبي صلى الله عليه وسلم يقول: «إن الله عز وجل زَادَكُمْ صلاة، فصلُّوها فيما بَيْن صلاة العشاء إلى صلاة الصُّبح الوِتر الوِتر؟» قال: نعم، قال: أنْتَ سَمِعْتَه؟ قال: نعم، قال: أنت سمعته؟ قال: نعم.
11268,1,1,Sahih al-Bukhari,Revelation,11268,,عن أبي سَلمة بن عبد الرحمن، أنه أخْبَره: أنه سَأل عائشة رضي الله عنها ، كيف كانت صلاة رسول الله صلى الله عليه وسلم في رمضان؟ فقالت: «ما كان رسول الله صلى الله عليه وسلم يَزيد في رمضان ولا في غَيره على إحدى عَشرة ركعة يصلِّي أربعا، فلا تَسَل عن حُسْنِهِنَّ وَطُولِهِنَّ، ثم يصلِّي أربعا، فلا تَسَل عن حُسْنِهِنَّ وَطُولِهِنَّ، ثم يصلَّي ثلاثا». قالت عائشة: فقلت يا رسول الله: أتنام قبل أن توتر؟ فقال: «يا عائشة إن عَيْنَيَّ تَنَامَانِ ولا يَنام قَلْبِي»
11269,1,1,Sahih al-Bukhari,Revelation,11269,,عن عائشة رضي الله عنها ، قالت: «كان النبي صلى الله عليه وسلم يصلي من الليل ثلاث عشرة ركعة منها الوِتر، وركعتا الفجر».
11270,1,1,Sahih al-Bukhari,Revelation,11270,,عن عبد الله بن عمرو بن العاص رضي الله عنهما قال: قال لي رسول الله صلى الله عليه وسلم : «يا عبد الله، لا تكن مثل فلان كان يقوم الليل، فترك قيام الليل».
11271,1,1,Sahih al-Bukhari,Revelation,11271,,عن علي بن أبي طالب رضي الله عنه قال: قال رسول الله صلى الله عليه وسلم : «يا أهل القرآن، أوتروا؛ فإن الله وتر، يحب الوتر».
11272,1,1,Sahih al-Bukhari,Revelation,11272,,عن قيس بن طلق، قال: زارنا طلْق بن علي في يوم من رمضان، وأَمْسى عندنا، وأفطر، ثم قام بنا الليلة، وأَوْتَرَ بنا، ثم انحدر إلى مسجده، فصلى بأصحابه، حتى إذا بقي الوتر قَدَّمَ رجلا، فقال: أَوْتِرْ بأصحابك، فإني سمعت النبي صلى الله عليه وسلم يقول: «لا وِتْرَانِ في ليلة».
11275,1,1,Sahih al-Bukhari,Revelation,11275,,عن أبي سعيد الخدري رضي الله عنه أن النبي صلى الله عليه وسلم قال: «أَوْتِرُوا قبل أن تُصبحِوُا».
11276,1,1,Sahih al-Bukhari,Revelation,11276,,عن أبي سعيد الخدري رضي الله عنه أن رسول الله صلى الله عليه وسلم قال: «من أدركه الصبح ولم يوتر؛ فلا وتر له».
11277,1,1,Sahih al-Bukhari,Revelation,11277,,عن أبي سعيد الخدري رضي الله عنه مرفوعًا: «من نام عن وتره، أو نسيه، فَلْيُصَلِّه إذا ذكره».
11278,1,1,Sahih al-Bukhari,Revelation,11278,,عن جابر رضي الله عنه قال: قال رسول الله صلى الله عليه وسلم : «من خاف أن لا يقوم من آخِرِ الليل فليوتر أوله، ومن طَمِعَ أن يقوم آخره فليوتر آخر الليل، فإن صلاة آخر الليل مشهودة، وذلك أفضل».
11280,1,1,Sahih al-Bukhari,Revelation,11280,,عن عائشة رضي الله عنها قالت: كان رسول الله صلى الله عليه وسلم يُصلِّي الضُحى أربعا، ويَزِيد ما شاء الله.
11281,1,1,Sahih al-Bukhari,Revelation,11281,,عن عبد الله بن شَقيق، قال: قُلت لعائشة: هل كان النبي صلى الله عليه وسلم يُصلِّي الضُّحَى؟ قالت: «لا، إلا أن يَجِيء من مَغِيبِه».
11282,1,1,Sahih al-Bukhari,Revelation,11282,,عن عائشة رضي الله عنها ، قالت: «إنْ كان رسول الله صلى الله عليه وسلم لَيَدَعُ العمل، وهو يُحِبُّ أن يعملَ به خَشْيَة أن يعملَ به الناس، فَيُفْرَضَ عليهم، وما سَبَّح رسول الله صلى الله عليه وسلم سُبْحَة الضُّحى قَطُّ وإنِّي لَأُسَبِّحُهَا».
11283,1,1,Sahih al-Bukhari,Revelation,11283,,عن زَيد بن أرْقَم رضي الله عنه : أنه رأى قوما يصلُّون من الضُّحى، فقال: أمَا لقد عَلِموا أن الصلاة في غير هذه السَّاعة أفضل، إن رسول الله صلى الله عليه وسلم ، قال: «صلاة الأَوَّابِين حين تَرْمَضُ الفِصَال».
11288,1,1,Sahih al-Bukhari,Revelation,11288,,عن ابن عباس رضي الله عنهما عن النبي صلى الله عليه وسلم قال: «من سمِع النِّدَاء فلم يَأتِه؛ فلا صلاة له إلا من عُذْر».
11289,1,1,Sahih al-Bukhari,Revelation,11289,,عن جابر بن يزيد بن الأسود، عن أبيه، أنه صلى مع رسول الله صلى الله عليه وسلم وهو غلام شاب، فلمَّا صلَّى إذا رجلان لم يُصَلِّيا في ناحية المسجد، فدعا بهما فجيء بهما تَرْعُد فَرائِصُهما، فقال: «ما منعكما أن تُصَلِّيا معنا؟» قالا: قد صلَّينا في رِحالنا، فقال: «لا تفعلوا، إذا صلَّى أحدكم في رَحْله ثم أدرك الإمام ولم يُصَلِّ، فليُصلِّ معه فإنها له نافلة».
11290,1,1,Sahih al-Bukhari,Revelation,11290,,عن أنس بن مالك أن رسول الله صلى الله عليه وسلم ركب فرسا، فصُرِع عنه فجُحِش شِقُّه الأيمن، فصلى صلاة من الصلوات وهو قاعد، فصلَّينا وراءه قعودا، فلما انصرف قال: إنما جُعِل الإمام ليُؤتمَّ به، فإذا صلى قائما، فصلوا قياما، فإذا ركع، فاركعوا وإذا رفع، فارفعوا، وإذا قال: سمع الله لمن حمده، فقولوا: ربنا ولك الحمد، وإذا صلى قائما، فصلوا قياما، وإذا صلى جالسا، فصلوا جلوسا أجمعون.
11291,1,1,Sahih al-Bukhari,Revelation,11291,,أن رسول الله صلى الله عليه وسلم رأى في أصحابه تأخُّرًا فقال لهم: «تَقَدَّمُوا فَأْتَمُّوا بي، وليأتمَّ بكم مَن بعدكم، لا يزال قومٌ يتأخرون حتى يؤخرَّهم اللهُ».
11292,1,1,Sahih al-Bukhari,Revelation,11292,,عن زيد بن ثابت رضي الله عنه أَنَّ النَّبِيَّ -صَلَّى اللهُ عَلَيْهِ وَسَلَّمَ- اتَّخَذَ حُجْرَةً فِي المَسْجِدِ مِنْ حَصِيرٍ، فَصَلَّى رَسُولُ اللَّهِ -صَلَّى اللهُ عَلَيْهِ وَسَلَّمَ- فِيهَا لَيَالِيَ حَتَّى اجْتَمَعَ إِلَيْهِ نَاسٌ، ثُمَّ فَقَدُوا صَوْتَهُ لَيْلَةً، فَظَنُّوا أَنَّهُ قَدْ نَامَ، فَجَعَلَ بَعْضُهُمْ يَتَنَحْنَحُ؛ لِيَخْرُجَ إِلَيْهِمْ، فَقَالَ: «مَا زَالَ بِكُمُ الَّذِي رَأَيْتُ مِنْ صَنِيعِكُمْ، حَتَّى خَشِيتُ أَنْ يُكْتَبَ عَلَيْكُمْ، وَلَوْ كُتِبَ عَلَيْكُمْ مَا قُمْتُمْ بِهِ، فَصَلُّوا أَيُّهَا النَّاسُ فِي بُيُوتِكُمْ، فَإِنَّ أَفْضَلَ صَلاَةِ المَرْءِ فِي بَيْتِهِ إِلَّا الصَّلاَةَ المَكْتُوبةَ».
11294,1,1,Sahih al-Bukhari,Revelation,11294,,عن عبيد الله بن عبد الله بن عتبة، قال: دخلت على عائشة فقلت: ألا تحدثيني عن مرض رسول الله صلى الله عليه وسلم ؟ قالت: بلى، ثَقُلَ النبي صلى الله عليه وسلم فقال: «أصلى الناس؟» قلنا: لا، هم ينتظرونك، قال: «ضعوا لي ماء في الْمِخْضَبِ ». قالت: ففعلنا، فاغتسل، فذهب لِيَنُوءَ فأغمي عليه، ثم أفاق، فقال صلى الله عليه وسلم : «أصلى الناس؟» قلنا: لا، هم ينتظرونك يا رسول الله، قال: «ضعوا لي ماء في الْمِخْضَبِ » قالت: فقعد فاغتسل، ثم ذهب لينوء فأغمي عليه، ثم أفاق، فقال: «أصلى الناس؟» قلنا: لا، هم ينتظرونك يا رسول الله، فقال: «ضعوا لي ماء في الْمِخْضَبِ »، فقعد، فاغتسل، ثم ذهب لِيَنُوءَ فأغمي عليه، ثم أفاق فقال: «أصلى الناس؟» فقلنا: لا، هم ينتظرونك يا رسول الله، والناس عُكُوفٌ في المسجد، ينتظرون النبي عليه السلام لصلاة العشاء الآخرة، فأرسل النبي صلى الله عليه وسلم إلى أبي بكر بأن يصلي بالناس، فأتاه الرسول فقال: إن رسول الله صلى الله عليه وسلم يأمرك أن تصلي بالناس، فقال أبو بكر - وكان رجلا رقيقا -: يا عمر صل بالناس، فقال له عمر: أنت أحق بذلك، فصلى أبو بكر تلك الأيام، ثم إن النبي صلى الله عليه وسلم وجد من نفسه خِفَّةً ، فخرج بين رجلين أحدهما العباس لصلاة الظهر وأبو بكر يصلي بالناس، فلما رآه أبو بكر ذهب ليتأخر، فَأَوْمَأَ إليه النبي صلى الله عليه وسلم بأن لا يتأخر، قال: أجلساني إلى جنبه، فأجلساه إلى جنب أبي بكر، قال: فجعل أبو بكر يصلي وهو يأتم بصلاة النبي صلى الله عليه وسلم ، والناس بصلاة أبي بكر، والنبي صلى الله عليه وسلم قاعد، قال عبيد الله: فدخلت على عبد الله بن عباس فقلت له: ألا أعرض عليك ما حدثتني عائشة عن مرض النبي صلى الله عليه وسلم ، قال: هات، فعرضت عليه حديثها، فما أنكر منه شيئا غير أنه قال: أسمت لك الرجل الذي كان مع العباس قلت: لا، قال: هو علي بن أبي طالب رضي الله عنه .
11295,1,1,Sahih al-Bukhari,Revelation,11295,,عن أبي مسعود الأنصاري رضي الله عنه قال: قال رجل يا رسول الله، لا أكاد أدرك الصلاة مما يطول بنا فلان، فما رأيت النبي صلى الله عليه وسلم في موعظة أشد غضبا من يومئذ، فقال: «أيها الناس، إنكم منفرون، فمن صلى بالناس فليخفف، فإن فيهم المريض، والضعيف، وذا الحاجة».
11296,1,1,Sahih al-Bukhari,Revelation,11296,,عن أيوب، عن أبي قلابة، عن عمرو بن سَلِمة، قال -أي أيوب-: قال لي أبو قلابة: ألا تلقاه فتسأله؟ -أي تسأل عمرو بن سلمة- قال فلقيته فسألته فقال: كنا بماء ممر الناس، وكان يمرُّ بنا الرُّكبان فنسألهم: ما للناس، ما للناس؟ ما هذا الرجل؟ فيقولون: يزعم أن الله أرسله، أوحى إليه، أو: أوحى الله بكذا، فكنتُ أحفظ ذلك الكلام، وكأنما يَقَرُّ في صدري، وكانت العرب تَلَوَّم بإسلامهم الفتح، فيقولون: اتركوه وقومه، فإنه إن ظهر عليهم فهو نبي صادق، فلما كانت وقعة أهل الفتح، بادَر كلُّ قوم بإسلامهم، وبَدَر أبي قومي بإسلامهم، فلما قدم قال: جئتكم والله من عند النبي صلى الله عليه وسلم حقا، فقال: «صَلُّوا صلاة كذا في حين كذا، وصَلُّوا صلاة كذا في حين كذا، فإذا حضرت الصلاة فليؤذِّن أحدكم، وليَؤمَّكم أكثركم قرآنا». فنظروا فلم يكن أحد أكثر قرآنا مني، لما كنت أتلقى من الرُّكبان، فقدَّموني بين أيديهم، وأنا ابن ست أو سبع سنين، وكانت علي بُرْدة، كنت إذا سجدت تَقَلَّصت عني، فقالت امرأة من الحي: ألا تُغَطُّوا عنا اسْتَ قارئكم؟ فاشتروا فقطعوا لي قميصا، فما فرحتُ بشيء فرحي بذلك القميص.
11297,1,1,Sahih al-Bukhari,Revelation,11297,,عن أبي مسعود الأنصاري رضي الله عنه قال: قال رسول الله صلى الله عليه وسلم : «يَؤُمُّ القوم أقرؤهم لكتاب الله، فإن كانوا في القراءة سواء، فأعلمهم بالسنة، فإن كانوا في السنة سواء، فأقدمهم هجرة، فإن كانوا في الهجرة سواء، فأقدمهم سِلْمًا، ولا يَؤُمَّنَّ الرجل الرجل في سلطانه، ولا يقعد في بيته على تَكْرِمَتِهِ إلا بإذنه».
11300,1,1,Sahih al-Bukhari,Revelation,11300,,عن ابن عباس رضي الله عنهما قال: بِتُّ عند ميمونة، فقام النبي صلى الله عليه وسلم فأتى حاجَتَه، فغسل وجهه ويديه، ثم نام، ثم قام، فأَتى القِرْبَة فأطلق شِنَاقَهَا، ثم توضأ وضوءا بين وضوءين لم يُكْثِرْ وقد أبلغ، فصلى، فقمت فَتَمَطَّيْتُ؛ كراهية أن يرى أني كنت أَتَّقِيهِ، فتوضأت، فقام يصلي، فقمت عن يساره، فأخذ بِأُذُنِي فَأَدَارَنِي عن يمينه، فَتَتَامَّت صلاته ثلاث عشرة ركعة، ثم اضطجع فنام حتى نَفَخ، وكان إذا نام نَفَخ، فَآذَنَهُ بلال بالصلاة، فصلَّى ولم يتوضأ، وكان يقول في دعائه: «اللهم اجعل في قلبي نورا، وفي بَصري نورا، وفي سمعي نورا، وعن يميني نورا، وعن يساري نورا، وفَوْقِي نورا، وتحتي نورا، وأمامي نورا، وخلفي نورا، واجعل لي نورا».
11301,1,1,Sahih al-Bukhari,Revelation,11301,,عن أنس بن مالك رضي الله عنه ، قال: «صَلَّيْتُ أنا ويَتِيمٌ، في بَيْتِنَا خَلْف النبي صلى الله عليه وسلم ، وَأُمِّي أُمُّ سُليم خَلْفَنَا».
11302,1,1,Sahih al-Bukhari,Revelation,11302,,عن الحسن، أن أبا بَكْرَة جاء ورسول الله راكع، فركع دون الصَّف ثم مَشَى إلى الصَّف فلما قَضَى النبي صلى الله عليه وسلم صلاته، قال: «أيُّكم الذي ركع دون الصَّف ثم مَشَى إلى الصَّف؟» فقال أبو بَكْرَة: أنا، فقال النبي صلى الله عليه وسلم : «زادَك الله حِرْصَا ولا تَعُد».
11307,1,1,Sahih al-Bukhari,Revelation,11307,,عن أُمِّ ورَقة بنت عبد الله بن الحارث الأنصارية، أنها كانت قد جَمعت القرآن، وكان النبي صلى الله عليه وسلم قد أَمَرَهَا أن تَؤُمَّ أهل دارِها، وكان لها مُؤَذِّنٌ، وكانت تَؤُمُّ أهل دارها.
11308,1,1,Sahih al-Bukhari,Revelation,11308,,عن أنس رضي الله عنه : أن النبي صلى الله عليه وسلم اسْتَخْلَفَ ابن أُمِّ مَكْتُومٍ يَؤُم الناس وهو أعْمَى.
58061,1,1,Sahih al-Bukhari,Revelation,58061,,"عن جابر بن عبد الله، قال: قال رسول الله صلى الله عليه وسلم : ""إذا خطبَ أحدُكم المرأة، فإن استطاع أن ينظر إلى ما يدعوه إلى نِكاحها فَلْيَفْعَلْ"". فخطبتُ جارية فكنت أتَخَبَّأُ لها، حتى رأيتُ منها ما دَعاني إلى نِكاحها فتزَوجتُها."
58062,1,1,Sahih al-Bukhari,Revelation,58062,,عن المغيرة بن شعبة، قال: أتيتُ النبي -صلى الله عليه وسلم فذكرت له امرأةً أخطِبُها، فقال: «اذهب فانظر إليها، فإنه أجدرُ أن يُؤدمَ بينكما»، فأتيت امرأة من الأنصار، فخطَبتُها إلى أبَويها، وأخبرتهما بقول النبي صلى الله عليه وسلم ، فكأنهما كرِها ذلك، قال: فسمعت ذلك المرأة، وهي في خِدرها، فقالت: إن كان رسول الله صلى الله عليه وسلم أمرك أن تنظر، فانظر، وإلا فأنشدُك، كأنها أَعْظَمت ذلك، قال: فنظرتُ إليها فتزوجتُها، فذكر من موافقتها.
58063,1,1,Sahih al-Bukhari,Revelation,58063,,عن محمد بن مسلمة، قال: خطبت امرأة، فجعلتُ أتَخَبّأُ لها، حتى نظرتُ إليها في نَخْلٍ لها، فقيل له: أتفعلُ هذا وأنت صاحب رسول الله صلى الله عليه وسلم ؟ فقال: سمعت رسول الله صلى الله عليه وسلم يقول: «إذا ألقى الله في قلب امرئ خِطبة امرأة، فلا بأس أن ينظر إليها».
58065,1,1,Sahih al-Bukhari,Revelation,58065,,"عن عامر بن عبد الله بن الزبير، عن أبيه، أن النبي صلى الله عليه وسلم قال: ""أعْلِنُوا النِّكاح""."
58068,1,1,Sahih al-Bukhari,Revelation,58068,,عن ابن عباس رضي الله عنهما أن النبي صلى الله عليه وسلم قال: «الثَّيِّب أحقُّ بنفسها مِن وَلِيِّها، والبِكر تُسْتَأمَر، وإذْنُها سُكُوتها».
58069,1,1,Sahih al-Bukhari,Revelation,58069,,عن أبي هريرة رضي الله عنه قال: قال رسول الله صلى الله عليه وسلم : «لا تُزوِّجُ المرأةُ المرأةَ، ولا تُزوج المرأةُ نفسَها، فإنَّ الزَّانية هي التي تُزوجُ نفسَها».
58070,1,1,Sahih al-Bukhari,Revelation,58070,,عن ابن عباس، أن جَاريةً بِكْراً أتَتِ النبي صلى الله عليه وسلم فذكرت «أنَّ أباها زَوَّجَها وهي كارهة، فَخَيَّرَهَا النبي صلى الله عليه وسلم ».
58072,1,1,Sahih al-Bukhari,Revelation,58072,,عن جابر بن عبد الله رضي الله عنهما عن النبي صلى الله عليه وسلم قال: «أَيُّما عَبْدٍ تَزَوَّج بغَيْر إذْن مَوَالِيهِ، فهو عاهِرٌ».
58073,1,1,Sahih al-Bukhari,Revelation,58073,,"عن ابن عباس، قال: ""تَزَوَّج النبيُّ صلى الله عليه وسلم مَيْمُونَة وهو مُحْرِمٌ، وبَنَى بِها وهو حَلالٌ، وماتَتْ بِسَرِف""."
58074,1,1,Sahih al-Bukhari,Revelation,58074,,عن يَزِيد بن الأصمِّ قال: حدَّثَتْني مَيْمونَة بنت الحارث رضي الله عنها «أن رسول الله صلى الله عليه وسلم تَزَوَّجها وهو حلال»، قال: «وكانت خالَتي، وخالةَ ابنِ عباس».
58075,1,1,Sahih al-Bukhari,Revelation,58075,,عن إياس بن سلمة، عن أبيه، قال: «رَخَّصَ رسول الله صلى الله عليه وسلم عَامَ أَوْطَاسٍ، في المُتْعَة ثلاثا، ثم نَهَى عنها».
58076,1,1,Sahih al-Bukhari,Revelation,58076,,عن علي رضي الله عنه أن النبي صلى الله عليه وسلم قال: «لَعَنَ اللهُ المُحَلِّل، والمُحَلَّلَ له».
58077,1,1,Sahih al-Bukhari,Revelation,58077,,عن أبي هريرة رضي الله عنه ، قال: قال رسول الله صلى الله عليه وسلم : «لا يَنْكِحُ الزَّاني المَجْلود إلا مثْلَه».
58078,1,1,Sahih al-Bukhari,Revelation,58078,,عن عائشة رضي الله عنها ، قالت: طلَّق رجل امرأَته ثلاثا، فَتَزوَّجها رجل، ثم طلَّقها قَبْل أن يَدْخُل بها، فَأَراد زوجها الأول أن يتزوَّجها، فسُئِل رسول الله صلى الله عليه وسلم عن ذلك، فقال: «لا، حتى يَذُوَق الآخرُ مِنْ عُسَيْلَتِها ما ذَاقَ الأوَّل».
58080,1,1,Sahih al-Bukhari,Revelation,58080,,عن أبي هريرة رضي الله عنه ، أن أبا هِنْد، حَجَمَ النبي صلى الله عليه وسلم في اليَافُوخ، فقال النبي صلى الله عليه وسلم : «يا بَنِي بَيَاضَةَ، أَنْكِحُوا أَبَا هِنْدٍ، وَانْكِحُوا إلَيْهِ» وقال: «وإنْ كان في شيء مِمَّا تَدَاوُون به خيرٌ فَالحِجَامة».
58081,1,1,Sahih al-Bukhari,Revelation,58081,,عن عائشة رضي الله عنها أنها اشترتْ بَريرَة مِنْ أُناسٍ من الأنصار واشْتَرَطوا الوَلاء، فقال رسول الله صلى الله عليه وسلم : «الوَلاءُ لِمَنْ وَلِيَ النِّعْمَة»، وخَيَّرَهَا رسول الله صلى الله عليه وسلم وكان زوْجُها عبْدا، وأهدَتْ لعائشة لحْما، فقال رسول الله صلى الله عليه وسلم : «لو صَنَعْتُم لنا من هذا اللحم»، قالت عائشة: تُصُدِّقَ به على بَرِيرَة، فقال: «هو لها صدَقة ولنا هديَّة».
58082,1,1,Sahih al-Bukhari,Revelation,58082,,عن الضحاك بن فيروز، عن أبيه قال: قلت: يا رسول الله، إني أسلمت وتحتي أختان؟، قال: «طَلِّق أيتَهُما شِئتَ».
58083,1,1,Sahih al-Bukhari,Revelation,58083,,عن ابن عمر، أن غَيْلَانَ بن سَلَمَةَ الثقفي أَسْلَمَ وله عشر نِسْوَةٍ في الجاهلية، فَأَسْلَمْنَ معه، « فَأَمَرَهُ النبي صلى الله عليه وسلم أن يَتَخَيَّرَ أربعا مِنْهُنَّ».
58084,1,1,Sahih al-Bukhari,Revelation,58084,,عن ابن عباس قال: «رَدَّ النبي صلى الله عليه وسلم ابنته زينب على أبي العاص بن الرَّبِيع بَعْدَ سِتّ سِنين بالنكاح الأول، ولم يُحْدِث نكاحًا».
58097,1,1,Sahih al-Bukhari,Revelation,58097,,"عن جابر رضي الله عنه قال: ""كانت اليهود تقول: إذا جَامَعَها مِن وَرَائِها جاء الولد أَحْوَلَ، فنزلت: {نِسَاؤُكُمْ حَرْثٌ لَكُمْ فَأْتُوا حَرْثَكُمْ أَنَّى شِئْتُمْ}، [البقرة: 223]""."
58098,1,1,Sahih al-Bukhari,Revelation,58098,,عن أبي هريرة رضي الله عنه ، قال: قال رسول الله صلى الله عليه وسلم : «إذا دعا الرجل امرأته إلى فراشه فَأَبَتْ فَبَاتَ غَضْبَانَ عليها لَعَنَتْهَا الملائكة حتى تصبح».
58100,1,1,Sahih al-Bukhari,Revelation,58100,,عن جُذَامَةَ بنت وهب، أخت عكاشة، قالت: حَضَرْتُ رسول الله صلى الله عليه وسلم ، في أناس وهو يقول: «لقد هَمَمْتُ أن أنهى عن الْغِيلَةِ، فَنَظَرْتُ في الروم وفارس، فإذا هم يُغِيلُونَ أولادهم، فلا يضر أولادهم ذلك شيئا»، ثم سألوه عن الْعَزْلِ؟ فقال رسول الله صلى الله عليه وسلم : «ذلك الْوَأْدُ الخفي»، زاد عبيد الله في حديثه: عن المقرئ، وهي: {وَإِذَا الْمَوْءُودَةُ سُئِلَتْ}.
58101,1,1,Sahih al-Bukhari,Revelation,58101,,عن أبي سعيد الخدري، أن رجلًا قال: يا رسول الله، إن لي جارية وأنا أَعْزِلُ عنها وأنا أكره أن تحمل، وأنا أريد ما يريد الرجال، وإن اليهود تحدث أن العَزْلَ المَوْؤُودَةُ الصغرى قال: «كَذَبَتْ يَهُودُ لو أراد الله أَنْ يَخْلُقَهُ مَا اسْتَطَعْتَ أَنْ تَصْرِفَهُ».
58102,1,1,Sahih al-Bukhari,Revelation,58102,,عن أنس: «أن النبي صلى الله عليه وسلم كان يطوف على نسائه بِغُسْلٍ واحد».
58103,1,1,Sahih al-Bukhari,Revelation,58103,,عن أبي سلمة بن عبد الرحمن، أنه قال: سألت عائشة زوج النبي صلى الله عليه وسلم : كم كان صَداقُ رسول الله صلى الله عليه وسلم ؟ قالت: «كان صَدَاقُهُ لأزواجه ثِنْتَيْ عشرة أُوقِيَّةً ونَشَّاً»، قالت: «أتدري ما النَّشُّ؟» قال: قلت: لا، قالت: «نصف أُوقِيَّةٍ، فتلك خمسمائة درهم، فهذا صَدَاقُ رسول الله صلى الله عليه وسلم لأزواجه».
58104,1,1,Sahih al-Bukhari,Revelation,58104,,عن ابن عباس رضي الله عنهما أن عليًّا قال: تزوجتُ فاطمةَ رضي الله عنها ، فقلتُ: يا رسول الله، ابْنِ بِي، قال: «أَعْطِها شيئًا» قلت: ما عندي مِن شيء، قال: «فأينَ دِرْعُكَ الحُطَمِيَّة؟» قلت: هي عندي، قال: «فأعطها إياه».
58106,1,1,Sahih al-Bukhari,Revelation,58106,,عن علقمة، والأسود، قالا: أُتِيَ عبد الله في رجل تَزوجَ امرأة ولم يَفرض لها، فتُوفي قبل أن يَدخل بها، فقال عبد الله: سَلُوا هل تجدون فيها أثرا؟ قالوا: يا أبا عبد الرحمن، ما نجد فيها - يعني أثرا - قال: أقول برأيي فإن كان صوابا فمن الله، «لها كمَهْرِ نسائها، لا وَكْسَ ولا شَطَطَ، ولها الميراث، وعليها العِدَّة»، فقام رجل، من أشجع، فقال: في مثل هذا قضى رسول الله صلى الله عليه وسلم فينا، في امرأة يقال لها بِرْوَع بنت وَاشِقٍ تزوجت رجلا، فمات قبل أن يَدخل بها، «فقضى لها رسول الله صلى الله عليه وسلم بمِثل صَداق نسائها، ولها الميراث، وعليها العِدَّة» فرفع عبد الله يَديْهِ وكبَّر.
58110,1,1,Sahih al-Bukhari,Revelation,58110,,عن عقبة بن عامر قال: قال رسول الله صلى الله عليه وسلم : «خير النكاح أيْسَرُه»، وقال النبي صلى الله عليه وسلم لرجل: أتَرضى أن أُزَوِّجَكَ فُلانة «قال: نعم، قال لها: أترْضَين أن أُزوِّجَكِ فلانا» قالت: نعم، فزوجها رسول الله صلى الله عليه وسلم ، ولم يَفرض صداقًا، فدخل بها، فلم يُعطها شيئًا، فلما حضرتْهُ الوفاة قال: إن رسول الله صلى الله عليه وسلم زوجني فلانة، ولم أُعطها شيئًا، وقد أعطيتها سَهمي من خَيبر، فكان له سهم بخيبر فأخذتْهُ فباعتْهُ فبلغ مائة ألف.
58112,1,1,Sahih al-Bukhari,Revelation,58112,,عن ابن عمر رضي الله عنهما أن رسول الله صلى الله عليه وسلم قال: «إذا دُعِيَ أحدكم إلى الوَلِيمَة فَلْيَأْتِهَا».
58113,1,1,Sahih al-Bukhari,Revelation,58113,,عن أبي هريرة رضي الله عنه أنه كان يقول: «شر الطعامِ طعامُ الوليمة، يُدعى لها الأغنياء ويُترك الفقراء، ومن تَرك الدعوة فقد عصى الله ورسوله صلى الله عليه وسلم ».
58114,1,1,Sahih al-Bukhari,Revelation,58114,,عن أبي هريرة رضي الله عنه قال: قال رسول الله صلى الله عليه وسلم : «إذا دُعِيَ أحدكم فليُجب، فإن كان صائما فليُصَلِّ، وإن كان مُفْطِرا فليَطْعَمْ».
58116,1,1,Sahih al-Bukhari,Revelation,58116,,عن صفية بنت شيبة رضي الله عنها قالت: «أَوْلَمَ النبي صلى الله عليه وسلم على بعض نسائه بِمُدَّيْنِ من شعير».
58117,1,1,Sahih al-Bukhari,Revelation,58117,,عن أنس بن مالك رضي الله عنه قال: أقام النبي صلى الله عليه وسلم بين خيبر والمدينة ثلاث ليال يُبْنَى عليه بصفية، فدعوتُ المسلمين إلى وليمته، وما كان فيها من خبز ولا لحم، وما كان فيها إلا أن أمر بلالا بالأنْطَاعِ فَبُسِطَتْ، فألقى عليها التمر والأقِطَ والسَّمْنَ، فقال المسلمون: إحدى أمهات المؤمنين، أو ما مَلَكَتْ يمينه؟ قالوا: إن حَجَبَهَا فهي إحدى أمهات المؤمنين، وإن لم يحجبها فهي مما ملكت يمينه، فلما ارتحل وَطَّأَ لها خَلْفَهُ، ومَدَّ الحِجَابَ.
58119,1,1,Sahih al-Bukhari,Revelation,58119,,عن أبي جُحَيْفَة رضي الله عنه قال: كنتُ عند النبي صلى الله عليه وسلم فقال لرجل عنده: «لا آكُلُ وأنا مُتَّكِئ».
58121,1,1,Sahih al-Bukhari,Revelation,58121,,عن ابن عباس رضي الله عنهما أن النبي صلى الله عليه وسلم قال: «البَرَكة تنْزِلُ وَسَطَ الطَّعام، فَكُلُوا مِن حافَّتَيْه، ولا تأكلوا مِنْ وَسَطِه».
58123,1,1,Sahih al-Bukhari,Revelation,58123,,عن ابن عباس رضي الله عنهما قال: «نهى رسول الله صلى الله عليه وسلم أنْ يُتَنَفَّسَ في الإناء، أو يُنْفَخَ فيه».
58126,1,1,Sahih al-Bukhari,Revelation,58126,,عن أنس رضي الله عنه قال: «من السُّنَّة إذا تزوَّج الرجل البِكْرَ على الثَّيِّب أقام عندها سبْعا وقَسَم، وإذا تزوَّج الثَّيِّب على البِكْر أقام عندها ثلاثا ثم قَسَم» قال أبو قِلابة: ولو شئتُ لقلتُ: إنَّ أنَسًا رَفَعَه إلى النبي صلى الله عليه وسلم .
58127,1,1,Sahih al-Bukhari,Revelation,58127,,عن أمَّ سَلَمَة رضي الله عنها أن رسول الله صلى الله عليه وسلم لمَّا تزوَّجها أقام عندها ثلاثا، وقال: «إنه ليس بِكِ على أَهْلِكِ هَوَانٌ، إنْ شئْتِ سَبَّعْتُ لكِ، وإنْ سَبَّعْتُ لكِ، سَبَّعْتُ لِنِسائي».
58128,1,1,Sahih al-Bukhari,Revelation,58128,,عن عائشة قالت: ما رأيتُ امرأةً أَحَبَّ إليَّ أنْ أكون في مِسْلَاخِها مِنْ سَوْدَة بنتِ زَمْعَة، مِنِ امرأةٍ فيها حِدَّةٌ، قالت: فلما كبِرتْ، جعلتْ يومَها مِنْ رسول الله صلى الله عليه وسلم لعائشة، قالت: يا رسول الله، قد جعلتُ يوْمِي مِنْكَ لعائشة، «فكان رسول الله صلى الله عليه وسلم ، يِقْسِمُ لعائشة يومين، يومَها ويومَ سَوْدَة».
58129,1,1,Sahih al-Bukhari,Revelation,58129,,عن عروة قال: قالت عائشة رضي الله عنها : «يا ابن أختي كان رسول الله صلى الله عليه وسلم لا يُفضِّل بعضنا على بعض في القَسْم، مِنْ مُكْثِه عندنا، وكان قَلَّ يومٌ إلا وهو يَطُوف عليْنا جميعًا، فَيَدْنُو مِنْ كلِّ امرأة مِنْ غَيْر مَسِيسٍ، حتى يَبْلُغ إلى التي هو يومُها فَيَبِيتُ عندها» ولقد قالت سَوْدة بنت زَمْعَة: حِينَ أسَنَّتْ وفَرِقَتْ أنْ يُفارِقَها رسول الله صلى الله عليه وسلم : يا رسول الله، يَوْمِي لعائشة، فَقَبِل ذلك رسول الله صلى الله عليه وسلم منها، قالت: نَقول في ذلك أَنْزَل الله تعالى وفي أَشْبَاهِها أُراه قال: {وإن امرأة خافت من بعلها نشوزًا} [النساء: 128].
58130,1,1,Sahih al-Bukhari,Revelation,58130,,عن عائشة، قالت: كان رسول الله صلى الله عليه وسلم يحِبُّ الحَلْواء والعسل، فكان إذا صلَّى العصر دارَ على نسائه، فَيَدْنُو منهنَّ، فدَخَل على حفصة، فَاحْتَبَسَ عندها أكثرَ ممَّا كان يحْتَبِس، فسألتُ عن ذلك، فقيل لي: أهْدَتْ لها امرأة من قومها عُكَّةً من عسل، فسَقَتْ رسول الله صلى الله عليه وسلم منه شرْبة، فقلتُ: أمَا والله لنَحْتالَنَّ له، فذكرتُ ذلك لسَوْدَة، وقلتُ: إذا دخل عليكِ، فإنه سَيَدْنُو منكِ، فقولي له: يا رسول الله، أَكَلْتَ مَغَافِيرَ؟ فإنه سيقول لك: «لا»، فقولي له: ما هذه الرِّيح؟ وكان رسول الله صلى الله عليه وسلم يشْتَدُّ عليه أنْ يوجد منه الريح، فإنه سيقول لك: «سَقَتْني حفصة شربة عسل»، فقولي له: جَرَسَتْ نَحْلُهُ الْعُرْفُطَ، وسأقول ذلك له، وقولِيه أنتِ يا صفية، فلما دخَل على سودة قالت: تقول سودة: والذي لا إله إلا هو لقد كدتُ أن أبادئه بالذي قلتِ لي، وإنه لعلى البابِ فرقًا منكِ، فلما دَنا رسول الله صلى الله عليه وسلم ، قالت: يا رسول الله، أَكَلْتَ مَغَافِيرَ؟ قال: «لا»، قالت: فما هذه الريح؟ قال: «سَقَتْني حفصة شربة عسل»، قالت: جَرَسَتْ نَحْلُهُ الْعُرْفُطَ، فلما دخل عليَّ، قلتُ له: مثل ذلك، ثم دخل على صفية، فقالت بمثل ذلك، فلما دخل على حفصة، قالت: يا رسول الله، ألا أسْقِيك منه؟ قال: «لا حاجةَ لي به»، قالت: تقول سودة: سبحان الله، والله لقد حَرَمْنَاهُ، قالت: قلتُ لها: اسْكُتِي.
58131,1,1,Sahih al-Bukhari,Revelation,58131,,عن عائشة رضي الله عنها أن رسول الله صلى الله عليه وسلم كان يَسْأَلُ في مرضه الذي مات فيه، يقول: «أيْن أنا غَدًا، أيْن أنا غَدًا» يُريد يوم عائشة، فأَذِنَ له أزواجه يكون حيث شاء، فكان في بيْت عائشة حتى مات عندها، قالت عائشة: فمات في اليوم الذي كان يدور عليَّ فيه، في بيتي، فَقَبَضَه الله وإنَّ رأسه لَبَيْنَ نَحْري وسَحْري، وخَالَطَ رِيقُه رِيقِي، ثم قالت: دخَل عبد الرحمن بن أبي بكر ومعَه سِواك يَسْتَنُّ به، فنظر إليه رسول الله صلى الله عليه وسلم ، فقلت له: أعْطِني هذا السواك يا عبد الرحمن، فَأَعْطَانِيه، فَقَضَمْتُه، ثم مَضَغْتُه، فأعْطَيته رسول الله صلى الله عليه وسلم فاسْتَنَّ به، وهو مُسْتَنِد إلى صدري.
58132,1,1,Sahih al-Bukhari,Revelation,58132,,عن عائشة رضي الله عنها قالت: «كان النبي صلى الله عليه وسلم إذا أراد أَنْ يَخْرُج أَقْرَعَ بَيْن نِسائه، فأيَّتُهُنَّ يَخْرُج سَهْمُها خَرَج بها النبي صلى الله عليه وسلم ، فَأَقْرَعَ بَيْنَنَا في غَزْوَةٍ غَزَاها، فَخَرج فيها سَهْمِي، فخَرَجْتُ مع النبي صلى الله عليه وسلم بَعْد ما أُنْزِلَ الحِجابُ».
58133,1,1,Sahih al-Bukhari,Revelation,58133,,عن ابن عباس أن امرأة ثابت بن قيس أتت النبي صلى الله عليه وسلم فقالت: يا رسول الله، ثابت بن قيس، ما أعْتِبُ عليه في خُلُقٍ ولا دِيْنٍ، ولكني أكره الكفر في الإسلام، فقال رسول الله صلى الله عليه وسلم : «أتردين عليه حديقته؟» قالت: نعم، قال رسول الله صلى الله عليه وسلم : «اقبل الحديقة وطلقها تطليقة».
58134,1,1,Sahih al-Bukhari,Revelation,58134,,عن ابن عباس رضي الله عنهما «أن امرأة ثابت بن قيس اخْتَلَعَت من زوجها على عهد النبي صلى الله عليه وسلم فأمرها النبي صلى الله عليه وسلم أن تَعْتَدَّ بحَيْضَة».
58138,1,1,Sahih al-Bukhari,Revelation,58138,,"عن ابن عباس، قال: ""كان الطلاق على عهد رسول الله صلى الله عليه وسلم ، وأبي بكر، وسنتين من خلافة عمر، طلاق الثلاث واحدة، فقال عمر بن الخطاب: إن الناس قد استعجلوا في أمر قد كانت لهم فيه أَنَاةٌ، فلو أَمْضَيْنَاهُ عليهم، فَأَمْضَاهُ عليهم""."
58140,1,1,Sahih al-Bukhari,Revelation,58140,,عن ابن عباس رضي الله عنهما : طلق عبد يزيد -أبو رُكَانَةَ وإخوته- أم رُكَانَةَ، ونكح امرأة من مُزَيْنَة، فجاءت النبي صلى الله عليه وسلم ، فقالت: ما يُغْنِي عني إلا كما تُغْنِي هذه الشعرة، لشعرة أخذتها من رأسها، ففرق بيني وبينه، فأخذت النبي صلى الله عليه وسلم حَمِيَّة، فدعا بركانة وإخوته، ثم قال لجلسائه: «أترون فلانا يُشْبِهُ منه كذا وكذا؟ من عبد يزيد، وفلانا يشبه منه كذا وكذا؟» قالوا: نعم، قال النبي صلى الله عليه وسلم لعبد يزيد: «طَلِّقْهَا» ففعل، ثم قال: «راجع امرأتك أم ركانة وإخوته؟» قال: إني طلقتها ثلاثا يا رسول الله، قال: «قد علمت راجِعْها» وتلا: {يا أيها النبي إذا طلقتم النساء فَطَلِّقُوهُنَّ لِعِدَّتِهِنَّ} [الطلاق: 1]
58142,1,1,Sahih al-Bukhari,Revelation,58142,,"عن أبي هريرة أن رسول الله صلى الله عليه وسلم قال: ""ثلاث جِدُّهُنَّ جِدٌّ، وهَزْلُهُنَّ جِدٌّ: النكاح، والطلاق، والرَّجْعَةُ""."
58145,1,1,Sahih al-Bukhari,Revelation,58145,,عن ابن عباس رضي الله عنهما أنه كان يقول: «إذا حَرَّمَ امرأته ليس بشيء» وقال: {لقد كان لكم في رسول الله أُسْوَةٌ حَسَنَةٌ} [الأحزاب: 21]
58147,1,1,Sahih al-Bukhari,Revelation,58147,,عن عمرو بن شعيب، عن أبيه، عن جده قال: قال رسول الله صلى الله عليه وسلم : «لا نَذْرَ لابن آدم فيما لا يملك، ولا عِتْقَ له فيما لا يملك، ولا طلاق له فيما لا يمْلِك».
58149,1,1,Sahih al-Bukhari,Revelation,58149,,"عن عمران بن حصين رضي الله عنهما أنه سُئِلَ عن الرجل يُطلِّق امرأته، ثم يَقَعُ بها، ولم يُشْهِدْ على طلاقها، ولا على رَجْعَتِهَا، فقال: ""طَلَّقْتَ لِغَيْرِ سُنَّةٍ، وَرَاجَعْتَ لِغَيْرِ سُنَّةٍ، أَشْهِدْ على طلاقها، وعلى رَجْعَتِهَا، ولا تَعُدْ""."
58151,1,1,Sahih al-Bukhari,Revelation,58151,,"عن ابن عمر قال: ""إذا مَضَتْ أربعة أشهر: يُوقَفُ حتى يُطَلِّقَ، ولا يَقَعُ عليه الطلاق حتى يُطَلِّقَ""."
58152,1,1,Sahih al-Bukhari,Revelation,58152,,"عن سليمان بن يَسَار رحمه الله أنه قال: ""أدركت بِضْعَةَ عشر من أصحاب رسول الله صلى الله عليه وسلم كلهم يُوقِفُ الْمُولِي""."
58153,1,1,Sahih al-Bukhari,Revelation,58153,,عن ابن عباس رضي الله عنهما أنه قال: «كان إيلاء أهل الجاهلية السنة والسنتين، ثم وَقَّتَ الله الإيلاء فمن كان إيلاؤُه دون أربعة أشهر فليس بإيلاء».
58154,1,1,Sahih al-Bukhari,Revelation,58154,,عن ابن عباس: أن رجلا أتى النبي صلى الله عليه وسلم قد ظَاهَرَ مِنْ امرأته، فَوَقَعَ عليها، فقال: يا رسول الله، إني قد ظَاهَرْتُ مِنْ زَوْجَتِي، فَوَقَعْتُ عليها قَبْلَ أَنْ أُكَفِّرَ، فقال: «وما حَمَلَكَ على ذلك يرحمك الله؟»، قال: رَأَيْتُ خَلْخَالَهَا في ضوء القمر، قال: «فلا تَقْرَبْهَا حتى تَفْعَلَ ما أَمَرَكَ الله به».
58155,1,1,Sahih al-Bukhari,Revelation,58155,,عن سلمة بن صخر رضي الله عنه قال: كُنْتُ امْرَأً أُصِيبُ من النساء ما لا يُصِيبُ غيري، فلما دخل شهر رمضان خِفْتُ أن أصيب من امرأتي شيئا يُتَابَعُ بي حتى أصبح، فَظَاهَرْتُ منها حتى يَنْسَلِخَ شهر رمضان، فَبَيْنَا هي تَخْدُمُنِي ذات ليلة، إذ تَكَشَّفَ لي منها شيء، فلم أَلْبَثْ أن نَزَوْتُ عليها، فلما أصبحت خرجت إلى قومي فأخبرتهم الخبر، وقلت امشوا معي إلى رسول الله صلى الله عليه وسلم ، قالوا: لا والله. فانطلقت إلى النبي صلى الله عليه وسلم فأخبرته، فقال: «أنت بِذَاكَ يا سلمة؟»، قلت: أنا بذاك يا رسول الله -مرتين- وأنا صابر لأمر الله، فاحكم فيَّ ما أراك الله. قال: «حَرِّرْ رقبة»، قلت: والذي بعثك بالحق ما أملك رقبة غيرها، وضربت صَفْحَةَ رَقَبَتِي، قال: «فصم شهرين متتابعين»، قال: وهل أصبت الذي أصبت إلا من الصيام؟ قال: «فأطعم وَسْقًا من تمر بين ستين مسكينًا»، قلت: والذي بعثك بالحق لقد بِتْنَا وَحْشَيْنِ ما لنا طعام، قال: «فانطلق إلى صاحب صَدَقَةِ بَنِي زُرَيْقٍ فَلْيَدْفَعْهَا إليك، فأطعم ستين مسكينًا وسقًا من تمر وكُلْ أنت وعِيَالُكَ بَقِيَّتَهَا»، فَرَجَعْتُ إِلَى قَوْمِي، فقلت: وجدت عندكم الضِّيقَ، وَسُوءَ الرَّأْيِ، ووجدت عند النبي صلى الله عليه وسلم السَّعَةَ، وَحُسْنَ الرَّأْيِ، وَقَدْ أَمَرَنِي -أَوْ أَمَرَ لِي- بِصَدَقَتِكُمْ.
58156,1,1,Sahih al-Bukhari,Revelation,58156,,إن هِلال بن أُمية قذف امرأته بشريك ابن سَحْماء، وكان أخا البراء بن مالك لأمه، وكان أول رجل لَاعَنَ في الإسلام، قال: فَلَاعَنَهَا، فقال رسول الله صلى الله عليه وسلم : «أبصروها، فإن جاءت به أبيض سَبِطًا، قَضِيءَ الْعَيْنَيْنِ؛ فهو لهلال بن أمية، وإن جاءت به أَكْحَلَ جَعْدًا حَمْشَ السَّاقَيْنِ؛ فهو لشريك بن سحماء»، قال: فأُنبِئْت أنها جاءت به أَكْحَلَ جَعْدًا حَمْشَ السَّاقَيْنِ.
58157,1,1,Sahih al-Bukhari,Revelation,58157,,عن ابن شهاب، أن سهل بن سعد الساعدي أخبره: أن عُوَيْمِراً العجلاني جاء إلى عاصم بن عدي الأنصاري، فقال له: يا عاصم، أرأيت رجلاً وجد مع امرأته رجلاً، أيقتله فتقتلونه، أم كيف يفعل؟ سل لي يا عاصم عن ذلك رسول الله صلى الله عليه وسلم ، فسأل عاصم رسول الله صلى الله عليه وسلم عن ذلك، فكره رسول الله صلى الله عليه وسلم المسائل وعابها، حتى كبر على عاصم ما سمع من رسول الله صلى الله عليه وسلم ، فلما رجع عاصم إلى أهله جاءه عويمر، فقال: يا عاصم، ماذا قال لك رسول الله صلى الله عليه وسلم ؟ فقال عاصم لعويمر: لم تأتني بخير، قد كره رسول الله صلى الله عليه وسلم المسألة التي سألته عنها، فقال عويمر: والله لا أنتهي حتى أسأله عنها، فأقبل عويمر حتى جاء رسول الله صلى الله عليه وسلم وسط الناس، فقال: يا رسول الله، أرأيت رجلاً وجد مع امرأته رجلًا، أيقتله فتقتلونه، أم كيف يفعل؟ فقال رسول الله صلى الله عليه وسلم : «قد أُنزِل فيك وفي صاحبتك، فاذهب فَأْتِ بها» قال سهل: فَتَلاعَنا وأنا مع الناس عند رسول الله صلى الله عليه وسلم ، فلما فَرَغَا مِن تَلاعُنِهِما، قال عويمر: كذبت عليها يا رسول الله إنْ أَمْسَكْتُها، فطلقها ثلاثا، قبل أن يأمره رسول الله صلى الله عليه وسلم ، قال ابن شهاب: فكانت سُنَّة المُتلاعِنَيْن.
58158,1,1,Sahih al-Bukhari,Revelation,58158,,عن ابن عباس، قال: جاء رجل إلى النبي صلى الله عليه وسلم فقال: إنَّ امرأتي لا تمنع يد َلامِسٍ قال: «غَرِّبْهَا» قال: أخاف أن تَتْبعها نفسي، قال: «فاستَمْتَعِ بها».
58160,1,1,Sahih al-Bukhari,Revelation,58160,,"عن عمر بن الخطاب رضي الله عنه قال: ""إذا أقرَّ الرجل بولده طَرْفَةَ عين فليس له أن ينفيه""."
58161,1,1,Sahih al-Bukhari,Revelation,58161,,"عن عائشة رضي الله عنها قالت: ""أُمِرَتْ بريرة أن تعتد بثلاث حِيَضٍ»."
58163,1,1,Sahih al-Bukhari,Revelation,58163,,عن جابر بن عبد الله قال: طُلِّقَتْ خالتي، فأرادت أن تَجُدَّ نَخْلَهَا، فَزَجَرَهَا رجل أن تخرج، فأتت النبي صلى الله عليه وسلم فقال: «بلى فَجُدِّي نَخْلَكِ، فإنك عسى أن تَصَدَّقِي، أو تفعلي معروفا».
58164,1,1,Sahih al-Bukhari,Revelation,58164,,عن الفُرَيْعَةَ بنت مالك بن سنان، وهي أخت أبي سعيد الخدري رضي الله عنهما أنها جاءت إلى رسول الله صلى الله عليه وسلم تسأله أن ترجع إلى أهلها في بني خُدْرَةَ، فإن زوجها خرج في طلب أَعْبُدٍ له أَبَقُوا، حتى إذا كانوا بِطَرَفِ الْقَدُومِ لحقهم فقتلوه، فسألت رسول الله صلى الله عليه وسلم : أن أرجع إلى أهلي، فإني لم يتركني في مسكن يملكه، ولا نفقة؟ قالت: فقال رسول الله صلى الله عليه وسلم : «نعم»، قالت: فخرجت حتى إذا كنت في الحُجْرَةِ، أو في المسجد، دعاني، أو أمر بي، فَدُعِيتُ له، فقال: «كيف قلت؟»، فرددت عليه القصة التي ذكرت من شأن زوجي، قالت: فقال: «امْكُثِي في بيتك حتى يبلغ الكتاب أَجَلَهُ»، قالت: فاعتددت فيه أربعة أشهرٍ وعشرًا، قالت: فلما كان عثمان بن عفان أرسل إِلَيَّ فسألني عن ذلك، فأخبرته فَاتَّبَعَهُ، وقضى به.
58165,1,1,Sahih al-Bukhari,Revelation,58165,,عن فاطمة بنت قيس، قالت: قلت: يا رسول الله، زوجي طَلَّقَنِي ثلاثا، وأخاف أن يُقْتَحَمَ عَلَيَّ، قال: «فأمَرَها، فَتَحَوَّلَتْ».
58166,1,1,Sahih al-Bukhari,Revelation,58166,,"عن عمرو بن العاص قال: ""لا تُلَبِّسُوا علينا سُنَّةَ نبيِّنا عِدَّةُ أُمِّ الْوَلَدِ، إذا تُوُفِّيَ عنها سَيِّدُهَا أربعة أشهر وعشر""."
58167,1,1,Sahih al-Bukhari,Revelation,58167,,عن عروة بن الزبير عن عائشة زوج النبي صلى الله عليه وسلم أنها انْتَقَلَتْ حفصةَ بنتَ عبد الرحمن بن أبي بكر الصديق، حين دَخَلَتْ في الدَّمِ من الحيضة الثالثة. قال ابن شهاب: فذُكر ذلك لِعَمْرَةَ بنت عبد الرحمن. فقالت: صدَق عروة. وقد جادلها في ذلك ناس، وقالوا: إن الله -تبارك وتعالى- يقول في كتابه: {ثَلاَثَةَ قُرُوءٍ} [البقرة 2: 228]. فقالت عائشة: صدقتم، وتدرون ما الأَقْرَاءُ؟. إنما الأَقْرَاءُ الأَطْهَارُ.
58168,1,1,Sahih al-Bukhari,Revelation,58168,,عن ابن عمر أنه كان يقول: «طَلَاقُ العبد الحُرَّةَ تطليقتان وَعِدَّتُهَا ثلاثة قُروء، وطلاق الحر الأَمَةَ تطليقتان وعِدَّتُهَا عِدَّةُ الأمَة حَيْضَتَانِ».
58170,1,1,Sahih al-Bukhari,Revelation,58170,,عن عمر بن الخطاب أنه قال: «أَيُّمَا امرأة فَقَدَتْ زوجها فلم تَدْرِ أين هو؟ فإنها تَنْتَظِرُ أَرْبَعَ سِنِينَ، ثم تَعْتَدُّ أَرْبَعَةَ أشهر وعشرا ثم تَحِلُّ».
58172,1,1,Sahih al-Bukhari,Revelation,58172,,عن جابر رضي الله عنه قال: قال رسول الله صلى الله عليه وسلم : «لا يَبِيتَنَّ رجل عند امرأة ثيِّب، إلا أنْ يكون ناكِحًا أو ذا مَحْرَم».
58173,1,1,Sahih al-Bukhari,Revelation,58173,,عن أبي سعيد رضي الله عنه أن النبي صلى الله عليه وسلم قال في سَبَايَا أَوْطَاس: «لا تُوطَأُ حَامِلٌ حتى تَضَعَ، ولا غَيْرُ ذَاتِ حَمْلٍ حتى تَحِيضَ حَيْضَةً».
58174,1,1,Sahih al-Bukhari,Revelation,58174,,عن عائشة رضي الله عنها قالت: قال رسول الله صلى الله عليه وسلم : «لا تُحَرِّمُ الْمَصَّة وَالْمَصَّتَان».
58175,1,1,Sahih al-Bukhari,Revelation,58175,,عن عائشة رضي الله عنها أن سالما مولى أبي حذيفة كان مع أبي حذيفة وأهله في بيتهم، فأتت -تعني ابنة سُهيل- النبي صلى الله عليه وسلم فقالت: إن سالما قد بلغ ما يبلغ الرجال. وعَقَل ما عقلوا. وإنه يدخل علينا. وإني أظن أن في نفس أبي حذيفة من ذلك شيئا. فقال لها النبي صلى الله عليه وسلم «أَرْضِعِيهِ، تَحْرُمِي عليه، ويذهب الذي في نفس أبي حذيفة» فرجعت فقالت: إني قد أرضعته. فذهب الذي في نفس أبي حذيفة.
58176,1,1,Sahih al-Bukhari,Revelation,58176,,"عن عائشة، أنها قالت: ""كان فِيمَا أُنْزِلُ من القرآن: (عَشْرُ رَضَعَاتٍ مَعْلُومَاتٍ يُحَرِّمْنَ)، ثم نُسِخْنَ بِخَمْسٍ مَعْلُومَاتٍ، فَتُوُفِّيَ رَسُولُ الله صلى الله عليه وسلم ، وهُنَّ فِيمَا يُقْرَأُ من القرآن""."
58177,1,1,Sahih al-Bukhari,Revelation,58177,,عن أم سلمة قالت: قال رسول الله صلى الله عليه وسلم : «لا يُحَرِّمُ من الرَّضَاعَةِ إلا ما فَتَقَ الْأَمْعَاءَ في الثَّدْيِ، وكان قَبْلَ الْفِطَامِ».
58181,1,1,Sahih al-Bukhari,Revelation,58181,,"عن طارق المُحَارِبِيِّ، قال: قَدِمْنَا المدينة فإذا رسول الله صلى الله عليه وسلم قَائِمٌ على المِنْبَرِ يَخْطُبُ النَّاسَ وهو يقول: ""يَدُ الْمُعْطِي الْعُلْيَا، وَابْدَأْ بِمَنْ تَعُولُ: أُمَّكَ وأَبَاكَ، وأُخْتَكَ وأَخَاكَ، ثُمَّ أَدْنَاكَ أَدْنَاكَ""."
58183,1,1,Sahih al-Bukhari,Revelation,58183,,عن خَيْثَمَةَ، قال: كنا جلوسًا مع عبد الله بن عمرو، إذ جاءه قَهْرَمَانٌ له فَدَخَلَ، فقال: أَعْطَيْتَ الرَّقِيقَ قُوتَهُمْ؟ قال: لا، قال: فَانْطَلِقْ فَأَعْطِهِمْ، قال: قال رسول الله صلى الله عليه وسلم : «كَفَى بِالْمَرْءِ إِثْمًا أَنْ يَحْبِسَ عَمَّنْ يَمْلِكُ قُوتَهُ».
58185,1,1,Sahih al-Bukhari,Revelation,58185,,"عن أبي هريرة رضي الله عنه أن رسول الله صلى الله عليه وسلم قال: ""خير الصدقة ما كان عن ظَهْر غِنى، واليدُ العُليا خيرٌ مِن اليد السُّفلى، وليَبدأْ أحدُكم بِمَن يَعول"". تقول امرأته: أنْفِقْ علَيَّ، وتقول أمُّ ولده: إلى مَن تَكِلُني، ويقول له عَبْدُه: أطْعِمْنِي واسْتَعْمِلْنِي."
58187,1,1,Sahih al-Bukhari,Revelation,58187,,عن ابن عمر، أن عمر بن الخطاب -رضي الله عنه وعن ابنه-، كتب إلى أُمراء الأجْنادِ في رِجالٍ غابُوا عن نسائهم فأمرَهم أن يأخذوهم بأنْ يُنفقوا أو يُطلقوا، فإنْ طَلقوا بَعثوا بنفقة ما حَبَسُوا.
58189,1,1,Sahih al-Bukhari,Revelation,58189,,عن عبد الله بن عمرو رضي الله عنهما أن امرأة قالت: يا رسول الله، إن ابني هذا كان بطني له وِعاء، وثَدْيِي له سِقاء، وحِجْري له حِواء، وإن أباه طَلَّقَني، وأراد أنْ يَنْتَزِعَه مِني، فقال لها رسول الله صلى الله عليه وسلم : «أنتِ أحقُّ به ما لم تَنكحي».
58190,1,1,Sahih al-Bukhari,Revelation,58190,,عن أبي ميمونة سلمى مولى من أهل المدينة رجلُ صِدق، قال: بينما أنا جالس مع أبي هريرة، جاءته امرأة فارِسَيّة معها ابنٌ لها فادَّعَيَاه، وقد طلَّقَها زوجُها، فقالت: يا أبا هريرة، ورَطَنَت له بالفارسية، زوجي يريد أن يذهب بابني، فقال أبو هريرة: اسْتَهِما عليه ورَطَنَ لها بذلك، فجاء زوجها، فقال: مَن يُحاقُّني في ولدي، فقال أبو هريرة: اللهم إني لا أقول هذا إلا أني سمعت امرأةً جاءت إلى رسول الله صلى الله عليه وسلم ، وأنا قاعد عنده، فقالت: يا رسول الله، إن زوجي يريد أن يذهب بابني، وقد سقاني من بِئر أبي عِنَبَة، وقد نفعني، فقال رسول الله صلى الله عليه وسلم اسْتَهِما عليه، فقال زوجها: من يُحَاقُّنِي في ولدي؟ فقال النبي صلى الله عليه وسلم : «هذا أبوك، وهذه أمك فخُذْ بيدِ أيِّهما شِئت»، فأخذ بيد أمِّه، فانطلقت به.
58191,1,1,Sahih al-Bukhari,Revelation,58191,,عن رافع بن سنان أنه أسلَمَ وأَبَتْ امرأتُه أن تُسْلِم، فأتت النبي صلى الله عليه وسلم ، فقالت: ابنتي وهي فَطِيمٌ أو شَبَهُهُ، وقال رافع: ابنتي، قال له النبي صلى الله عليه وسلم : «اقعد ناحية»، وقال لها: «اقعدي ناحية»، قال: «وأقعد الصَبِيَّةَ بينهما»، ثم قال «ادعواها»، فمَالت الصبية إلى أمها، فقال النبي صلى الله عليه وسلم : «اللهم اهدها»، فمالت الصبية إلى أَبيها، فأخذها.
58192,1,1,Sahih al-Bukhari,Revelation,58192,,عن أبي هريرة رضي الله عنه عن النبي صلى الله عليه وسلم قال: «إذا أتى أحدَكم خادمُه بطعامِه، فإنْ لم يُجلِسْه معه، فلْيُناوِلْهُ لُقمةً أو لُقْمَتَيْنِ أو أُكْلَة أو أُكْلَتَين، فإنه وَلِيَ عِلاجَه».
58193,1,1,Sahih al-Bukhari,Revelation,58193,,عن عبد الله بن عمر رضي الله عنهما أنَّ رسول الله صلى الله عليه وسلم قال: «عُذِّبت امرأة في هِرَّة سَجَنَتْها حتى ماتت، فدخلت فيها النار، لا هي أطعمتها ولا سَقتها، إذ حبستها، ولا هي تَركتْها تأكل مِن خَشَاشِ الأرض».
58194,1,1,Sahih al-Bukhari,Revelation,58194,,"عن عائشة رضي الله عنها قالت: قال رسول الله صلى الله عليه وسلم : ""لا يَحِلّ دمُ امرئ مسلم، يشهد أن لا إله إلا الله، وأن محمدًا رسول الله، إلا بإحدى ثلاث: رجل زَنَى بَعْدَ إِحْصَان، فإنه يُرْجَم، ورجل خرج مُحاربًا لله ورسوله، فإنه يُقَتُل، أو يُصلَّبُ، أو يُنفى من الأرض، أو يَقتلَ نفسًا، فيُقتلُ بها""."
58196,1,1,Sahih al-Bukhari,Revelation,58196,,"عن مجاهد، قال:حَذَفَ رجلٌ ابنًا له بسيف فقتله، فَرُفِعَ إلى عمر بن الخطاب رضي الله عنه فقال: لولا أني سمعت رسول الله صلى الله عليه وسلم يقول: ""لا يُقاد الوالد من ولده"" لقتلتك قبل أن تَبْرَحَ."
58197,1,1,Sahih al-Bukhari,Revelation,58197,,عن أبي جحيفة رضي الله عنه قال: قلت لعلي رضي الله عنه : هل عندكم شيء من الوحي إلا ما في كتاب الله؟ قال: «لا والذي فَلَقَ الحَبَّةَ، وبَرَأَ النَّسْمَةَ، ما أعلمه إلا فَهْمَاً يُعطيه الله رجلا في القرآن، وما في هذه الصحيفة»، قلت: وما في الصحيفة؟ قال: «العَقْلُ، وفِكَاكُ الأَسير، وأن لا يُقتَلَ مسلم بكافر».
58198,1,1,Sahih al-Bukhari,Revelation,58198,,عن قيس بن عباد، قال: انطلقت أنا والأشتر، إلى علي رضي الله عنه فقلنا: هل عَهِدَ إليك رسول الله صلى الله عليه وسلم شيئًا لم يَعْهَدْهُ إلى الناس عامة؟ قال: لا، إلا ما في كتابي هذا، قال مسدد: قال: فأخرج كتابًا، وقال أحمد: كتابا من قِرَابِ سيفه، فإذا فيه «المؤمنون تَكَافَأُ دماؤهم، وهم يد على من سِوَاهم، ويسعى بذِّمَّتِهِم أدناهم، ألا لا يُقتل مؤمن بكافر، ولا ذُو عَهْد في عهده، من أحدث حَدَثَاً فعلى نفسه، ومن أحدث حدثا، أو آوى مُحْدِثاً فعليه لعنة الله والملائكة والناس أجمعين».
58199,1,1,Sahih al-Bukhari,Revelation,58199,,عن عمران بن حصين أن غلامًا لأناس فقراء قطع أذُنَ غُلَامٍ لأناس أغنياء، فأتى أهله النبي صلى الله عليه وسلم ، فقالوا: يا رسول الله، إنا أناس فقراء. «فلم يجعل عليه شيئًا».
58200,1,1,Sahih al-Bukhari,Revelation,58200,,"عن عمرو بن شعيب، عن أبيه، عن جده، قال: قضى رسول الله صلى الله عليه وسلم في رجل طعن رجلًا بِقَرْنٍ في رِجْلِهِ، فقال: يا رسول الله، أَقِدْنِي، فقال له رسول الله صلى الله عليه وسلم : ""لا تعجل حتى يبرأ جرحك""، قال: فأبى الرجل إلا أن يَسْتَقِيدَ، فَأَقَادَهُ رسول الله صلى الله عليه وسلم منه، قال: فَعَرَجَ المُستَقيدُ، وبَرأ المُستقادُ منه، فأتى المُستَقِيدُ إلى رسول الله صلى الله عليه وسلم ، فقال له: يا رسول الله، عَرَجْتُ، وبَرَأَ صاحبي؟ فقال له رسول الله صلى الله عليه وسلم : ""ألم آمرك ألا تستقيد، حتى يبرأ جرحك؟ فعصيتني فأبعدك الله، وبطل جرحك"" ثم أمر رسول الله -صلى الله عليه وسلم، بعد الرجل الذي عرج- من كان به جرحٌ أن لا يستقيد حتى تبرأ جراحته، فإذا برئت جراحته استقاد."
58201,1,1,Sahih al-Bukhari,Revelation,58201,,عن أنس أن الرُّبَيِّعَ عمته كَسَرَتْ ثَنِيَّةَ جارية، فطلبوا إليها العفو فأبوا، فعرضوا الأرْشَ فأبَوْا، فأتوا رسول الله صلى الله عليه وسلم وأبوا إلا القصِاَصَ فأمر رسول الله صلى الله عليه وسلم بالقصاص، فقال أنس بن النضر: يا رسول الله أَتُكْسَرُ ثَنِيَّةُ الرُّبَيِّعِ؟ لا والذي بعثك بالحق لا تُكسر ثنيتها. فقال رسول الله صلى الله عليه وسلم : «يا أنسُ، كتابُ اللهِ القصاصُ». فرضي القومُ فَعَفَوْا، فقال رسول الله صلى الله عليه وسلم : «إن من عباد الله من لو أقسم على الله لأبَرَّهُ».
58202,1,1,Sahih al-Bukhari,Revelation,58202,,عن ابن عباس، قال: قال رسول الله صلى الله عليه وسلم : «من قُتِلَ في عِمِّيّا، أو رِمِّيَاً يكون بينهم بحَجَرٍ، أو بِسَوْطٍ، فَعَقْلُهُ عَقْلُ خطإ، ومن قَتَلَ عَمْدَاً فَقَوَدُ يَدَيْهِ، فمن حَالَ بينه وبينه فعليه لعنة الله، والملائكة والناس أجمعين».
58205,1,1,Sahih al-Bukhari,Revelation,58205,,عن ابن عمر رضي الله عنهما أنَّ غلامًا قُتل غِيلَةً، فقال عمر رضي الله عنه : «لو اشْتَرَكَ فيها أهْلُ صَنْعاء لَقَتَلْتُهم».
58208,1,1,Sahih al-Bukhari,Revelation,58208,,عن عمرو بن شعيب، عن أبيه، عن جده، أن رسول الله صلى الله عليه وسلم قال: «مَنْ قَتَل مؤمِنا متعمِّدًا دُفِعَ إلى أولياء المَقْتول، فإنْ شاءوا قَتَلوا، وإنْ شاءوا أَخَذوا الدِّيَة، وهي ثلاثون حِقَّة، وثلاثون جَذَعَة، وأَرْبعون خَلِفَة، وما صالحوا عليه فهو لهم، وذلك لتَشْدِيد العَقْل».
58209,1,1,Sahih al-Bukhari,Revelation,58209,,"عن عمرو بن شعيب، عن أبيه، عن جده، قال: قال رسول الله صلى الله عليه وسلم :""إن أعتى الناس على الله ثلاثة: من قَتَلَ فِي حَرَمِ اللهِ، أَوْ قَتَلَ غَيْرَ قَاتِلِهِ، أَوْ قَتَلَ بِذُحُولِ الجاهلية""."
58210,1,1,Sahih al-Bukhari,Revelation,58210,,عن عبد الله بن عمرو رضي الله عنهما أن رسول الله صلى الله عليه وسلم خطب يوم الفتح فقال: «ألا إن كل مَأْثُرَة كانت في الجاهلية من دم أو مال تُذْكَرُ وَتُدْعَى تحت قدمي، إلا ما كان من سِقَايَةِ الحاج، وسِدَانَة البيت» ثم قال: «ألا إن دِيَةَ الخطإ شِبْه العمد ما كان بالسَّوْطِ والعَصَا مِائة من الإبل: منها أربعون في بُطُونِهَا أولادُهَا».
58211,1,1,Sahih al-Bukhari,Revelation,58211,,عن ابن عباس رضي الله عنهما عن النبي صلى الله عليه وسلم قال: «هذه وهذه سواءٌ». يعني: الْخِنْصَر وَالْإِبْهَام.
58212,1,1,Sahih al-Bukhari,Revelation,58212,,عن عبد الله بن عمرو رضي الله عنهما قال: قال رسول الله صلى الله عليه وسلم: «مَنْ تَطَبَّبَ، ولا يُعْلَمُ مِنْهُ طِبٌّ، فهو ضامِنٌ»
58213,1,1,Sahih al-Bukhari,Revelation,58213,,عن عبد الله بن عمرو رضي الله عنهما أن النبي صلى الله عليه وسلم قال: «دِيَة المُعَاهِدِ نصف دِيَة الحُرِّ».
58215,1,1,Sahih al-Bukhari,Revelation,58215,,عبد الله بن عمرو رضي الله عنهما أن النبي صلى الله عليه وسلم قال: «عَقْل شِبْهِ العمد مُغَلَّظٌ مِثْلُ عَقْلِ العَمْدِ، ولا يُقْتَلُ صَاحِبُهُ، وذلك أَنْ يَنْزُوَ الشَّيْطَانُ بين الناس، فتكون دماء في عِمِّيَّا في غير ضَغِينَة، ولا حَمْلِ سلاح».
58217,1,1,Sahih al-Bukhari,Revelation,58217,,عن أبي رِمْثَةَ رضي الله عنه قال: انطلقت مع أبي نحو النبي صلى الله عليه وسلم ثم إن رسول الله صلى الله عليه وسلم ، قال لأبي: «ابنك هذا؟» قال: إِي ورَبِّ الكعبة، قال: «حقا؟» قال: أشهد به، قال: فتبسم رسول الله صلى الله عليه وسلم ضاحكا من ثَبْتِ شَبَهِي في أبي، ومِنْ حَلِفِ أَبِي عَلَيَّ، ثم قال: «أما إنه لا يَجْني عليك، ولا تَجْني عليه»، وقرأ رسول الله صلى الله عليه وسلم : {ولا تَزِرُ وَازِرَةٌ وِزْرَ أخرى} [الأنعام: 164].
58224,1,1,Sahih al-Bukhari,Revelation,58224,,عن سعيد بن زيد، عن النبي صلى الله عليه وسلم قال: «من قُتِلَ دُون مَالِهِ فهو شَهيدٌ، ومن قُتِلَ دُون أهْلِهِ، أو دُونَ دَمِهِ، أو دُون دِيْنِهِ فهو شَهيدٌ».
58226,1,1,Sahih al-Bukhari,Revelation,58226,,"عن أبي موسى، قال: أقبلتُ إلى النبي صلى الله عليه وسلم، ومعي رجلان من الأشعريين، أحدهما عن يميني والآخر عن يساري، ورسول الله صلى الله عليه وسلم يَسْتَاكُ، فكلاهما سَأَلَ، فقال: ""يا أبا موسى، أو: يا عبد الله بن قيس"" قال: قلت: والذي بَعَثَكَ بالحق ما أطلعاني على ما في أنفسهما، وما شَعَرْتُ أنهما يطلبان العمل، فكأني أنظر إلى سِوَاكَهَ تَحْتَ شَفَتِهِ قَلَصَتْ، فقال: ""لن، أو: لا نستعمل على عملنا من أراده، ولكن اذهب أنت يا أبا موسى، أو يا عبد الله بن قيس، إلى اليمن"" ثم أَتْبَعَهُ معاذ بن جبل، فلما قدم عليه ألقَى له وَسَادَةً، قال: انزل، وإذا رجل عنده مُوثَقٌ، قال: ما هذا؟ قال: كان يهوديا فأسلم ثم تَهَوَّدَ، قال: اجلس، قال: لا أجلس حتى يقتل، قضاء الله ورسوله، ثلاث مرات. فأمر به فقتل، ثم تذاكرا قيام الليل، فقال أحدهما: أما أنا فأقوم وأنام، وأرجو في نومتي ما أرجو في قومتي."
58229,1,1,Sahih al-Bukhari,Revelation,58229,,عن عبادة بن الصامت، قال: قال رسول الله صلى الله عليه وسلم : «خُذُوا عني، خُذُوا عني، قد َجَعَلَ الُله لَهُنَّ سبيلا، البِكْرُ بالبِكْر جَلْدُ مِائة ونَفْيُ سَنَةٍ، والثَّيِّبُ بالثيب جلد مائة والرجم».
58230,1,1,Sahih al-Bukhari,Revelation,58230,,عن ابن عباس رضي الله عنهما قال: لما أتى ماعزُ بن مالك النبيَّ صلى الله عليه وسلم قال له: «لعلك قَبَّلْتَ، أو غَمَزْتَ، أو نَظَرْتَ» قال: لا يا رسول الله، قال: «أَنِكْتَهَا». لا يَكْنِي، قال: فعند ذلك أَمَرَ بِرَجْمِهِ.
58231,1,1,Sahih al-Bukhari,Revelation,58231,,"عن عبد الله بن عباس رضي الله عنهما أن عمر بن الخطاب رضي الله عنه قال وهو جالس على منبر رسول الله صلى الله عليه وسلم : ""إن الله قد بعث محمدًا صلى الله عليه وسلم بالحق، وأنزل عليه الكتاب، فكان مما أُنْزِلَ عليه آية الرجم، قَرَأْنَاَهَا وَوَعَيْنَاَهَا وعَقِلْنَاَهَا، فَرَجَمَ رسول الله صلى الله عليه وسلم ، ورجمنا بعده، فأخشى إن طال بالناس زمان أن يقول قائل: ما نجد الرجم في كتاب الله فَيَضِلُّوا بترك فريضة أنزلها الله، وإن الرجم في كتاب الله حَقٌّ على من زنى إذا أَحْصَنَ من الرجال والنساء، إذا قامت البينة، أو كان الحَبَلُ، أو الاعتراف""."
58237,1,1,Sahih al-Bukhari,Revelation,58237,,عن ابن عمر أن النبي صلى الله عليه وسلم ضَرَبَ وَغَرَّبَ، وأن أبا بكر ضَرَبَ وَغَرَّبَ، وأن عمر ضَرَبَ وَغَرَّبَ.
58238,1,1,Sahih al-Bukhari,Revelation,58238,,عن ابن عباس، قال: لَعَنَ النَّبِيُّ صلى الله عليه وسلم المُخَنَّثِينَ من الرجال، والمُتَرَجِّلاَتِ من النساء، وقال: «أخرجوهم من بيوتكم» قال: فَأَخْرَجَ النَّبِيُّ صلى الله عليه وسلم فلانًا، وأَخْرَجَ عُمَرُ فلانًا.
58241,1,1,Sahih al-Bukhari,Revelation,58241,,عن عائشة رضي الله عنها قالت: «لما نَزَلَ عُذْرِي، قام النبي صلى الله عليه وسلم على المِنْبَر، فَذَكَرَ ذَاكَ، وتَلَا -تعني القرآن-، فلما نَزَلَ من المِنْبَر، أَمَرَ بِالرَّجُلَيْنِ والمرأة فَضُرِبُوا حَدَّهُمْ».
58242,1,1,Sahih al-Bukhari,Revelation,58242,,عن ابن عباس رضي الله عنهما أن هِلَالَ بن أُمَيَّةَ، قذف امرأته عند النبي صلى الله عليه وسلم بِشَرِيكِ بن سَحْمَاءَ، فقال النبي صلى الله عليه وسلم : «البَيِّنَةَ أو حَدٌّ في ظَهْرِكَ»، فقال: يا رسول الله، إذا رأى أحدنا على امرأته رجلًا ينطلق يَلْتَمِسُ البَيِّنَةَ، فجعل النبي صلى الله عليه وسلم يقول: «البَيِّنَةَ وإلا حد في ظهرك» فقال هلال: والذي بعثك بالحق إني لصادق، فلَيُنْزِلَنَّ الله ما يُبَرِّئُ ظهري من الحد، فنزل جبريل وأنزل عليه: {والذين يرمون أزواجهم} [النور: 6] فقرأ حتى بلغ: {إن كان من الصادقين} [النور: 9] فانصرف النبي صلى الله عليه وسلم فأرسل إليها، فجاء هِلال فشهد، والنبي صلى الله عليه وسلم يقول: «إن الله يعلم أن أحَدَكُمَا كاذب، فهل منكما تائب» ثم قامت فشهدت، فلما كانت عند الخامسة وَقَّفُوهَا، وقالوا: إنها مُوجِبَة، قال ابن عباس: فَتَلَكَّأَتْ وَنَكَصَتْ، حتى ظننا أنها ترجع، ثم قالت: لا أفضح قومي سائر اليوم، فَمَضَتْ، فقال النبي صلى الله عليه وسلم : «أبصروها، فإن جاءت به أَكْحَلَ العينين، سَابِغَ الْأَلْيَتَيْنِ، خَدَلَّجَ الساقين، فهو لِشَرِيكِ بْنِ سَحْمَاءَ»، فجاءت به كذلك، فقال النبي صلى الله عليه وسلم : «لولا ما مضى من كتاب الله لكان لي ولها شأن».
58244,1,1,Sahih al-Bukhari,Revelation,58244,,عن أبي هريرة رضي الله عنه قال: سمعت أبا القاسم صلى الله عليه وسلم يقول: «من قَذَفَ مَمْلُوكَهُ، وهو بَرِيءٌ مما قال جُلِد يوم القيامة إلا أن يكون كما قال».
58245,1,1,Sahih al-Bukhari,Revelation,58245,,عن أبي هريرة عن النبي صلى الله عليه وسلم قال: «لعن الله السارق، يسرق البَيْضَةَ فَتُقْطَعُ يده، ويسرِقُ الحَبْلَ فَتُقْطَعُ يَدُهُ».
58246,1,1,Sahih al-Bukhari,Revelation,58246,,عن جابر عن النبي صلى الله عليه وسلم قال: «ليس على خَاِئنٍ، ولا مُنْتَهِبٍ، ولا مُخْتَلِسٍ قَطْعٌ».
58247,1,1,Sahih al-Bukhari,Revelation,58247,,عن محمد بن يحيى بن حبان، أن عبدا سرق وَدِيَّاً من حَائِطِ رجل، فغرسه في حائط سيده، فخرج صاحب الوَدِيِّ يلتمس وديه، فوجده، فاسْتَعْدَى على العبد مروان بن الحكم، وهو أمير المدينة يومئذ، فسجن مروانُ العبدَ وأراد قَطْعَ يده، فانطلق سيد العبد إلى رافع بن خديج، فسأله عن ذلك، فأخبره أنه سمع رسول الله صلى الله عليه وسلم يقول: «لا قَطْعَ في ثَمَرْ، ولا كَثَرٍ»، فقال الرجل: إن مروان أخذ غلامي، وهو يريد قطع يده، وأنا أحب أن تمشي معي إليه فتخبره بالذي سمعتَ من رسول الله صلى الله عليه وسلم ، فمشى معه رافع بن خديجٍ حتى أتى مروان بن الحكم، فقال له رافع: سمعت رسول الله صلى الله عليه وسلم يقول: «لا قَطْعَ في ثَمَرٍ، ولا كَثَرٍ»، فأمر مروان بالعبد فأُرسل.
58251,1,1,Sahih al-Bukhari,Revelation,58251,,عن عبد الله بن عمرو بن العاص عن رسول الله صلى الله عليه وسلم أنه سئل عن الثمر المعلق؟ فقال: «من أصاب بِفِيْهِ من ذِي حَاجَةٍ غير مُتَّخِذٍ خُبْنَةً فلا شيء عليه، ومن خرج بشيء منه فعليه غَرَامَةُ مِثْلَيْهِ والعقوبة، ومن سرق منه شيئا بعد أن يُؤْوِيَهُ الجَرِينُ فَبَلَغَ ثَمَن المِجَنِّ فَعَليْهِ القَطْعُ».
58252,1,1,Sahih al-Bukhari,Revelation,58252,,عن صفوان بن أمية، قال: كنت نائما في المسجد عليَّ خَمِيْصَةٌ لي ثمن ثلاثين درهما، فجاء رجل فاخْتَلَسَهَا مِنِّي، فَأُخِذَ الرجل، فَأُتِيَ به رسول الله صلى الله عليه وسلم ، فَأَمَرَ به لِيُقْطَعَ، قال: فأتَيْتُهُ، فقُلتُ: أَتَقْطَعُهُ من أجل ثلاثين درهما، أنا أبيعه وأُنْسِئُهُ ثمنها؟ قال: «فَهَلَّا كان هذا قبل أن تأتيني به».
58254,1,1,Sahih al-Bukhari,Revelation,58254,,عن أنس بن مالك رضي الله عنه «أن النبي صلى الله عليه وسلم أُتِيَ برجل قد شرب الخمر، فجلده بِجَرِيدَتَيْنِ نحو أربعين»، قال: وفعله أبو بكر، فلما كان عمر استشار الناس، فقال عبد الرحمن: أَخَفُّ الحدود ثمانين، «فأمر به عمر».
58257,1,1,Sahih al-Bukhari,Revelation,58257,,عن أبي هريرة، قال: قال رسول الله صلى الله عليه وسلم : «إذا ضَرَبَ أَحَدُكُمْ أخاه فَلْيَجْتَنِب الوجْهَ».
58258,1,1,Sahih al-Bukhari,Revelation,58258,,عن أنس بن مالك رضي الله عنه قال: «لقد أَنْزَلَ الله الآية التي حَرَّمَ الله فيها الخمر، وما بالمدينة شَرَابٌ يُشْرَبُ إلا من تَمْرٍ».
58261,1,1,Sahih al-Bukhari,Revelation,58261,,عن ابن عباس، قال: «كان رسول الله صلى الله عليه وسلم يُنْبَذُ له الزَّبِيبُ في السِّقَاءِ، فَيَشْرَبُهُ يَوْمَهُ وَالْغَدَ وَبَعْدَ الْغَدِ، فإذا كان مَسَاءُ الثَّالِثَةِ شَرِبَهُ وَسَقَاهُ، فإن فَضَلَ شيء أَهْرَاقَهُ».
58263,1,1,Sahih al-Bukhari,Revelation,58263,,عن وائل الحضرمي أن طارق بن سويد الجعفي سأل النبي صلى الله عليه وسلم عن الخمر، فَنَهَاهُ -أو كره- أن يَصْنَعَهَا، فقال: إنما أَصْنَعُهَا لِلدَّوَاءِ، فقال: «إنه ليس بِدَوَاءٍ، ولكنه دَاءٌ».
58264,1,1,Sahih al-Bukhari,Revelation,58264,,عن عائشة رضي الله عنها قالت: قال رسول الله صلى الله عليه وسلم : «أَقِيلُوا ذَوِي الهَيْئات عَثَرَاتِهم إلا الحدودَ».
58265,1,1,Sahih al-Bukhari,Revelation,58265,,عن علي بن أبي طالب رضي الله عنه قال: «ما كنتُ لأقيمَ حَدّاً على أحد فيموت، فأجدَ في نَفسِي، إلا صاحب الخمر، فإنه لو مات وَدَيْتُهُ، وذلك أن رسول الله صلى الله عليه وسلم لم يَسُنَّهُ».
58266,1,1,Sahih al-Bukhari,Revelation,58266,,"عن خالد بن عُرْفُطَةَ رضي الله عنه قال: قال لي رسول الله صلى الله عليه وسلم : ""يا خالد إنها ستكون بَعْدِي أَحْدَاثٌ وفِتَنٌ واختلاف، فَإِنِ اسْتَطَعْتَ أن تكون عبد الله المقتول لا القاتل فَافْعَلْ""."
64598,1,1,Sahih al-Bukhari,Revelation,64598,,عن عائشة أم المؤمنين رضي الله عنها قالت: استأذنت النبي صلى الله عليه وسلم في الجهاد، فقال: «جهادكن الحج».
64599,1,1,Sahih al-Bukhari,Revelation,64599,,عن أبي سعيد الخدري أن رجلًا هاجر إلى رسول الله صلى الله عليه وسلم من اليمن فقال: «هل لك أحَدٌ باليمن؟»، قال: أَبَوَاي، قال: «أَذِنَا لك؟» قال: «لا»، قال: «ارْجِعْ إليهما فاستأذِنْهُما، فإنْ أَذِنَا لَكَ فَجَاهِدْ، وإلا فَبِرَّهُمَا».
64600,1,1,Sahih al-Bukhari,Revelation,64600,,عن جرير بن عبد الله قال: بعث رسول الله صلى الله عليه وسلم سَرِيَّةً إلى خَثْعَمٍ فاعٍتَصَمَ نَاسٌ منهم بالسجود، فَأَسْرَعَ فيهم القَتْلُ قال: فَبَلَغَ ذلك النبيَّ صلى الله عليه وسلم فَأَمَرَ لهم بنصف العَقْلِ وقال: «أنا بريء من كل مسلم يُقيم بين أَظْهُرِ المشركين». قالوا: يا رسول الله لم؟ قال: «لا تَرَاءَى نَارَاهُما».
64601,1,1,Sahih al-Bukhari,Revelation,64601,,عن عبد الله بن وقدان السعدي قال: وَفَدْتُ إلى رسول الله صلى الله عليه وسلم في وفد كُلُّنَا يَطلبُ حَاجة، وكنتُ آخرهم دُخُولاً على رسول الله صلى الله عليه وسلم ، فقلتُ: يا رسول الله، إني تَركتُ من خلفي وهم يَزْعُمُون أنَّ الهجرة قد انقطعت، قال: «لا تنقطع الهجرة ما قُوتِلَ الكُفَّارُ».
64603,1,1,Sahih al-Bukhari,Revelation,64603,,عن كعب بن مالك رضي الله عنه قال: «كان رسول الله صلى الله عليه وسلم قَلَّمَا يُريد غَزْوَةً يَغْزُوها إلا وَرَّى بغيرها، حتى كانت غزوة تبوك، فَغَزَاهَا رسول الله صلى الله عليه وسلم في حَرٍّ شَديدٍ، واستقبل سَفَراً بعيداَ ومَفَازَا، واستقبل غَزْوَ عَدُوٍّ كثير، َفَجَلَّى للمسلمين أَمْرَهم، لِيِتَأَهَّبُوا أُهْبَةَ عَدُوِّهم، وأخبرهم بِوَجْهِهِ الذي يُريدُ».
64605,1,1,Sahih al-Bukhari,Revelation,64605,,عن عائشة، زوج النبي صلى الله عليه وسلم أنها قالت: خرج رسول الله صلى الله عليه وسلم قِبَلَ بَدْرٍ، فلما كان بِحَرَّةِ الوَبَرَةِ أَدْرَكَهُ رجل قد كان يُذْكَرُ منه جُرْأَةٌ ونَجْدَةٌ، ففرح أصحاب رسول الله صلى الله عليه وسلم حين رأوه، فلما أدركه قال لرسول الله صلى الله عليه وسلم: جِئْتُ لأتَّبِعَكَ، وأُصيبَ مَعَكَ، قال له رسول الله صلى الله عليه وسلم: «تؤمن بالله ورسوله؟» قال: لا، قال: «فارْجِعْ، فَلَنْ أستَعِين بِمُشْرِكٍ»، قالت: ثم مضى حتى إذا كنا بالشجرة أدركه الرجل، فقال له كما قال أول مرة، فقال له النبي صلى الله عليه وسلم كما قال أول مرة، قال: «فارجع، فلن أستعين بمشرك»، قال: ثم رجع فأدركه بالبَيْدَاءِ، فقال له كما قال أول مرة: «تؤمن بالله ورسوله؟» قال: نعم، فقال له رسول الله صلى الله عليه وسلم: «فانْطَلِقْ».
64607,1,1,Sahih al-Bukhari,Revelation,64607,,"عن علي بن أبي طالب رضي الله عنه أنه قال: «أنا أَوَّلُ من يَجْثُو بين يَدَيِ الرحمن للخُصُومة يوم القيامة» وقال قيس بن عباد: وفيهم أُنْزِلَتْ : {هذان خصمان اخْتَصَمُوا في ربهم} [الحج: 19] قال: ""هم الذين تَبَارَزُوا يوم بَدْرٍ: حمزة، وعلي، وَعُبَيْدَةُ، أو أبو عبيدة بن الحارث، وَشَيْبَةُ بن رَبِيعَةَ، وعتبة بن رَبِيعَةَ، والوليد بن عُتْبَةُ""."
64614,1,1,Sahih al-Bukhari,Revelation,64614,,عن عمران بن حصين «أنّ النبي صلى الله عليه وسلم فَدَى رَجُلَيْنِ مِن المسلمين برَجُلٍ مِن المشركين».
64620,1,1,Sahih al-Bukhari,Revelation,64620,,عن حبيب بن مسلمة الفِهْري قال: «شَهِدت النبيَّ صلى الله عليه وسلم نَفَّلَ الرُّبْعَ في البَدْأَةِ، والثُّلُثَ في الرَّجْعَة».
64621,1,1,Sahih al-Bukhari,Revelation,64621,,عن ابن عمر رضي الله عنهما، قال: «كُنَّا نُصِيب في مَغازينا العَسَل والعِنَب، فَنَأكُلُه ولا نَرْفَعُهُ»
64622,1,1,Sahih al-Bukhari,Revelation,64622,,"عن عبد الله بن أبي أوفى قال: قلت: ""هل كنتم تُخَمِّسُون -يعني الطعام- في عهد رسول الله صلى الله عليه وسلم ؟ فقال: «أصبنا طعامًا يوم خَيبر، فكان الرجلُ يَجيء فَيَأخذُ مِنه مِقدارَ ما يَكفيه، ثم يَنْصَرِف»."
64623,1,1,Sahih al-Bukhari,Revelation,64623,,عن رويفع بن ثابت الأنصاري أن النبي صلى الله عليه وسلم قال: «من كان يؤمن بالله وباليوم الآخر فلا يَركَب دابة مِن فَيءِ المسلمين حتى إذا أَعْجَفَها رَدَّها فيه، ومن كان يؤمن بالله وباليوم الآخر فلا يَلبس ثوبا مِن فَيءِ المسلمين حتى إذا أَخْلَقَه رَدَّه فيه».
64624,1,1,Sahih al-Bukhari,Revelation,64624,,عن عمرو بن شعيب، عن أبيه، عن جده قال: قال رسول الله صلى الله عليه وسلم : «يَدُ المسلمين على مَن سِواهم، تَتَكافَأُ دِماؤهم وأموالُهم، ويُجِيرُ على المسلمين أدْناهم، ويَرُدُّ على المسلمين أَقْصَاهم».
64625,1,1,Sahih al-Bukhari,Revelation,64625,,عن عمر بن الخطاب أنه سمع رسول الله صلى الله عليه وسلم يقول: «لأُخْرِجَنَّ اليهودَ والنصارى مِن جَزِيرة العرب حتى لا أدَعَ إلا مُسلما».
64627,1,1,Sahih al-Bukhari,Revelation,64627,,عن عبد الرحمن بن غنم، قال: رَابَطْنا مدينة قِنَّسْرِين مع شُرَحْبِيل بن السِّمْط، فلما فَتَحها أصابَ فيها غَنَما وبَقرا، فقَسَم فِينا طائفةً مِنها وجعل بَقِيَّتها في المَغنم، فلقيتُ معاذَ بنَ جبل فحدَّثْتًه، فقال معاذ: «غزَوْنا مع رسول الله صلى الله عليه وسلم خَيبر فأصبْنا فيها غَنَما، فَقَسَم فِينا رسول الله صلى الله عليه وسلم طائفة، وجَعَل بَقِيَّتَها في المَغْنَم».
64630,1,1,Sahih al-Bukhari,Revelation,64630,,عن بجالة قال: كنت كاتبا لِجَزْء بن معاوية، عَمِّ الأحنف، فأتانا كتاب عمر بن الخطاب قبل موته بسنة، فَرِّقُوا بين كل ذِي مَحْرَمٍ من المجوس، ولم يكن عمر أخذ الجِزْيَةَ من المجوس، حتى شهد عبد الرحمن بن عوف أن رسول الله صلى الله عليه وسلم أخذها من مجوس هَجَر.
64631,1,1,Sahih al-Bukhari,Revelation,64631,,عن أنس بن مالك رضي الله عنه وعن عثمان بن أبي سليمان رضي الله عنه «أن النبي صلى الله عليه وسلم بعث خالد بن الوليد إلى أُكَيْدِرِ دُومَةَ؛ فأُخِذ فأتوه به، فَحَقَنَ له دَمَهُ وصَالَحَه على الجِزْيَة».
64633,1,1,Sahih al-Bukhari,Revelation,64633,,عن عائذ بن عمرو المزني رضي الله عنه عن النبي صلى الله عليه وسلم قال: «الإسلام يَعْلُو ولا يُعْلَى».
64639,1,1,Sahih al-Bukhari,Revelation,64639,,عن ابن عمر «أن النبي صلى الله عليه وسلم سَبَّقَ بين الخيل، وفَضَّلَ القُرَّحَ في الغاية».
64640,1,1,Sahih al-Bukhari,Revelation,64640,,عن أبي هريرة قال: قال رسول الله صلى الله عليه وسلم : «لا سَبَقَ إلا في خُفٍّ أو في حَافِرٍ أو نَصْلٍ».
64642,1,1,Sahih al-Bukhari,Revelation,64642,,"عن عقبة بن عامر قال: سمعت رسول الله صلى الله عليه وسلم وهو على المنبر، يقول: ""{وأعدوا لهم ما استطعتم من قوة} [الأنفال: 60]، ألا إن القُوَّةَ الرَّميُ، ألا إن القوة الرمي، ألا إن القوة الرمي""."
64646,1,1,Sahih al-Bukhari,Revelation,64646,,عن ابن أبي عَمَّار قال: قلت لجابر: الضَّبْع صَيْدٌ هي؟ قال: «نعم»، قال: قلتُ: آكُلُها؟ قال: «نعم»، قال: قلتُ له: أَقَالَهُ رسول الله صلى الله عليه وسلم ؟ قال: «نعم».
64648,1,1,Sahih al-Bukhari,Revelation,64648,,"عن ابن عمر رضي الله عنهما ، قال: ""نهى رسول الله صلى الله عليه وسلم عن الجَلَّالَة في الإبِل: أنْ يُرْكَبَ عليها، أو يُشْرَب مِن أَلْبَانِها""."
64650,1,1,Sahih al-Bukhari,Revelation,64650,,عن ابن عباس رضي الله عنهما قال: «أَهْدَتْ أُمُّ حُفَيْدٍ خَالَةُ ابْنِ عباس إلى النبي صلى الله عليه وسلم أَقِطًا وَسَمْنًا وَأَضُبًّا، فأَكَل النبي صلى الله عليه وسلم من الأَقِطِ وَالسَّمْنِ، وَتَرَكَ الضَّبَّ تَقَذُّرًا»، قال ابن عباس: «فَأُكِلَ على مائدة رسول الله صلى الله عليه وسلم ، ولو كان حراما ما أُكِلَ على مائدة رسول الله صلى الله عليه وسلم ».
64652,1,1,Sahih al-Bukhari,Revelation,64652,,عن أبي ثعلبة رضي الله عنه عن النبي صلى الله عليه وسلم قال: «إذا رَمَيْتَ بِسَهْمِكَ، فغابَ عنْك، فَأَدْرَكْتَهُ فَكُلْهُ، ما لَمْ يُنْتِنْ».
64653,1,1,Sahih al-Bukhari,Revelation,64653,,عن عائشة رضي الله عنها : أنّ قومًا قالوا: يا رسول الله إنّ قومًا يأتوننا باللحم لا نَدري أَذَكروا اسمَ الله عليه أم لا، فقال رسول الله صلى الله عليه وسلم : «سَمُّوا الله عليه وكُلُوه».
64654,1,1,Sahih al-Bukhari,Revelation,64654,,عن سعيد بن جبير، قال: مَرَّ ابنُ عمرَ بِفِتيانٍ مِن قريش قد نَصَبُوا طَيْرًا، وهم يَرْمُونَه، وقد جعلوا لصاحِب الطيْرِ كلَّ خاطِئة مِن نَبْلِهم، فلمّا رأَوْا ابنَ عمر تَفَرَّقُوا، فقال ابن عمر: «مَن فعل هذا لَعَنَ الله، مَن فعل هذا؟ إنَّ رسول الله صلى الله عليه وسلم لَعَنَ مَن اتخذَ شيئا فيه الرُّوحُ غَرَضًا»
64655,1,1,Sahih al-Bukhari,Revelation,64655,,عن كعب بن مالك، أنّ امرأةً ذَبحَت شاةً بِحَجَر، «فسُئل النبيُّ صلى الله عليه وسلم عن ذلك فأمَرَ بِأكلها».
64656,1,1,Sahih al-Bukhari,Revelation,64656,,عن جابر بن عبد الله قال: «نَهى رسول الله صلى الله عليه وسلم أنْ يُقتل شيء مِن الدَّواب صَبْرا».
64657,1,1,Sahih al-Bukhari,Revelation,64657,,عن أبي سعيد قال: سألْنا رسول الله صلى الله عليه وسلم عن الجَنِينِ فقال: «كُلُوهُ إنْ شِئْتُم، فإنَّ ذَكاتَه، ذَكاةُ أُمِّهِ».
64660,1,1,Sahih al-Bukhari,Revelation,64660,,عن أبي هريرة، أن رسول الله صلى الله عليه وسلم قال: «مَن كان له سَعَة، ولمْ يُضَحِّ، فلا يَقْرَبَنّ مُصَلّانا».
64665,1,1,Sahih al-Bukhari,Revelation,64665,,عن جابر بن عبد الله، قال: «نَحَرْنَا مع رسول الله صلى الله عليه وسلم عَامَ الحُدَيْبِيَة البَدَنَةَ عن سَبْعَة، والبَقَرَةَ عن سَبْعَة»
64666,1,1,Sahih al-Bukhari,Revelation,64666,,عن ابن عباس «أن رسول الله صلى الله عليه وسلم عَقَّ عن الحسن والحسين كَبْشًا كَبْشًا».
64667,1,1,Sahih al-Bukhari,Revelation,64667,,عن عائشة «أن رسول الله صلى الله عليه وسلم أمرهم أن يُعَقَّ عن الغُلَامِ شَاتَانِ مُكَافِئَتَانِ، وعن الْجَارِيَةِ شَاةٌ».
64668,1,1,Sahih al-Bukhari,Revelation,64668,,عن سمرة قال: قال رسول الله صلى الله عليه وسلم : «الغلام مُرْتَهَنٌ بِعَقِيقَتِهِ يُذْبَحُ عنه يوم السابع، ويُسَمَّى، ويُحْلَق رأسه».
64672,1,1,Sahih al-Bukhari,Revelation,64672,,"عن عائشة رضي الله عنها : ""أُنْزِلَتْ هذه الآية: {لا يؤاخذكم الله باللغو في أيمانكم} [البقرة: 225] في قول الرجل: لا والله وبَلَى والله""."
64673,1,1,Sahih al-Bukhari,Revelation,64673,,عن أبي هريرة رضي الله عنه أن رسول الله صلى الله عليه وسلم قال: «إن لله تِسْعَةً، وتِسْعِينَ، اسْمًا، مِائَةً إلا واحدا مَنْ أَحْصَاهَا دخل الجنة».
64681,1,1,Sahih al-Bukhari,Revelation,64681,,عن أبي هريرة رضي الله عنه عن النبي صلى الله عليه وسلم قال: «إنكم سَتَحْرِصُونَ على الإِمَارَة، وستكون نَدَامَةً يوم القيامة، فَنِعْمَ المُرْضِعَةُ وَبِئْسَتِ الفَاطِمَةُ».
64682,1,1,Sahih al-Bukhari,Revelation,64682,,عن عمرو بن العاص رضي الله عنه أنه سمع رسول الله صلى الله عليه وسلم يقول: «إِذَا حَكَمَ الحَاكِمُ فَاجْتَهَدَ ثم أَصابَ فله أَجْرَان، وإِذا حَكَمَ فَاجْتَهَدَ ثم أَخْطَأَ فله أَجْرٌ».
64688,1,1,Sahih al-Bukhari,Revelation,64688,,عن أبي مريم الأزْدي، قال: دخلتُ على معاوية فقال: ما أنْعَمَنا بك أبا فلان -وهي كلمة تقولها العرب- فقلتُ: حديثًا سمعتُه أُخبرُك به، سمعتُ رسول الله صلى الله عليه وسلم يقول: «مَنْ ولَّاهُ الله عز وجل شيئًا مِنْ أَمْر المسلمين فاحْتَجَبَ دُونَ حاجَتِهم وخَلَّتِهِم وفقرهم، احْتَجَبَ الله عنه دون حاجَتِه وخَلَّتِهِ وفقره» قال: فَجَعَل رجلًا على حَوائِج الناس.
64691,1,1,Sahih al-Bukhari,Revelation,64691,,عن زيد بن خالد الجهني أن النبي صلى الله عليه وسلم قال: «ألا أُخبِرُكُم بخير الشُّهَدَاء الذي يَأتي بِشَهادَتِهِ قبل أن يُسْأَلَهَا».
64693,1,1,Sahih al-Bukhari,Revelation,64693,,عن أبي هريرة رضي الله عنه أنه سمع رسول الله صلى الله عليه وسلم يقول: «لا تَجُوزُ شَهَادَةُ بَدَوِيّ على صَاحِبِ قَرْيَةٍ».
64695,1,1,Sahih al-Bukhari,Revelation,64695,,عن ابن عباس «أن رسول الله صلى الله عليه وسلم قَضَى بِيَمِين وشَاهِدٍ».
64696,1,1,Sahih al-Bukhari,Revelation,64696,,عن أبي هريرة رضي الله عنه «أن النبي صلى الله عليه وسلم عَرَضَ على قوم اليَمِين، فَأَسْرَعُوا فَأَمَرَ أن يُسْهَمَ بينهم في اليمين أَيُّهُم يَحْلِفُ».
64698,1,1,Sahih al-Bukhari,Revelation,64698,,عن جابر بن عبد الله قال: قال رسول الله صلى الله عليه وسلم : «لا يحْلِفُ أحدٌ عند مِنْبَرِي هذا على يَمينٍ آثِمَة، ولو على سِواكٍ أَخْضَرَ، إلا تَبَوَّأَ مَقْعَدَه مِن النار -أو وَجَبَتْ له النار-».
64703,1,1,Sahih al-Bukhari,Revelation,64703,,عن أبي هريرة رضي الله عنه قال: قال النبي صلى الله عليه وسلم : «أَيُّمَا رَجُلٍ أَعْتَقَ امْرَأً مسلمًا، استَنْقَذَ الله بكلِّ عُضْوٍ منه عُضْوا منه مِن النار».
64706,1,1,Sahih al-Bukhari,Revelation,64706,,عن سمرة قال: قال رسول الله صلى الله عليه وسلم : «من مَلَكَ ذا رَحِمٍ مَحْرَمٍ فهو حُرٌّ».
64708,1,1,Sahih al-Bukhari,Revelation,64708,,عن سفينة، قال: كنت مَمْلُوكًا لأم سلمة فقالت: أُعْتِقُكَ وأشترط عليك أن تخدم رسول الله صلى الله عليه وسلم ما عِشْتَ فقلت: «وإن لم تَشْتَرِطِي عَلَيَّ، ما فَارَقْتُ رسول الله صلى الله عليه وسلم ما عِشْتُ فَأَعْتَقَتْنِي، واشْتَرَطَتْ عَلَيَّ».
64709,1,1,Sahih al-Bukhari,Revelation,64709,,عن عمرو بن شعيب، عن أبيه، عن جده، عن النبي صلى الله عليه وسلم قال: «المُكَاتَبُ عَبْدٌ ما بَقِيَ عليه من مُكَاتَبَتِهِ دِرْهَمٌ».
64716,1,1,Sahih al-Bukhari,Revelation,64716,,وعن أسامة بن زيد رضي الله عنهما أن النبي صلى الله عليه وسلم قال: «لا يرثُ المسلمُ الكافرَ، ولا يَرِثُ الكافرُ المسلمَ».
64718,1,1,Sahih al-Bukhari,Revelation,64718,,عن عبد الله بن عمرو رضي الله عنهما قال: قال رسول الله صلى الله عليه وسلم : «لا يَتَوَارَثُ أهل مِلَّتَيْنِ شتّى».
64721,1,1,Sahih al-Bukhari,Revelation,64721,,عن المقدام، قال: قال رسول الله صلى الله عليه وسلم : «من تَرَكَ كَلًّا فَإِليَّ» ورُبَّمَا قال: «إلى الله وإلى رسوله، ومن تَرَكَ مَالًا فِلَوَرَثَتِهِ، وأنا وَارِثُ من لا وارثَ له، أَعْقِلُ له وأَرِثُهُ، والخَالُ وَارِثُ مَنْ لا وَارِثَ له، يَعْقِلُ عنه ويَرِثُهُ».
64722,1,1,Sahih al-Bukhari,Revelation,64722,,عن جابر رضي الله عنهما عن النبي صلى الله عليه وسلم قال: «إذا اسْتَهَلَّ المَوْلُودُ وَرِثَ».
