id,parent_id,slug,name_en,name_ar
1,,the-noble-qur'an-and-qur'anic-sciences-en,The Noble Qur'an and Qur'anic Sciences,القرآن الكريم وعلومه
2,,the-hadith-and-hadith-sciences-en,The Hadith and Hadith Sciences,الحديث وعلومه
3,,the-creed-en,The Creed,العقيدة
4,,jurisprudence-and-juristic-principles-en,Jurisprudence and Juristic Principles,الفقه وأصوله
5,,virtues-and-manners-en,Virtues and Manners,الفضائل والآداب
6,,da‘wah-and-hisbah-en,Da‘wah and Hisbah,الدعوة والحسبة
7,,seerah-and-history-en,Seerah and History,السيرة والتاريخ
8,1,revelation-and-collection-of-the-qur'an-en,Revelation and Collection of the Qur'an,نزول القرآن وجمعه
9,1,modes-of-qur'anic-recitation-and-tajweed-en,Modes of Qur'anic Recitation and Tajweed,القراءات والتجويد
10,1,qur'anic-exegesis-en,Qur'anic Exegesis,تفسير القرآن
11,1,general-qur'anic-topics-en,General Qur'anic Topics,مباحث قرآنية عامة
12,1,excellence-of-the-qur'an-en,Excellence of the Qur'an,فضائل القرآن
13,8,category-13,Seerah and History,معنى القرآن وأوصافه
14,8,occasions-of-revelation-en,Occasions of Revelation,أسباب النزول
15,1,modes-of-quranic-recitation-and-tajweed,Modes of Qur'anic Recitation and Tajweed,Modes of Qur'anic Recitation and Tajweed
16,8,abrogating-and-abrogated-verses-en,Abrogating and Abrogated Verses,الناسخ والمنسوخ
17,8,collecting-the-qur'an-en,Collecting the Qur'an,جمع القرآن
18,9,seven-modes-of-the-qur'anic-revelation-en,Seven Modes of the Qur'anic Revelation,الأحرف السبعة
19,9,category-19,Occasions of Revelation,القراءات
20,9,science-of-tajweed-en,Science of Tajweed,علم التجويد
21,9,stops-and-starts-en,Stops and Starts,الوقف والابتداء
22,9,seven-modes-of-the-quranic-revelation,Seven Modes of the Qur'anic Revelation,Seven Modes of the Qur'anic Revelation
23,9,science-of-tajweed,Science of Tajweed,Science of Tajweed
24,10,rules-and-principles-of-exegesis-en,Rules and Principles of Exegesis,أصول التفسير وقواعده
25,10,rules-and-principles-of-exegesis,Rules and Principles of Exegesis,Rules and Principles of Exegesis
26,11,rulings-of-the-quran-and-codices,Rulings of the Qur'an and Codices,Rulings of the Qur'an and Codices
27,11,manners-of-reading-and-memorizing-the-quran,Manners of Reading and Memorizing the Qur'an,Manners of Reading and Memorizing the Qur'an
28,11,refuting-allegations-against-the-quran,Refuting Allegations against the Qur'an,Refuting Allegations against the Qur'an
29,11,rulings-of-the-qur'an-and-codices-en,Rulings of the Qur'an and Codices,أحكام القرآن والمصاحف
30,12,merit-of-taking-care-of-the-quran,Merit of Taking Care of the Qur'an,Merit of Taking Care of the Qur'an
31,11,manners-of-reading-and-memorizing-the-qur'an-en,Manners of Reading and Memorizing the Qur'an,آداب قراءة القرآن وحملته
32,11,refuting-allegations-against-the-qur'an-en,Refuting Allegations against the Qur'an,رد الشبهات حول القرآن
33,11,category-33,,قصص القرآن
35,3,belief-in-allah-the-mighty-and-majestic,Belief in Allah the Mighty and Majestic,Belief in Allah the Mighty and Majestic
36,3,belief-in-the-angels,Belief in the Angels,Belief in the Angels
37,3,belief-in-the-revealed-books,Belief in the Revealed Books,Belief in the Revealed Books
38,11,inference-from-the-qur'an-en,Inference from the Qur'an,الاستنباط من القرآن
39,12,merit-of-taking-care-of-the-qur'an-en,Merit of Taking Care of the Qur'an,فضل العناية بالقرآن
40,12,virtues-of-surahs-and-verses-en,Virtues of Surahs and Verses,فضائل السور والآيات
41,3,names-and-rulings,Names and Rulings,Names and Rulings
42,3,the-companions,The Companions,The Companions
43,2,category-43,The Prophet's Family,مصطلح الحديث
44,2,general-sunnah-topics-en,General Sunnah Topics,مباحث عامة في السنة
45,3,people-of-the-sunnah-and-the-community,People of the Sunnah and the Community,People of the Sunnah and the Community
46,3,sects-and-schools,Sects and Schools,Sects and Schools
50,43,category-50,,أقسام الحديث المردود
52,43,category-52,,طرق تحمل الحديث وأدائه
56,44,significance-and-status-of-the-sunnah-en,Significance and Status of the Sunnah,أهمية السنة ومكانتها
57,44,writing-the-sunnah-en,Writing the Sunnah,تدوين السنة النبوية
59,3,belief-in-allah-the-mighty-and-majestic-en,Belief in Allah the Mighty and Majestic,الإيمان بالله عز وجل
60,3,belief-in-the-angels-en,Belief in the Angels,الإيمان بالملائكة
61,3,belief-in-the-revealed-books-en,Belief in the Revealed Books,الإيمان بالكتب
62,3,belief-in-the-messengers-en,Belief in the Messengers,الإيمان بالرسل
63,3,belief-in-the-last-day-en,Belief in the Last Day,الإيمان باليوم الآخر
64,3,belief-in-the-divine-decree-and-fate-en,Belief in the Divine Decree and Fate,الإيمان بالقضاء والقدر
65,3,names-and-rulings-en,Names and Rulings,الأسماء والأحكام
66,3,the-companions-en,The Companions,الصحابة
67,3,the-prophet's-family-en,The Prophet's Family,آل البيت
68,3,allegiance-and-dissociation-en,Allegiance and Dissociation,الولاء والبراء
69,3,people-of-the-sunnah-and-the-community-en,People of the Sunnah and the Community,أهل السنة والجماعة
70,3,category-70,Hypocrisy,الملل والأديان
71,3,sects-and-schools-en,Sects and Schools,الفرق والمذاهب
72,59,oneness-of-allah's-lordship-en,Oneness of Allah's Lordship,توحيد الربوبية
73,59,oneness-of-allah's-worship-en,Oneness of Allah's Worship,توحيد الألوهية
74,59,oneness-of-allah's-names-and-attributes-en,Oneness of Allah's Names and Attributes,توحيد الأسماء والصفات
75,60,the-angels-en,The Angels,الملائكة
76,60,the-jinn-en,The Jinn,الجن
77,61,pre-islamic-scriptures-en,Pre-Islamic Scriptures,الكتب السابقة
78,61,the-qur'an-en,The Qur'an,القرآن
79,62,prophethood-en,Prophethood,النبوة
80,62,"pre-islamic-prophets-and-messengers,-peace-be-upon-them-en","Pre-Islamic Prophets and Messengers, peace be upon them",الأنبياء والرسل السابقين عليهم السلام
81,62,"our-prophet-muhammad,-may-allah's-peace-and-blessings-be-upon-him-en","Our Prophet Muhammad, may Allah's peace and blessings be upon him",نبينا محمد صلى الله عليه وسلم
82,62,miracles-of-the-pious-allies-of-allah-en,Miracles of the Pious Allies of Allah,كرامات الأولياء
83,63,the-barzakh-life-(after-death-period)-en,The Barzakh Life (After death Period),الحياة البرزخية
84,63,portents-of-the-hour-en,Portents of the Hour,أشراط الساعة
85,63,the-hereafter-life-en,The Hereafter Life,الحياة الآخرة
86,64,levels-of-divine-decree-and-fate-en,Levels of Divine Decree and Fate,مراتب القضاء والقدر
87,64,issues-of-divine-decree-and-fate-en,Issues of Divine Decree and Fate,مسائل القضاء والقدر
88,65,islam-en,Islam,الإسلام
89,65,nullifiers-of-islam-en,Nullifiers of Islam,نواقض الإسلام
90,65,issues-of-pre-islamic-era-en,Issues of Pre-Islamic Era,مسائل الجاهلية
91,65,category-91,Foods and Drinks,معنى الإيمان
92,65,increase-and-decrease-of-faith-en,Increase and Decrease of Faith,زيادة الإيمان ونقصانه
93,4,prescribed-punishments,Prescribed Punishments,Prescribed Punishments
94,65,branches-of-faith-en,Branches of Faith,شعب الإيمان
95,65,category-95,Principles of Islamic Jurisprudence,الإحسان
96,65,disbelief-en,Disbelief,الكفر
97,65,polytheism-en,Polytheism,الشرك
98,65,hypocrisy-en,Hypocrisy,النفاق
99,65,immorality-en,Immorality,الفسق
100,65,religious-innovation-en,Religious Innovation,البدعة
101,66,merit-of-the-companions-en,Merit of the Companions,فضل الصحابة رضي الله عنهم
102,66,belief-in-the-the-companions-en,Belief in the the Companions,الاعتقاد في الصحابة رضي الله عنهم
103,66,degrees-of-the-companions-en,Degrees of the Companions,درجات الصحابة رضي الله عنهم
105,67,merit-of-the-prophet's-family-en,Merit of the Prophet's Family,فضل آل البيت
106,67,merit-of-the-mothers-of-the-believers-en,Merit of the Mothers of the Believers,فضل أمهات المؤمنين
107,67,belief-in-the-prophet's-family-en,Belief in the Prophet's Family,الاعتقاد في آل البيت
108,67,rights-of-the-prophet's-family-en,Rights of the Prophet's Family,حقوق آل البيت
109,68,rulings-of-allegiance-and-dissociation-en,Rulings of Allegiance and Dissociation,أحكام الولاء والبراء
110,68,forbidden-emulation-en,Forbidden Emulation,التشبه المنهي عنه
111,68,emigration-and-its-rulings-en,Emigration and its Rulings,الهجرة وأحكامها
112,68,desertion-and-its-conditions-en,Desertion and its Conditions,الهجر وشروطه
113,69,characteristics-of-the-people-of-the-sunnah-and-the-community-en,Characteristics of the People of the Sunnah and the Community,خصائص أهل السنة والجماعة
119,71,old-sects-and-schools-en,Old Sects and Schools,الفرق والمذاهب القديمة النشأة
121,4,jurisprudence-of-acts-of-worship-en,Jurisprudence of Acts of Worship,فقه العبادات
122,4,jurisprudence-of-transactions-en,Jurisprudence of Transactions,فقه المعاملات
123,4,religious-obligations-en,Religious Obligations,الفرائض
124,4,family-jurisprudence-en,Family Jurisprudence,فقه الأسرة
125,4,spiritual-and-physical-therapy-en,Spiritual and Physical Therapy,الطب والتداوي والرقية الشرعية
126,4,foods-and-drinks-en,Foods and Drinks,الأطعمة والأشربة
127,4,crimes-en,Crimes,الجنايات
128,4,prescribed-punishments-en,Prescribed Punishments,الحدود
129,4,judiciary-en,Judiciary,القضاء
130,124,marriage,Marriage,Marriage
131,124,divorce,Divorce,Divorce
132,4,principles-of-islamic-jurisprudence-en,Principles of Islamic Jurisprudence,أصول الفقه
133,121,purification-en,Purification,الطهارة
134,121,prayer-en,Prayer,الصلاة
135,121,funerals-en,Funerals,الجنائز
136,121,zakah-en,Zakah,الزكاة
137,121,fasting-en,Fasting,الصيام
138,121,hajj-and-‘umrah-en,Hajj and ‘Umrah,الحج والعمرة
139,121,jihad-en,Jihad,الجهاد
140,122,sales-en,Sales,البيوع
141,140,conditions-of-sale-en,Conditions of Sale,شروط البيع
142,140,sale-related-stipulations-en,Sale-Related Stipulations,الشروط في البيع
143,140,selling-assets-and-fruits-en,Selling Assets and Fruits,بيع الأصول والثمار
144,122,advance-payment-en,Advance Payment,السلم
145,122,usury-en,Usury,الربا
146,122,loan-en,Loan,القرض
147,122,mortgage-en,Mortgage,الرهن
148,122,collateral-and-surety-en,Collateral and Surety,الضمان والكفالة
149,126,lawful-and-unlawful-animals-and-birds,Lawful and Unlawful Animals and Birds,Lawful and Unlawful Animals and Birds
150,122,conciliation-and-neighborhood-rulings-en,Conciliation and Neighborhood Rulings,الصلح وأحكام الجوار
151,122,interdiction-en,Interdiction,الحَجْر
152,122,category-152,Forbidden Drinks,الوكالة
153,122,partnership-en,Partnership,الشركة
154,122,sharecropping-en,Sharecropping,المساقاة والمزارعة
155,122,category-155,Rulings of Prescribed Punishments,الإجارة
156,122,racing-and-gambling-en,Racing and Gambling,السبق والقمار والميسر
157,122,category-157,Prescribed Punishment for Adultery,العارية
158,122,usurpation-en,Usurpation,الغصب
159,122,preemption-en,Preemption,الشفعة
160,128,prescribed-punishment-for-theft,Prescribed Punishment for Theft,Prescribed Punishment for Theft
161,122,category-161,Prescribed Punishment for Highway Robbery,إحياء الموات
162,122,category-162,Prescribed Punishment for Apostasy,الجعالة
163,122,found-item-and-foundling-en,Found Item and Foundling,اللقطة واللقيط
164,122,endowment-en,Endowment,الوقف
165,122,gift-en,Gift,الهبة والعطية
166,122,bequest-en,Bequest,الوصية
167,122,manumission-en,Manumission,العتق
168,132,shariah-ruling,Shariah Ruling,Shariah Ruling
169,122,oaths-and-vows-en,Oaths and Vows,الأيمان والنذور
170,132,religious-assignment-and-its-conditions,Religious Assignment and its Conditions,Religious Assignment and its Conditions
171,132,the-book-the-quran,The Book (the Qur'an),The Book (the Qur'an)
172,132,abrogation,Abrogation,Abrogation
173,123,conditions-of-inheritance-en,Conditions of Inheritance,شروط الإرث
174,123,impediments-of-inheritance-en,Impediments of Inheritance,موانع الإرث
175,132,divergence-and-preponderance,Divergence and Preponderance,Divergence and Preponderance
176,123,agnates-en,Agnates,العـصبة
177,5,virtues,Virtues,Virtues
178,5,jurisprudence-of-ethics,Jurisprudence of Ethics,Jurisprudence of Ethics
179,5,shariah-approved-manners,Shariah-approved Manners,Shariah-approved Manners
180,5,jurisprudence-of-supplications-and-remembrance-of-allah,Jurisprudence of Supplications and Remembrance of Allah,Jurisprudence of Supplications and Remembrance of Allah
181,5,heart-softeners-and-sermons,Heart-Softeners and Sermons,Heart-Softeners and Sermons
182,123,inheritance-shares-of-blood-relatives-en,Inheritance Shares of Blood Relatives,ميراث ذوي الأرحام
183,123,inheritance-shares-of-embryos-en,Inheritance Shares of Embryos,ميراث الحمل
191,124,marriage-en,Marriage,النكاح
192,124,divorce-en,Divorce,الطلاق
193,124,remarriage-with-one's-divorcee-en,Remarriage with One's Divorcee,الرجعة
194,124,wife-initiated-divorce-en,Wife-Initiated Divorce,الخلع
195,124,oath-to-abstain-from-intercourse-with-one's-wife-en,Oath to Abstain from Intercourse with One's Wife,الإيلاء
196,124,zihaar-(likening-one's-wife-to-an-unmarrriagble-woman)-en,Zihaar (Likening one's wife to an unmarrriagble woman),الظهار
197,124,oath-of-condemnation-en,Oath of Condemnation,اللعان
198,124,waiting-period-en,Waiting Period,العدة
199,124,breastfeeding-en,Breastfeeding,الرضاع
200,124,custody-en,Custody,الحضانة
201,124,expenses-en,Expenses,النفقات
202,124,clothing-and-adornment-en,Clothing and Adornment,اللباس والزينة
203,124,category-203,,أحكام اللهو والترفيه
204,124,muslim-society-en,Muslim Society,المجتمع المسلم
205,124,rulings-of-women-en,Rulings of Women,أحكام النساء
206,124,rulings-of-newborns-en,Rulings of Newborns,أحكام المولود
207,125,prophetic-medicine-en,Prophetic Medicine,الطب النبوي
208,125,rulings-of-medication-en,Rulings of Medication,أحكام التداوي
211,125,ruqyah-(healing-and-protective-supplications)-en,Ruqyah (Healing and Protective Supplications),الرقية الشرعية
212,126,rulings-of-foods-and-drinks-en,Rulings of Foods and Drinks,أحكام الأطعمة والأشربة
213,126,lawful-and-unlawful-animals-and-birds-en,Lawful and Unlawful Animals and Birds,ما يحل ويحرم من الحيوانات والطيور
215,126,slaughtering-en,Slaughtering,التذكية
216,126,hunting-en,Hunting,الصيد
217,126,category-217,,أحكام ذبائح الكفار
218,126,forbidden-drinks-en,Forbidden Drinks,الأشربة المحرمة
219,127,retribution-en,Retribution,القصاص
220,127,blood-money-en,Blood Money,الديات
221,128,rulings-of-prescribed-punishments-en,Rulings of Prescribed Punishments,أحكام الحدود
223,128,conditions-of-implementing-prescribed-punishments-en,Conditions of implementing Prescribed Punishments,شروط إقامة الحدود
224,128,prescribed-punishment-for-adultery-en,Prescribed Punishment for Adultery,حد الزنا
225,128,prescribed-punishment-for-calumny-en,Prescribed Punishment for Calumny,حد القذف
226,128,prescribed-punishment-for-drinking-alcohol-en,Prescribed Punishment for Drinking Alcohol,حد الخمر
227,128,prescribed-punishment-for-theft-en,Prescribed Punishment for Theft,حد السرقة
228,128,prescribed-punishment-for-highway-robbery-en,Prescribed Punishment for Highway Robbery,حد قطاع الطريق
230,128,prescribed-punishment-for-apostasy-en,Prescribed Punishment for Apostasy,حد الردة
231,128,rulings-of-discretionary-punishments-en,Rulings of Discretionary Punishments,أحكام التعزير
232,129,"judiciary:-its-ruling,-merit,-and-significance-en","Judiciary: Its Ruling, Merit, and Significance",حكم القضاء وفضله وخطره
233,129,manners-of-judges-en,Manners of Judges,آداب القاضي
235,129,claims-and-proofs-en,Claims and Proofs,الدعاوى والبيِّنات
236,129,testimonies-en,Testimonies,الشهادات
237,129,category-237,Enjoining Good and Forbidding Evil,أعوان القاضي
238,6,shariah-approved-politics,Shariah-approved Politics,Shariah-approved Politics
239,6,islamic-culture,Islamic Culture,Islamic Culture
249,132,shariah-ruling-en,Shariah Ruling,الحكم الشرعي
250,132,juristic-and-usooli-(juristic-priciples)-rules-en,Juristic and Usooli (Juristic Priciples) Rules,القواعد الفقهية والأصولية
251,132,religious-assignment-and-its-conditions-en,Religious Assignment and its Conditions,التكليف وشروطه
253,132,the-book-(the-qur'an)-en,The Book (the Qur'an),الكتاب (القرآن)
254,132,category-254,,السنة
258,132,abrogation-en,Abrogation,النسخ
259,132,significations-and-inference-en,Significations and Inference,دلالات الألفاظ وكيفية الاستنباط
260,132,personal-reasoning-and-imitation-en,Personal Reasoning and Imitation,الاجتهاد والتقليد
261,132,divergence-and-preponderance-en,Divergence and Preponderance,التعارض والترجيح
262,132,shariah-objectives-en,Shariah Objectives,مقاصد الشريعة
265,5,virtues-en,Virtues,الفضائل
266,5,jurisprudence-of-ethics-en,Jurisprudence of Ethics,فقه الأخلاق
267,5,shariah-approved-manners-en,Shariah-approved Manners,الآداب الشرعية
268,5,jurisprudence-of-supplications-and-remembrance-of-allah-en,Jurisprudence of Supplications and Remembrance of Allah,فقه الأدعية والأذكار
269,5,heart-softeners-and-sermons-en,Heart-Softeners and Sermons,الرقائق والمواعظ
270,265,excellence-of-knowledge-en,Excellence of Knowledge,فضل العلم
271,265,excellence-of-monotheism-en,Excellence of Monotheism,فضائل التوحيد
272,265,merits-of-the-noble-qur'an-en,Merits of the Noble Qur'an,فضائل القرآن الكريم
273,265,merits-of-being-dutiful-to-one's-parents-en,Merits of Being Dutiful to One's Parents,فضائل بر الوالدين
274,265,merits-of-maintaining-kinship-ties-en,Merits of Maintaining Kinship Ties,فضائل صلة الأرحام
275,265,merits-of-prophet's-family-en,Merits of Prophet's Family,فضائل آل البيت رضي الله عنهم
276,265,merits-of-the-companions-en,Merits of the Companions,فضائل الصحابة رضي الله عنهم
277,265,merits-of-good-deeds-en,Merits of Good Deeds,فضائل الأعمال الصالحة
278,265,merits-of-remembering-allah-en,Merits of Remembering Allah,فضائل الذكر
279,265,merits-of-supplication-en,Merits of Supplication,فضل الدعاء
280,265,merits-of-heart-acts-en,Merits of Heart Acts,فضائل أعمال القلوب
281,265,merits-of-organs'-acts-en,Merits of Organs' Acts,فضائل أعمال الجوارح
282,266,praiseworthy-morals-en,Praiseworthy Morals,الأخلاق الحميدة
283,266,blameworthy-morals-en,Blameworthy Morals,الأخلاق الذميمة
284,267,manners-of-scholars-and-learners-en,Manners of Scholars and Learners,آداب العالم والمتعلم
285,267,etiquettes-of-reciting-the-noble-qur’an-en,Etiquettes of Reciting the Noble Qur’an,آداب تلاوة القرآن الكريم
286,267,manners-of-greeting-and-seeking-permission-en,Manners of Greeting and Seeking Permission,آداب السلام والاستئذان
287,267,manners-of-speaking-and-keeping-silent-en,Manners of Speaking and Keeping Silent,آداب الكلام والصمت
288,267,manners-of-divergence-en,Manners of Divergence,آداب الخلاف
289,267,manners-of-debate-en,Manners of Debate,آداب المناظرة
290,267,manners-of-eating-and-drinking-en,Manners of Eating and Drinking,آداب الأكل والشرب
291,267,manners-of-the-road-and-the-market-en,Manners of the Road and the Market,آداب الطريق والسوق
292,267,manners-and-rulings-of-travel-en,Manners and Rulings of Travel,آداب وأحكام السفر
293,267,manners-of-sleeping-and-waking-up-en,Manners of Sleeping and Waking Up,آداب النوم والاستيقاظ
294,267,manners-of-visions-en,Manners of Visions,آداب الرؤيا
295,267,manners-of-visiting-and-seeking-permission-en,Manners of Visiting and Seeking Permission,آداب الزيارة والاستئذان
296,267,manners-of-sneezing-and-yawning-en,Manners of Sneezing and Yawning,آداب العطاس والتثاؤب
297,267,manners-of-visiting-the-sick-en,Manners of Visiting the Sick,آداب عيادة المريض
298,267,manners-of-dressing-en,Manners of Dressing,آداب اللباس
299,268,prophetic-guidance-on-remembering-allah-en,Prophetic Guidance on Remembering Allah,هدي النبي صلى الله عليه وسلم في الذكر
300,268,benefits-of-remembering-allah-en,Benefits of Remembering Allah,فوائد ذكر الله عز وجل
301,268,morning-and-evening-dhikr-en,Morning and Evening Dhikr,أذكار الصباح والمساء
302,268,timeless-dhikr-en,Timeless Dhikr,الأذكار المطلقة
303,268,dhikr-on-entering-and-leaving-the-house-en,Dhikr on Entering and Leaving the House,أذكار الدخول والخروج من المنزل
304,134,conditions-of-prayer,Conditions of Prayer,Conditions of Prayer
305,268,dhikr-on-entering-and-leaving-the-bathroom-en,Dhikr on Entering and Leaving the Bathroom,أذكار الدخول والخروج من الخلاء
306,268,dhikr-on-entering-and-leaving-the-mosque-en,Dhikr on Entering and Leaving the Mosque,أذكار الدخول والخروج من المسجد
307,268,hard-times-dhikr-en,Hard Times Dhikr,الأذكار التي تقال في أوقات الشدة
308,268,dhikr-on-special-occasions-en,Dhikr on Special Occasions,الأذكار للأمور العارضة
309,268,rulings-of-supplication-en,Rulings of Supplication,أحكام الدعاء
310,268,types-of-supplication-en,Types of Supplication,أنواع الدعاء
311,268,manners-of-supplication-en,Manners of Supplication,آداب الدعاء
312,268,causes-for-answering-or-not-answering-supplications-en,Causes for Answering or not Answering Supplications,أسباب إجابة الدعاء وموانعه
313,268,reported-supplications-en,Reported Supplications,الأدعية المأثورة
314,269,acts-of-heart-en,Acts of Heart,أعمال القلوب
315,269,heart-diseases-en,Heart Diseases,أمراض القلوب
316,269,asceticism-and-piety-en,Asceticism and Piety,الزهد والورع
317,269,states-of-the-righteous-believers-en,States of the Righteous Believers,أحوال الصالحين
318,269,condemning-sins-en,Condemning Sins,ذم المعاصي
319,269,condemning-love-of-the-world-en,Condemning Love of the World,ذم حب الدنيا
320,269,condemning-whims-and-desires-en,Condemning Whims and Desires,ذَمُّ الهوى والشَّهوات
321,269,repentance-en,Repentance,التوبة
322,269,purification-of-souls-en,Purification of Souls,تزكية النفوس
323,269,terrors-of-the-graves-en,Terrors of the Graves,أهوال القبور
324,269,descriptions-of-paradise-and-hell-en,Descriptions of Paradise and Hell,صفات الجنة والنار
325,6,calling-to-allah-(da‘wah)-en,Calling to Allah (Da‘wah),الدعوة إلى الله
326,6,enjoining-good-and-forbidding-evil-en,Enjoining Good and Forbidding Evil,الأمر بالمعروف والنهي عن المنكر
327,6,shariah-approved-politics-en,Shariah-approved Politics,السياسة الشرعية
328,6,islamic-culture-en,Islamic Culture,الثقافة الإسلامية
329,325,ruling-of-calling-to-allah-en,Ruling of Calling to Allah,حكم الدعوة إلى الله
330,325,category-330,,فضل الدعوة إلى الله
331,325,manners-of-calling-to-allah-en,Manners of Calling to Allah,آداب الدعوة إلى الله
332,325,category-332,Washing the Dead,أصول الدعوة إلى الله
333,325,category-333,Method of Praying over the Dead,شروط الدعوة إلى الله
334,325,backgrounds-and-duties-of-the-callers-to-allah-en,Backgrounds and Duties of the Callers to Allah,سير الدعاة وواجباتهم
335,135,consolation,Consolation,Consolation
336,325,category-336,Visiting the Graves,التعريف بالإسلام
337,135,doing-good-deeds-on-behalf-of-the-deceased-and-gifting-them-the-reward,Doing Good Deeds on behalf of the Deceased and Gifting them the Reward,Doing Good Deeds on behalf of the Deceased and Gifting them the Reward
338,325,excellence-and-merits-of-islam-en,Excellence and Merits of Islam,فضل الإسلام ومحاسنه
339,325,universality-of-islam-en,Universality of Islam,عموم الدين الإسلامي
340,325,human-rights-in-islam-en,Human Rights in Islam,حقوق الإنسان في الإسلام
341,325,animal-rights-in-islam-en,Animal Rights in Islam,حقوق الحيوان في الإسلام
342,136,zakah-of-land-produce,Zakah of Land Produce,Zakah of Land Produce
343,136,zakat-ul-fitr-minor-eid-charity,Zakat-ul-Fitr (Minor-Eid Charity),Zakat-ul-Fitr (Minor-Eid Charity)
344,326,ruling-of-enjoining-good-and-forbidding-evil-en,Ruling of Enjoining Good and Forbidding Evil,حكم الأمر بالمعروف والنهي عن المنكر
345,326,excellence-of-enjoining-good-and-forbidding-evil-en,Excellence of Enjoining Good and Forbidding Evil,فضل الأمر بالمعروف والنهي عن المنكر
346,326,manners-of-enjoining-good-and-forbidding-evil-en,Manners of Enjoining Good and Forbidding Evil,آداب الأمر بالمعروف والنهي عن المنكر
347,326,principles-of-enjoining-good-and-forbidding-evil-en,Principles of Enjoining Good and Forbidding Evil,أصول الأمر بالمعروف والنهي عن المنكر
348,326,requirements-of-enjoining-good-and-forbidding-evil-en,Requirements of Enjoining Good and Forbidding Evil,شروط الأمر بالمعروف والنهي عن المنكر
349,326,rulings-and-issues-of-enjoining-good-and-forbidding-evil-en,Rulings and Issues of Enjoining Good and Forbidding Evil,أحكام ومسائل متعلقة بالأمر بالمعروف والنهي عن المنكر
350,327,ways-of-electing-the-supreme-muslim-imam-(ruler)-en,Ways of Electing the Supreme Muslim Imam (Ruler),طرق اختيار الإمام للإمامة الكبرى
351,327,requirements-of-the-supreme-imamate-(leadership)-en,Requirements of the Supreme Imamate (Leadership),شروط الإمامة العظمى
352,327,duties-of-the-imam-en,Duties of the Imam,واجبات الإمام
353,327,imam's-rights-over-the-subjects-en,Imam's Rights over the Subjects,حق الإمام على الرعية
354,327,rebelling-against-the-muslim-ruler-en,Rebelling against the Muslim Ruler,الخروج على الإمام
355,327,international-relations-in-islam-en,International Relations in Islam,العلاقات الدولية في الإسلام
356,327,consultation-system-in-islam-en,Consultation System in Islam,نظام الشورى في الإسلام
357,137,what-is-disliked-for-the-fasting-person,What is Disliked for the Fasting Person,What is Disliked for the Fasting Person
358,137,voluntary-fasting,Voluntary Fasting,Voluntary Fasting
359,137,seclusion-for-worship-in-ramadaan-i‘tikaaf,Seclusion for Worship in Ramadaan (I‘tikaaf),Seclusion for Worship in Ramadaan (I‘tikaaf)
360,137,last-ten-days-of-ramadaan,Last Ten Days of Ramadaan,Last Ten Days of Ramadaan
361,138,obligation-of-hajj-and-‘umrah-and-ruling-of-its-abandoner,Obligation of Hajj and ‘Umrah and Ruling of Its Abandoner,Obligation of Hajj and ‘Umrah and Ruling of Its Abandoner
362,138,virtue-of-hajj-and-umrah,Virtue of Hajj and Umrah,Virtue of Hajj and Umrah
363,138,first-ten-days-of-dhul-hijjah-twelfth-lunar-month,First Ten Days of Dhul Hijjah (Twelfth Lunar Month),First Ten Days of Dhul Hijjah (Twelfth Lunar Month)
364,138,rulings-of-al-masjid-al-haraam;-the-prophets-mosque;-and-the-aqsa-mosque,Rulings of Al-Masjid Al-Haraam; the Prophet's Mosque; and the Aqsa Mosque,Rulings of Al-Masjid Al-Haraam; the Prophet's Mosque; and the Aqsa Mosque
365,328,islamic-civilization-en,Islamic Civilization,الحضارة الإسلامية
366,138,prohibitions-of-ihraam,Prohibitions of Ihraam,Prohibitions of Ihraam
367,7,prophet's-biography-en,Prophet's Biography,السيرة النبوية
368,7,history-en,History,التاريخ
369,138,obligations-of-‘umrah,Obligations of ‘Umrah,Obligations of ‘Umrah
370,138,how-to-make-hajj-pilgrimage,How to Make Hajj (Pilgrimage),How to Make Hajj (Pilgrimage)
371,138,pillars-of-hajj-pilgrimage,Pillars of Hajj (Pilgrimage),Pillars of Hajj (Pilgrimage)
372,138,obligations-of-hajj-pilgrimage,Obligations of Hajj (Pilgrimage),Obligations of Hajj (Pilgrimage)
373,138,rulings-of-the-prophets-mosque,Rulings of the Prophet's Mosque,Rulings of the Prophet's Mosque
374,138,sacrificial-animals-and-expiations,Sacrificial Animals and Expiations,Sacrificial Animals and Expiations
375,138,sacrifice,Sacrifice,Sacrifice
376,138,rulings-and-issues-of-hajj-and-‘umrah,Rulings and Issues of Hajj and ‘Umrah,Rulings and Issues of Hajj and ‘Umrah
377,139,ruling-of-jihad,Ruling of Jihad,Ruling of Jihad
378,139,excellence-of-jihad,Excellence of Jihad,Excellence of Jihad
379,139,categories-of-jihad,Categories of Jihad,Categories of Jihad
380,139,rulings-and-issues-of-jihad,Rulings and Issues of Jihad,Rulings and Issues of Jihad
381,139,manners-of-jihad,Manners of Jihad,Manners of Jihad
382,139,rulings-of-non-muslims-living-in-muslim-country,Rulings of Non-Muslims Living in Muslim Country,Rulings of Non-Muslims Living in Muslim Country
383,139,rulings-of-truce-and-security,Rulings of Truce and Security,Rulings of Truce and Security
384,139,rulings-of-terrorism;-assassinations;-and-explosions,Rulings of Terrorism; Assassinations; and Explosions,Rulings of Terrorism; Assassinations; and Explosions
385,140,forbidden-sales,Forbidden Sales,Forbidden Sales
386,169,oaths,Oaths,Oaths
387,169,vows,Vows,Vows
389,367,prophet's-lineage-en,Prophet's Lineage,نسبه صلى الله عليه وسلم
390,367,category-390,,ولادته صلى الله عليه وسلم
392,367,prophet's-wives-and-family-issues-en,Prophet's Wives and Family Issues,زوجاته صلى الله عليه وسلم وأحوال بيت النبوة
393,367,prophet's-children-en,Prophet's Children,أولاده صلى الله عليه وسلم
397,367,prophet's-servants-en,Prophet's Servants,خدمه صلى الله عليه وسلم
398,367,prophet's-life-before-mission-en,Prophet's Life before Mission,حياته قبل البعثة صلى الله عليه وسلم
399,367,prophet's-mission-en,Prophet's Mission,مبعثه صلى الله عليه وسلم
400,367,the-makkan-period-en,The Makkan Period,العهد المكي
401,367,the-emigration-(hijrah)-en,The Emigration (Hijrah),الهجرة
402,367,the-madinan-period-en,The Madinan Period,العهد المدني
403,367,prophet's-battles-and-expeditions-en,Prophet's Battles and Expeditions,غزواته وسراياه صلى الله عليه وسلم
404,367,prophet's-correspondences-en,Prophet's Correspondences,مكاتباته ومراسلاته صلى الله عليه وسلم
405,367,prophet's-death-en,Prophet's Death,وفاته صلى الله عليه وسلم
406,367,muhammadan-qualities-en,Muhammadan Qualities,الشمائل المحمدية
407,368,stories-and-conditions-of-pre-islamic-nations-en,Stories and Conditions of Pre-Islamic Nations,قصص وأحوال الأمم السابقة
408,368,"history-of-makkah,-madinah,-and-the-aqsa-(jerusalem)-en","History of Makkah, Madinah, and the Aqsa (Jerusalem)",تاريخ مكة والمدينة والأقصى
409,368,wars-and-battles-en,Wars and Battles,الحروب والغزوات
410,368,category-410,,الدول والممالك
413,368,biographies-(of-famous-figures)-en,Biographies (of Famous Figures),التراجم وسير الأعلام
414,368,countries-and-figures-en,Countries and Figures,البلدان والأعلام
415,368,periodical-occasions-en,Periodical Occasions,مناسبات دورية
418,100,ahl-us-sunnah's-(sunni)-stance-on-religious-innovators-en,Ahl-us-Sunnah's (Sunni) Stance on Religious Innovators,موقف أهل السنة من أهل البدع
419,287,forbidden-utterances-and-tongue-evils,Forbidden Utterances and Tongue Evils,Forbidden Utterances and Tongue Evils
431,133,rulings-of-water-en,Rulings of Water,أحكام المياه
432,133,removing-impurities-en,Removing Impurities,إزالة النجاسات
434,133,utensils-en,Utensils,الآنية
435,133,toilet-manners-en,Toilet Manners,آداب قضاء الحاجة
436,133,natural-cleanliness-practices-en,Natural Cleanliness Practices,سنن الفطرة
437,133,ablution-en,Ablution,الوضوء
438,133,ritual-bath-en,Ritual Bath,الغسل
439,133,dry-ablution-en,Dry Ablution,التيمم
440,133,"menses,-postpartum-bleeding,-extra-menses-bleeding-en","Menses, Postpartum Bleeding, Extra-Menses Bleeding",الحيض والنفاس والاستحاضة
441,437,excellence-of-ablution-en,Excellence of Ablution,فضل الوضوء
442,437,pillars-of-ablution-en,Pillars of Ablution,أركان الوضوء
443,437,recommended-acts-and-manners-of-ablution-en,Recommended Acts and Manners of Ablution,سنن وآداب الوضوء
444,437,method-of-ablution-en,Method of Ablution,صفة الوضوء
445,437,nullifiers-of-ablution-en,Nullifiers of Ablution,نواقض الوضوء
447,438,rulings-of-the-ritual-bath-en,Rulings of the Ritual Bath,أحكام الغسل
448,438,causes-of-obligatory-ritual-bath-en,Causes of Obligatory Ritual Bath,موجبات الغسل
449,134,the-rulings-of-mosques,The rulings of mosques,The rulings of mosques
450,438,recommended-manners-of-the-ritual-bath-en,Recommended Manners of the Ritual Bath,سنن وآداب الغسل
451,133,wiping-over-leather-socks-and-the-like,Wiping Over Leather Socks and the like,Wiping Over Leather Socks and the like
452,367,prophetic-characteristics,Prophetic characteristics,Prophetic characteristics
453,10,interpretation-of-verses,Interpretation of verses,Interpretation of verses
456,134,obligation-of-prayer-and-ruling-on-its-abandoner-en,Obligation of Prayer and Ruling on Its Abandoner,وجوب الصلاة وحكم تاركها
457,134,virtue-of-prayer-en,Virtue of Prayer,فضل الصلاة
458,134,the-azan-and-iqaamah-en,The Azan and Iqaamah,الأذان والإقامة
459,134,times-not-to-pray-en,Times Not to Pray,أوقات النهي عن الصلاة
460,134,conditions-of-prayer-en,Conditions of Prayer,شروط الصلاة
461,134,pillars-of-prayer-en,Pillars of Prayer,أركان الصلاة
462,134,obligatory-acts-of-prayer-en,Obligatory Acts of Prayer,واجبات الصلاة
463,134,recommended-acts-of-prayer-en,Recommended Acts of Prayer,سنن الصلاة
464,134,method-of-prayer-en,Method of Prayer,صفة الصلاة
465,134,dhikr-(invocation)-during-prayer-en,Dhikr (Invocation) during Prayer,أذكار الصلاة
466,134,nullifiers-of-prayer-en,Nullifiers of Prayer,مبطلات الصلاة
467,134,mistakes-during-prayer-en,Mistakes during Prayer,أخطاء المصلين
468,134,"prostration-of-forgetfulness,-recitation,-gratitude-en","Prostration of Forgetfulness, Recitation, Gratitude",سجود السهو والتلاوة والشكر
469,134,virtue-and-rulings-of-congregational-prayer-en,Virtue and Rulings of Congregational Prayer,فضل صلاة الجماعة وأحكامها
470,134,rulings-of-the-imam-and-followers-in-prayer-en,Rulings of the Imam and Followers in Prayer,أحكام الإمام والمأموم
471,134,prayer-of-the-people-with-excuses-en,Prayer of the People with Excuses,صلاة أهل الأعذار
472,134,jumu‘ah-(friday)-prayer-en,Jumu‘ah (Friday) Prayer,صلاة الجمعة
473,134,voluntary-prayer-en,Voluntary Prayer,صلاة التطوع
475,471,category-475,,صلاة المسافر
476,134,prayer-of-fear-en,Prayer of Fear,صلاة الخوف
477,472,virtue-of-friday-en,Virtue of Friday,فضل يوم الجمعة
478,472,merit-of-jumu‘ah-prayer-en,Merit of Jumu‘ah Prayer,فضل صلاة الجمعة
479,472,category-479,,شروط إقامة الجمعة
480,472,rulings-of-jumu‘ah-prayer-en,Rulings of Jumu‘ah Prayer,أحكام صلاة الجمعة
481,472,rulings-of-jumu‘ah-sermon-en,Rulings of Jumu‘ah Sermon,أحكام خطبة الجمعة
482,473,virtue-of-voluntary-prayer-en,Virtue of Voluntary Prayer,فضل صلاة التطوع
483,473,regular-sunnah-(recommended)-prayers-en,Regular Sunnah (Recommended) Prayers,السنن الرواتب
484,473,voluntary-night-prayer-(qiyaam)-en,Voluntary Night Prayer (Qiyaam),قيام الليل
485,473,category-485,,صلاة التراويح
486,473,prayer-of-the-two-eids-en,Prayer of the Two Eids,صلاة العيدين
487,134,prayer-of-the-solar-and-lunar-eclipse-en,Prayer of the Solar and Lunar Eclipse,صلاة الكسوف والخسوف
488,134,rain-seeking-prayer-en,Rain-Seeking Prayer,صلاة الاستسقاء
489,473,forenoon-prayer-en,Forenoon Prayer,صلاة الضحى
490,473,guidance-seeking-prayer-en,Guidance-Seeking Prayer,صلاة الاستخارة
492,135,death-and-its-rulings-en,Death and Its Rulings,الموت وأحكامه
493,135,washing-the-dead-en,Washing the Dead,غسل الميت
494,135,category-494,,تكفين الميت
495,135,method-of-praying-over-the-dead-en,Method of Praying over the Dead,صفة الصلاة على الميت
496,135,carrying-and-burying-the-dead-en,Carrying and Burying the Dead,حمل الميت ودفنه
497,135,consolation-en,Consolation,التعزية
498,135,visiting-the-graves-en,Visiting the Graves,زيارة القبور
499,135,doing-good-deeds-on-behalf-of-the-deceased-and-gifting-them-the-reward-en,Doing Good Deeds on behalf of the Deceased and Gifting them the Reward,الأعمال الصالحة عن الميت وإهداء الثواب له
500,136,obligation-of-zakah-and-ruling-of-its-abandoning-en,Obligation of Zakah and Ruling of Its Abandoning,وجوب الزكاة وحكم تاركها
501,136,category-501,,فضل الزكاة
502,136,category-502,,شروط الزكاة
503,136,rulings-and-issues-of-zakah-en,Rulings and Issues of Zakah,أحكام ومسائل الزكاة
504,136,zakah-of-gold-and-silver-en,Zakah of Gold and Silver,زكاة النقدين
505,136,zakah-of-livestock-en,Zakah of Livestock,زكاة بهيمة الأنعام
506,136,zakah-of-land-produce-en,Zakah of Land Produce,زكاة الخارج من الأرض
509,136,zakat-ul-fitr-(minor-eid-charity)-en,Zakat-ul-Fitr (Minor-Eid Charity),زكاة الفطر
510,136,channels-of-zakah-(people-who-receive-zakah)-en,Channels of Zakah (People Who Receive Zakah),مصارف الزكاة
511,136,voluntary-charity-en,Voluntary Charity,صدقة التطوع
512,137,obligation-of-fasting-and-ruling-of-its-abandoning-en,Obligation of Fasting and Ruling of Its Abandoning,وجوب الصيام وحكم تاركه
513,137,virtue-of-fasting-en,Virtue of Fasting,فضل الصيام
514,137,recommended-acts-of-fasting-en,Recommended Acts of Fasting,سنن الصيام
515,137,sighting-the-crescent-en,Sighting the Crescent,رؤية الهلال
516,137,fasting-on-the-day-of-doubt-en,Fasting on the Day of Doubt,صيام يوم الشك
517,137,fasting-missed-days-of-ramadaan-en,Fasting Missed Days of Ramadaan,قضاء الصيام
518,137,fasting-of-people-with-excuses-en,Fasting of People with Excuses,صيام أهل الأعذار
519,137,nullifiers-of-fasting-en,Nullifiers of Fasting,مفسدات الصيام
520,137,fasting-obligations-en,Fasting Obligations,ما يجب على الصائم
521,137,what-is-permissible-for-the-fasting-person-en,What is Permissible for the Fasting Person,ما يجوز للصائم
522,137,fasting-prohibitions-en,Fasting Prohibitions,ما يحرم على الصائم
523,137,what-is-disliked-for-the-fasting-person-en,What is Disliked for the Fasting Person,ما يكره للصائم
524,137,voluntary-fasting-en,Voluntary Fasting,صيام التطوع
525,137,seclusion-for-worship-in-ramadaan-(i‘tikaaf)-en,Seclusion for Worship in Ramadaan (I‘tikaaf),الاعتكاف
526,137,last-ten-days-of-ramadaan-en,Last Ten Days of Ramadaan,العشر الأواخر من رمضان
530,525,category-530,,أحكام الاعتكاف
531,138,obligation-of-hajj-and-‘umrah-and-ruling-of-its-abandoner-en,Obligation of Hajj and ‘Umrah and Ruling of Its Abandoner,وجوب الحج والعمرة وحكم تاركهما
532,138,virtue-of-hajj-and-umrah-en,Virtue of Hajj and Umrah,فضل الحج والعمرة
533,138,first-ten-days-of-dhul-hijjah-(twelfth-lunar-month)-en,First Ten Days of Dhul Hijjah (Twelfth Lunar Month),العشر من ذي الحجة
534,138,"rulings-of-al-masjid-al-haraam,-the-prophet's-mosque,-and-the-aqsa-mosque-en","Rulings of Al-Masjid Al-Haraam, the Prophet's Mosque, and the Aqsa Mosque",أحكام المسجد الحرام والمسجد النبوي وبيت المقدس
535,138,category-535,,مواقيت الحج والعمرة
536,138,rulings-of-ihraam-(the-ritual-state-of-consecration)-en,Rulings of Ihraam (the Ritual State of Consecration),أحكام الإحرام
537,138,prohibitions-of-ihraam-en,Prohibitions of Ihraam,محظورات الإحرام
538,138,ransom-and-hunting-expiation-en,Ransom and Hunting Expiation,الفدية وجزاء الصيد
539,138,types-of-rituals-(pilgrimage)-en,Types of Rituals (Pilgrimage),أنواع النسك
540,138,category-540,,صفة العمرة
542,138,obligations-of-‘umrah-en,Obligations of ‘Umrah,واجبات العمرة
543,138,category-543,,سنن العمرة
544,138,how-to-make-hajj-(pilgrimage)-en,How to Make Hajj (Pilgrimage),صفة الحج
545,138,pillars-of-hajj-(pilgrimage)-en,Pillars of Hajj (Pilgrimage),أركان الحج
546,138,obligations-of-hajj-(pilgrimage)-en,Obligations of Hajj (Pilgrimage),واجبات الحج
547,138,category-547,,سنن الحج
548,138,category-548,,أحكام الفوات والإحصار
549,138,rulings-of-the-prophet's-mosque-en,Rulings of the Prophet's Mosque,أحكام المسجد النبوي
550,138,sacrificial-animals-and-expiations-en,Sacrificial Animals and Expiations,الهدي والكفارات
551,138,sacrifice-en,Sacrifice,الأضحية
552,138,category-552,,أخطاء وبدع في الحج
554,138,rulings-and-issues-of-hajj-and-‘umrah-en,Rulings and Issues of Hajj and ‘Umrah,أحكام ومسائل الحج والعمرة
555,139,ruling-of-jihad-en,Ruling of Jihad,حكم الجهاد
556,139,excellence-of-jihad-en,Excellence of Jihad,فضل الجهاد
557,139,categories-of-jihad-en,Categories of Jihad,أقسام الجهاد
558,139,rulings-and-issues-of-jihad-en,Rulings and Issues of Jihad,أحكام ومسائل الجهاد
559,139,manners-of-jihad-en,Manners of Jihad,آداب الجهاد
560,139,rulings-of-non-muslims-living-in-muslim-country-en,Rulings of Non-Muslims Living in Muslim Country,أحكام أهل الذمة
561,139,rulings-of-truce-and-security-en,Rulings of Truce and Security,أحكام الهدنة والأمان
562,139,"rulings-of-terrorism,-assassinations,-and-explosions-en","Rulings of Terrorism, Assassinations, and Explosions",أحكام الإرهاب والاغتيالات والتفجيرات
564,140,forbidden-sales-en,Forbidden Sales,البيوع المحرمة
566,169,oaths-en,Oaths,الأيمان
567,169,vows-en,Vows,النذور
570,191,excellence-of-marriage-en,Excellence of Marriage,فضل النكاح
571,191,manners-of-marriage-en,Manners of Marriage,آداب النكاح
572,191,rulings-and-conditions-of-marriage-en,Rulings and Conditions of Marriage,أحكام وشروط النكاح
573,191,women-unlawful-to-marry-en,Women Unlawful to Marry,المحرمات في النكاح
574,191,conditions-of-marriage-en,Conditions of Marriage,الشروط في النكاح
576,191,marrying-the-disbelievers-en,Marrying the Disbelievers,نكاح الكفار
577,191,forbidden-marriages-en,Forbidden Marriages,الأنكحة المحرمة
579,191,dowry-en,Dowry,الصداق
580,191,wedding-banquet-en,Wedding Banquet,وليمة العرس
581,191,marital-relations-en,Marital Relations,العشرة بين الزوجين
582,191,category-582,,النشوز وعلاجه
584,192,words-of-divorce-en,Words of Divorce,ألفاظ الطلاق
585,192,sunnah-divorce-and-innovative-divorce-en,Sunnah Divorce and Innovative Divorce,الطلاق السني والطلاق البدعي
586,192,revocable-and-irrevocable-divorce-en,Revocable and Irrevocable Divorce,الطلاق الرجعي والبائن
587,192,rulings-and-issues-of-divorce-en,Rulings and Issues of Divorce,أحكام ومسائل الطلاق
588,198,rulings-of-the-waiting-period-en,Rulings of the Waiting Period,أحكام العدة
590,198,the-divorced-woman's-waiting-period-en,The Divorced Woman's Waiting Period,عدة المطلقة
591,198,waiting-period-of-the-lost-husband's-wife-en,Waiting Period of the Lost Husband's Wife,عدة المفقود زوجها
593,198,ascertaining-non-pregnancy-en,Ascertaining Non-Pregnancy,الاستبراء
594,199,ruling-of-breastfeeding-en,Ruling of Breastfeeding,حكم الرضاع
596,199,conditions-of-breastfeeding-en,Conditions of Breastfeeding,شروط الرضاع
597,199,consequences-of-breastfeeding-en,Consequences of Breastfeeding,آثار الرضاع
600,205,category-600,,المرأة في الإسلام
601,205,category-601,,الفقه المرأة المسلمة
603,205,category-603,,حجاب المرأة المسلمة
604,205,intermixing-en,Intermixing,الاختلاط
605,205,polygamy-en,Polygamy,تعدد الزوجات
607,205,men-women-relationships-en,Men-Women Relationships,العلاقة بين الرجل والمرأة
608,206,naming-the-newborn-en,Naming the Newborn,تسمية المولود وتكنيته
609,206,sacrificing-for-the-newborn-en,Sacrificing for the Newborn,العقيقة
610,206,providing-for-children-en,Providing for Children,النفقة على الأولاد
611,206,raising-children-en,Raising Children,تربية الأولاد
612,211,rulings-of-ruqyah-(protective-and-healing-supplications)-en,Rulings of Ruqyah (protective and healing supplications),أحكام الرقية
629,270,merit-and-significance-of-knowledge-en,Merit and Significance of Knowledge,فضل العلم وأهميته
631,276,merits-of-the-rightly-guided-caliphs-en,Merits of the Rightly Guided Caliphs,فضائل الخلفاء الراشدين رضي الله عنهم
636,287,forbidden-utterances-and-tongue-evils-en,Forbidden Utterances and Tongue Evils,المناهي اللفظية وآفات اللسان
637,401,category-637,,هجرته صلى الله عليه وسلم
638,401,category-638,,هجرة الصحابة رضي الله عنهم
639,406,physical-attributes-en,Physical Attributes,الصفات الخَلْقية
640,406,prophet's-dress-code-en,Prophet's Dress Code,لباسه صلى الله عليه وسلم
641,406,"prophet's-furniture,-stuff,-and-arms-en","Prophet's Furniture, Stuff, and Arms",أثاثه ومتاعه وسلاحه صلى الله عليه وسلم
642,406,prophet's-food-and-drink-en,Prophet's Food and Drink,طعامه وشرابه صلى الله عليه وسلم
645,406,prophet's-travel-en,Prophet's Travel,سفره صلى الله عليه وسلم
646,406,moral-attributes-en,Moral Attributes,الصفات الخُلُقية
647,406,prophet's-guidance-en,Prophet's Guidance,الهدي النبوي
648,646,prophet's-generosity-en,Prophet's Generosity,كرمه صلى الله عليه وسلم
649,646,prophet's-modesty-en,Prophet's Modesty,حياؤه صلى الله عليه وسلم
650,646,prophet's-humility-en,Prophet's Humility,تواضعه صلى الله عليه وسلم
651,646,prophet's-courage-en,Prophet's Courage,شجاعته صلى الله عليه وسلم
652,646,prophet's-gentleness-en,Prophet's Gentleness,رفقه صلى الله عليه وسلم
653,646,prophet's-forgiveness-en,Prophet's Forgiveness,عفوه صلى الله عليه وسلم
654,646,prophet's-mercy-en,Prophet's Mercy,رحمته صلى الله عليه وسلم
655,646,prophet's-speech-en,Prophet's Speech,كلامه صلى الله عليه وسلم
656,646,prophet's-laughing-en,Prophet's Laughing,ضحكه صلى الله عليه وسلم
657,646,prophet's-crying-en,Prophet's Crying,بكاؤه صلى الله عليه وسلم
659,646,prophet's-compassion-en,Prophet's Compassion,شفقته صلى الله عليه وسلم
660,646,prophet's-asceticism-en,Prophet's Asceticism,زهده صلى الله عليه وسلم
661,646,prophet's-justice-en,Prophet's Justice,عدله صلى الله عليه وسلم
662,646,prophet's-forbearance-en,Prophet's Forbearance,حلمه صلى الله عليه وسلم
666,647,prophet's-guidance-on-public-speaking-en,Prophet's Guidance on Public Speaking,هديه صلى الله عليه وسلم في خطبه
667,647,prophet's-guidance-on-purification-en,Prophet's Guidance on Purification,هديه صلى الله عليه وسلم في التطهر
668,647,prophet's-guidance-on-prayer-en,Prophet's Guidance on Prayer,هديه صلى الله عليه وسلم في الصلاة
669,647,prophet's-guidance-on-fasting-en,Prophet's Guidance on Fasting,هديه صلى الله عليه وسلم في الصوم
671,647,prophet's-guidance-on-funerals-en,Prophet's Guidance on Funerals,هديه صلى الله عليه وسلم في الجنائز
678,647,prophet's-guidance-on-marriage-and-treating-one's-wife-en,Prophet's Guidance on Marriage and Treating One's Wife,هديه صلى الله عليه وسلم في النكاح ومعاشرته أهله
679,409,the-battle-of-yamaamah-en,The Battle of Yamaamah,معركة اليمامة
694,410,category-694,,الدول والممالك بعد الإسلام
703,694,category-703,,الخلافة الراشدة
709,414,category-709,,أماكن مقدسة
721,415,rulings-and-manners-of-eid-en,Rulings and Manners of Eid,أحكام وآداب العيد
725,134,the-rulings-of-mosques-en,The rulings of mosques,أحكام المساجد
726,137,ramadan-en,Ramadan,رمضان
727,133,wiping-over-leather-socks-and-the-like-en,Wiping Over Leather Socks and the like,المسح على الخفين ونحوهما
735,367,prophetic-characteristics-en,Prophetic characteristics,الخصائص النبوية
738,10,interpretation-of-verses-en,Interpretation of verses,تفسير الآيات
739,,the-noble-quran-and-quranic-sciences,The Noble Qur'an and Qur'anic Sciences,القرآن الكريم وعلومه
740,,the-hadith-and-hadith-sciences,The Hadith and Hadith Sciences,الحديث وعلومه
741,,the-creed,The Creed,العقيدة
742,,jurisprudence-and-juristic-principles,Jurisprudence and Juristic Principles,الفقه وأصوله
743,,virtues-and-manners,Virtues and Manners,الفضائل والآداب
744,,da‘wah-and-hisbah,Da‘wah and Hisbah,الدعوة والحسبة
745,,seerah-and-history,Seerah and History,السيرة والتاريخ
746,1,revelation-and-collection-of-the-quran,Revelation and Collection of the Qur'an,نزول القرآن وجمعه
747,1,modes-of-quranic-recitation-and-tajweed,Modes of Qur'anic Recitation and Tajweed,القراءات والتجويد
748,1,quranic-exegesis,Qur'anic Exegesis,تفسير القرآن
749,1,general-quranic-topics,General Qur'anic Topics,مباحث قرآنية عامة
750,1,excellence-of-the-quran,Excellence of the Qur'an,فضائل القرآن
751,8,occasions-of-revelation,Occasions of Revelation,أسباب النزول
752,8,abrogating-and-abrogated-verses,Abrogating and Abrogated Verses,الناسخ والمنسوخ
753,8,collecting-the-quran,Collecting the Qur'an,جمع القرآن
754,9,seven-modes-of-the-quranic-revelation,Seven Modes of the Qur'anic Revelation,الأحرف السبعة
755,9,science-of-tajweed,Science of Tajweed,علم التجويد
756,9,stops-and-starts,Stops and Starts,الوقف والابتداء
757,10,rules-and-principles-of-exegesis,Rules and Principles of Exegesis,أصول التفسير وقواعده
758,11,rulings-of-the-quran-and-codices,Rulings of the Qur'an and Codices,أحكام القرآن والمصاحف
759,11,manners-of-reading-and-memorizing-the-quran,Manners of Reading and Memorizing the Qur'an,آداب قراءة القرآن وحملته
760,11,refuting-allegations-against-the-quran,Refuting Allegations against the Qur'an,رد الشبهات حول القرآن
761,11,inference-from-the-quran,Inference from the Qur'an,الاستنباط من القرآن
762,12,merit-of-taking-care-of-the-quran,Merit of Taking Care of the Qur'an,فضل العناية بالقرآن
763,12,virtues-of-surahs-and-verses,Virtues of Surahs and Verses,فضائل السور والآيات
764,2,general-sunnah-topics,General Sunnah Topics,مباحث عامة في السنة
765,44,significance-and-status-of-the-sunnah,Significance and Status of the Sunnah,أهمية السنة ومكانتها
766,44,writing-the-sunnah,Writing the Sunnah,تدوين السنة النبوية
767,3,belief-in-allah-the-mighty-and-majestic,Belief in Allah the Mighty and Majestic,الإيمان بالله عز وجل
768,3,belief-in-the-angels,Belief in the Angels,الإيمان بالملائكة
769,3,belief-in-the-revealed-books,Belief in the Revealed Books,الإيمان بالكتب
770,3,belief-in-the-messengers,Belief in the Messengers,الإيمان بالرسل
771,3,belief-in-the-last-day,Belief in the Last Day,الإيمان باليوم الآخر
772,3,belief-in-the-divine-decree-and-fate,Belief in the Divine Decree and Fate,الإيمان بالقضاء والقدر
773,3,names-and-rulings,Names and Rulings,الأسماء والأحكام
774,3,the-companions,The Companions,الصحابة
775,3,the-prophets-family,The Prophet's Family,آل البيت
776,3,allegiance-and-dissociation,Allegiance and Dissociation,الولاء والبراء
777,3,people-of-the-sunnah-and-the-community,People of the Sunnah and the Community,أهل السنة والجماعة
778,3,sects-and-schools,Sects and Schools,الفرق والمذاهب
779,59,oneness-of-allahs-lordship,Oneness of Allah's Lordship,توحيد الربوبية
780,59,oneness-of-allahs-worship,Oneness of Allah's Worship,توحيد الألوهية
781,59,oneness-of-allahs-names-and-attributes,Oneness of Allah's Names and Attributes,توحيد الأسماء والصفات
782,60,the-angels,The Angels,الملائكة
783,60,the-jinn,The Jinn,الجن
784,61,pre-islamic-scriptures,Pre-Islamic Scriptures,الكتب السابقة
785,61,the-quran,The Qur'an,القرآن
786,62,prophethood,Prophethood,النبوة
787,62,pre-islamic-prophets-and-messengers;-peace-be-upon-them,Pre-Islamic Prophets and Messengers; peace be upon them,الأنبياء والرسل السابقين عليهم السلام
788,62,our-prophet-muhammad;-may-allahs-peace-and-blessings-be-upon-him,Our Prophet Muhammad; may Allah's peace and blessings be upon him,نبينا محمد صلى الله عليه وسلم
789,62,miracles-of-the-pious-allies-of-allah,Miracles of the Pious Allies of Allah,كرامات الأولياء
790,63,the-barzakh-life-after-death-period,The Barzakh Life (After death Period),الحياة البرزخية
791,63,portents-of-the-hour,Portents of the Hour,أشراط الساعة
792,63,the-hereafter-life,The Hereafter Life,الحياة الآخرة
793,64,levels-of-divine-decree-and-fate,Levels of Divine Decree and Fate,مراتب القضاء والقدر
794,64,issues-of-divine-decree-and-fate,Issues of Divine Decree and Fate,مسائل القضاء والقدر
795,65,islam,Islam,الإسلام
796,65,nullifiers-of-islam,Nullifiers of Islam,نواقض الإسلام
797,65,issues-of-pre-islamic-era,Issues of Pre-Islamic Era,مسائل الجاهلية
798,65,increase-and-decrease-of-faith,Increase and Decrease of Faith,زيادة الإيمان ونقصانه
799,65,branches-of-faith,Branches of Faith,شعب الإيمان
800,65,disbelief,Disbelief,الكفر
801,65,polytheism,Polytheism,الشرك
802,65,hypocrisy,Hypocrisy,النفاق
803,65,immorality,Immorality,الفسق
804,65,religious-innovation,Religious Innovation,البدعة
805,66,merit-of-the-companions,Merit of the Companions,فضل الصحابة رضي الله عنهم
806,66,belief-in-the-the-companions,Belief in the the Companions,الاعتقاد في الصحابة رضي الله عنهم
807,66,degrees-of-the-companions,Degrees of the Companions,درجات الصحابة رضي الله عنهم
808,67,merit-of-the-prophets-family,Merit of the Prophet's Family,فضل آل البيت
809,67,merit-of-the-mothers-of-the-believers,Merit of the Mothers of the Believers,فضل أمهات المؤمنين
810,67,belief-in-the-prophets-family,Belief in the Prophet's Family,الاعتقاد في آل البيت
811,67,rights-of-the-prophets-family,Rights of the Prophet's Family,حقوق آل البيت
812,68,rulings-of-allegiance-and-dissociation,Rulings of Allegiance and Dissociation,أحكام الولاء والبراء
813,68,forbidden-emulation,Forbidden Emulation,التشبه المنهي عنه
814,68,emigration-and-its-rulings,Emigration and its Rulings,الهجرة وأحكامها
815,68,desertion-and-its-conditions,Desertion and its Conditions,الهجر وشروطه
816,69,characteristics-of-the-people-of-the-sunnah-and-the-community,Characteristics of the People of the Sunnah and the Community,خصائص أهل السنة والجماعة
817,71,old-sects-and-schools,Old Sects and Schools,الفرق والمذاهب القديمة النشأة
818,4,jurisprudence-of-acts-of-worship,Jurisprudence of Acts of Worship,فقه العبادات
819,4,jurisprudence-of-transactions,Jurisprudence of Transactions,فقه المعاملات
820,4,religious-obligations,Religious Obligations,الفرائض
821,4,family-jurisprudence,Family Jurisprudence,فقه الأسرة
822,4,spiritual-and-physical-therapy,Spiritual and Physical Therapy,الطب والتداوي والرقية الشرعية
823,4,foods-and-drinks,Foods and Drinks,الأطعمة والأشربة
824,4,crimes,Crimes,الجنايات
825,4,prescribed-punishments,Prescribed Punishments,الحدود
826,4,judiciary,Judiciary,القضاء
827,4,principles-of-islamic-jurisprudence,Principles of Islamic Jurisprudence,أصول الفقه
828,121,purification,Purification,الطهارة
829,121,prayer,Prayer,الصلاة
830,121,funerals,Funerals,الجنائز
831,121,zakah,Zakah,الزكاة
832,121,fasting,Fasting,الصيام
833,121,hajj-and-‘umrah,Hajj and ‘Umrah,الحج والعمرة
834,121,jihad,Jihad,الجهاد
835,122,sales,Sales,البيوع
836,140,conditions-of-sale,Conditions of Sale,شروط البيع
837,140,sale-related-stipulations,Sale-Related Stipulations,الشروط في البيع
838,140,selling-assets-and-fruits,Selling Assets and Fruits,بيع الأصول والثمار
839,122,advance-payment,Advance Payment,السلم
840,122,usury,Usury,الربا
841,122,loan,Loan,القرض
842,122,mortgage,Mortgage,الرهن
843,122,collateral-and-surety,Collateral and Surety,الضمان والكفالة
844,122,conciliation-and-neighborhood-rulings,Conciliation and Neighborhood Rulings,الصلح وأحكام الجوار
845,122,interdiction,Interdiction,الحَجْر
846,122,partnership,Partnership,الشركة
847,122,sharecropping,Sharecropping,المساقاة والمزارعة
848,122,racing-and-gambling,Racing and Gambling,السبق والقمار والميسر
849,122,usurpation,Usurpation,الغصب
850,122,preemption,Preemption,الشفعة
851,122,found-item-and-foundling,Found Item and Foundling,اللقطة واللقيط
852,122,endowment,Endowment,الوقف
853,122,gift,Gift,الهبة والعطية
854,122,bequest,Bequest,الوصية
855,122,manumission,Manumission,العتق
856,122,oaths-and-vows,Oaths and Vows,الأيمان والنذور
857,123,conditions-of-inheritance,Conditions of Inheritance,شروط الإرث
858,123,impediments-of-inheritance,Impediments of Inheritance,موانع الإرث
859,123,agnates,Agnates,العـصبة
860,123,inheritance-shares-of-blood-relatives,Inheritance Shares of Blood Relatives,ميراث ذوي الأرحام
861,123,inheritance-shares-of-embryos,Inheritance Shares of Embryos,ميراث الحمل
862,124,marriage,Marriage,النكاح
863,124,divorce,Divorce,الطلاق
864,124,remarriage-with-ones-divorcee,Remarriage with One's Divorcee,الرجعة
865,124,wife-initiated-divorce,Wife-Initiated Divorce,الخلع
866,124,oath-to-abstain-from-intercourse-with-ones-wife,Oath to Abstain from Intercourse with One's Wife,الإيلاء
867,124,zihaar-likening-ones-wife-to-an-unmarrriagble-woman,Zihaar (Likening one's wife to an unmarrriagble woman),الظهار
868,124,oath-of-condemnation,Oath of Condemnation,اللعان
869,124,waiting-period,Waiting Period,العدة
870,124,breastfeeding,Breastfeeding,الرضاع
871,124,custody,Custody,الحضانة
872,124,expenses,Expenses,النفقات
873,124,clothing-and-adornment,Clothing and Adornment,اللباس والزينة
874,124,muslim-society,Muslim Society,المجتمع المسلم
875,124,rulings-of-women,Rulings of Women,أحكام النساء
876,124,rulings-of-newborns,Rulings of Newborns,أحكام المولود
877,125,prophetic-medicine,Prophetic Medicine,الطب النبوي
878,125,rulings-of-medication,Rulings of Medication,أحكام التداوي
879,125,ruqyah-healing-and-protective-supplications,Ruqyah (Healing and Protective Supplications),الرقية الشرعية
880,126,rulings-of-foods-and-drinks,Rulings of Foods and Drinks,أحكام الأطعمة والأشربة
881,126,lawful-and-unlawful-animals-and-birds,Lawful and Unlawful Animals and Birds,ما يحل ويحرم من الحيوانات والطيور
882,126,slaughtering,Slaughtering,التذكية
883,126,hunting,Hunting,الصيد
884,126,forbidden-drinks,Forbidden Drinks,الأشربة المحرمة
885,127,retribution,Retribution,القصاص
886,127,blood-money,Blood Money,الديات
887,128,rulings-of-prescribed-punishments,Rulings of Prescribed Punishments,أحكام الحدود
888,128,conditions-of-implementing-prescribed-punishments,Conditions of implementing Prescribed Punishments,شروط إقامة الحدود
889,128,prescribed-punishment-for-adultery,Prescribed Punishment for Adultery,حد الزنا
890,128,prescribed-punishment-for-calumny,Prescribed Punishment for Calumny,حد القذف
891,128,prescribed-punishment-for-drinking-alcohol,Prescribed Punishment for Drinking Alcohol,حد الخمر
892,128,prescribed-punishment-for-theft,Prescribed Punishment for Theft,حد السرقة
893,128,prescribed-punishment-for-highway-robbery,Prescribed Punishment for Highway Robbery,حد قطاع الطريق
894,128,prescribed-punishment-for-apostasy,Prescribed Punishment for Apostasy,حد الردة
895,128,rulings-of-discretionary-punishments,Rulings of Discretionary Punishments,أحكام التعزير
896,129,judiciary:-its-ruling;-merit;-and-significance,Judiciary: Its Ruling; Merit; and Significance,حكم القضاء وفضله وخطره
897,129,manners-of-judges,Manners of Judges,آداب القاضي
898,129,claims-and-proofs,Claims and Proofs,الدعاوى والبيِّنات
899,129,testimonies,Testimonies,الشهادات
900,132,shariah-ruling,Shariah Ruling,الحكم الشرعي
901,132,juristic-and-usooli-juristic-priciples-rules,Juristic and Usooli (Juristic Priciples) Rules,القواعد الفقهية والأصولية
902,132,religious-assignment-and-its-conditions,Religious Assignment and its Conditions,التكليف وشروطه
903,132,the-book-the-quran,The Book (the Qur'an),الكتاب (القرآن)
904,132,abrogation,Abrogation,النسخ
905,132,significations-and-inference,Significations and Inference,دلالات الألفاظ وكيفية الاستنباط
906,132,personal-reasoning-and-imitation,Personal Reasoning and Imitation,الاجتهاد والتقليد
907,132,divergence-and-preponderance,Divergence and Preponderance,التعارض والترجيح
908,132,shariah-objectives,Shariah Objectives,مقاصد الشريعة
909,5,virtues,Virtues,الفضائل
910,5,jurisprudence-of-ethics,Jurisprudence of Ethics,فقه الأخلاق
911,5,shariah-approved-manners,Shariah-approved Manners,الآداب الشرعية
912,5,jurisprudence-of-supplications-and-remembrance-of-allah,Jurisprudence of Supplications and Remembrance of Allah,فقه الأدعية والأذكار
913,5,heart-softeners-and-sermons,Heart-Softeners and Sermons,الرقائق والمواعظ
914,265,excellence-of-knowledge,Excellence of Knowledge,فضل العلم
915,265,excellence-of-monotheism,Excellence of Monotheism,فضائل التوحيد
916,265,merits-of-the-noble-quran,Merits of the Noble Qur'an,فضائل القرآن الكريم
917,265,merits-of-being-dutiful-to-ones-parents,Merits of Being Dutiful to One's Parents,فضائل بر الوالدين
918,265,merits-of-maintaining-kinship-ties,Merits of Maintaining Kinship Ties,فضائل صلة الأرحام
919,265,merits-of-prophets-family,Merits of Prophet's Family,فضائل آل البيت رضي الله عنهم
920,265,merits-of-the-companions,Merits of the Companions,فضائل الصحابة رضي الله عنهم
921,265,merits-of-good-deeds,Merits of Good Deeds,فضائل الأعمال الصالحة
922,265,merits-of-remembering-allah,Merits of Remembering Allah,فضائل الذكر
923,265,merits-of-supplication,Merits of Supplication,فضل الدعاء
924,265,merits-of-heart-acts,Merits of Heart Acts,فضائل أعمال القلوب
925,265,merits-of-organs-acts,Merits of Organs' Acts,فضائل أعمال الجوارح
926,266,praiseworthy-morals,Praiseworthy Morals,الأخلاق الحميدة
927,266,blameworthy-morals,Blameworthy Morals,الأخلاق الذميمة
928,267,manners-of-scholars-and-learners,Manners of Scholars and Learners,آداب العالم والمتعلم
929,267,etiquettes-of-reciting-the-noble-qur’an,Etiquettes of Reciting the Noble Qur’an,آداب تلاوة القرآن الكريم
930,267,manners-of-greeting-and-seeking-permission,Manners of Greeting and Seeking Permission,آداب السلام والاستئذان
931,267,manners-of-speaking-and-keeping-silent,Manners of Speaking and Keeping Silent,آداب الكلام والصمت
932,267,manners-of-divergence,Manners of Divergence,آداب الخلاف
933,267,manners-of-debate,Manners of Debate,آداب المناظرة
934,267,manners-of-eating-and-drinking,Manners of Eating and Drinking,آداب الأكل والشرب
935,267,manners-of-the-road-and-the-market,Manners of the Road and the Market,آداب الطريق والسوق
936,267,manners-and-rulings-of-travel,Manners and Rulings of Travel,آداب وأحكام السفر
937,267,manners-of-sleeping-and-waking-up,Manners of Sleeping and Waking Up,آداب النوم والاستيقاظ
938,267,manners-of-visions,Manners of Visions,آداب الرؤيا
939,267,manners-of-visiting-and-seeking-permission,Manners of Visiting and Seeking Permission,آداب الزيارة والاستئذان
940,267,manners-of-sneezing-and-yawning,Manners of Sneezing and Yawning,آداب العطاس والتثاؤب
941,267,manners-of-visiting-the-sick,Manners of Visiting the Sick,آداب عيادة المريض
942,267,manners-of-dressing,Manners of Dressing,آداب اللباس
943,268,prophetic-guidance-on-remembering-allah,Prophetic Guidance on Remembering Allah,هدي النبي صلى الله عليه وسلم في الذكر
944,268,benefits-of-remembering-allah,Benefits of Remembering Allah,فوائد ذكر الله عز وجل
945,268,morning-and-evening-dhikr,Morning and Evening Dhikr,أذكار الصباح والمساء
946,268,timeless-dhikr,Timeless Dhikr,الأذكار المطلقة
947,268,dhikr-on-entering-and-leaving-the-house,Dhikr on Entering and Leaving the House,أذكار الدخول والخروج من المنزل
948,268,dhikr-on-entering-and-leaving-the-bathroom,Dhikr on Entering and Leaving the Bathroom,أذكار الدخول والخروج من الخلاء
949,268,dhikr-on-entering-and-leaving-the-mosque,Dhikr on Entering and Leaving the Mosque,أذكار الدخول والخروج من المسجد
950,268,hard-times-dhikr,Hard Times Dhikr,الأذكار التي تقال في أوقات الشدة
951,268,dhikr-on-special-occasions,Dhikr on Special Occasions,الأذكار للأمور العارضة
952,268,rulings-of-supplication,Rulings of Supplication,أحكام الدعاء
953,268,types-of-supplication,Types of Supplication,أنواع الدعاء
954,268,manners-of-supplication,Manners of Supplication,آداب الدعاء
955,268,causes-for-answering-or-not-answering-supplications,Causes for Answering or not Answering Supplications,أسباب إجابة الدعاء وموانعه
956,268,reported-supplications,Reported Supplications,الأدعية المأثورة
957,269,acts-of-heart,Acts of Heart,أعمال القلوب
958,269,heart-diseases,Heart Diseases,أمراض القلوب
959,269,asceticism-and-piety,Asceticism and Piety,الزهد والورع
960,269,states-of-the-righteous-believers,States of the Righteous Believers,أحوال الصالحين
961,269,condemning-sins,Condemning Sins,ذم المعاصي
962,269,condemning-love-of-the-world,Condemning Love of the World,ذم حب الدنيا
963,269,condemning-whims-and-desires,Condemning Whims and Desires,ذَمُّ الهوى والشَّهوات
964,269,repentance,Repentance,التوبة
965,269,purification-of-souls,Purification of Souls,تزكية النفوس
966,269,terrors-of-the-graves,Terrors of the Graves,أهوال القبور
967,269,descriptions-of-paradise-and-hell,Descriptions of Paradise and Hell,صفات الجنة والنار
968,6,calling-to-allah-da‘wah,Calling to Allah (Da‘wah),الدعوة إلى الله
969,6,enjoining-good-and-forbidding-evil,Enjoining Good and Forbidding Evil,الأمر بالمعروف والنهي عن المنكر
970,6,shariah-approved-politics,Shariah-approved Politics,السياسة الشرعية
971,6,islamic-culture,Islamic Culture,الثقافة الإسلامية
972,325,ruling-of-calling-to-allah,Ruling of Calling to Allah,حكم الدعوة إلى الله
973,325,manners-of-calling-to-allah,Manners of Calling to Allah,آداب الدعوة إلى الله
974,325,backgrounds-and-duties-of-the-callers-to-allah,Backgrounds and Duties of the Callers to Allah,سير الدعاة وواجباتهم
975,325,excellence-and-merits-of-islam,Excellence and Merits of Islam,فضل الإسلام ومحاسنه
976,325,universality-of-islam,Universality of Islam,عموم الدين الإسلامي
977,325,human-rights-in-islam,Human Rights in Islam,حقوق الإنسان في الإسلام
978,325,animal-rights-in-islam,Animal Rights in Islam,حقوق الحيوان في الإسلام
979,326,ruling-of-enjoining-good-and-forbidding-evil,Ruling of Enjoining Good and Forbidding Evil,حكم الأمر بالمعروف والنهي عن المنكر
980,326,excellence-of-enjoining-good-and-forbidding-evil,Excellence of Enjoining Good and Forbidding Evil,فضل الأمر بالمعروف والنهي عن المنكر
981,326,manners-of-enjoining-good-and-forbidding-evil,Manners of Enjoining Good and Forbidding Evil,آداب الأمر بالمعروف والنهي عن المنكر
982,326,principles-of-enjoining-good-and-forbidding-evil,Principles of Enjoining Good and Forbidding Evil,أصول الأمر بالمعروف والنهي عن المنكر
983,326,requirements-of-enjoining-good-and-forbidding-evil,Requirements of Enjoining Good and Forbidding Evil,شروط الأمر بالمعروف والنهي عن المنكر
984,326,rulings-and-issues-of-enjoining-good-and-forbidding-evil,Rulings and Issues of Enjoining Good and Forbidding Evil,أحكام ومسائل متعلقة بالأمر بالمعروف والنهي عن المنكر
985,327,ways-of-electing-the-supreme-muslim-imam-ruler,Ways of Electing the Supreme Muslim Imam (Ruler),طرق اختيار الإمام للإمامة الكبرى
986,327,requirements-of-the-supreme-imamate-leadership,Requirements of the Supreme Imamate (Leadership),شروط الإمامة العظمى
987,327,duties-of-the-imam,Duties of the Imam,واجبات الإمام
988,327,imams-rights-over-the-subjects,Imam's Rights over the Subjects,حق الإمام على الرعية
989,327,rebelling-against-the-muslim-ruler,Rebelling against the Muslim Ruler,الخروج على الإمام
990,327,international-relations-in-islam,International Relations in Islam,العلاقات الدولية في الإسلام
991,327,consultation-system-in-islam,Consultation System in Islam,نظام الشورى في الإسلام
992,328,islamic-civilization,Islamic Civilization,الحضارة الإسلامية
993,7,prophets-biography,Prophet's Biography,السيرة النبوية
994,7,history,History,التاريخ
995,367,prophets-lineage,Prophet's Lineage,نسبه صلى الله عليه وسلم
996,367,prophets-wives-and-family-issues,Prophet's Wives and Family Issues,زوجاته صلى الله عليه وسلم وأحوال بيت النبوة
997,367,prophets-children,Prophet's Children,أولاده صلى الله عليه وسلم
998,367,prophets-servants,Prophet's Servants,خدمه صلى الله عليه وسلم
999,367,prophets-life-before-mission,Prophet's Life before Mission,حياته قبل البعثة صلى الله عليه وسلم
1000,367,prophets-mission,Prophet's Mission,مبعثه صلى الله عليه وسلم
1001,367,the-makkan-period,The Makkan Period,العهد المكي
1002,367,the-emigration-hijrah,The Emigration (Hijrah),الهجرة
1003,367,the-madinan-period,The Madinan Period,العهد المدني
1004,367,prophets-battles-and-expeditions,Prophet's Battles and Expeditions,غزواته وسراياه صلى الله عليه وسلم
1005,367,prophets-correspondences,Prophet's Correspondences,مكاتباته ومراسلاته صلى الله عليه وسلم
1006,367,prophets-death,Prophet's Death,وفاته صلى الله عليه وسلم
1007,367,muhammadan-qualities,Muhammadan Qualities,الشمائل المحمدية
1008,368,stories-and-conditions-of-pre-islamic-nations,Stories and Conditions of Pre-Islamic Nations,قصص وأحوال الأمم السابقة
1009,368,history-of-makkah;-madinah;-and-the-aqsa-jerusalem,History of Makkah; Madinah; and the Aqsa (Jerusalem),تاريخ مكة والمدينة والأقصى
1010,368,wars-and-battles,Wars and Battles,الحروب والغزوات
1011,368,biographies-of-famous-figures,Biographies (of Famous Figures),التراجم وسير الأعلام
1012,368,countries-and-figures,Countries and Figures,البلدان والأعلام
1013,368,periodical-occasions,Periodical Occasions,مناسبات دورية
1014,100,ahl-us-sunnahs-sunni-stance-on-religious-innovators,Ahl-us-Sunnah's (Sunni) Stance on Religious Innovators,موقف أهل السنة من أهل البدع
1015,133,rulings-of-water,Rulings of Water,أحكام المياه
1016,133,removing-impurities,Removing Impurities,إزالة النجاسات
1017,133,utensils,Utensils,الآنية
1018,133,toilet-manners,Toilet Manners,آداب قضاء الحاجة
1019,133,natural-cleanliness-practices,Natural Cleanliness Practices,سنن الفطرة
1020,133,ablution,Ablution,الوضوء
1021,133,ritual-bath,Ritual Bath,الغسل
1022,133,dry-ablution,Dry Ablution,التيمم
1023,133,menses;-postpartum-bleeding;-extra-menses-bleeding,Menses; Postpartum Bleeding; Extra-Menses Bleeding,الحيض والنفاس والاستحاضة
1024,437,excellence-of-ablution,Excellence of Ablution,فضل الوضوء
1025,437,pillars-of-ablution,Pillars of Ablution,أركان الوضوء
1026,437,recommended-acts-and-manners-of-ablution,Recommended Acts and Manners of Ablution,سنن وآداب الوضوء
1027,437,method-of-ablution,Method of Ablution,صفة الوضوء
1028,437,nullifiers-of-ablution,Nullifiers of Ablution,نواقض الوضوء
1029,438,rulings-of-the-ritual-bath,Rulings of the Ritual Bath,أحكام الغسل
1030,438,causes-of-obligatory-ritual-bath,Causes of Obligatory Ritual Bath,موجبات الغسل
1031,438,recommended-manners-of-the-ritual-bath,Recommended Manners of the Ritual Bath,سنن وآداب الغسل
1032,134,obligation-of-prayer-and-ruling-on-its-abandoner,Obligation of Prayer and Ruling on Its Abandoner,وجوب الصلاة وحكم تاركها
1033,134,virtue-of-prayer,Virtue of Prayer,فضل الصلاة
1034,134,the-azan-and-iqaamah,The Azan and Iqaamah,الأذان والإقامة
1035,134,times-not-to-pray,Times Not to Pray,أوقات النهي عن الصلاة
1036,134,conditions-of-prayer,Conditions of Prayer,شروط الصلاة
1037,134,pillars-of-prayer,Pillars of Prayer,أركان الصلاة
1038,134,obligatory-acts-of-prayer,Obligatory Acts of Prayer,واجبات الصلاة
1039,134,recommended-acts-of-prayer,Recommended Acts of Prayer,سنن الصلاة
1040,134,method-of-prayer,Method of Prayer,صفة الصلاة
1041,134,dhikr-invocation-during-prayer,Dhikr (Invocation) during Prayer,أذكار الصلاة
1042,134,nullifiers-of-prayer,Nullifiers of Prayer,مبطلات الصلاة
1043,134,mistakes-during-prayer,Mistakes during Prayer,أخطاء المصلين
1044,134,prostration-of-forgetfulness;-recitation;-gratitude,Prostration of Forgetfulness; Recitation; Gratitude,سجود السهو والتلاوة والشكر
1045,134,virtue-and-rulings-of-congregational-prayer,Virtue and Rulings of Congregational Prayer,فضل صلاة الجماعة وأحكامها
1046,134,rulings-of-the-imam-and-followers-in-prayer,Rulings of the Imam and Followers in Prayer,أحكام الإمام والمأموم
1047,134,prayer-of-the-people-with-excuses,Prayer of the People with Excuses,صلاة أهل الأعذار
1048,134,jumu‘ah-friday-prayer,Jumu‘ah (Friday) Prayer,صلاة الجمعة
1049,134,voluntary-prayer,Voluntary Prayer,صلاة التطوع
1050,134,prayer-of-fear,Prayer of Fear,صلاة الخوف
1051,472,virtue-of-friday,Virtue of Friday,فضل يوم الجمعة
1052,472,merit-of-jumu‘ah-prayer,Merit of Jumu‘ah Prayer,فضل صلاة الجمعة
1053,472,rulings-of-jumu‘ah-prayer,Rulings of Jumu‘ah Prayer,أحكام صلاة الجمعة
1054,472,rulings-of-jumu‘ah-sermon,Rulings of Jumu‘ah Sermon,أحكام خطبة الجمعة
1055,473,virtue-of-voluntary-prayer,Virtue of Voluntary Prayer,فضل صلاة التطوع
1056,473,regular-sunnah-recommended-prayers,Regular Sunnah (Recommended) Prayers,السنن الرواتب
1057,473,voluntary-night-prayer-qiyaam,Voluntary Night Prayer (Qiyaam),قيام الليل
1058,473,prayer-of-the-two-eids,Prayer of the Two Eids,صلاة العيدين
1059,134,prayer-of-the-solar-and-lunar-eclipse,Prayer of the Solar and Lunar Eclipse,صلاة الكسوف والخسوف
1060,134,rain-seeking-prayer,Rain-Seeking Prayer,صلاة الاستسقاء
1061,473,forenoon-prayer,Forenoon Prayer,صلاة الضحى
1062,473,guidance-seeking-prayer,Guidance-Seeking Prayer,صلاة الاستخارة
1063,135,death-and-its-rulings,Death and Its Rulings,الموت وأحكامه
1064,135,washing-the-dead,Washing the Dead,غسل الميت
1065,135,method-of-praying-over-the-dead,Method of Praying over the Dead,صفة الصلاة على الميت
1066,135,carrying-and-burying-the-dead,Carrying and Burying the Dead,حمل الميت ودفنه
1067,135,consolation,Consolation,التعزية
1068,135,visiting-the-graves,Visiting the Graves,زيارة القبور
1069,135,doing-good-deeds-on-behalf-of-the-deceased-and-gifting-them-the-reward,Doing Good Deeds on behalf of the Deceased and Gifting them the Reward,الأعمال الصالحة عن الميت وإهداء الثواب له
1070,136,obligation-of-zakah-and-ruling-of-its-abandoning,Obligation of Zakah and Ruling of Its Abandoning,وجوب الزكاة وحكم تاركها
1071,136,rulings-and-issues-of-zakah,Rulings and Issues of Zakah,أحكام ومسائل الزكاة
1072,136,zakah-of-gold-and-silver,Zakah of Gold and Silver,زكاة النقدين
1073,136,zakah-of-livestock,Zakah of Livestock,زكاة بهيمة الأنعام
1074,136,zakah-of-land-produce,Zakah of Land Produce,زكاة الخارج من الأرض
1075,136,zakat-ul-fitr-minor-eid-charity,Zakat-ul-Fitr (Minor-Eid Charity),زكاة الفطر
1076,136,channels-of-zakah-people-who-receive-zakah,Channels of Zakah (People Who Receive Zakah),مصارف الزكاة
1077,136,voluntary-charity,Voluntary Charity,صدقة التطوع
1078,137,obligation-of-fasting-and-ruling-of-its-abandoning,Obligation of Fasting and Ruling of Its Abandoning,وجوب الصيام وحكم تاركه
1079,137,virtue-of-fasting,Virtue of Fasting,فضل الصيام
1080,137,recommended-acts-of-fasting,Recommended Acts of Fasting,سنن الصيام
1081,137,sighting-the-crescent,Sighting the Crescent,رؤية الهلال
1082,137,fasting-on-the-day-of-doubt,Fasting on the Day of Doubt,صيام يوم الشك
1083,137,fasting-missed-days-of-ramadaan,Fasting Missed Days of Ramadaan,قضاء الصيام
1084,137,fasting-of-people-with-excuses,Fasting of People with Excuses,صيام أهل الأعذار
1085,137,nullifiers-of-fasting,Nullifiers of Fasting,مفسدات الصيام
1086,137,fasting-obligations,Fasting Obligations,ما يجب على الصائم
1087,137,what-is-permissible-for-the-fasting-person,What is Permissible for the Fasting Person,ما يجوز للصائم
1088,137,fasting-prohibitions,Fasting Prohibitions,ما يحرم على الصائم
1089,137,what-is-disliked-for-the-fasting-person,What is Disliked for the Fasting Person,ما يكره للصائم
1090,137,voluntary-fasting,Voluntary Fasting,صيام التطوع
1091,137,seclusion-for-worship-in-ramadaan-i‘tikaaf,Seclusion for Worship in Ramadaan (I‘tikaaf),الاعتكاف
1092,137,last-ten-days-of-ramadaan,Last Ten Days of Ramadaan,العشر الأواخر من رمضان
1093,138,obligation-of-hajj-and-‘umrah-and-ruling-of-its-abandoner,Obligation of Hajj and ‘Umrah and Ruling of Its Abandoner,وجوب الحج والعمرة وحكم تاركهما
1094,138,virtue-of-hajj-and-umrah,Virtue of Hajj and Umrah,فضل الحج والعمرة
1095,138,first-ten-days-of-dhul-hijjah-twelfth-lunar-month,First Ten Days of Dhul Hijjah (Twelfth Lunar Month),العشر من ذي الحجة
1096,138,rulings-of-al-masjid-al-haraam;-the-prophets-mosque;-and-the-aqsa-mosque,Rulings of Al-Masjid Al-Haraam; the Prophet's Mosque; and the Aqsa Mosque,أحكام المسجد الحرام والمسجد النبوي وبيت المقدس
1097,138,rulings-of-ihraam-the-ritual-state-of-consecration,Rulings of Ihraam (the Ritual State of Consecration),أحكام الإحرام
1098,138,prohibitions-of-ihraam,Prohibitions of Ihraam,محظورات الإحرام
1099,138,ransom-and-hunting-expiation,Ransom and Hunting Expiation,الفدية وجزاء الصيد
1100,138,types-of-rituals-pilgrimage,Types of Rituals (Pilgrimage),أنواع النسك
1101,138,obligations-of-‘umrah,Obligations of ‘Umrah,واجبات العمرة
1102,138,how-to-make-hajj-pilgrimage,How to Make Hajj (Pilgrimage),صفة الحج
1103,138,pillars-of-hajj-pilgrimage,Pillars of Hajj (Pilgrimage),أركان الحج
1104,138,obligations-of-hajj-pilgrimage,Obligations of Hajj (Pilgrimage),واجبات الحج
1105,138,rulings-of-the-prophets-mosque,Rulings of the Prophet's Mosque,أحكام المسجد النبوي
1106,138,sacrificial-animals-and-expiations,Sacrificial Animals and Expiations,الهدي والكفارات
1107,138,sacrifice,Sacrifice,الأضحية
1108,138,rulings-and-issues-of-hajj-and-‘umrah,Rulings and Issues of Hajj and ‘Umrah,أحكام ومسائل الحج والعمرة
1109,139,ruling-of-jihad,Ruling of Jihad,حكم الجهاد
1110,139,excellence-of-jihad,Excellence of Jihad,فضل الجهاد
1111,139,categories-of-jihad,Categories of Jihad,أقسام الجهاد
1112,139,rulings-and-issues-of-jihad,Rulings and Issues of Jihad,أحكام ومسائل الجهاد
1113,139,manners-of-jihad,Manners of Jihad,آداب الجهاد
1114,139,rulings-of-non-muslims-living-in-muslim-country,Rulings of Non-Muslims Living in Muslim Country,أحكام أهل الذمة
1115,139,rulings-of-truce-and-security,Rulings of Truce and Security,أحكام الهدنة والأمان
1116,139,rulings-of-terrorism;-assassinations;-and-explosions,Rulings of Terrorism; Assassinations; and Explosions,أحكام الإرهاب والاغتيالات والتفجيرات
1117,140,forbidden-sales,Forbidden Sales,البيوع المحرمة
1118,169,oaths,Oaths,الأيمان
1119,169,vows,Vows,النذور
1120,191,excellence-of-marriage,Excellence of Marriage,فضل النكاح
1121,191,manners-of-marriage,Manners of Marriage,آداب النكاح
1122,191,rulings-and-conditions-of-marriage,Rulings and Conditions of Marriage,أحكام وشروط النكاح
1123,191,women-unlawful-to-marry,Women Unlawful to Marry,المحرمات في النكاح
1124,191,conditions-of-marriage,Conditions of Marriage,الشروط في النكاح
1125,191,marrying-the-disbelievers,Marrying the Disbelievers,نكاح الكفار
1126,191,forbidden-marriages,Forbidden Marriages,الأنكحة المحرمة
1127,191,dowry,Dowry,الصداق
1128,191,wedding-banquet,Wedding Banquet,وليمة العرس
1129,191,marital-relations,Marital Relations,العشرة بين الزوجين
1130,192,words-of-divorce,Words of Divorce,ألفاظ الطلاق
1131,192,sunnah-divorce-and-innovative-divorce,Sunnah Divorce and Innovative Divorce,الطلاق السني والطلاق البدعي
1132,192,revocable-and-irrevocable-divorce,Revocable and Irrevocable Divorce,الطلاق الرجعي والبائن
1133,192,rulings-and-issues-of-divorce,Rulings and Issues of Divorce,أحكام ومسائل الطلاق
1134,198,rulings-of-the-waiting-period,Rulings of the Waiting Period,أحكام العدة
1135,198,the-divorced-womans-waiting-period,The Divorced Woman's Waiting Period,عدة المطلقة
1136,198,waiting-period-of-the-lost-husbands-wife,Waiting Period of the Lost Husband's Wife,عدة المفقود زوجها
1137,198,ascertaining-non-pregnancy,Ascertaining Non-Pregnancy,الاستبراء
1138,199,ruling-of-breastfeeding,Ruling of Breastfeeding,حكم الرضاع
1139,199,conditions-of-breastfeeding,Conditions of Breastfeeding,شروط الرضاع
1140,199,consequences-of-breastfeeding,Consequences of Breastfeeding,آثار الرضاع
1141,205,intermixing,Intermixing,الاختلاط
1142,205,polygamy,Polygamy,تعدد الزوجات
1143,205,men-women-relationships,Men-Women Relationships,العلاقة بين الرجل والمرأة
1144,206,naming-the-newborn,Naming the Newborn,تسمية المولود وتكنيته
1145,206,sacrificing-for-the-newborn,Sacrificing for the Newborn,العقيقة
1146,206,providing-for-children,Providing for Children,النفقة على الأولاد
1147,206,raising-children,Raising Children,تربية الأولاد
1148,211,rulings-of-ruqyah-protective-and-healing-supplications,Rulings of Ruqyah (protective and healing supplications),أحكام الرقية
1149,270,merit-and-significance-of-knowledge,Merit and Significance of Knowledge,فضل العلم وأهميته
1150,276,merits-of-the-rightly-guided-caliphs,Merits of the Rightly Guided Caliphs,فضائل الخلفاء الراشدين رضي الله عنهم
1151,287,forbidden-utterances-and-tongue-evils,Forbidden Utterances and Tongue Evils,المناهي اللفظية وآفات اللسان
1152,406,physical-attributes,Physical Attributes,الصفات الخَلْقية
1153,406,prophets-dress-code,Prophet's Dress Code,لباسه صلى الله عليه وسلم
1154,406,prophets-furniture;-stuff;-and-arms,Prophet's Furniture; Stuff; and Arms,أثاثه ومتاعه وسلاحه صلى الله عليه وسلم
1155,406,prophets-food-and-drink,Prophet's Food and Drink,طعامه وشرابه صلى الله عليه وسلم
1156,406,prophets-travel,Prophet's Travel,سفره صلى الله عليه وسلم
1157,406,moral-attributes,Moral Attributes,الصفات الخُلُقية
1158,406,prophets-guidance,Prophet's Guidance,الهدي النبوي
1159,646,prophets-generosity,Prophet's Generosity,كرمه صلى الله عليه وسلم
1160,646,prophets-modesty,Prophet's Modesty,حياؤه صلى الله عليه وسلم
1161,646,prophets-humility,Prophet's Humility,تواضعه صلى الله عليه وسلم
1162,646,prophets-courage,Prophet's Courage,شجاعته صلى الله عليه وسلم
1163,646,prophets-gentleness,Prophet's Gentleness,رفقه صلى الله عليه وسلم
1164,646,prophets-forgiveness,Prophet's Forgiveness,عفوه صلى الله عليه وسلم
1165,646,prophets-mercy,Prophet's Mercy,رحمته صلى الله عليه وسلم
1166,646,prophets-speech,Prophet's Speech,كلامه صلى الله عليه وسلم
1167,646,prophets-laughing,Prophet's Laughing,ضحكه صلى الله عليه وسلم
1168,646,prophets-crying,Prophet's Crying,بكاؤه صلى الله عليه وسلم
1169,646,prophets-compassion,Prophet's Compassion,شفقته صلى الله عليه وسلم
1170,646,prophets-asceticism,Prophet's Asceticism,زهده صلى الله عليه وسلم
1171,646,prophets-justice,Prophet's Justice,عدله صلى الله عليه وسلم
1172,646,prophets-forbearance,Prophet's Forbearance,حلمه صلى الله عليه وسلم
1173,647,prophets-guidance-on-public-speaking,Prophet's Guidance on Public Speaking,هديه صلى الله عليه وسلم في خطبه
1174,647,prophets-guidance-on-purification,Prophet's Guidance on Purification,هديه صلى الله عليه وسلم في التطهر
1175,647,prophets-guidance-on-prayer,Prophet's Guidance on Prayer,هديه صلى الله عليه وسلم في الصلاة
1176,647,prophets-guidance-on-fasting,Prophet's Guidance on Fasting,هديه صلى الله عليه وسلم في الصوم
1177,647,prophets-guidance-on-funerals,Prophet's Guidance on Funerals,هديه صلى الله عليه وسلم في الجنائز
1178,647,prophets-guidance-on-marriage-and-treating-ones-wife,Prophet's Guidance on Marriage and Treating One's Wife,هديه صلى الله عليه وسلم في النكاح ومعاشرته أهله
1179,409,the-battle-of-yamaamah,The Battle of Yamaamah,معركة اليمامة
1180,415,rulings-and-manners-of-eid,Rulings and Manners of Eid,أحكام وآداب العيد
1181,134,the-rulings-of-mosques,The rulings of mosques,أحكام المساجد
1182,137,ramadan,Ramadan,رمضان
1183,133,wiping-over-leather-socks-and-the-like,Wiping Over Leather Socks and the like,المسح على الخفين ونحوهما
1184,367,prophetic-characteristics,Prophetic characteristics,الخصائص النبوية
1185,10,interpretation-of-verses,Interpretation of verses,تفسير الآيات
1186,,the-noble-quran-and-quranic-sciences,The Noble Qur'an and Qur'anic Sciences,القرآن الكريم وعلومه
1187,,the-hadith-and-hadith-sciences,The Hadith and Hadith Sciences,الحديث وعلومه
1188,,the-creed,The Creed,العقيدة
1189,,jurisprudence-and-juristic-principles,Jurisprudence and Juristic Principles,الفقه وأصوله
1190,,virtues-and-manners,Virtues and Manners,الفضائل والآداب
1191,,da‘wah-and-hisbah,Da‘wah and Hisbah,الدعوة والحسبة
1192,,seerah-and-history,Seerah and History,السيرة والتاريخ
1193,1,revelation-and-collection-of-the-quran,Revelation and Collection of the Qur'an,نزول القرآن وجمعه
1194,1,modes-of-quranic-recitation-and-tajweed,Modes of Qur'anic Recitation and Tajweed,القراءات والتجويد
1195,1,quranic-exegesis,Qur'anic Exegesis,تفسير القرآن
1196,1,general-quranic-topics,General Qur'anic Topics,مباحث قرآنية عامة
1197,1,excellence-of-the-quran,Excellence of the Qur'an,فضائل القرآن
1198,8,occasions-of-revelation,Occasions of Revelation,أسباب النزول
1199,8,abrogating-and-abrogated-verses,Abrogating and Abrogated Verses,الناسخ والمنسوخ
1200,8,collecting-the-quran,Collecting the Qur'an,جمع القرآن
1201,9,seven-modes-of-the-quranic-revelation,Seven Modes of the Qur'anic Revelation,الأحرف السبعة
1202,9,science-of-tajweed,Science of Tajweed,علم التجويد
1203,9,stops-and-starts,Stops and Starts,الوقف والابتداء
1204,10,rules-and-principles-of-exegesis,Rules and Principles of Exegesis,أصول التفسير وقواعده
1205,11,rulings-of-the-quran-and-codices,Rulings of the Qur'an and Codices,أحكام القرآن والمصاحف
1206,11,manners-of-reading-and-memorizing-the-quran,Manners of Reading and Memorizing the Qur'an,آداب قراءة القرآن وحملته
1207,11,refuting-allegations-against-the-quran,Refuting Allegations against the Qur'an,رد الشبهات حول القرآن
1208,11,inference-from-the-quran,Inference from the Qur'an,الاستنباط من القرآن
1209,12,merit-of-taking-care-of-the-quran,Merit of Taking Care of the Qur'an,فضل العناية بالقرآن
1210,12,virtues-of-surahs-and-verses,Virtues of Surahs and Verses,فضائل السور والآيات
1211,2,general-sunnah-topics,General Sunnah Topics,مباحث عامة في السنة
1212,44,significance-and-status-of-the-sunnah,Significance and Status of the Sunnah,أهمية السنة ومكانتها
1213,44,writing-the-sunnah,Writing the Sunnah,تدوين السنة النبوية
1214,3,belief-in-allah-the-mighty-and-majestic,Belief in Allah the Mighty and Majestic,الإيمان بالله عز وجل
1215,3,belief-in-the-angels,Belief in the Angels,الإيمان بالملائكة
1216,3,belief-in-the-revealed-books,Belief in the Revealed Books,الإيمان بالكتب
1217,3,belief-in-the-messengers,Belief in the Messengers,الإيمان بالرسل
1218,3,belief-in-the-last-day,Belief in the Last Day,الإيمان باليوم الآخر
1219,3,belief-in-the-divine-decree-and-fate,Belief in the Divine Decree and Fate,الإيمان بالقضاء والقدر
1220,3,names-and-rulings,Names and Rulings,الأسماء والأحكام
1221,3,the-companions,The Companions,الصحابة
1222,3,the-prophets-family,The Prophet's Family,آل البيت
1223,3,allegiance-and-dissociation,Allegiance and Dissociation,الولاء والبراء
1224,3,people-of-the-sunnah-and-the-community,People of the Sunnah and the Community,أهل السنة والجماعة
1225,3,sects-and-schools,Sects and Schools,الفرق والمذاهب
1226,59,oneness-of-allahs-lordship,Oneness of Allah's Lordship,توحيد الربوبية
1227,59,oneness-of-allahs-worship,Oneness of Allah's Worship,توحيد الألوهية
1228,59,oneness-of-allahs-names-and-attributes,Oneness of Allah's Names and Attributes,توحيد الأسماء والصفات
1229,60,the-angels,The Angels,الملائكة
1230,60,the-jinn,The Jinn,الجن
1231,61,pre-islamic-scriptures,Pre-Islamic Scriptures,الكتب السابقة
1232,61,the-quran,The Qur'an,القرآن
1233,62,prophethood,Prophethood,النبوة
1234,62,pre-islamic-prophets-and-messengers;-peace-be-upon-them,Pre-Islamic Prophets and Messengers; peace be upon them,الأنبياء والرسل السابقين عليهم السلام
1235,62,our-prophet-muhammad;-may-allahs-peace-and-blessings-be-upon-him,Our Prophet Muhammad; may Allah's peace and blessings be upon him,نبينا محمد صلى الله عليه وسلم
1236,62,miracles-of-the-pious-allies-of-allah,Miracles of the Pious Allies of Allah,كرامات الأولياء
1237,63,the-barzakh-life-after-death-period,The Barzakh Life (After death Period),الحياة البرزخية
1238,63,portents-of-the-hour,Portents of the Hour,أشراط الساعة
1239,63,the-hereafter-life,The Hereafter Life,الحياة الآخرة
1240,64,levels-of-divine-decree-and-fate,Levels of Divine Decree and Fate,مراتب القضاء والقدر
1241,64,issues-of-divine-decree-and-fate,Issues of Divine Decree and Fate,مسائل القضاء والقدر
1242,65,islam,Islam,الإسلام
1243,65,nullifiers-of-islam,Nullifiers of Islam,نواقض الإسلام
1244,65,issues-of-pre-islamic-era,Issues of Pre-Islamic Era,مسائل الجاهلية
1245,65,increase-and-decrease-of-faith,Increase and Decrease of Faith,زيادة الإيمان ونقصانه
1246,65,branches-of-faith,Branches of Faith,شعب الإيمان
1247,65,disbelief,Disbelief,الكفر
1248,65,polytheism,Polytheism,الشرك
1249,65,hypocrisy,Hypocrisy,النفاق
1250,65,immorality,Immorality,الفسق
1251,65,religious-innovation,Religious Innovation,البدعة
1252,66,merit-of-the-companions,Merit of the Companions,فضل الصحابة رضي الله عنهم
1253,66,belief-in-the-the-companions,Belief in the the Companions,الاعتقاد في الصحابة رضي الله عنهم
1254,66,degrees-of-the-companions,Degrees of the Companions,درجات الصحابة رضي الله عنهم
1255,67,merit-of-the-prophets-family,Merit of the Prophet's Family,فضل آل البيت
1256,67,merit-of-the-mothers-of-the-believers,Merit of the Mothers of the Believers,فضل أمهات المؤمنين
1257,67,belief-in-the-prophets-family,Belief in the Prophet's Family,الاعتقاد في آل البيت
1258,67,rights-of-the-prophets-family,Rights of the Prophet's Family,حقوق آل البيت
1259,68,rulings-of-allegiance-and-dissociation,Rulings of Allegiance and Dissociation,أحكام الولاء والبراء
1260,68,forbidden-emulation,Forbidden Emulation,التشبه المنهي عنه
1261,68,emigration-and-its-rulings,Emigration and its Rulings,الهجرة وأحكامها
1262,68,desertion-and-its-conditions,Desertion and its Conditions,الهجر وشروطه
1263,69,characteristics-of-the-people-of-the-sunnah-and-the-community,Characteristics of the People of the Sunnah and the Community,خصائص أهل السنة والجماعة
1264,71,old-sects-and-schools,Old Sects and Schools,الفرق والمذاهب القديمة النشأة
1265,4,jurisprudence-of-acts-of-worship,Jurisprudence of Acts of Worship,فقه العبادات
1266,4,jurisprudence-of-transactions,Jurisprudence of Transactions,فقه المعاملات
1267,4,religious-obligations,Religious Obligations,الفرائض
1268,4,family-jurisprudence,Family Jurisprudence,فقه الأسرة
1269,4,spiritual-and-physical-therapy,Spiritual and Physical Therapy,الطب والتداوي والرقية الشرعية
1270,4,foods-and-drinks,Foods and Drinks,الأطعمة والأشربة
1271,4,crimes,Crimes,الجنايات
1272,4,prescribed-punishments,Prescribed Punishments,الحدود
1273,4,judiciary,Judiciary,القضاء
1274,4,principles-of-islamic-jurisprudence,Principles of Islamic Jurisprudence,أصول الفقه
1275,121,purification,Purification,الطهارة
1276,121,prayer,Prayer,الصلاة
1277,121,funerals,Funerals,الجنائز
1278,121,zakah,Zakah,الزكاة
1279,121,fasting,Fasting,الصيام
1280,121,hajj-and-‘umrah,Hajj and ‘Umrah,الحج والعمرة
1281,121,jihad,Jihad,الجهاد
1282,122,sales,Sales,البيوع
1283,140,conditions-of-sale,Conditions of Sale,شروط البيع
1284,140,sale-related-stipulations,Sale-Related Stipulations,الشروط في البيع
1285,140,selling-assets-and-fruits,Selling Assets and Fruits,بيع الأصول والثمار
1286,122,advance-payment,Advance Payment,السلم
1287,122,usury,Usury,الربا
1288,122,loan,Loan,القرض
1289,122,mortgage,Mortgage,الرهن
1290,122,collateral-and-surety,Collateral and Surety,الضمان والكفالة
1291,122,conciliation-and-neighborhood-rulings,Conciliation and Neighborhood Rulings,الصلح وأحكام الجوار
1292,122,interdiction,Interdiction,الحَجْر
1293,122,partnership,Partnership,الشركة
1294,122,sharecropping,Sharecropping,المساقاة والمزارعة
1295,122,racing-and-gambling,Racing and Gambling,السبق والقمار والميسر
1296,122,usurpation,Usurpation,الغصب
1297,122,preemption,Preemption,الشفعة
1298,122,found-item-and-foundling,Found Item and Foundling,اللقطة واللقيط
1299,122,endowment,Endowment,الوقف
1300,122,gift,Gift,الهبة والعطية
1301,122,bequest,Bequest,الوصية
1302,122,manumission,Manumission,العتق
1303,122,oaths-and-vows,Oaths and Vows,الأيمان والنذور
1304,123,conditions-of-inheritance,Conditions of Inheritance,شروط الإرث
1305,123,impediments-of-inheritance,Impediments of Inheritance,موانع الإرث
1306,123,agnates,Agnates,العـصبة
1307,123,inheritance-shares-of-blood-relatives,Inheritance Shares of Blood Relatives,ميراث ذوي الأرحام
1308,123,inheritance-shares-of-embryos,Inheritance Shares of Embryos,ميراث الحمل
1309,124,marriage,Marriage,النكاح
1310,124,divorce,Divorce,الطلاق
1311,124,remarriage-with-ones-divorcee,Remarriage with One's Divorcee,الرجعة
1312,124,wife-initiated-divorce,Wife-Initiated Divorce,الخلع
1313,124,oath-to-abstain-from-intercourse-with-ones-wife,Oath to Abstain from Intercourse with One's Wife,الإيلاء
1314,124,zihaar-likening-ones-wife-to-an-unmarrriagble-woman,Zihaar (Likening one's wife to an unmarrriagble woman),الظهار
1315,124,oath-of-condemnation,Oath of Condemnation,اللعان
1316,124,waiting-period,Waiting Period,العدة
1317,124,breastfeeding,Breastfeeding,الرضاع
1318,124,custody,Custody,الحضانة
1319,124,expenses,Expenses,النفقات
1320,124,clothing-and-adornment,Clothing and Adornment,اللباس والزينة
1321,124,muslim-society,Muslim Society,المجتمع المسلم
1322,124,rulings-of-women,Rulings of Women,أحكام النساء
1323,124,rulings-of-newborns,Rulings of Newborns,أحكام المولود
1324,125,prophetic-medicine,Prophetic Medicine,الطب النبوي
1325,125,rulings-of-medication,Rulings of Medication,أحكام التداوي
1326,125,ruqyah-healing-and-protective-supplications,Ruqyah (Healing and Protective Supplications),الرقية الشرعية
1327,126,rulings-of-foods-and-drinks,Rulings of Foods and Drinks,أحكام الأطعمة والأشربة
1328,126,lawful-and-unlawful-animals-and-birds,Lawful and Unlawful Animals and Birds,ما يحل ويحرم من الحيوانات والطيور
1329,126,slaughtering,Slaughtering,التذكية
1330,126,hunting,Hunting,الصيد
1331,126,forbidden-drinks,Forbidden Drinks,الأشربة المحرمة
1332,127,retribution,Retribution,القصاص
1333,127,blood-money,Blood Money,الديات
1334,128,rulings-of-prescribed-punishments,Rulings of Prescribed Punishments,أحكام الحدود
1335,128,conditions-of-implementing-prescribed-punishments,Conditions of implementing Prescribed Punishments,شروط إقامة الحدود
1336,128,prescribed-punishment-for-adultery,Prescribed Punishment for Adultery,حد الزنا
1337,128,prescribed-punishment-for-calumny,Prescribed Punishment for Calumny,حد القذف
1338,128,prescribed-punishment-for-drinking-alcohol,Prescribed Punishment for Drinking Alcohol,حد الخمر
1339,128,prescribed-punishment-for-theft,Prescribed Punishment for Theft,حد السرقة
1340,128,prescribed-punishment-for-highway-robbery,Prescribed Punishment for Highway Robbery,حد قطاع الطريق
1341,128,prescribed-punishment-for-apostasy,Prescribed Punishment for Apostasy,حد الردة
1342,128,rulings-of-discretionary-punishments,Rulings of Discretionary Punishments,أحكام التعزير
1343,129,judiciary:-its-ruling;-merit;-and-significance,Judiciary: Its Ruling; Merit; and Significance,حكم القضاء وفضله وخطره
1344,129,manners-of-judges,Manners of Judges,آداب القاضي
1345,129,claims-and-proofs,Claims and Proofs,الدعاوى والبيِّنات
1346,129,testimonies,Testimonies,الشهادات
1347,132,shariah-ruling,Shariah Ruling,الحكم الشرعي
1348,132,juristic-and-usooli-juristic-priciples-rules,Juristic and Usooli (Juristic Priciples) Rules,القواعد الفقهية والأصولية
1349,132,religious-assignment-and-its-conditions,Religious Assignment and its Conditions,التكليف وشروطه
1350,132,the-book-the-quran,The Book (the Qur'an),الكتاب (القرآن)
1351,132,abrogation,Abrogation,النسخ
1352,132,significations-and-inference,Significations and Inference,دلالات الألفاظ وكيفية الاستنباط
1353,132,personal-reasoning-and-imitation,Personal Reasoning and Imitation,الاجتهاد والتقليد
1354,132,divergence-and-preponderance,Divergence and Preponderance,التعارض والترجيح
1355,132,shariah-objectives,Shariah Objectives,مقاصد الشريعة
1356,5,virtues,Virtues,الفضائل
1357,5,jurisprudence-of-ethics,Jurisprudence of Ethics,فقه الأخلاق
1358,5,shariah-approved-manners,Shariah-approved Manners,الآداب الشرعية
1359,5,jurisprudence-of-supplications-and-remembrance-of-allah,Jurisprudence of Supplications and Remembrance of Allah,فقه الأدعية والأذكار
1360,5,heart-softeners-and-sermons,Heart-Softeners and Sermons,الرقائق والمواعظ
1361,265,excellence-of-knowledge,Excellence of Knowledge,فضل العلم
1362,265,excellence-of-monotheism,Excellence of Monotheism,فضائل التوحيد
1363,265,merits-of-the-noble-quran,Merits of the Noble Qur'an,فضائل القرآن الكريم
1364,265,merits-of-being-dutiful-to-ones-parents,Merits of Being Dutiful to One's Parents,فضائل بر الوالدين
1365,265,merits-of-maintaining-kinship-ties,Merits of Maintaining Kinship Ties,فضائل صلة الأرحام
1366,265,merits-of-prophets-family,Merits of Prophet's Family,فضائل آل البيت رضي الله عنهم
1367,265,merits-of-the-companions,Merits of the Companions,فضائل الصحابة رضي الله عنهم
1368,265,merits-of-good-deeds,Merits of Good Deeds,فضائل الأعمال الصالحة
1369,265,merits-of-remembering-allah,Merits of Remembering Allah,فضائل الذكر
1370,265,merits-of-supplication,Merits of Supplication,فضل الدعاء
1371,265,merits-of-heart-acts,Merits of Heart Acts,فضائل أعمال القلوب
1372,265,merits-of-organs-acts,Merits of Organs' Acts,فضائل أعمال الجوارح
1373,266,praiseworthy-morals,Praiseworthy Morals,الأخلاق الحميدة
1374,266,blameworthy-morals,Blameworthy Morals,الأخلاق الذميمة
1375,267,manners-of-scholars-and-learners,Manners of Scholars and Learners,آداب العالم والمتعلم
1376,267,etiquettes-of-reciting-the-noble-qur’an,Etiquettes of Reciting the Noble Qur’an,آداب تلاوة القرآن الكريم
1377,267,manners-of-greeting-and-seeking-permission,Manners of Greeting and Seeking Permission,آداب السلام والاستئذان
1378,267,manners-of-speaking-and-keeping-silent,Manners of Speaking and Keeping Silent,آداب الكلام والصمت
1379,267,manners-of-divergence,Manners of Divergence,آداب الخلاف
1380,267,manners-of-debate,Manners of Debate,آداب المناظرة
1381,267,manners-of-eating-and-drinking,Manners of Eating and Drinking,آداب الأكل والشرب
1382,267,manners-of-the-road-and-the-market,Manners of the Road and the Market,آداب الطريق والسوق
1383,267,manners-and-rulings-of-travel,Manners and Rulings of Travel,آداب وأحكام السفر
1384,267,manners-of-sleeping-and-waking-up,Manners of Sleeping and Waking Up,آداب النوم والاستيقاظ
1385,267,manners-of-visions,Manners of Visions,آداب الرؤيا
1386,267,manners-of-visiting-and-seeking-permission,Manners of Visiting and Seeking Permission,آداب الزيارة والاستئذان
1387,267,manners-of-sneezing-and-yawning,Manners of Sneezing and Yawning,آداب العطاس والتثاؤب
1388,267,manners-of-visiting-the-sick,Manners of Visiting the Sick,آداب عيادة المريض
1389,267,manners-of-dressing,Manners of Dressing,آداب اللباس
1390,268,prophetic-guidance-on-remembering-allah,Prophetic Guidance on Remembering Allah,هدي النبي صلى الله عليه وسلم في الذكر
1391,268,benefits-of-remembering-allah,Benefits of Remembering Allah,فوائد ذكر الله عز وجل
1392,268,morning-and-evening-dhikr,Morning and Evening Dhikr,أذكار الصباح والمساء
1393,268,timeless-dhikr,Timeless Dhikr,الأذكار المطلقة
1394,268,dhikr-on-entering-and-leaving-the-house,Dhikr on Entering and Leaving the House,أذكار الدخول والخروج من المنزل
1395,268,dhikr-on-entering-and-leaving-the-bathroom,Dhikr on Entering and Leaving the Bathroom,أذكار الدخول والخروج من الخلاء
1396,268,dhikr-on-entering-and-leaving-the-mosque,Dhikr on Entering and Leaving the Mosque,أذكار الدخول والخروج من المسجد
1397,268,hard-times-dhikr,Hard Times Dhikr,الأذكار التي تقال في أوقات الشدة
1398,268,dhikr-on-special-occasions,Dhikr on Special Occasions,الأذكار للأمور العارضة
1399,268,rulings-of-supplication,Rulings of Supplication,أحكام الدعاء
1400,268,types-of-supplication,Types of Supplication,أنواع الدعاء
1401,268,manners-of-supplication,Manners of Supplication,آداب الدعاء
1402,268,causes-for-answering-or-not-answering-supplications,Causes for Answering or not Answering Supplications,أسباب إجابة الدعاء وموانعه
1403,268,reported-supplications,Reported Supplications,الأدعية المأثورة
1404,269,acts-of-heart,Acts of Heart,أعمال القلوب
1405,269,heart-diseases,Heart Diseases,أمراض القلوب
1406,269,asceticism-and-piety,Asceticism and Piety,الزهد والورع
1407,269,states-of-the-righteous-believers,States of the Righteous Believers,أحوال الصالحين
1408,269,condemning-sins,Condemning Sins,ذم المعاصي
1409,269,condemning-love-of-the-world,Condemning Love of the World,ذم حب الدنيا
1410,269,condemning-whims-and-desires,Condemning Whims and Desires,ذَمُّ الهوى والشَّهوات
1411,269,repentance,Repentance,التوبة
1412,269,purification-of-souls,Purification of Souls,تزكية النفوس
1413,269,terrors-of-the-graves,Terrors of the Graves,أهوال القبور
1414,269,descriptions-of-paradise-and-hell,Descriptions of Paradise and Hell,صفات الجنة والنار
1415,6,calling-to-allah-da‘wah,Calling to Allah (Da‘wah),الدعوة إلى الله
1416,6,enjoining-good-and-forbidding-evil,Enjoining Good and Forbidding Evil,الأمر بالمعروف والنهي عن المنكر
1417,6,shariah-approved-politics,Shariah-approved Politics,السياسة الشرعية
1418,6,islamic-culture,Islamic Culture,الثقافة الإسلامية
1419,325,ruling-of-calling-to-allah,Ruling of Calling to Allah,حكم الدعوة إلى الله
1420,325,manners-of-calling-to-allah,Manners of Calling to Allah,آداب الدعوة إلى الله
1421,325,backgrounds-and-duties-of-the-callers-to-allah,Backgrounds and Duties of the Callers to Allah,سير الدعاة وواجباتهم
1422,325,excellence-and-merits-of-islam,Excellence and Merits of Islam,فضل الإسلام ومحاسنه
1423,325,universality-of-islam,Universality of Islam,عموم الدين الإسلامي
1424,325,human-rights-in-islam,Human Rights in Islam,حقوق الإنسان في الإسلام
1425,325,animal-rights-in-islam,Animal Rights in Islam,حقوق الحيوان في الإسلام
1426,326,ruling-of-enjoining-good-and-forbidding-evil,Ruling of Enjoining Good and Forbidding Evil,حكم الأمر بالمعروف والنهي عن المنكر
1427,326,excellence-of-enjoining-good-and-forbidding-evil,Excellence of Enjoining Good and Forbidding Evil,فضل الأمر بالمعروف والنهي عن المنكر
1428,326,manners-of-enjoining-good-and-forbidding-evil,Manners of Enjoining Good and Forbidding Evil,آداب الأمر بالمعروف والنهي عن المنكر
1429,326,principles-of-enjoining-good-and-forbidding-evil,Principles of Enjoining Good and Forbidding Evil,أصول الأمر بالمعروف والنهي عن المنكر
1430,326,requirements-of-enjoining-good-and-forbidding-evil,Requirements of Enjoining Good and Forbidding Evil,شروط الأمر بالمعروف والنهي عن المنكر
1431,326,rulings-and-issues-of-enjoining-good-and-forbidding-evil,Rulings and Issues of Enjoining Good and Forbidding Evil,أحكام ومسائل متعلقة بالأمر بالمعروف والنهي عن المنكر
1432,327,ways-of-electing-the-supreme-muslim-imam-ruler,Ways of Electing the Supreme Muslim Imam (Ruler),طرق اختيار الإمام للإمامة الكبرى
1433,327,requirements-of-the-supreme-imamate-leadership,Requirements of the Supreme Imamate (Leadership),شروط الإمامة العظمى
1434,327,duties-of-the-imam,Duties of the Imam,واجبات الإمام
1435,327,imams-rights-over-the-subjects,Imam's Rights over the Subjects,حق الإمام على الرعية
1436,327,rebelling-against-the-muslim-ruler,Rebelling against the Muslim Ruler,الخروج على الإمام
1437,327,international-relations-in-islam,International Relations in Islam,العلاقات الدولية في الإسلام
1438,327,consultation-system-in-islam,Consultation System in Islam,نظام الشورى في الإسلام
1439,328,islamic-civilization,Islamic Civilization,الحضارة الإسلامية
1440,7,prophets-biography,Prophet's Biography,السيرة النبوية
1441,7,history,History,التاريخ
1442,367,prophets-lineage,Prophet's Lineage,نسبه صلى الله عليه وسلم
1443,367,prophets-wives-and-family-issues,Prophet's Wives and Family Issues,زوجاته صلى الله عليه وسلم وأحوال بيت النبوة
1444,367,prophets-children,Prophet's Children,أولاده صلى الله عليه وسلم
1445,367,prophets-servants,Prophet's Servants,خدمه صلى الله عليه وسلم
1446,367,prophets-life-before-mission,Prophet's Life before Mission,حياته قبل البعثة صلى الله عليه وسلم
1447,367,prophets-mission,Prophet's Mission,مبعثه صلى الله عليه وسلم
1448,367,the-makkan-period,The Makkan Period,العهد المكي
1449,367,the-emigration-hijrah,The Emigration (Hijrah),الهجرة
1450,367,the-madinan-period,The Madinan Period,العهد المدني
1451,367,prophets-battles-and-expeditions,Prophet's Battles and Expeditions,غزواته وسراياه صلى الله عليه وسلم
1452,367,prophets-correspondences,Prophet's Correspondences,مكاتباته ومراسلاته صلى الله عليه وسلم
1453,367,prophets-death,Prophet's Death,وفاته صلى الله عليه وسلم
1454,367,muhammadan-qualities,Muhammadan Qualities,الشمائل المحمدية
1455,368,stories-and-conditions-of-pre-islamic-nations,Stories and Conditions of Pre-Islamic Nations,قصص وأحوال الأمم السابقة
1456,368,history-of-makkah;-madinah;-and-the-aqsa-jerusalem,History of Makkah; Madinah; and the Aqsa (Jerusalem),تاريخ مكة والمدينة والأقصى
1457,368,wars-and-battles,Wars and Battles,الحروب والغزوات
1458,368,biographies-of-famous-figures,Biographies (of Famous Figures),التراجم وسير الأعلام
1459,368,countries-and-figures,Countries and Figures,البلدان والأعلام
1460,368,periodical-occasions,Periodical Occasions,مناسبات دورية
1461,100,ahl-us-sunnahs-sunni-stance-on-religious-innovators,Ahl-us-Sunnah's (Sunni) Stance on Religious Innovators,موقف أهل السنة من أهل البدع
1462,133,rulings-of-water,Rulings of Water,أحكام المياه
1463,133,removing-impurities,Removing Impurities,إزالة النجاسات
1464,133,utensils,Utensils,الآنية
1465,133,toilet-manners,Toilet Manners,آداب قضاء الحاجة
1466,133,natural-cleanliness-practices,Natural Cleanliness Practices,سنن الفطرة
1467,133,ablution,Ablution,الوضوء
1468,133,ritual-bath,Ritual Bath,الغسل
1469,133,dry-ablution,Dry Ablution,التيمم
1470,133,menses;-postpartum-bleeding;-extra-menses-bleeding,Menses; Postpartum Bleeding; Extra-Menses Bleeding,الحيض والنفاس والاستحاضة
1471,437,excellence-of-ablution,Excellence of Ablution,فضل الوضوء
1472,437,pillars-of-ablution,Pillars of Ablution,أركان الوضوء
1473,437,recommended-acts-and-manners-of-ablution,Recommended Acts and Manners of Ablution,سنن وآداب الوضوء
1474,437,method-of-ablution,Method of Ablution,صفة الوضوء
1475,437,nullifiers-of-ablution,Nullifiers of Ablution,نواقض الوضوء
1476,438,rulings-of-the-ritual-bath,Rulings of the Ritual Bath,أحكام الغسل
1477,438,causes-of-obligatory-ritual-bath,Causes of Obligatory Ritual Bath,موجبات الغسل
1478,438,recommended-manners-of-the-ritual-bath,Recommended Manners of the Ritual Bath,سنن وآداب الغسل
1479,134,obligation-of-prayer-and-ruling-on-its-abandoner,Obligation of Prayer and Ruling on Its Abandoner,وجوب الصلاة وحكم تاركها
1480,134,virtue-of-prayer,Virtue of Prayer,فضل الصلاة
1481,134,the-azan-and-iqaamah,The Azan and Iqaamah,الأذان والإقامة
1482,134,times-not-to-pray,Times Not to Pray,أوقات النهي عن الصلاة
1483,134,conditions-of-prayer,Conditions of Prayer,شروط الصلاة
1484,134,pillars-of-prayer,Pillars of Prayer,أركان الصلاة
1485,134,obligatory-acts-of-prayer,Obligatory Acts of Prayer,واجبات الصلاة
1486,134,recommended-acts-of-prayer,Recommended Acts of Prayer,سنن الصلاة
1487,134,method-of-prayer,Method of Prayer,صفة الصلاة
1488,134,dhikr-invocation-during-prayer,Dhikr (Invocation) during Prayer,أذكار الصلاة
1489,134,nullifiers-of-prayer,Nullifiers of Prayer,مبطلات الصلاة
1490,134,mistakes-during-prayer,Mistakes during Prayer,أخطاء المصلين
1491,134,prostration-of-forgetfulness;-recitation;-gratitude,Prostration of Forgetfulness; Recitation; Gratitude,سجود السهو والتلاوة والشكر
1492,134,virtue-and-rulings-of-congregational-prayer,Virtue and Rulings of Congregational Prayer,فضل صلاة الجماعة وأحكامها
1493,134,rulings-of-the-imam-and-followers-in-prayer,Rulings of the Imam and Followers in Prayer,أحكام الإمام والمأموم
1494,134,prayer-of-the-people-with-excuses,Prayer of the People with Excuses,صلاة أهل الأعذار
1495,134,jumu‘ah-friday-prayer,Jumu‘ah (Friday) Prayer,صلاة الجمعة
1496,134,voluntary-prayer,Voluntary Prayer,صلاة التطوع
1497,134,prayer-of-fear,Prayer of Fear,صلاة الخوف
1498,472,virtue-of-friday,Virtue of Friday,فضل يوم الجمعة
1499,472,merit-of-jumu‘ah-prayer,Merit of Jumu‘ah Prayer,فضل صلاة الجمعة
1500,472,rulings-of-jumu‘ah-prayer,Rulings of Jumu‘ah Prayer,أحكام صلاة الجمعة
1501,472,rulings-of-jumu‘ah-sermon,Rulings of Jumu‘ah Sermon,أحكام خطبة الجمعة
1502,473,virtue-of-voluntary-prayer,Virtue of Voluntary Prayer,فضل صلاة التطوع
1503,473,regular-sunnah-recommended-prayers,Regular Sunnah (Recommended) Prayers,السنن الرواتب
1504,473,voluntary-night-prayer-qiyaam,Voluntary Night Prayer (Qiyaam),قيام الليل
1505,473,prayer-of-the-two-eids,Prayer of the Two Eids,صلاة العيدين
1506,134,prayer-of-the-solar-and-lunar-eclipse,Prayer of the Solar and Lunar Eclipse,صلاة الكسوف والخسوف
1507,134,rain-seeking-prayer,Rain-Seeking Prayer,صلاة الاستسقاء
1508,473,forenoon-prayer,Forenoon Prayer,صلاة الضحى
1509,473,guidance-seeking-prayer,Guidance-Seeking Prayer,صلاة الاستخارة
1510,135,death-and-its-rulings,Death and Its Rulings,الموت وأحكامه
1511,135,washing-the-dead,Washing the Dead,غسل الميت
1512,135,method-of-praying-over-the-dead,Method of Praying over the Dead,صفة الصلاة على الميت
1513,135,carrying-and-burying-the-dead,Carrying and Burying the Dead,حمل الميت ودفنه
1514,135,consolation,Consolation,التعزية
1515,135,visiting-the-graves,Visiting the Graves,زيارة القبور
1516,135,doing-good-deeds-on-behalf-of-the-deceased-and-gifting-them-the-reward,Doing Good Deeds on behalf of the Deceased and Gifting them the Reward,الأعمال الصالحة عن الميت وإهداء الثواب له
1517,136,obligation-of-zakah-and-ruling-of-its-abandoning,Obligation of Zakah and Ruling of Its Abandoning,وجوب الزكاة وحكم تاركها
1518,136,rulings-and-issues-of-zakah,Rulings and Issues of Zakah,أحكام ومسائل الزكاة
1519,136,zakah-of-gold-and-silver,Zakah of Gold and Silver,زكاة النقدين
1520,136,zakah-of-livestock,Zakah of Livestock,زكاة بهيمة الأنعام
1521,136,zakah-of-land-produce,Zakah of Land Produce,زكاة الخارج من الأرض
1522,136,zakat-ul-fitr-minor-eid-charity,Zakat-ul-Fitr (Minor-Eid Charity),زكاة الفطر
1523,136,channels-of-zakah-people-who-receive-zakah,Channels of Zakah (People Who Receive Zakah),مصارف الزكاة
1524,136,voluntary-charity,Voluntary Charity,صدقة التطوع
1525,137,obligation-of-fasting-and-ruling-of-its-abandoning,Obligation of Fasting and Ruling of Its Abandoning,وجوب الصيام وحكم تاركه
1526,137,virtue-of-fasting,Virtue of Fasting,فضل الصيام
1527,137,recommended-acts-of-fasting,Recommended Acts of Fasting,سنن الصيام
1528,137,sighting-the-crescent,Sighting the Crescent,رؤية الهلال
1529,137,fasting-on-the-day-of-doubt,Fasting on the Day of Doubt,صيام يوم الشك
1530,137,fasting-missed-days-of-ramadaan,Fasting Missed Days of Ramadaan,قضاء الصيام
1531,137,fasting-of-people-with-excuses,Fasting of People with Excuses,صيام أهل الأعذار
1532,137,nullifiers-of-fasting,Nullifiers of Fasting,مفسدات الصيام
1533,137,fasting-obligations,Fasting Obligations,ما يجب على الصائم
1534,137,what-is-permissible-for-the-fasting-person,What is Permissible for the Fasting Person,ما يجوز للصائم
1535,137,fasting-prohibitions,Fasting Prohibitions,ما يحرم على الصائم
1536,137,what-is-disliked-for-the-fasting-person,What is Disliked for the Fasting Person,ما يكره للصائم
1537,137,voluntary-fasting,Voluntary Fasting,صيام التطوع
1538,137,seclusion-for-worship-in-ramadaan-i‘tikaaf,Seclusion for Worship in Ramadaan (I‘tikaaf),الاعتكاف
1539,137,last-ten-days-of-ramadaan,Last Ten Days of Ramadaan,العشر الأواخر من رمضان
1540,138,obligation-of-hajj-and-‘umrah-and-ruling-of-its-abandoner,Obligation of Hajj and ‘Umrah and Ruling of Its Abandoner,وجوب الحج والعمرة وحكم تاركهما
1541,138,virtue-of-hajj-and-umrah,Virtue of Hajj and Umrah,فضل الحج والعمرة
1542,138,first-ten-days-of-dhul-hijjah-twelfth-lunar-month,First Ten Days of Dhul Hijjah (Twelfth Lunar Month),العشر من ذي الحجة
1543,138,rulings-of-al-masjid-al-haraam;-the-prophets-mosque;-and-the-aqsa-mosque,Rulings of Al-Masjid Al-Haraam; the Prophet's Mosque; and the Aqsa Mosque,أحكام المسجد الحرام والمسجد النبوي وبيت المقدس
1544,138,rulings-of-ihraam-the-ritual-state-of-consecration,Rulings of Ihraam (the Ritual State of Consecration),أحكام الإحرام
1545,138,prohibitions-of-ihraam,Prohibitions of Ihraam,محظورات الإحرام
1546,138,ransom-and-hunting-expiation,Ransom and Hunting Expiation,الفدية وجزاء الصيد
1547,138,types-of-rituals-pilgrimage,Types of Rituals (Pilgrimage),أنواع النسك
1548,138,obligations-of-‘umrah,Obligations of ‘Umrah,واجبات العمرة
1549,138,how-to-make-hajj-pilgrimage,How to Make Hajj (Pilgrimage),صفة الحج
1550,138,pillars-of-hajj-pilgrimage,Pillars of Hajj (Pilgrimage),أركان الحج
1551,138,obligations-of-hajj-pilgrimage,Obligations of Hajj (Pilgrimage),واجبات الحج
1552,138,rulings-of-the-prophets-mosque,Rulings of the Prophet's Mosque,أحكام المسجد النبوي
1553,138,sacrificial-animals-and-expiations,Sacrificial Animals and Expiations,الهدي والكفارات
1554,138,sacrifice,Sacrifice,الأضحية
1555,138,rulings-and-issues-of-hajj-and-‘umrah,Rulings and Issues of Hajj and ‘Umrah,أحكام ومسائل الحج والعمرة
1556,139,ruling-of-jihad,Ruling of Jihad,حكم الجهاد
1557,139,excellence-of-jihad,Excellence of Jihad,فضل الجهاد
1558,139,categories-of-jihad,Categories of Jihad,أقسام الجهاد
1559,139,rulings-and-issues-of-jihad,Rulings and Issues of Jihad,أحكام ومسائل الجهاد
1560,139,manners-of-jihad,Manners of Jihad,آداب الجهاد
1561,139,rulings-of-non-muslims-living-in-muslim-country,Rulings of Non-Muslims Living in Muslim Country,أحكام أهل الذمة
1562,139,rulings-of-truce-and-security,Rulings of Truce and Security,أحكام الهدنة والأمان
1563,139,rulings-of-terrorism;-assassinations;-and-explosions,Rulings of Terrorism; Assassinations; and Explosions,أحكام الإرهاب والاغتيالات والتفجيرات
1564,140,forbidden-sales,Forbidden Sales,البيوع المحرمة
1565,169,oaths,Oaths,الأيمان
1566,169,vows,Vows,النذور
1567,191,excellence-of-marriage,Excellence of Marriage,فضل النكاح
1568,191,manners-of-marriage,Manners of Marriage,آداب النكاح
1569,191,rulings-and-conditions-of-marriage,Rulings and Conditions of Marriage,أحكام وشروط النكاح
1570,191,women-unlawful-to-marry,Women Unlawful to Marry,المحرمات في النكاح
1571,191,conditions-of-marriage,Conditions of Marriage,الشروط في النكاح
1572,191,marrying-the-disbelievers,Marrying the Disbelievers,نكاح الكفار
1573,191,forbidden-marriages,Forbidden Marriages,الأنكحة المحرمة
1574,191,dowry,Dowry,الصداق
1575,191,wedding-banquet,Wedding Banquet,وليمة العرس
1576,191,marital-relations,Marital Relations,العشرة بين الزوجين
1577,192,words-of-divorce,Words of Divorce,ألفاظ الطلاق
1578,192,sunnah-divorce-and-innovative-divorce,Sunnah Divorce and Innovative Divorce,الطلاق السني والطلاق البدعي
1579,192,revocable-and-irrevocable-divorce,Revocable and Irrevocable Divorce,الطلاق الرجعي والبائن
1580,192,rulings-and-issues-of-divorce,Rulings and Issues of Divorce,أحكام ومسائل الطلاق
1581,198,rulings-of-the-waiting-period,Rulings of the Waiting Period,أحكام العدة
1582,198,the-divorced-womans-waiting-period,The Divorced Woman's Waiting Period,عدة المطلقة
1583,198,waiting-period-of-the-lost-husbands-wife,Waiting Period of the Lost Husband's Wife,عدة المفقود زوجها
1584,198,ascertaining-non-pregnancy,Ascertaining Non-Pregnancy,الاستبراء
1585,199,ruling-of-breastfeeding,Ruling of Breastfeeding,حكم الرضاع
1586,199,conditions-of-breastfeeding,Conditions of Breastfeeding,شروط الرضاع
1587,199,consequences-of-breastfeeding,Consequences of Breastfeeding,آثار الرضاع
1588,205,intermixing,Intermixing,الاختلاط
1589,205,polygamy,Polygamy,تعدد الزوجات
1590,205,men-women-relationships,Men-Women Relationships,العلاقة بين الرجل والمرأة
1591,206,naming-the-newborn,Naming the Newborn,تسمية المولود وتكنيته
1592,206,sacrificing-for-the-newborn,Sacrificing for the Newborn,العقيقة
1593,206,providing-for-children,Providing for Children,النفقة على الأولاد
1594,206,raising-children,Raising Children,تربية الأولاد
1595,211,rulings-of-ruqyah-protective-and-healing-supplications,Rulings of Ruqyah (protective and healing supplications),أحكام الرقية
1596,270,merit-and-significance-of-knowledge,Merit and Significance of Knowledge,فضل العلم وأهميته
1597,276,merits-of-the-rightly-guided-caliphs,Merits of the Rightly Guided Caliphs,فضائل الخلفاء الراشدين رضي الله عنهم
1598,287,forbidden-utterances-and-tongue-evils,Forbidden Utterances and Tongue Evils,المناهي اللفظية وآفات اللسان
1599,406,physical-attributes,Physical Attributes,الصفات الخَلْقية
1600,406,prophets-dress-code,Prophet's Dress Code,لباسه صلى الله عليه وسلم
1601,406,prophets-furniture;-stuff;-and-arms,Prophet's Furniture; Stuff; and Arms,أثاثه ومتاعه وسلاحه صلى الله عليه وسلم
1602,406,prophets-food-and-drink,Prophet's Food and Drink,طعامه وشرابه صلى الله عليه وسلم
1603,406,prophets-travel,Prophet's Travel,سفره صلى الله عليه وسلم
1604,406,moral-attributes,Moral Attributes,الصفات الخُلُقية
1605,406,prophets-guidance,Prophet's Guidance,الهدي النبوي
1606,646,prophets-generosity,Prophet's Generosity,كرمه صلى الله عليه وسلم
1607,646,prophets-modesty,Prophet's Modesty,حياؤه صلى الله عليه وسلم
1608,646,prophets-humility,Prophet's Humility,تواضعه صلى الله عليه وسلم
1609,646,prophets-courage,Prophet's Courage,شجاعته صلى الله عليه وسلم
1610,646,prophets-gentleness,Prophet's Gentleness,رفقه صلى الله عليه وسلم
1611,646,prophets-forgiveness,Prophet's Forgiveness,عفوه صلى الله عليه وسلم
1612,646,prophets-mercy,Prophet's Mercy,رحمته صلى الله عليه وسلم
1613,646,prophets-speech,Prophet's Speech,كلامه صلى الله عليه وسلم
1614,646,prophets-laughing,Prophet's Laughing,ضحكه صلى الله عليه وسلم
1615,646,prophets-crying,Prophet's Crying,بكاؤه صلى الله عليه وسلم
1616,646,prophets-compassion,Prophet's Compassion,شفقته صلى الله عليه وسلم
1617,646,prophets-asceticism,Prophet's Asceticism,زهده صلى الله عليه وسلم
1618,646,prophets-justice,Prophet's Justice,عدله صلى الله عليه وسلم
1619,646,prophets-forbearance,Prophet's Forbearance,حلمه صلى الله عليه وسلم
1620,647,prophets-guidance-on-public-speaking,Prophet's Guidance on Public Speaking,هديه صلى الله عليه وسلم في خطبه
1621,647,prophets-guidance-on-purification,Prophet's Guidance on Purification,هديه صلى الله عليه وسلم في التطهر
1622,647,prophets-guidance-on-prayer,Prophet's Guidance on Prayer,هديه صلى الله عليه وسلم في الصلاة
1623,647,prophets-guidance-on-fasting,Prophet's Guidance on Fasting,هديه صلى الله عليه وسلم في الصوم
1624,647,prophets-guidance-on-funerals,Prophet's Guidance on Funerals,هديه صلى الله عليه وسلم في الجنائز
1625,647,prophets-guidance-on-marriage-and-treating-ones-wife,Prophet's Guidance on Marriage and Treating One's Wife,هديه صلى الله عليه وسلم في النكاح ومعاشرته أهله
1626,409,the-battle-of-yamaamah,The Battle of Yamaamah,معركة اليمامة
1627,415,rulings-and-manners-of-eid,Rulings and Manners of Eid,أحكام وآداب العيد
1628,134,the-rulings-of-mosques,The rulings of mosques,أحكام المساجد
1629,137,ramadan,Ramadan,رمضان
1630,133,wiping-over-leather-socks-and-the-like,Wiping Over Leather Socks and the like,المسح على الخفين ونحوهما
1631,367,prophetic-characteristics,Prophetic characteristics,الخصائص النبوية
1632,10,interpretation-of-verses,Interpretation of verses,تفسير الآيات
1633,,the-noble-quran-and-quranic-sciences,The Noble Qur'an and Qur'anic Sciences,القرآن الكريم وعلومه
1634,,the-hadith-and-hadith-sciences,The Hadith and Hadith Sciences,الحديث وعلومه
1635,,the-creed,The Creed,العقيدة
1636,,jurisprudence-and-juristic-principles,Jurisprudence and Juristic Principles,الفقه وأصوله
1637,,virtues-and-manners,Virtues and Manners,الفضائل والآداب
1638,,da‘wah-and-hisbah,Da‘wah and Hisbah,الدعوة والحسبة
1639,,seerah-and-history,Seerah and History,السيرة والتاريخ
1640,1,revelation-and-collection-of-the-quran,Revelation and Collection of the Qur'an,نزول القرآن وجمعه
1641,1,modes-of-quranic-recitation-and-tajweed,Modes of Qur'anic Recitation and Tajweed,القراءات والتجويد
1642,1,quranic-exegesis,Qur'anic Exegesis,تفسير القرآن
1643,1,general-quranic-topics,General Qur'anic Topics,مباحث قرآنية عامة
1644,1,excellence-of-the-quran,Excellence of the Qur'an,فضائل القرآن
1645,8,occasions-of-revelation,Occasions of Revelation,أسباب النزول
1646,8,abrogating-and-abrogated-verses,Abrogating and Abrogated Verses,الناسخ والمنسوخ
1647,8,collecting-the-quran,Collecting the Qur'an,جمع القرآن
1648,9,seven-modes-of-the-quranic-revelation,Seven Modes of the Qur'anic Revelation,الأحرف السبعة
1649,9,science-of-tajweed,Science of Tajweed,علم التجويد
1650,9,stops-and-starts,Stops and Starts,الوقف والابتداء
1651,10,rules-and-principles-of-exegesis,Rules and Principles of Exegesis,أصول التفسير وقواعده
1652,11,rulings-of-the-quran-and-codices,Rulings of the Qur'an and Codices,أحكام القرآن والمصاحف
1653,11,manners-of-reading-and-memorizing-the-quran,Manners of Reading and Memorizing the Qur'an,آداب قراءة القرآن وحملته
1654,11,refuting-allegations-against-the-quran,Refuting Allegations against the Qur'an,رد الشبهات حول القرآن
1655,11,inference-from-the-quran,Inference from the Qur'an,الاستنباط من القرآن
1656,12,merit-of-taking-care-of-the-quran,Merit of Taking Care of the Qur'an,فضل العناية بالقرآن
1657,12,virtues-of-surahs-and-verses,Virtues of Surahs and Verses,فضائل السور والآيات
1658,2,general-sunnah-topics,General Sunnah Topics,مباحث عامة في السنة
1659,44,significance-and-status-of-the-sunnah,Significance and Status of the Sunnah,أهمية السنة ومكانتها
1660,44,writing-the-sunnah,Writing the Sunnah,تدوين السنة النبوية
1661,3,belief-in-allah-the-mighty-and-majestic,Belief in Allah the Mighty and Majestic,الإيمان بالله عز وجل
1662,3,belief-in-the-angels,Belief in the Angels,الإيمان بالملائكة
1663,3,belief-in-the-revealed-books,Belief in the Revealed Books,الإيمان بالكتب
1664,3,belief-in-the-messengers,Belief in the Messengers,الإيمان بالرسل
1665,3,belief-in-the-last-day,Belief in the Last Day,الإيمان باليوم الآخر
1666,3,belief-in-the-divine-decree-and-fate,Belief in the Divine Decree and Fate,الإيمان بالقضاء والقدر
1667,3,names-and-rulings,Names and Rulings,الأسماء والأحكام
1668,3,the-companions,The Companions,الصحابة
1669,3,the-prophets-family,The Prophet's Family,آل البيت
1670,3,allegiance-and-dissociation,Allegiance and Dissociation,الولاء والبراء
1671,3,people-of-the-sunnah-and-the-community,People of the Sunnah and the Community,أهل السنة والجماعة
1672,3,sects-and-schools,Sects and Schools,الفرق والمذاهب
1673,59,oneness-of-allahs-lordship,Oneness of Allah's Lordship,توحيد الربوبية
1674,59,oneness-of-allahs-worship,Oneness of Allah's Worship,توحيد الألوهية
1675,59,oneness-of-allahs-names-and-attributes,Oneness of Allah's Names and Attributes,توحيد الأسماء والصفات
1676,60,the-angels,The Angels,الملائكة
1677,60,the-jinn,The Jinn,الجن
1678,61,pre-islamic-scriptures,Pre-Islamic Scriptures,الكتب السابقة
1679,61,the-quran,The Qur'an,القرآن
1680,62,prophethood,Prophethood,النبوة
1681,62,pre-islamic-prophets-and-messengers;-peace-be-upon-them,Pre-Islamic Prophets and Messengers; peace be upon them,الأنبياء والرسل السابقين عليهم السلام
1682,62,our-prophet-muhammad;-may-allahs-peace-and-blessings-be-upon-him,Our Prophet Muhammad; may Allah's peace and blessings be upon him,نبينا محمد صلى الله عليه وسلم
1683,62,miracles-of-the-pious-allies-of-allah,Miracles of the Pious Allies of Allah,كرامات الأولياء
1684,63,the-barzakh-life-after-death-period,The Barzakh Life (After death Period),الحياة البرزخية
1685,63,portents-of-the-hour,Portents of the Hour,أشراط الساعة
1686,63,the-hereafter-life,The Hereafter Life,الحياة الآخرة
1687,64,levels-of-divine-decree-and-fate,Levels of Divine Decree and Fate,مراتب القضاء والقدر
1688,64,issues-of-divine-decree-and-fate,Issues of Divine Decree and Fate,مسائل القضاء والقدر
1689,65,islam,Islam,الإسلام
1690,65,nullifiers-of-islam,Nullifiers of Islam,نواقض الإسلام
1691,65,issues-of-pre-islamic-era,Issues of Pre-Islamic Era,مسائل الجاهلية
1692,65,increase-and-decrease-of-faith,Increase and Decrease of Faith,زيادة الإيمان ونقصانه
1693,65,branches-of-faith,Branches of Faith,شعب الإيمان
1694,65,disbelief,Disbelief,الكفر
1695,65,polytheism,Polytheism,الشرك
1696,65,hypocrisy,Hypocrisy,النفاق
1697,65,immorality,Immorality,الفسق
1698,65,religious-innovation,Religious Innovation,البدعة
1699,66,merit-of-the-companions,Merit of the Companions,فضل الصحابة رضي الله عنهم
1700,66,belief-in-the-the-companions,Belief in the the Companions,الاعتقاد في الصحابة رضي الله عنهم
1701,66,degrees-of-the-companions,Degrees of the Companions,درجات الصحابة رضي الله عنهم
1702,67,merit-of-the-prophets-family,Merit of the Prophet's Family,فضل آل البيت
1703,67,merit-of-the-mothers-of-the-believers,Merit of the Mothers of the Believers,فضل أمهات المؤمنين
1704,67,belief-in-the-prophets-family,Belief in the Prophet's Family,الاعتقاد في آل البيت
1705,67,rights-of-the-prophets-family,Rights of the Prophet's Family,حقوق آل البيت
1706,68,rulings-of-allegiance-and-dissociation,Rulings of Allegiance and Dissociation,أحكام الولاء والبراء
1707,68,forbidden-emulation,Forbidden Emulation,التشبه المنهي عنه
1708,68,emigration-and-its-rulings,Emigration and its Rulings,الهجرة وأحكامها
1709,68,desertion-and-its-conditions,Desertion and its Conditions,الهجر وشروطه
1710,69,characteristics-of-the-people-of-the-sunnah-and-the-community,Characteristics of the People of the Sunnah and the Community,خصائص أهل السنة والجماعة
1711,71,old-sects-and-schools,Old Sects and Schools,الفرق والمذاهب القديمة النشأة
1712,4,jurisprudence-of-acts-of-worship,Jurisprudence of Acts of Worship,فقه العبادات
1713,4,jurisprudence-of-transactions,Jurisprudence of Transactions,فقه المعاملات
1714,4,religious-obligations,Religious Obligations,الفرائض
1715,4,family-jurisprudence,Family Jurisprudence,فقه الأسرة
1716,4,spiritual-and-physical-therapy,Spiritual and Physical Therapy,الطب والتداوي والرقية الشرعية
1717,4,foods-and-drinks,Foods and Drinks,الأطعمة والأشربة
1718,4,crimes,Crimes,الجنايات
1719,4,prescribed-punishments,Prescribed Punishments,الحدود
1720,4,judiciary,Judiciary,القضاء
1721,4,principles-of-islamic-jurisprudence,Principles of Islamic Jurisprudence,أصول الفقه
1722,121,purification,Purification,الطهارة
1723,121,prayer,Prayer,الصلاة
1724,121,funerals,Funerals,الجنائز
1725,121,zakah,Zakah,الزكاة
1726,121,fasting,Fasting,الصيام
1727,121,hajj-and-‘umrah,Hajj and ‘Umrah,الحج والعمرة
1728,121,jihad,Jihad,الجهاد
1729,122,sales,Sales,البيوع
1730,140,conditions-of-sale,Conditions of Sale,شروط البيع
1731,140,sale-related-stipulations,Sale-Related Stipulations,الشروط في البيع
1732,140,selling-assets-and-fruits,Selling Assets and Fruits,بيع الأصول والثمار
1733,122,advance-payment,Advance Payment,السلم
1734,122,usury,Usury,الربا
1735,122,loan,Loan,القرض
1736,122,mortgage,Mortgage,الرهن
1737,122,collateral-and-surety,Collateral and Surety,الضمان والكفالة
1738,122,conciliation-and-neighborhood-rulings,Conciliation and Neighborhood Rulings,الصلح وأحكام الجوار
1739,122,interdiction,Interdiction,الحَجْر
1740,122,partnership,Partnership,الشركة
1741,122,sharecropping,Sharecropping,المساقاة والمزارعة
1742,122,racing-and-gambling,Racing and Gambling,السبق والقمار والميسر
1743,122,usurpation,Usurpation,الغصب
1744,122,preemption,Preemption,الشفعة
1745,122,found-item-and-foundling,Found Item and Foundling,اللقطة واللقيط
1746,122,endowment,Endowment,الوقف
1747,122,gift,Gift,الهبة والعطية
1748,122,bequest,Bequest,الوصية
1749,122,manumission,Manumission,العتق
1750,122,oaths-and-vows,Oaths and Vows,الأيمان والنذور
1751,123,conditions-of-inheritance,Conditions of Inheritance,شروط الإرث
1752,123,impediments-of-inheritance,Impediments of Inheritance,موانع الإرث
1753,123,agnates,Agnates,العـصبة
1754,123,inheritance-shares-of-blood-relatives,Inheritance Shares of Blood Relatives,ميراث ذوي الأرحام
1755,123,inheritance-shares-of-embryos,Inheritance Shares of Embryos,ميراث الحمل
1756,124,marriage,Marriage,النكاح
1757,124,divorce,Divorce,الطلاق
1758,124,remarriage-with-ones-divorcee,Remarriage with One's Divorcee,الرجعة
1759,124,wife-initiated-divorce,Wife-Initiated Divorce,الخلع
1760,124,oath-to-abstain-from-intercourse-with-ones-wife,Oath to Abstain from Intercourse with One's Wife,الإيلاء
1761,124,zihaar-likening-ones-wife-to-an-unmarrriagble-woman,Zihaar (Likening one's wife to an unmarrriagble woman),الظهار
1762,124,oath-of-condemnation,Oath of Condemnation,اللعان
1763,124,waiting-period,Waiting Period,العدة
1764,124,breastfeeding,Breastfeeding,الرضاع
1765,124,custody,Custody,الحضانة
1766,124,expenses,Expenses,النفقات
1767,124,clothing-and-adornment,Clothing and Adornment,اللباس والزينة
1768,124,muslim-society,Muslim Society,المجتمع المسلم
1769,124,rulings-of-women,Rulings of Women,أحكام النساء
1770,124,rulings-of-newborns,Rulings of Newborns,أحكام المولود
1771,125,prophetic-medicine,Prophetic Medicine,الطب النبوي
1772,125,rulings-of-medication,Rulings of Medication,أحكام التداوي
1773,125,ruqyah-healing-and-protective-supplications,Ruqyah (Healing and Protective Supplications),الرقية الشرعية
1774,126,rulings-of-foods-and-drinks,Rulings of Foods and Drinks,أحكام الأطعمة والأشربة
1775,126,lawful-and-unlawful-animals-and-birds,Lawful and Unlawful Animals and Birds,ما يحل ويحرم من الحيوانات والطيور
1776,126,slaughtering,Slaughtering,التذكية
1777,126,hunting,Hunting,الصيد
1778,126,forbidden-drinks,Forbidden Drinks,الأشربة المحرمة
1779,127,retribution,Retribution,القصاص
1780,127,blood-money,Blood Money,الديات
1781,128,rulings-of-prescribed-punishments,Rulings of Prescribed Punishments,أحكام الحدود
1782,128,conditions-of-implementing-prescribed-punishments,Conditions of implementing Prescribed Punishments,شروط إقامة الحدود
1783,128,prescribed-punishment-for-adultery,Prescribed Punishment for Adultery,حد الزنا
1784,128,prescribed-punishment-for-calumny,Prescribed Punishment for Calumny,حد القذف
1785,128,prescribed-punishment-for-drinking-alcohol,Prescribed Punishment for Drinking Alcohol,حد الخمر
1786,128,prescribed-punishment-for-theft,Prescribed Punishment for Theft,حد السرقة
1787,128,prescribed-punishment-for-highway-robbery,Prescribed Punishment for Highway Robbery,حد قطاع الطريق
1788,128,prescribed-punishment-for-apostasy,Prescribed Punishment for Apostasy,حد الردة
1789,128,rulings-of-discretionary-punishments,Rulings of Discretionary Punishments,أحكام التعزير
1790,129,judiciary:-its-ruling;-merit;-and-significance,Judiciary: Its Ruling; Merit; and Significance,حكم القضاء وفضله وخطره
1791,129,manners-of-judges,Manners of Judges,آداب القاضي
1792,129,claims-and-proofs,Claims and Proofs,الدعاوى والبيِّنات
1793,129,testimonies,Testimonies,الشهادات
1794,132,shariah-ruling,Shariah Ruling,الحكم الشرعي
1795,132,juristic-and-usooli-juristic-priciples-rules,Juristic and Usooli (Juristic Priciples) Rules,القواعد الفقهية والأصولية
1796,132,religious-assignment-and-its-conditions,Religious Assignment and its Conditions,التكليف وشروطه
1797,132,the-book-the-quran,The Book (the Qur'an),الكتاب (القرآن)
1798,132,abrogation,Abrogation,النسخ
1799,132,significations-and-inference,Significations and Inference,دلالات الألفاظ وكيفية الاستنباط
1800,132,personal-reasoning-and-imitation,Personal Reasoning and Imitation,الاجتهاد والتقليد
1801,132,divergence-and-preponderance,Divergence and Preponderance,التعارض والترجيح
1802,132,shariah-objectives,Shariah Objectives,مقاصد الشريعة
1803,5,virtues,Virtues,الفضائل
1804,5,jurisprudence-of-ethics,Jurisprudence of Ethics,فقه الأخلاق
1805,5,shariah-approved-manners,Shariah-approved Manners,الآداب الشرعية
1806,5,jurisprudence-of-supplications-and-remembrance-of-allah,Jurisprudence of Supplications and Remembrance of Allah,فقه الأدعية والأذكار
1807,5,heart-softeners-and-sermons,Heart-Softeners and Sermons,الرقائق والمواعظ
1808,265,excellence-of-knowledge,Excellence of Knowledge,فضل العلم
1809,265,excellence-of-monotheism,Excellence of Monotheism,فضائل التوحيد
1810,265,merits-of-the-noble-quran,Merits of the Noble Qur'an,فضائل القرآن الكريم
1811,265,merits-of-being-dutiful-to-ones-parents,Merits of Being Dutiful to One's Parents,فضائل بر الوالدين
1812,265,merits-of-maintaining-kinship-ties,Merits of Maintaining Kinship Ties,فضائل صلة الأرحام
1813,265,merits-of-prophets-family,Merits of Prophet's Family,فضائل آل البيت رضي الله عنهم
1814,265,merits-of-the-companions,Merits of the Companions,فضائل الصحابة رضي الله عنهم
1815,265,merits-of-good-deeds,Merits of Good Deeds,فضائل الأعمال الصالحة
1816,265,merits-of-remembering-allah,Merits of Remembering Allah,فضائل الذكر
1817,265,merits-of-supplication,Merits of Supplication,فضل الدعاء
1818,265,merits-of-heart-acts,Merits of Heart Acts,فضائل أعمال القلوب
1819,265,merits-of-organs-acts,Merits of Organs' Acts,فضائل أعمال الجوارح
1820,266,praiseworthy-morals,Praiseworthy Morals,الأخلاق الحميدة
1821,266,blameworthy-morals,Blameworthy Morals,الأخلاق الذميمة
1822,267,manners-of-scholars-and-learners,Manners of Scholars and Learners,آداب العالم والمتعلم
1823,267,etiquettes-of-reciting-the-noble-qur’an,Etiquettes of Reciting the Noble Qur’an,آداب تلاوة القرآن الكريم
1824,267,manners-of-greeting-and-seeking-permission,Manners of Greeting and Seeking Permission,آداب السلام والاستئذان
1825,267,manners-of-speaking-and-keeping-silent,Manners of Speaking and Keeping Silent,آداب الكلام والصمت
1826,267,manners-of-divergence,Manners of Divergence,آداب الخلاف
1827,267,manners-of-debate,Manners of Debate,آداب المناظرة
1828,267,manners-of-eating-and-drinking,Manners of Eating and Drinking,آداب الأكل والشرب
1829,267,manners-of-the-road-and-the-market,Manners of the Road and the Market,آداب الطريق والسوق
1830,267,manners-and-rulings-of-travel,Manners and Rulings of Travel,آداب وأحكام السفر
1831,267,manners-of-sleeping-and-waking-up,Manners of Sleeping and Waking Up,آداب النوم والاستيقاظ
1832,267,manners-of-visions,Manners of Visions,آداب الرؤيا
1833,267,manners-of-visiting-and-seeking-permission,Manners of Visiting and Seeking Permission,آداب الزيارة والاستئذان
1834,267,manners-of-sneezing-and-yawning,Manners of Sneezing and Yawning,آداب العطاس والتثاؤب
1835,267,manners-of-visiting-the-sick,Manners of Visiting the Sick,آداب عيادة المريض
1836,267,manners-of-dressing,Manners of Dressing,آداب اللباس
1837,268,prophetic-guidance-on-remembering-allah,Prophetic Guidance on Remembering Allah,هدي النبي صلى الله عليه وسلم في الذكر
1838,268,benefits-of-remembering-allah,Benefits of Remembering Allah,فوائد ذكر الله عز وجل
1839,268,morning-and-evening-dhikr,Morning and Evening Dhikr,أذكار الصباح والمساء
1840,268,timeless-dhikr,Timeless Dhikr,الأذكار المطلقة
1841,268,dhikr-on-entering-and-leaving-the-house,Dhikr on Entering and Leaving the House,أذكار الدخول والخروج من المنزل
1842,268,dhikr-on-entering-and-leaving-the-bathroom,Dhikr on Entering and Leaving the Bathroom,أذكار الدخول والخروج من الخلاء
1843,268,dhikr-on-entering-and-leaving-the-mosque,Dhikr on Entering and Leaving the Mosque,أذكار الدخول والخروج من المسجد
1844,268,hard-times-dhikr,Hard Times Dhikr,الأذكار التي تقال في أوقات الشدة
1845,268,dhikr-on-special-occasions,Dhikr on Special Occasions,الأذكار للأمور العارضة
1846,268,rulings-of-supplication,Rulings of Supplication,أحكام الدعاء
1847,268,types-of-supplication,Types of Supplication,أنواع الدعاء
1848,268,manners-of-supplication,Manners of Supplication,آداب الدعاء
1849,268,causes-for-answering-or-not-answering-supplications,Causes for Answering or not Answering Supplications,أسباب إجابة الدعاء وموانعه
1850,268,reported-supplications,Reported Supplications,الأدعية المأثورة
1851,269,acts-of-heart,Acts of Heart,أعمال القلوب
1852,269,heart-diseases,Heart Diseases,أمراض القلوب
1853,269,asceticism-and-piety,Asceticism and Piety,الزهد والورع
1854,269,states-of-the-righteous-believers,States of the Righteous Believers,أحوال الصالحين
1855,269,condemning-sins,Condemning Sins,ذم المعاصي
1856,269,condemning-love-of-the-world,Condemning Love of the World,ذم حب الدنيا
1857,269,condemning-whims-and-desires,Condemning Whims and Desires,ذَمُّ الهوى والشَّهوات
1858,269,repentance,Repentance,التوبة
1859,269,purification-of-souls,Purification of Souls,تزكية النفوس
1860,269,terrors-of-the-graves,Terrors of the Graves,أهوال القبور
1861,269,descriptions-of-paradise-and-hell,Descriptions of Paradise and Hell,صفات الجنة والنار
1862,6,calling-to-allah-da‘wah,Calling to Allah (Da‘wah),الدعوة إلى الله
1863,6,enjoining-good-and-forbidding-evil,Enjoining Good and Forbidding Evil,الأمر بالمعروف والنهي عن المنكر
1864,6,shariah-approved-politics,Shariah-approved Politics,السياسة الشرعية
1865,6,islamic-culture,Islamic Culture,الثقافة الإسلامية
1866,325,ruling-of-calling-to-allah,Ruling of Calling to Allah,حكم الدعوة إلى الله
1867,325,manners-of-calling-to-allah,Manners of Calling to Allah,آداب الدعوة إلى الله
1868,325,backgrounds-and-duties-of-the-callers-to-allah,Backgrounds and Duties of the Callers to Allah,سير الدعاة وواجباتهم
1869,325,excellence-and-merits-of-islam,Excellence and Merits of Islam,فضل الإسلام ومحاسنه
1870,325,universality-of-islam,Universality of Islam,عموم الدين الإسلامي
1871,325,human-rights-in-islam,Human Rights in Islam,حقوق الإنسان في الإسلام
1872,325,animal-rights-in-islam,Animal Rights in Islam,حقوق الحيوان في الإسلام
1873,326,ruling-of-enjoining-good-and-forbidding-evil,Ruling of Enjoining Good and Forbidding Evil,حكم الأمر بالمعروف والنهي عن المنكر
1874,326,excellence-of-enjoining-good-and-forbidding-evil,Excellence of Enjoining Good and Forbidding Evil,فضل الأمر بالمعروف والنهي عن المنكر
1875,326,manners-of-enjoining-good-and-forbidding-evil,Manners of Enjoining Good and Forbidding Evil,آداب الأمر بالمعروف والنهي عن المنكر
1876,326,principles-of-enjoining-good-and-forbidding-evil,Principles of Enjoining Good and Forbidding Evil,أصول الأمر بالمعروف والنهي عن المنكر
1877,326,requirements-of-enjoining-good-and-forbidding-evil,Requirements of Enjoining Good and Forbidding Evil,شروط الأمر بالمعروف والنهي عن المنكر
1878,326,rulings-and-issues-of-enjoining-good-and-forbidding-evil,Rulings and Issues of Enjoining Good and Forbidding Evil,أحكام ومسائل متعلقة بالأمر بالمعروف والنهي عن المنكر
1879,327,ways-of-electing-the-supreme-muslim-imam-ruler,Ways of Electing the Supreme Muslim Imam (Ruler),طرق اختيار الإمام للإمامة الكبرى
1880,327,requirements-of-the-supreme-imamate-leadership,Requirements of the Supreme Imamate (Leadership),شروط الإمامة العظمى
1881,327,duties-of-the-imam,Duties of the Imam,واجبات الإمام
1882,327,imams-rights-over-the-subjects,Imam's Rights over the Subjects,حق الإمام على الرعية
1883,327,rebelling-against-the-muslim-ruler,Rebelling against the Muslim Ruler,الخروج على الإمام
1884,327,international-relations-in-islam,International Relations in Islam,العلاقات الدولية في الإسلام
1885,327,consultation-system-in-islam,Consultation System in Islam,نظام الشورى في الإسلام
1886,328,islamic-civilization,Islamic Civilization,الحضارة الإسلامية
1887,7,prophets-biography,Prophet's Biography,السيرة النبوية
1888,7,history,History,التاريخ
1889,367,prophets-lineage,Prophet's Lineage,نسبه صلى الله عليه وسلم
1890,367,prophets-wives-and-family-issues,Prophet's Wives and Family Issues,زوجاته صلى الله عليه وسلم وأحوال بيت النبوة
1891,367,prophets-children,Prophet's Children,أولاده صلى الله عليه وسلم
1892,367,prophets-servants,Prophet's Servants,خدمه صلى الله عليه وسلم
1893,367,prophets-life-before-mission,Prophet's Life before Mission,حياته قبل البعثة صلى الله عليه وسلم
1894,367,prophets-mission,Prophet's Mission,مبعثه صلى الله عليه وسلم
1895,367,the-makkan-period,The Makkan Period,العهد المكي
1896,367,the-emigration-hijrah,The Emigration (Hijrah),الهجرة
1897,367,the-madinan-period,The Madinan Period,العهد المدني
1898,367,prophets-battles-and-expeditions,Prophet's Battles and Expeditions,غزواته وسراياه صلى الله عليه وسلم
1899,367,prophets-correspondences,Prophet's Correspondences,مكاتباته ومراسلاته صلى الله عليه وسلم
1900,367,prophets-death,Prophet's Death,وفاته صلى الله عليه وسلم
1901,367,muhammadan-qualities,Muhammadan Qualities,الشمائل المحمدية
1902,368,stories-and-conditions-of-pre-islamic-nations,Stories and Conditions of Pre-Islamic Nations,قصص وأحوال الأمم السابقة
1903,368,history-of-makkah;-madinah;-and-the-aqsa-jerusalem,History of Makkah; Madinah; and the Aqsa (Jerusalem),تاريخ مكة والمدينة والأقصى
1904,368,wars-and-battles,Wars and Battles,الحروب والغزوات
1905,368,biographies-of-famous-figures,Biographies (of Famous Figures),التراجم وسير الأعلام
1906,368,countries-and-figures,Countries and Figures,البلدان والأعلام
1907,368,periodical-occasions,Periodical Occasions,مناسبات دورية
1908,100,ahl-us-sunnahs-sunni-stance-on-religious-innovators,Ahl-us-Sunnah's (Sunni) Stance on Religious Innovators,موقف أهل السنة من أهل البدع
1909,133,rulings-of-water,Rulings of Water,أحكام المياه
1910,133,removing-impurities,Removing Impurities,إزالة النجاسات
1911,133,utensils,Utensils,الآنية
1912,133,toilet-manners,Toilet Manners,آداب قضاء الحاجة
1913,133,natural-cleanliness-practices,Natural Cleanliness Practices,سنن الفطرة
1914,133,ablution,Ablution,الوضوء
1915,133,ritual-bath,Ritual Bath,الغسل
1916,133,dry-ablution,Dry Ablution,التيمم
1917,133,menses;-postpartum-bleeding;-extra-menses-bleeding,Menses; Postpartum Bleeding; Extra-Menses Bleeding,الحيض والنفاس والاستحاضة
1918,437,excellence-of-ablution,Excellence of Ablution,فضل الوضوء
1919,437,pillars-of-ablution,Pillars of Ablution,أركان الوضوء
1920,437,recommended-acts-and-manners-of-ablution,Recommended Acts and Manners of Ablution,سنن وآداب الوضوء
1921,437,method-of-ablution,Method of Ablution,صفة الوضوء
1922,437,nullifiers-of-ablution,Nullifiers of Ablution,نواقض الوضوء
1923,438,rulings-of-the-ritual-bath,Rulings of the Ritual Bath,أحكام الغسل
1924,438,causes-of-obligatory-ritual-bath,Causes of Obligatory Ritual Bath,موجبات الغسل
1925,438,recommended-manners-of-the-ritual-bath,Recommended Manners of the Ritual Bath,سنن وآداب الغسل
1926,134,obligation-of-prayer-and-ruling-on-its-abandoner,Obligation of Prayer and Ruling on Its Abandoner,وجوب الصلاة وحكم تاركها
1927,134,virtue-of-prayer,Virtue of Prayer,فضل الصلاة
1928,134,the-azan-and-iqaamah,The Azan and Iqaamah,الأذان والإقامة
1929,134,times-not-to-pray,Times Not to Pray,أوقات النهي عن الصلاة
1930,134,conditions-of-prayer,Conditions of Prayer,شروط الصلاة
1931,134,pillars-of-prayer,Pillars of Prayer,أركان الصلاة
1932,134,obligatory-acts-of-prayer,Obligatory Acts of Prayer,واجبات الصلاة
1933,134,recommended-acts-of-prayer,Recommended Acts of Prayer,سنن الصلاة
1934,134,method-of-prayer,Method of Prayer,صفة الصلاة
1935,134,dhikr-invocation-during-prayer,Dhikr (Invocation) during Prayer,أذكار الصلاة
1936,134,nullifiers-of-prayer,Nullifiers of Prayer,مبطلات الصلاة
1937,134,mistakes-during-prayer,Mistakes during Prayer,أخطاء المصلين
1938,134,prostration-of-forgetfulness;-recitation;-gratitude,Prostration of Forgetfulness; Recitation; Gratitude,سجود السهو والتلاوة والشكر
1939,134,virtue-and-rulings-of-congregational-prayer,Virtue and Rulings of Congregational Prayer,فضل صلاة الجماعة وأحكامها
1940,134,rulings-of-the-imam-and-followers-in-prayer,Rulings of the Imam and Followers in Prayer,أحكام الإمام والمأموم
1941,134,prayer-of-the-people-with-excuses,Prayer of the People with Excuses,صلاة أهل الأعذار
1942,134,jumu‘ah-friday-prayer,Jumu‘ah (Friday) Prayer,صلاة الجمعة
1943,134,voluntary-prayer,Voluntary Prayer,صلاة التطوع
1944,134,prayer-of-fear,Prayer of Fear,صلاة الخوف
1945,472,virtue-of-friday,Virtue of Friday,فضل يوم الجمعة
1946,472,merit-of-jumu‘ah-prayer,Merit of Jumu‘ah Prayer,فضل صلاة الجمعة
1947,472,rulings-of-jumu‘ah-prayer,Rulings of Jumu‘ah Prayer,أحكام صلاة الجمعة
1948,472,rulings-of-jumu‘ah-sermon,Rulings of Jumu‘ah Sermon,أحكام خطبة الجمعة
1949,473,virtue-of-voluntary-prayer,Virtue of Voluntary Prayer,فضل صلاة التطوع
1950,473,regular-sunnah-recommended-prayers,Regular Sunnah (Recommended) Prayers,السنن الرواتب
1951,473,voluntary-night-prayer-qiyaam,Voluntary Night Prayer (Qiyaam),قيام الليل
1952,473,prayer-of-the-two-eids,Prayer of the Two Eids,صلاة العيدين
1953,134,prayer-of-the-solar-and-lunar-eclipse,Prayer of the Solar and Lunar Eclipse,صلاة الكسوف والخسوف
1954,134,rain-seeking-prayer,Rain-Seeking Prayer,صلاة الاستسقاء
1955,473,forenoon-prayer,Forenoon Prayer,صلاة الضحى
1956,473,guidance-seeking-prayer,Guidance-Seeking Prayer,صلاة الاستخارة
1957,135,death-and-its-rulings,Death and Its Rulings,الموت وأحكامه
1958,135,washing-the-dead,Washing the Dead,غسل الميت
1959,135,method-of-praying-over-the-dead,Method of Praying over the Dead,صفة الصلاة على الميت
1960,135,carrying-and-burying-the-dead,Carrying and Burying the Dead,حمل الميت ودفنه
1961,135,consolation,Consolation,التعزية
1962,135,visiting-the-graves,Visiting the Graves,زيارة القبور
1963,135,doing-good-deeds-on-behalf-of-the-deceased-and-gifting-them-the-reward,Doing Good Deeds on behalf of the Deceased and Gifting them the Reward,الأعمال الصالحة عن الميت وإهداء الثواب له
1964,136,obligation-of-zakah-and-ruling-of-its-abandoning,Obligation of Zakah and Ruling of Its Abandoning,وجوب الزكاة وحكم تاركها
1965,136,rulings-and-issues-of-zakah,Rulings and Issues of Zakah,أحكام ومسائل الزكاة
1966,136,zakah-of-gold-and-silver,Zakah of Gold and Silver,زكاة النقدين
1967,136,zakah-of-livestock,Zakah of Livestock,زكاة بهيمة الأنعام
1968,136,zakah-of-land-produce,Zakah of Land Produce,زكاة الخارج من الأرض
1969,136,zakat-ul-fitr-minor-eid-charity,Zakat-ul-Fitr (Minor-Eid Charity),زكاة الفطر
1970,136,channels-of-zakah-people-who-receive-zakah,Channels of Zakah (People Who Receive Zakah),مصارف الزكاة
1971,136,voluntary-charity,Voluntary Charity,صدقة التطوع
1972,137,obligation-of-fasting-and-ruling-of-its-abandoning,Obligation of Fasting and Ruling of Its Abandoning,وجوب الصيام وحكم تاركه
1973,137,virtue-of-fasting,Virtue of Fasting,فضل الصيام
1974,137,recommended-acts-of-fasting,Recommended Acts of Fasting,سنن الصيام
1975,137,sighting-the-crescent,Sighting the Crescent,رؤية الهلال
1976,137,fasting-on-the-day-of-doubt,Fasting on the Day of Doubt,صيام يوم الشك
1977,137,fasting-missed-days-of-ramadaan,Fasting Missed Days of Ramadaan,قضاء الصيام
1978,137,fasting-of-people-with-excuses,Fasting of People with Excuses,صيام أهل الأعذار
1979,137,nullifiers-of-fasting,Nullifiers of Fasting,مفسدات الصيام
1980,137,fasting-obligations,Fasting Obligations,ما يجب على الصائم
1981,137,what-is-permissible-for-the-fasting-person,What is Permissible for the Fasting Person,ما يجوز للصائم
1982,137,fasting-prohibitions,Fasting Prohibitions,ما يحرم على الصائم
1983,137,what-is-disliked-for-the-fasting-person,What is Disliked for the Fasting Person,ما يكره للصائم
1984,137,voluntary-fasting,Voluntary Fasting,صيام التطوع
1985,137,seclusion-for-worship-in-ramadaan-i‘tikaaf,Seclusion for Worship in Ramadaan (I‘tikaaf),الاعتكاف
1986,137,last-ten-days-of-ramadaan,Last Ten Days of Ramadaan,العشر الأواخر من رمضان
1987,138,obligation-of-hajj-and-‘umrah-and-ruling-of-its-abandoner,Obligation of Hajj and ‘Umrah and Ruling of Its Abandoner,وجوب الحج والعمرة وحكم تاركهما
1988,138,virtue-of-hajj-and-umrah,Virtue of Hajj and Umrah,فضل الحج والعمرة
1989,138,first-ten-days-of-dhul-hijjah-twelfth-lunar-month,First Ten Days of Dhul Hijjah (Twelfth Lunar Month),العشر من ذي الحجة
1990,138,rulings-of-al-masjid-al-haraam;-the-prophets-mosque;-and-the-aqsa-mosque,Rulings of Al-Masjid Al-Haraam; the Prophet's Mosque; and the Aqsa Mosque,أحكام المسجد الحرام والمسجد النبوي وبيت المقدس
1991,138,rulings-of-ihraam-the-ritual-state-of-consecration,Rulings of Ihraam (the Ritual State of Consecration),أحكام الإحرام
1992,138,prohibitions-of-ihraam,Prohibitions of Ihraam,محظورات الإحرام
1993,138,ransom-and-hunting-expiation,Ransom and Hunting Expiation,الفدية وجزاء الصيد
1994,138,types-of-rituals-pilgrimage,Types of Rituals (Pilgrimage),أنواع النسك
1995,138,obligations-of-‘umrah,Obligations of ‘Umrah,واجبات العمرة
1996,138,how-to-make-hajj-pilgrimage,How to Make Hajj (Pilgrimage),صفة الحج
1997,138,pillars-of-hajj-pilgrimage,Pillars of Hajj (Pilgrimage),أركان الحج
1998,138,obligations-of-hajj-pilgrimage,Obligations of Hajj (Pilgrimage),واجبات الحج
1999,138,rulings-of-the-prophets-mosque,Rulings of the Prophet's Mosque,أحكام المسجد النبوي
2000,138,sacrificial-animals-and-expiations,Sacrificial Animals and Expiations,الهدي والكفارات
2001,138,sacrifice,Sacrifice,الأضحية
2002,138,rulings-and-issues-of-hajj-and-‘umrah,Rulings and Issues of Hajj and ‘Umrah,أحكام ومسائل الحج والعمرة
2003,139,ruling-of-jihad,Ruling of Jihad,حكم الجهاد
2004,139,excellence-of-jihad,Excellence of Jihad,فضل الجهاد
2005,139,categories-of-jihad,Categories of Jihad,أقسام الجهاد
2006,139,rulings-and-issues-of-jihad,Rulings and Issues of Jihad,أحكام ومسائل الجهاد
2007,139,manners-of-jihad,Manners of Jihad,آداب الجهاد
2008,139,rulings-of-non-muslims-living-in-muslim-country,Rulings of Non-Muslims Living in Muslim Country,أحكام أهل الذمة
2009,139,rulings-of-truce-and-security,Rulings of Truce and Security,أحكام الهدنة والأمان
2010,139,rulings-of-terrorism;-assassinations;-and-explosions,Rulings of Terrorism; Assassinations; and Explosions,أحكام الإرهاب والاغتيالات والتفجيرات
2011,140,forbidden-sales,Forbidden Sales,البيوع المحرمة
2012,169,oaths,Oaths,الأيمان
2013,169,vows,Vows,النذور
2014,191,excellence-of-marriage,Excellence of Marriage,فضل النكاح
2015,191,manners-of-marriage,Manners of Marriage,آداب النكاح
2016,191,rulings-and-conditions-of-marriage,Rulings and Conditions of Marriage,أحكام وشروط النكاح
2017,191,women-unlawful-to-marry,Women Unlawful to Marry,المحرمات في النكاح
2018,191,conditions-of-marriage,Conditions of Marriage,الشروط في النكاح
2019,191,marrying-the-disbelievers,Marrying the Disbelievers,نكاح الكفار
2020,191,forbidden-marriages,Forbidden Marriages,الأنكحة المحرمة
2021,191,dowry,Dowry,الصداق
2022,191,wedding-banquet,Wedding Banquet,وليمة العرس
2023,191,marital-relations,Marital Relations,العشرة بين الزوجين
2024,192,words-of-divorce,Words of Divorce,ألفاظ الطلاق
2025,192,sunnah-divorce-and-innovative-divorce,Sunnah Divorce and Innovative Divorce,الطلاق السني والطلاق البدعي
2026,192,revocable-and-irrevocable-divorce,Revocable and Irrevocable Divorce,الطلاق الرجعي والبائن
2027,192,rulings-and-issues-of-divorce,Rulings and Issues of Divorce,أحكام ومسائل الطلاق
2028,198,rulings-of-the-waiting-period,Rulings of the Waiting Period,أحكام العدة
2029,198,the-divorced-womans-waiting-period,The Divorced Woman's Waiting Period,عدة المطلقة
2030,198,waiting-period-of-the-lost-husbands-wife,Waiting Period of the Lost Husband's Wife,عدة المفقود زوجها
2031,198,ascertaining-non-pregnancy,Ascertaining Non-Pregnancy,الاستبراء
2032,199,ruling-of-breastfeeding,Ruling of Breastfeeding,حكم الرضاع
2033,199,conditions-of-breastfeeding,Conditions of Breastfeeding,شروط الرضاع
2034,199,consequences-of-breastfeeding,Consequences of Breastfeeding,آثار الرضاع
2035,205,intermixing,Intermixing,الاختلاط
2036,205,polygamy,Polygamy,تعدد الزوجات
2037,205,men-women-relationships,Men-Women Relationships,العلاقة بين الرجل والمرأة
2038,206,naming-the-newborn,Naming the Newborn,تسمية المولود وتكنيته
2039,206,sacrificing-for-the-newborn,Sacrificing for the Newborn,العقيقة
2040,206,providing-for-children,Providing for Children,النفقة على الأولاد
2041,206,raising-children,Raising Children,تربية الأولاد
2042,211,rulings-of-ruqyah-protective-and-healing-supplications,Rulings of Ruqyah (protective and healing supplications),أحكام الرقية
2043,270,merit-and-significance-of-knowledge,Merit and Significance of Knowledge,فضل العلم وأهميته
2044,276,merits-of-the-rightly-guided-caliphs,Merits of the Rightly Guided Caliphs,فضائل الخلفاء الراشدين رضي الله عنهم
2045,287,forbidden-utterances-and-tongue-evils,Forbidden Utterances and Tongue Evils,المناهي اللفظية وآفات اللسان
2046,406,physical-attributes,Physical Attributes,الصفات الخَلْقية
2047,406,prophets-dress-code,Prophet's Dress Code,لباسه صلى الله عليه وسلم
2048,406,prophets-furniture;-stuff;-and-arms,Prophet's Furniture; Stuff; and Arms,أثاثه ومتاعه وسلاحه صلى الله عليه وسلم
2049,406,prophets-food-and-drink,Prophet's Food and Drink,طعامه وشرابه صلى الله عليه وسلم
2050,406,prophets-travel,Prophet's Travel,سفره صلى الله عليه وسلم
2051,406,moral-attributes,Moral Attributes,الصفات الخُلُقية
2052,406,prophets-guidance,Prophet's Guidance,الهدي النبوي
2053,646,prophets-generosity,Prophet's Generosity,كرمه صلى الله عليه وسلم
2054,646,prophets-modesty,Prophet's Modesty,حياؤه صلى الله عليه وسلم
2055,646,prophets-humility,Prophet's Humility,تواضعه صلى الله عليه وسلم
2056,646,prophets-courage,Prophet's Courage,شجاعته صلى الله عليه وسلم
2057,646,prophets-gentleness,Prophet's Gentleness,رفقه صلى الله عليه وسلم
2058,646,prophets-forgiveness,Prophet's Forgiveness,عفوه صلى الله عليه وسلم
2059,646,prophets-mercy,Prophet's Mercy,رحمته صلى الله عليه وسلم
2060,646,prophets-speech,Prophet's Speech,كلامه صلى الله عليه وسلم
2061,646,prophets-laughing,Prophet's Laughing,ضحكه صلى الله عليه وسلم
2062,646,prophets-crying,Prophet's Crying,بكاؤه صلى الله عليه وسلم
2063,646,prophets-compassion,Prophet's Compassion,شفقته صلى الله عليه وسلم
2064,646,prophets-asceticism,Prophet's Asceticism,زهده صلى الله عليه وسلم
2065,646,prophets-justice,Prophet's Justice,عدله صلى الله عليه وسلم
2066,646,prophets-forbearance,Prophet's Forbearance,حلمه صلى الله عليه وسلم
2067,647,prophets-guidance-on-public-speaking,Prophet's Guidance on Public Speaking,هديه صلى الله عليه وسلم في خطبه
2068,647,prophets-guidance-on-purification,Prophet's Guidance on Purification,هديه صلى الله عليه وسلم في التطهر
2069,647,prophets-guidance-on-prayer,Prophet's Guidance on Prayer,هديه صلى الله عليه وسلم في الصلاة
2070,647,prophets-guidance-on-fasting,Prophet's Guidance on Fasting,هديه صلى الله عليه وسلم في الصوم
2071,647,prophets-guidance-on-funerals,Prophet's Guidance on Funerals,هديه صلى الله عليه وسلم في الجنائز
2072,647,prophets-guidance-on-marriage-and-treating-ones-wife,Prophet's Guidance on Marriage and Treating One's Wife,هديه صلى الله عليه وسلم في النكاح ومعاشرته أهله
2073,409,the-battle-of-yamaamah,The Battle of Yamaamah,معركة اليمامة
2074,415,rulings-and-manners-of-eid,Rulings and Manners of Eid,أحكام وآداب العيد
2075,134,the-rulings-of-mosques,The rulings of mosques,أحكام المساجد
2076,137,ramadan,Ramadan,رمضان
2077,133,wiping-over-leather-socks-and-the-like,Wiping Over Leather Socks and the like,المسح على الخفين ونحوهما
2078,367,prophetic-characteristics,Prophetic characteristics,الخصائص النبوية
2079,10,interpretation-of-verses,Interpretation of verses,تفسير الآيات
2080,,the-noble-quran-and-quranic-sciences,The Noble Qur'an and Qur'anic Sciences,القرآن الكريم وعلومه
2081,,the-hadith-and-hadith-sciences,The Hadith and Hadith Sciences,الحديث وعلومه
2082,,the-creed,The Creed,العقيدة
2083,,jurisprudence-and-juristic-principles,Jurisprudence and Juristic Principles,الفقه وأصوله
2084,,virtues-and-manners,Virtues and Manners,الفضائل والآداب
2085,,da‘wah-and-hisbah,Da‘wah and Hisbah,الدعوة والحسبة
2086,,seerah-and-history,Seerah and History,السيرة والتاريخ
2087,1,revelation-and-collection-of-the-quran,Revelation and Collection of the Qur'an,نزول القرآن وجمعه
2088,1,modes-of-quranic-recitation-and-tajweed,Modes of Qur'anic Recitation and Tajweed,القراءات والتجويد
2089,1,quranic-exegesis,Qur'anic Exegesis,تفسير القرآن
2090,1,general-quranic-topics,General Qur'anic Topics,مباحث قرآنية عامة
2091,1,excellence-of-the-quran,Excellence of the Qur'an,فضائل القرآن
2092,8,occasions-of-revelation,Occasions of Revelation,أسباب النزول
2093,8,abrogating-and-abrogated-verses,Abrogating and Abrogated Verses,الناسخ والمنسوخ
2094,8,collecting-the-quran,Collecting the Qur'an,جمع القرآن
2095,9,seven-modes-of-the-quranic-revelation,Seven Modes of the Qur'anic Revelation,الأحرف السبعة
2096,9,science-of-tajweed,Science of Tajweed,علم التجويد
2097,9,stops-and-starts,Stops and Starts,الوقف والابتداء
2098,10,rules-and-principles-of-exegesis,Rules and Principles of Exegesis,أصول التفسير وقواعده
2099,11,rulings-of-the-quran-and-codices,Rulings of the Qur'an and Codices,أحكام القرآن والمصاحف
2100,11,manners-of-reading-and-memorizing-the-quran,Manners of Reading and Memorizing the Qur'an,آداب قراءة القرآن وحملته
2101,11,refuting-allegations-against-the-quran,Refuting Allegations against the Qur'an,رد الشبهات حول القرآن
2102,11,inference-from-the-quran,Inference from the Qur'an,الاستنباط من القرآن
2103,12,merit-of-taking-care-of-the-quran,Merit of Taking Care of the Qur'an,فضل العناية بالقرآن
2104,12,virtues-of-surahs-and-verses,Virtues of Surahs and Verses,فضائل السور والآيات
2105,2,general-sunnah-topics,General Sunnah Topics,مباحث عامة في السنة
2106,44,significance-and-status-of-the-sunnah,Significance and Status of the Sunnah,أهمية السنة ومكانتها
2107,44,writing-the-sunnah,Writing the Sunnah,تدوين السنة النبوية
2108,3,belief-in-allah-the-mighty-and-majestic,Belief in Allah the Mighty and Majestic,الإيمان بالله عز وجل
2109,3,belief-in-the-angels,Belief in the Angels,الإيمان بالملائكة
2110,3,belief-in-the-revealed-books,Belief in the Revealed Books,الإيمان بالكتب
2111,3,belief-in-the-messengers,Belief in the Messengers,الإيمان بالرسل
2112,3,belief-in-the-last-day,Belief in the Last Day,الإيمان باليوم الآخر
2113,3,belief-in-the-divine-decree-and-fate,Belief in the Divine Decree and Fate,الإيمان بالقضاء والقدر
2114,3,names-and-rulings,Names and Rulings,الأسماء والأحكام
2115,3,the-companions,The Companions,الصحابة
2116,3,the-prophets-family,The Prophet's Family,آل البيت
2117,3,allegiance-and-dissociation,Allegiance and Dissociation,الولاء والبراء
2118,3,people-of-the-sunnah-and-the-community,People of the Sunnah and the Community,أهل السنة والجماعة
2119,3,sects-and-schools,Sects and Schools,الفرق والمذاهب
2120,59,oneness-of-allahs-lordship,Oneness of Allah's Lordship,توحيد الربوبية
2121,59,oneness-of-allahs-worship,Oneness of Allah's Worship,توحيد الألوهية
2122,59,oneness-of-allahs-names-and-attributes,Oneness of Allah's Names and Attributes,توحيد الأسماء والصفات
2123,60,the-angels,The Angels,الملائكة
2124,60,the-jinn,The Jinn,الجن
2125,61,pre-islamic-scriptures,Pre-Islamic Scriptures,الكتب السابقة
2126,61,the-quran,The Qur'an,القرآن
2127,62,prophethood,Prophethood,النبوة
2128,62,pre-islamic-prophets-and-messengers;-peace-be-upon-them,Pre-Islamic Prophets and Messengers; peace be upon them,الأنبياء والرسل السابقين عليهم السلام
2129,62,our-prophet-muhammad;-may-allahs-peace-and-blessings-be-upon-him,Our Prophet Muhammad; may Allah's peace and blessings be upon him,نبينا محمد صلى الله عليه وسلم
2130,62,miracles-of-the-pious-allies-of-allah,Miracles of the Pious Allies of Allah,كرامات الأولياء
2131,63,the-barzakh-life-after-death-period,The Barzakh Life (After death Period),الحياة البرزخية
2132,63,portents-of-the-hour,Portents of the Hour,أشراط الساعة
2133,63,the-hereafter-life,The Hereafter Life,الحياة الآخرة
2134,64,levels-of-divine-decree-and-fate,Levels of Divine Decree and Fate,مراتب القضاء والقدر
2135,64,issues-of-divine-decree-and-fate,Issues of Divine Decree and Fate,مسائل القضاء والقدر
2136,65,islam,Islam,الإسلام
2137,65,nullifiers-of-islam,Nullifiers of Islam,نواقض الإسلام
2138,65,issues-of-pre-islamic-era,Issues of Pre-Islamic Era,مسائل الجاهلية
2139,65,increase-and-decrease-of-faith,Increase and Decrease of Faith,زيادة الإيمان ونقصانه
2140,65,branches-of-faith,Branches of Faith,شعب الإيمان
2141,65,disbelief,Disbelief,الكفر
2142,65,polytheism,Polytheism,الشرك
2143,65,hypocrisy,Hypocrisy,النفاق
2144,65,immorality,Immorality,الفسق
2145,65,religious-innovation,Religious Innovation,البدعة
2146,66,merit-of-the-companions,Merit of the Companions,فضل الصحابة رضي الله عنهم
2147,66,belief-in-the-the-companions,Belief in the the Companions,الاعتقاد في الصحابة رضي الله عنهم
2148,66,degrees-of-the-companions,Degrees of the Companions,درجات الصحابة رضي الله عنهم
2149,67,merit-of-the-prophets-family,Merit of the Prophet's Family,فضل آل البيت
2150,67,merit-of-the-mothers-of-the-believers,Merit of the Mothers of the Believers,فضل أمهات المؤمنين
2151,67,belief-in-the-prophets-family,Belief in the Prophet's Family,الاعتقاد في آل البيت
2152,67,rights-of-the-prophets-family,Rights of the Prophet's Family,حقوق آل البيت
2153,68,rulings-of-allegiance-and-dissociation,Rulings of Allegiance and Dissociation,أحكام الولاء والبراء
2154,68,forbidden-emulation,Forbidden Emulation,التشبه المنهي عنه
2155,68,emigration-and-its-rulings,Emigration and its Rulings,الهجرة وأحكامها
2156,68,desertion-and-its-conditions,Desertion and its Conditions,الهجر وشروطه
2157,69,characteristics-of-the-people-of-the-sunnah-and-the-community,Characteristics of the People of the Sunnah and the Community,خصائص أهل السنة والجماعة
2158,71,old-sects-and-schools,Old Sects and Schools,الفرق والمذاهب القديمة النشأة
2159,4,jurisprudence-of-acts-of-worship,Jurisprudence of Acts of Worship,فقه العبادات
2160,4,jurisprudence-of-transactions,Jurisprudence of Transactions,فقه المعاملات
2161,4,religious-obligations,Religious Obligations,الفرائض
2162,4,family-jurisprudence,Family Jurisprudence,فقه الأسرة
2163,4,spiritual-and-physical-therapy,Spiritual and Physical Therapy,الطب والتداوي والرقية الشرعية
2164,4,foods-and-drinks,Foods and Drinks,الأطعمة والأشربة
2165,4,crimes,Crimes,الجنايات
2166,4,prescribed-punishments,Prescribed Punishments,الحدود
2167,4,judiciary,Judiciary,القضاء
2168,4,principles-of-islamic-jurisprudence,Principles of Islamic Jurisprudence,أصول الفقه
2169,121,purification,Purification,الطهارة
2170,121,prayer,Prayer,الصلاة
2171,121,funerals,Funerals,الجنائز
2172,121,zakah,Zakah,الزكاة
2173,121,fasting,Fasting,الصيام
2174,121,hajj-and-‘umrah,Hajj and ‘Umrah,الحج والعمرة
2175,121,jihad,Jihad,الجهاد
2176,122,sales,Sales,البيوع
2177,140,conditions-of-sale,Conditions of Sale,شروط البيع
2178,140,sale-related-stipulations,Sale-Related Stipulations,الشروط في البيع
2179,140,selling-assets-and-fruits,Selling Assets and Fruits,بيع الأصول والثمار
2180,122,advance-payment,Advance Payment,السلم
2181,122,usury,Usury,الربا
2182,122,loan,Loan,القرض
2183,122,mortgage,Mortgage,الرهن
2184,122,collateral-and-surety,Collateral and Surety,الضمان والكفالة
2185,122,conciliation-and-neighborhood-rulings,Conciliation and Neighborhood Rulings,الصلح وأحكام الجوار
2186,122,interdiction,Interdiction,الحَجْر
2187,122,partnership,Partnership,الشركة
2188,122,sharecropping,Sharecropping,المساقاة والمزارعة
2189,122,racing-and-gambling,Racing and Gambling,السبق والقمار والميسر
2190,122,usurpation,Usurpation,الغصب
2191,122,preemption,Preemption,الشفعة
2192,122,found-item-and-foundling,Found Item and Foundling,اللقطة واللقيط
2193,122,endowment,Endowment,الوقف
2194,122,gift,Gift,الهبة والعطية
2195,122,bequest,Bequest,الوصية
2196,122,manumission,Manumission,العتق
2197,122,oaths-and-vows,Oaths and Vows,الأيمان والنذور
2198,123,conditions-of-inheritance,Conditions of Inheritance,شروط الإرث
2199,123,impediments-of-inheritance,Impediments of Inheritance,موانع الإرث
2200,123,agnates,Agnates,العـصبة
2201,123,inheritance-shares-of-blood-relatives,Inheritance Shares of Blood Relatives,ميراث ذوي الأرحام
2202,123,inheritance-shares-of-embryos,Inheritance Shares of Embryos,ميراث الحمل
2203,124,marriage,Marriage,النكاح
2204,124,divorce,Divorce,الطلاق
2205,124,remarriage-with-ones-divorcee,Remarriage with One's Divorcee,الرجعة
2206,124,wife-initiated-divorce,Wife-Initiated Divorce,الخلع
2207,124,oath-to-abstain-from-intercourse-with-ones-wife,Oath to Abstain from Intercourse with One's Wife,الإيلاء
2208,124,zihaar-likening-ones-wife-to-an-unmarrriagble-woman,Zihaar (Likening one's wife to an unmarrriagble woman),الظهار
2209,124,oath-of-condemnation,Oath of Condemnation,اللعان
2210,124,waiting-period,Waiting Period,العدة
2211,124,breastfeeding,Breastfeeding,الرضاع
2212,124,custody,Custody,الحضانة
2213,124,expenses,Expenses,النفقات
2214,124,clothing-and-adornment,Clothing and Adornment,اللباس والزينة
2215,124,muslim-society,Muslim Society,المجتمع المسلم
2216,124,rulings-of-women,Rulings of Women,أحكام النساء
2217,124,rulings-of-newborns,Rulings of Newborns,أحكام المولود
2218,125,prophetic-medicine,Prophetic Medicine,الطب النبوي
2219,125,rulings-of-medication,Rulings of Medication,أحكام التداوي
2220,125,ruqyah-healing-and-protective-supplications,Ruqyah (Healing and Protective Supplications),الرقية الشرعية
2221,126,rulings-of-foods-and-drinks,Rulings of Foods and Drinks,أحكام الأطعمة والأشربة
2222,126,lawful-and-unlawful-animals-and-birds,Lawful and Unlawful Animals and Birds,ما يحل ويحرم من الحيوانات والطيور
2223,126,slaughtering,Slaughtering,التذكية
2224,126,hunting,Hunting,الصيد
2225,126,forbidden-drinks,Forbidden Drinks,الأشربة المحرمة
2226,127,retribution,Retribution,القصاص
2227,127,blood-money,Blood Money,الديات
2228,128,rulings-of-prescribed-punishments,Rulings of Prescribed Punishments,أحكام الحدود
2229,128,conditions-of-implementing-prescribed-punishments,Conditions of implementing Prescribed Punishments,شروط إقامة الحدود
2230,128,prescribed-punishment-for-adultery,Prescribed Punishment for Adultery,حد الزنا
2231,128,prescribed-punishment-for-calumny,Prescribed Punishment for Calumny,حد القذف
2232,128,prescribed-punishment-for-drinking-alcohol,Prescribed Punishment for Drinking Alcohol,حد الخمر
2233,128,prescribed-punishment-for-theft,Prescribed Punishment for Theft,حد السرقة
2234,128,prescribed-punishment-for-highway-robbery,Prescribed Punishment for Highway Robbery,حد قطاع الطريق
2235,128,prescribed-punishment-for-apostasy,Prescribed Punishment for Apostasy,حد الردة
2236,128,rulings-of-discretionary-punishments,Rulings of Discretionary Punishments,أحكام التعزير
2237,129,judiciary:-its-ruling;-merit;-and-significance,Judiciary: Its Ruling; Merit; and Significance,حكم القضاء وفضله وخطره
2238,129,manners-of-judges,Manners of Judges,آداب القاضي
2239,129,claims-and-proofs,Claims and Proofs,الدعاوى والبيِّنات
2240,129,testimonies,Testimonies,الشهادات
2241,132,shariah-ruling,Shariah Ruling,الحكم الشرعي
2242,132,juristic-and-usooli-juristic-priciples-rules,Juristic and Usooli (Juristic Priciples) Rules,القواعد الفقهية والأصولية
2243,132,religious-assignment-and-its-conditions,Religious Assignment and its Conditions,التكليف وشروطه
2244,132,the-book-the-quran,The Book (the Qur'an),الكتاب (القرآن)
2245,132,abrogation,Abrogation,النسخ
2246,132,significations-and-inference,Significations and Inference,دلالات الألفاظ وكيفية الاستنباط
2247,132,personal-reasoning-and-imitation,Personal Reasoning and Imitation,الاجتهاد والتقليد
2248,132,divergence-and-preponderance,Divergence and Preponderance,التعارض والترجيح
2249,132,shariah-objectives,Shariah Objectives,مقاصد الشريعة
2250,5,virtues,Virtues,الفضائل
2251,5,jurisprudence-of-ethics,Jurisprudence of Ethics,فقه الأخلاق
2252,5,shariah-approved-manners,Shariah-approved Manners,الآداب الشرعية
2253,5,jurisprudence-of-supplications-and-remembrance-of-allah,Jurisprudence of Supplications and Remembrance of Allah,فقه الأدعية والأذكار
2254,5,heart-softeners-and-sermons,Heart-Softeners and Sermons,الرقائق والمواعظ
2255,265,excellence-of-knowledge,Excellence of Knowledge,فضل العلم
2256,265,excellence-of-monotheism,Excellence of Monotheism,فضائل التوحيد
2257,265,merits-of-the-noble-quran,Merits of the Noble Qur'an,فضائل القرآن الكريم
2258,265,merits-of-being-dutiful-to-ones-parents,Merits of Being Dutiful to One's Parents,فضائل بر الوالدين
2259,265,merits-of-maintaining-kinship-ties,Merits of Maintaining Kinship Ties,فضائل صلة الأرحام
2260,265,merits-of-prophets-family,Merits of Prophet's Family,فضائل آل البيت رضي الله عنهم
2261,265,merits-of-the-companions,Merits of the Companions,فضائل الصحابة رضي الله عنهم
2262,265,merits-of-good-deeds,Merits of Good Deeds,فضائل الأعمال الصالحة
2263,265,merits-of-remembering-allah,Merits of Remembering Allah,فضائل الذكر
2264,265,merits-of-supplication,Merits of Supplication,فضل الدعاء
2265,265,merits-of-heart-acts,Merits of Heart Acts,فضائل أعمال القلوب
2266,265,merits-of-organs-acts,Merits of Organs' Acts,فضائل أعمال الجوارح
2267,266,praiseworthy-morals,Praiseworthy Morals,الأخلاق الحميدة
2268,266,blameworthy-morals,Blameworthy Morals,الأخلاق الذميمة
2269,267,manners-of-scholars-and-learners,Manners of Scholars and Learners,آداب العالم والمتعلم
2270,267,etiquettes-of-reciting-the-noble-qur’an,Etiquettes of Reciting the Noble Qur’an,آداب تلاوة القرآن الكريم
2271,267,manners-of-greeting-and-seeking-permission,Manners of Greeting and Seeking Permission,آداب السلام والاستئذان
2272,267,manners-of-speaking-and-keeping-silent,Manners of Speaking and Keeping Silent,آداب الكلام والصمت
2273,267,manners-of-divergence,Manners of Divergence,آداب الخلاف
2274,267,manners-of-debate,Manners of Debate,آداب المناظرة
2275,267,manners-of-eating-and-drinking,Manners of Eating and Drinking,آداب الأكل والشرب
2276,267,manners-of-the-road-and-the-market,Manners of the Road and the Market,آداب الطريق والسوق
2277,267,manners-and-rulings-of-travel,Manners and Rulings of Travel,آداب وأحكام السفر
2278,267,manners-of-sleeping-and-waking-up,Manners of Sleeping and Waking Up,آداب النوم والاستيقاظ
2279,267,manners-of-visions,Manners of Visions,آداب الرؤيا
2280,267,manners-of-visiting-and-seeking-permission,Manners of Visiting and Seeking Permission,آداب الزيارة والاستئذان
2281,267,manners-of-sneezing-and-yawning,Manners of Sneezing and Yawning,آداب العطاس والتثاؤب
2282,267,manners-of-visiting-the-sick,Manners of Visiting the Sick,آداب عيادة المريض
2283,267,manners-of-dressing,Manners of Dressing,آداب اللباس
2284,268,prophetic-guidance-on-remembering-allah,Prophetic Guidance on Remembering Allah,هدي النبي صلى الله عليه وسلم في الذكر
2285,268,benefits-of-remembering-allah,Benefits of Remembering Allah,فوائد ذكر الله عز وجل
2286,268,morning-and-evening-dhikr,Morning and Evening Dhikr,أذكار الصباح والمساء
2287,268,timeless-dhikr,Timeless Dhikr,الأذكار المطلقة
2288,268,dhikr-on-entering-and-leaving-the-house,Dhikr on Entering and Leaving the House,أذكار الدخول والخروج من المنزل
2289,268,dhikr-on-entering-and-leaving-the-bathroom,Dhikr on Entering and Leaving the Bathroom,أذكار الدخول والخروج من الخلاء
2290,268,dhikr-on-entering-and-leaving-the-mosque,Dhikr on Entering and Leaving the Mosque,أذكار الدخول والخروج من المسجد
2291,268,hard-times-dhikr,Hard Times Dhikr,الأذكار التي تقال في أوقات الشدة
2292,268,dhikr-on-special-occasions,Dhikr on Special Occasions,الأذكار للأمور العارضة
2293,268,rulings-of-supplication,Rulings of Supplication,أحكام الدعاء
2294,268,types-of-supplication,Types of Supplication,أنواع الدعاء
2295,268,manners-of-supplication,Manners of Supplication,آداب الدعاء
2296,268,causes-for-answering-or-not-answering-supplications,Causes for Answering or not Answering Supplications,أسباب إجابة الدعاء وموانعه
2297,268,reported-supplications,Reported Supplications,الأدعية المأثورة
2298,269,acts-of-heart,Acts of Heart,أعمال القلوب
2299,269,heart-diseases,Heart Diseases,أمراض القلوب
2300,269,asceticism-and-piety,Asceticism and Piety,الزهد والورع
2301,269,states-of-the-righteous-believers,States of the Righteous Believers,أحوال الصالحين
2302,269,condemning-sins,Condemning Sins,ذم المعاصي
2303,269,condemning-love-of-the-world,Condemning Love of the World,ذم حب الدنيا
2304,269,condemning-whims-and-desires,Condemning Whims and Desires,ذَمُّ الهوى والشَّهوات
2305,269,repentance,Repentance,التوبة
2306,269,purification-of-souls,Purification of Souls,تزكية النفوس
2307,269,terrors-of-the-graves,Terrors of the Graves,أهوال القبور
2308,269,descriptions-of-paradise-and-hell,Descriptions of Paradise and Hell,صفات الجنة والنار
2309,6,calling-to-allah-da‘wah,Calling to Allah (Da‘wah),الدعوة إلى الله
2310,6,enjoining-good-and-forbidding-evil,Enjoining Good and Forbidding Evil,الأمر بالمعروف والنهي عن المنكر
2311,6,shariah-approved-politics,Shariah-approved Politics,السياسة الشرعية
2312,6,islamic-culture,Islamic Culture,الثقافة الإسلامية
2313,325,ruling-of-calling-to-allah,Ruling of Calling to Allah,حكم الدعوة إلى الله
2314,325,manners-of-calling-to-allah,Manners of Calling to Allah,آداب الدعوة إلى الله
2315,325,backgrounds-and-duties-of-the-callers-to-allah,Backgrounds and Duties of the Callers to Allah,سير الدعاة وواجباتهم
2316,325,excellence-and-merits-of-islam,Excellence and Merits of Islam,فضل الإسلام ومحاسنه
2317,325,universality-of-islam,Universality of Islam,عموم الدين الإسلامي
2318,325,human-rights-in-islam,Human Rights in Islam,حقوق الإنسان في الإسلام
2319,325,animal-rights-in-islam,Animal Rights in Islam,حقوق الحيوان في الإسلام
2320,326,ruling-of-enjoining-good-and-forbidding-evil,Ruling of Enjoining Good and Forbidding Evil,حكم الأمر بالمعروف والنهي عن المنكر
2321,326,excellence-of-enjoining-good-and-forbidding-evil,Excellence of Enjoining Good and Forbidding Evil,فضل الأمر بالمعروف والنهي عن المنكر
2322,326,manners-of-enjoining-good-and-forbidding-evil,Manners of Enjoining Good and Forbidding Evil,آداب الأمر بالمعروف والنهي عن المنكر
2323,326,principles-of-enjoining-good-and-forbidding-evil,Principles of Enjoining Good and Forbidding Evil,أصول الأمر بالمعروف والنهي عن المنكر
2324,326,requirements-of-enjoining-good-and-forbidding-evil,Requirements of Enjoining Good and Forbidding Evil,شروط الأمر بالمعروف والنهي عن المنكر
2325,326,rulings-and-issues-of-enjoining-good-and-forbidding-evil,Rulings and Issues of Enjoining Good and Forbidding Evil,أحكام ومسائل متعلقة بالأمر بالمعروف والنهي عن المنكر
2326,327,ways-of-electing-the-supreme-muslim-imam-ruler,Ways of Electing the Supreme Muslim Imam (Ruler),طرق اختيار الإمام للإمامة الكبرى
2327,327,requirements-of-the-supreme-imamate-leadership,Requirements of the Supreme Imamate (Leadership),شروط الإمامة العظمى
2328,327,duties-of-the-imam,Duties of the Imam,واجبات الإمام
2329,327,imams-rights-over-the-subjects,Imam's Rights over the Subjects,حق الإمام على الرعية
2330,327,rebelling-against-the-muslim-ruler,Rebelling against the Muslim Ruler,الخروج على الإمام
2331,327,international-relations-in-islam,International Relations in Islam,العلاقات الدولية في الإسلام
2332,327,consultation-system-in-islam,Consultation System in Islam,نظام الشورى في الإسلام
2333,328,islamic-civilization,Islamic Civilization,الحضارة الإسلامية
2334,7,prophets-biography,Prophet's Biography,السيرة النبوية
2335,7,history,History,التاريخ
2336,367,prophets-lineage,Prophet's Lineage,نسبه صلى الله عليه وسلم
2337,367,prophets-wives-and-family-issues,Prophet's Wives and Family Issues,زوجاته صلى الله عليه وسلم وأحوال بيت النبوة
2338,367,prophets-children,Prophet's Children,أولاده صلى الله عليه وسلم
2339,367,prophets-servants,Prophet's Servants,خدمه صلى الله عليه وسلم
2340,367,prophets-life-before-mission,Prophet's Life before Mission,حياته قبل البعثة صلى الله عليه وسلم
2341,367,prophets-mission,Prophet's Mission,مبعثه صلى الله عليه وسلم
2342,367,the-makkan-period,The Makkan Period,العهد المكي
2343,367,the-emigration-hijrah,The Emigration (Hijrah),الهجرة
2344,367,the-madinan-period,The Madinan Period,العهد المدني
2345,367,prophets-battles-and-expeditions,Prophet's Battles and Expeditions,غزواته وسراياه صلى الله عليه وسلم
2346,367,prophets-correspondences,Prophet's Correspondences,مكاتباته ومراسلاته صلى الله عليه وسلم
2347,367,prophets-death,Prophet's Death,وفاته صلى الله عليه وسلم
2348,367,muhammadan-qualities,Muhammadan Qualities,الشمائل المحمدية
2349,368,stories-and-conditions-of-pre-islamic-nations,Stories and Conditions of Pre-Islamic Nations,قصص وأحوال الأمم السابقة
2350,368,history-of-makkah;-madinah;-and-the-aqsa-jerusalem,History of Makkah; Madinah; and the Aqsa (Jerusalem),تاريخ مكة والمدينة والأقصى
2351,368,wars-and-battles,Wars and Battles,الحروب والغزوات
2352,368,biographies-of-famous-figures,Biographies (of Famous Figures),التراجم وسير الأعلام
2353,368,countries-and-figures,Countries and Figures,البلدان والأعلام
2354,368,periodical-occasions,Periodical Occasions,مناسبات دورية
2355,100,ahl-us-sunnahs-sunni-stance-on-religious-innovators,Ahl-us-Sunnah's (Sunni) Stance on Religious Innovators,موقف أهل السنة من أهل البدع
2356,133,rulings-of-water,Rulings of Water,أحكام المياه
2357,133,removing-impurities,Removing Impurities,إزالة النجاسات
2358,133,utensils,Utensils,الآنية
2359,133,toilet-manners,Toilet Manners,آداب قضاء الحاجة
2360,133,natural-cleanliness-practices,Natural Cleanliness Practices,سنن الفطرة
2361,133,ablution,Ablution,الوضوء
2362,133,ritual-bath,Ritual Bath,الغسل
2363,133,dry-ablution,Dry Ablution,التيمم
2364,133,menses;-postpartum-bleeding;-extra-menses-bleeding,Menses; Postpartum Bleeding; Extra-Menses Bleeding,الحيض والنفاس والاستحاضة
2365,437,excellence-of-ablution,Excellence of Ablution,فضل الوضوء
2366,437,pillars-of-ablution,Pillars of Ablution,أركان الوضوء
2367,437,recommended-acts-and-manners-of-ablution,Recommended Acts and Manners of Ablution,سنن وآداب الوضوء
2368,437,method-of-ablution,Method of Ablution,صفة الوضوء
2369,437,nullifiers-of-ablution,Nullifiers of Ablution,نواقض الوضوء
2370,438,rulings-of-the-ritual-bath,Rulings of the Ritual Bath,أحكام الغسل
2371,438,causes-of-obligatory-ritual-bath,Causes of Obligatory Ritual Bath,موجبات الغسل
2372,438,recommended-manners-of-the-ritual-bath,Recommended Manners of the Ritual Bath,سنن وآداب الغسل
2373,134,obligation-of-prayer-and-ruling-on-its-abandoner,Obligation of Prayer and Ruling on Its Abandoner,وجوب الصلاة وحكم تاركها
2374,134,virtue-of-prayer,Virtue of Prayer,فضل الصلاة
2375,134,the-azan-and-iqaamah,The Azan and Iqaamah,الأذان والإقامة
2376,134,times-not-to-pray,Times Not to Pray,أوقات النهي عن الصلاة
2377,134,conditions-of-prayer,Conditions of Prayer,شروط الصلاة
2378,134,pillars-of-prayer,Pillars of Prayer,أركان الصلاة
2379,134,obligatory-acts-of-prayer,Obligatory Acts of Prayer,واجبات الصلاة
2380,134,recommended-acts-of-prayer,Recommended Acts of Prayer,سنن الصلاة
2381,134,method-of-prayer,Method of Prayer,صفة الصلاة
2382,134,dhikr-invocation-during-prayer,Dhikr (Invocation) during Prayer,أذكار الصلاة
2383,134,nullifiers-of-prayer,Nullifiers of Prayer,مبطلات الصلاة
2384,134,mistakes-during-prayer,Mistakes during Prayer,أخطاء المصلين
2385,134,prostration-of-forgetfulness;-recitation;-gratitude,Prostration of Forgetfulness; Recitation; Gratitude,سجود السهو والتلاوة والشكر
2386,134,virtue-and-rulings-of-congregational-prayer,Virtue and Rulings of Congregational Prayer,فضل صلاة الجماعة وأحكامها
2387,134,rulings-of-the-imam-and-followers-in-prayer,Rulings of the Imam and Followers in Prayer,أحكام الإمام والمأموم
2388,134,prayer-of-the-people-with-excuses,Prayer of the People with Excuses,صلاة أهل الأعذار
2389,134,jumu‘ah-friday-prayer,Jumu‘ah (Friday) Prayer,صلاة الجمعة
2390,134,voluntary-prayer,Voluntary Prayer,صلاة التطوع
2391,134,prayer-of-fear,Prayer of Fear,صلاة الخوف
2392,472,virtue-of-friday,Virtue of Friday,فضل يوم الجمعة
2393,472,merit-of-jumu‘ah-prayer,Merit of Jumu‘ah Prayer,فضل صلاة الجمعة
2394,472,rulings-of-jumu‘ah-prayer,Rulings of Jumu‘ah Prayer,أحكام صلاة الجمعة
2395,472,rulings-of-jumu‘ah-sermon,Rulings of Jumu‘ah Sermon,أحكام خطبة الجمعة
2396,473,virtue-of-voluntary-prayer,Virtue of Voluntary Prayer,فضل صلاة التطوع
2397,473,regular-sunnah-recommended-prayers,Regular Sunnah (Recommended) Prayers,السنن الرواتب
2398,473,voluntary-night-prayer-qiyaam,Voluntary Night Prayer (Qiyaam),قيام الليل
2399,473,prayer-of-the-two-eids,Prayer of the Two Eids,صلاة العيدين
2400,134,prayer-of-the-solar-and-lunar-eclipse,Prayer of the Solar and Lunar Eclipse,صلاة الكسوف والخسوف
2401,134,rain-seeking-prayer,Rain-Seeking Prayer,صلاة الاستسقاء
2402,473,forenoon-prayer,Forenoon Prayer,صلاة الضحى
2403,473,guidance-seeking-prayer,Guidance-Seeking Prayer,صلاة الاستخارة
2404,135,death-and-its-rulings,Death and Its Rulings,الموت وأحكامه
2405,135,washing-the-dead,Washing the Dead,غسل الميت
2406,135,method-of-praying-over-the-dead,Method of Praying over the Dead,صفة الصلاة على الميت
2407,135,carrying-and-burying-the-dead,Carrying and Burying the Dead,حمل الميت ودفنه
2408,135,consolation,Consolation,التعزية
2409,135,visiting-the-graves,Visiting the Graves,زيارة القبور
2410,135,doing-good-deeds-on-behalf-of-the-deceased-and-gifting-them-the-reward,Doing Good Deeds on behalf of the Deceased and Gifting them the Reward,الأعمال الصالحة عن الميت وإهداء الثواب له
2411,136,obligation-of-zakah-and-ruling-of-its-abandoning,Obligation of Zakah and Ruling of Its Abandoning,وجوب الزكاة وحكم تاركها
2412,136,rulings-and-issues-of-zakah,Rulings and Issues of Zakah,أحكام ومسائل الزكاة
2413,136,zakah-of-gold-and-silver,Zakah of Gold and Silver,زكاة النقدين
2414,136,zakah-of-livestock,Zakah of Livestock,زكاة بهيمة الأنعام
2415,136,zakah-of-land-produce,Zakah of Land Produce,زكاة الخارج من الأرض
2416,136,zakat-ul-fitr-minor-eid-charity,Zakat-ul-Fitr (Minor-Eid Charity),زكاة الفطر
2417,136,channels-of-zakah-people-who-receive-zakah,Channels of Zakah (People Who Receive Zakah),مصارف الزكاة
2418,136,voluntary-charity,Voluntary Charity,صدقة التطوع
2419,137,obligation-of-fasting-and-ruling-of-its-abandoning,Obligation of Fasting and Ruling of Its Abandoning,وجوب الصيام وحكم تاركه
2420,137,virtue-of-fasting,Virtue of Fasting,فضل الصيام
2421,137,recommended-acts-of-fasting,Recommended Acts of Fasting,سنن الصيام
2422,137,sighting-the-crescent,Sighting the Crescent,رؤية الهلال
2423,137,fasting-on-the-day-of-doubt,Fasting on the Day of Doubt,صيام يوم الشك
2424,137,fasting-missed-days-of-ramadaan,Fasting Missed Days of Ramadaan,قضاء الصيام
2425,137,fasting-of-people-with-excuses,Fasting of People with Excuses,صيام أهل الأعذار
2426,137,nullifiers-of-fasting,Nullifiers of Fasting,مفسدات الصيام
2427,137,fasting-obligations,Fasting Obligations,ما يجب على الصائم
2428,137,what-is-permissible-for-the-fasting-person,What is Permissible for the Fasting Person,ما يجوز للصائم
2429,137,fasting-prohibitions,Fasting Prohibitions,ما يحرم على الصائم
2430,137,what-is-disliked-for-the-fasting-person,What is Disliked for the Fasting Person,ما يكره للصائم
2431,137,voluntary-fasting,Voluntary Fasting,صيام التطوع
2432,137,seclusion-for-worship-in-ramadaan-i‘tikaaf,Seclusion for Worship in Ramadaan (I‘tikaaf),الاعتكاف
2433,137,last-ten-days-of-ramadaan,Last Ten Days of Ramadaan,العشر الأواخر من رمضان
2434,138,obligation-of-hajj-and-‘umrah-and-ruling-of-its-abandoner,Obligation of Hajj and ‘Umrah and Ruling of Its Abandoner,وجوب الحج والعمرة وحكم تاركهما
2435,138,virtue-of-hajj-and-umrah,Virtue of Hajj and Umrah,فضل الحج والعمرة
2436,138,first-ten-days-of-dhul-hijjah-twelfth-lunar-month,First Ten Days of Dhul Hijjah (Twelfth Lunar Month),العشر من ذي الحجة
2437,138,rulings-of-al-masjid-al-haraam;-the-prophets-mosque;-and-the-aqsa-mosque,Rulings of Al-Masjid Al-Haraam; the Prophet's Mosque; and the Aqsa Mosque,أحكام المسجد الحرام والمسجد النبوي وبيت المقدس
2438,138,rulings-of-ihraam-the-ritual-state-of-consecration,Rulings of Ihraam (the Ritual State of Consecration),أحكام الإحرام
2439,138,prohibitions-of-ihraam,Prohibitions of Ihraam,محظورات الإحرام
2440,138,ransom-and-hunting-expiation,Ransom and Hunting Expiation,الفدية وجزاء الصيد
2441,138,types-of-rituals-pilgrimage,Types of Rituals (Pilgrimage),أنواع النسك
2442,138,obligations-of-‘umrah,Obligations of ‘Umrah,واجبات العمرة
2443,138,how-to-make-hajj-pilgrimage,How to Make Hajj (Pilgrimage),صفة الحج
2444,138,pillars-of-hajj-pilgrimage,Pillars of Hajj (Pilgrimage),أركان الحج
2445,138,obligations-of-hajj-pilgrimage,Obligations of Hajj (Pilgrimage),واجبات الحج
2446,138,rulings-of-the-prophets-mosque,Rulings of the Prophet's Mosque,أحكام المسجد النبوي
2447,138,sacrificial-animals-and-expiations,Sacrificial Animals and Expiations,الهدي والكفارات
2448,138,sacrifice,Sacrifice,الأضحية
2449,138,rulings-and-issues-of-hajj-and-‘umrah,Rulings and Issues of Hajj and ‘Umrah,أحكام ومسائل الحج والعمرة
2450,139,ruling-of-jihad,Ruling of Jihad,حكم الجهاد
2451,139,excellence-of-jihad,Excellence of Jihad,فضل الجهاد
2452,139,categories-of-jihad,Categories of Jihad,أقسام الجهاد
2453,139,rulings-and-issues-of-jihad,Rulings and Issues of Jihad,أحكام ومسائل الجهاد
2454,139,manners-of-jihad,Manners of Jihad,آداب الجهاد
2455,139,rulings-of-non-muslims-living-in-muslim-country,Rulings of Non-Muslims Living in Muslim Country,أحكام أهل الذمة
2456,139,rulings-of-truce-and-security,Rulings of Truce and Security,أحكام الهدنة والأمان
2457,139,rulings-of-terrorism;-assassinations;-and-explosions,Rulings of Terrorism; Assassinations; and Explosions,أحكام الإرهاب والاغتيالات والتفجيرات
2458,140,forbidden-sales,Forbidden Sales,البيوع المحرمة
2459,169,oaths,Oaths,الأيمان
2460,169,vows,Vows,النذور
2461,191,excellence-of-marriage,Excellence of Marriage,فضل النكاح
2462,191,manners-of-marriage,Manners of Marriage,آداب النكاح
2463,191,rulings-and-conditions-of-marriage,Rulings and Conditions of Marriage,أحكام وشروط النكاح
2464,191,women-unlawful-to-marry,Women Unlawful to Marry,المحرمات في النكاح
2465,191,conditions-of-marriage,Conditions of Marriage,الشروط في النكاح
2466,191,marrying-the-disbelievers,Marrying the Disbelievers,نكاح الكفار
2467,191,forbidden-marriages,Forbidden Marriages,الأنكحة المحرمة
2468,191,dowry,Dowry,الصداق
2469,191,wedding-banquet,Wedding Banquet,وليمة العرس
2470,191,marital-relations,Marital Relations,العشرة بين الزوجين
2471,192,words-of-divorce,Words of Divorce,ألفاظ الطلاق
2472,192,sunnah-divorce-and-innovative-divorce,Sunnah Divorce and Innovative Divorce,الطلاق السني والطلاق البدعي
2473,192,revocable-and-irrevocable-divorce,Revocable and Irrevocable Divorce,الطلاق الرجعي والبائن
2474,192,rulings-and-issues-of-divorce,Rulings and Issues of Divorce,أحكام ومسائل الطلاق
2475,198,rulings-of-the-waiting-period,Rulings of the Waiting Period,أحكام العدة
2476,198,the-divorced-womans-waiting-period,The Divorced Woman's Waiting Period,عدة المطلقة
2477,198,waiting-period-of-the-lost-husbands-wife,Waiting Period of the Lost Husband's Wife,عدة المفقود زوجها
2478,198,ascertaining-non-pregnancy,Ascertaining Non-Pregnancy,الاستبراء
2479,199,ruling-of-breastfeeding,Ruling of Breastfeeding,حكم الرضاع
2480,199,conditions-of-breastfeeding,Conditions of Breastfeeding,شروط الرضاع
2481,199,consequences-of-breastfeeding,Consequences of Breastfeeding,آثار الرضاع
2482,205,intermixing,Intermixing,الاختلاط
2483,205,polygamy,Polygamy,تعدد الزوجات
2484,205,men-women-relationships,Men-Women Relationships,العلاقة بين الرجل والمرأة
2485,206,naming-the-newborn,Naming the Newborn,تسمية المولود وتكنيته
2486,206,sacrificing-for-the-newborn,Sacrificing for the Newborn,العقيقة
2487,206,providing-for-children,Providing for Children,النفقة على الأولاد
2488,206,raising-children,Raising Children,تربية الأولاد
2489,211,rulings-of-ruqyah-protective-and-healing-supplications,Rulings of Ruqyah (protective and healing supplications),أحكام الرقية
2490,270,merit-and-significance-of-knowledge,Merit and Significance of Knowledge,فضل العلم وأهميته
2491,276,merits-of-the-rightly-guided-caliphs,Merits of the Rightly Guided Caliphs,فضائل الخلفاء الراشدين رضي الله عنهم
2492,287,forbidden-utterances-and-tongue-evils,Forbidden Utterances and Tongue Evils,المناهي اللفظية وآفات اللسان
2493,406,physical-attributes,Physical Attributes,الصفات الخَلْقية
2494,406,prophets-dress-code,Prophet's Dress Code,لباسه صلى الله عليه وسلم
2495,406,prophets-furniture;-stuff;-and-arms,Prophet's Furniture; Stuff; and Arms,أثاثه ومتاعه وسلاحه صلى الله عليه وسلم
2496,406,prophets-food-and-drink,Prophet's Food and Drink,طعامه وشرابه صلى الله عليه وسلم
2497,406,prophets-travel,Prophet's Travel,سفره صلى الله عليه وسلم
2498,406,moral-attributes,Moral Attributes,الصفات الخُلُقية
2499,406,prophets-guidance,Prophet's Guidance,الهدي النبوي
2500,646,prophets-generosity,Prophet's Generosity,كرمه صلى الله عليه وسلم
2501,646,prophets-modesty,Prophet's Modesty,حياؤه صلى الله عليه وسلم
2502,646,prophets-humility,Prophet's Humility,تواضعه صلى الله عليه وسلم
2503,646,prophets-courage,Prophet's Courage,شجاعته صلى الله عليه وسلم
2504,646,prophets-gentleness,Prophet's Gentleness,رفقه صلى الله عليه وسلم
2505,646,prophets-forgiveness,Prophet's Forgiveness,عفوه صلى الله عليه وسلم
2506,646,prophets-mercy,Prophet's Mercy,رحمته صلى الله عليه وسلم
2507,646,prophets-speech,Prophet's Speech,كلامه صلى الله عليه وسلم
2508,646,prophets-laughing,Prophet's Laughing,ضحكه صلى الله عليه وسلم
2509,646,prophets-crying,Prophet's Crying,بكاؤه صلى الله عليه وسلم
2510,646,prophets-compassion,Prophet's Compassion,شفقته صلى الله عليه وسلم
2511,646,prophets-asceticism,Prophet's Asceticism,زهده صلى الله عليه وسلم
2512,646,prophets-justice,Prophet's Justice,عدله صلى الله عليه وسلم
2513,646,prophets-forbearance,Prophet's Forbearance,حلمه صلى الله عليه وسلم
2514,647,prophets-guidance-on-public-speaking,Prophet's Guidance on Public Speaking,هديه صلى الله عليه وسلم في خطبه
2515,647,prophets-guidance-on-purification,Prophet's Guidance on Purification,هديه صلى الله عليه وسلم في التطهر
2516,647,prophets-guidance-on-prayer,Prophet's Guidance on Prayer,هديه صلى الله عليه وسلم في الصلاة
2517,647,prophets-guidance-on-fasting,Prophet's Guidance on Fasting,هديه صلى الله عليه وسلم في الصوم
2518,647,prophets-guidance-on-funerals,Prophet's Guidance on Funerals,هديه صلى الله عليه وسلم في الجنائز
2519,647,prophets-guidance-on-marriage-and-treating-ones-wife,Prophet's Guidance on Marriage and Treating One's Wife,هديه صلى الله عليه وسلم في النكاح ومعاشرته أهله
2520,409,the-battle-of-yamaamah,The Battle of Yamaamah,معركة اليمامة
2521,415,rulings-and-manners-of-eid,Rulings and Manners of Eid,أحكام وآداب العيد
2522,134,the-rulings-of-mosques,The rulings of mosques,أحكام المساجد
2523,137,ramadan,Ramadan,رمضان
2524,133,wiping-over-leather-socks-and-the-like,Wiping Over Leather Socks and the like,المسح على الخفين ونحوهما
2525,367,prophetic-characteristics,Prophetic characteristics,الخصائص النبوية
2526,10,interpretation-of-verses,Interpretation of verses,تفسير الآيات
