id,parent_id,name_ar,name_en,name_bn,name_de,name_es,name_fr,name_id,name_ml,name_pt,name_ru,name_ta,name_tr,name_ur,name_zh,name_hi,name_it,name_fa,name_am,name_az,name_bs,name_cs,name_ha,name_ku,name_nl,name_ps,name_ro,name_si,name_so,name_sq,name_sv,name_sw,name_tg,name_th,name_ug,name_uz,name_vi,name_yo,slug
1,,القرآن الكريم وعلومه,The Noble Qur'an and Qur'anic Sciences,আল-কুরআনুল কারীম ও কুরআন সংক্রান্ত বিবিধ বিদ্যা,Koran und Koranwissenschaften,El Sagrado Corán y sus ciencias.,Le Noble Coran et ses sciences,Al-Qur`ān Al-Karīm dan Ilmunya,"വിശുദ്ധ ഖുർആനും, ഖുർആനിക വിജ്ഞാനങ്ങളും",O Nobre Qur'an e sua ciência,Священный Коран и корановедение,அல்குர்ஆனும் அதன் கலைகளும்,Kur'an-ı Kerim ve Kur'an İlimleri,قرآن کریم اور اس کے علوم,尊贵的《古兰经》及其知识,पवित्र क़ुरआन तथा उससे संबंधित अन्य विषय,Il Nobile Corano e le sue scienze,قرآن كريم و علوم آن,የተከበረው ቁርአንና ከቁርአን ጋር የተያያዙ እውቀቶች,Qurani-Kərim və ona aid elimlər,Kur'an i kur'anske znanosti,Vznešený Korán a jeho vědy,Al-qura’ni maigirma da kuma Ilimansa,قورئانی پیرۆز وزانستەکانی,De Edele Koran en zijn wetenschappen,قرآن کریم او علوم یې,Nobilul Coran și Științele sale,ශුද්ධ වූ අල්කුර්ආනය සහ එහි ක්ෂේත්ර,Quraanka kariimka ah iyo Culuuntiisa,Shkencat e Kuranit fisnik,Den ädla Koranen och dess vetenskaper,Qur'an tukufu na Elimu zake,Қуръони карим ва илмҳои он,อัลกุรอานุลกะรีมและสาขาวิชาที่เกี่ยวข้อง,قۇرئان كىرىم ۋە ئۇنىڭغا ئالاقىدار ئىلىملەر,Қуръони Карим ва у билан боғлиқ илмлар,Kinh Qur'an và kiến thức,Kuraani Alapọn-ọnle ati àwọn imọ rẹ,the-noble-qur'an-and-qur'anic-sciences-en
2,,الحديث وعلومه,The Hadith and Hadith Sciences,হাদীস ও হাদীস সংক্রান্ত বিবিধ বিদ্যা,Hadithe - die Überlieferungen des Propheten und Hadithwissenschaften,El hadiz (los dichos proféticas) y sus ciencias.,Le hadith et ses sciences,Hadis dan Ilmu Hadis,"ഹദീഥും, ഹദീഥ് വിജ്ഞാനങ്ങളും",O Hadith e sua ciência,Хадис и хадисоведение,"ஹதீஸ், ஹதீஸ் கலைகள்",Hadis ve Hadis İlimleri,حدیث و علومِ حدیث,圣训及其知识,हदीस तथा उससे संबंधित अन्य विषय,Il Hadith e le sue scienze,حديث و علوم آن,ሐዲሥና ከሐዲሥ ጋር የተያያዙ እውቀቶች,Hədis və ona aid elimlər,Hadis i hadiske nauke,Hadíth(Výroky Proroka) a jeho vědy,Hadisi da kuma Ilimansa,فەرموودە وزانستەکانی,De Hadith en zijn wetenschappen,حدیث او علوم یې,Hadisul și științele sale,අල්හදීස් සහ එහි ක්ෂේත්ර,Xadiiska iyo Culuuntiisa,Shkencat e Hadithit,Hadith och dess vetenskaper,Hadithi na Elimu zake,Ҳадис ва илмҳои он,หะดีษและสาขาวิชาที่เกี่ยวข้อง,ھەدىس ۋە ئۇنىڭغا ئالاقىدار ئىلىملەر,Ҳадис ва у билан боғлиқ илмлар,Hadith và kiến thức,Hadiisi ati awọn imọ rẹ,the-hadith-and-hadith-sciences-en
3,,العقيدة,The Creed,আকীদা,`Aqidah - die Glaubensgrundlagen,La doctrina Islámica,Le dogme,Akidah,വിശ്വാസം,A crença,Вероубеждение,இஸ்லாமியஅடிப்படைக் கொள்கை,Akide,عقیدہ,信仰,अक़ीदा,Il credo,عقيده,ዐቂዳ (እምነት),Əqidə,Akida (nauka o vjerovanju),Přesvědčení,Aqida,عەقیدە (بیروباوەڕ),Geloofsleer,عقیده,Crezul,ප්රතිපත්තිය,Caqiidada,Akideja,Aqidah - Troslära,Akida- Itikadi-,Ақида,อะกีดะฮฺ (หลักความเชื่อ),ئەقىدە ئىلمى,Ақида,Giáo lý đức tin,Adisọkan,the-creed-en
4,,الفقه وأصوله,Jurisprudence and Juristic Principles,ফিকহ ও উসূলে ফিকহ,Fiqh - die islamische Rechtssprechung und Usul al-Fiqh - allgemeine Grundregeln des islamischen Rechts,La jurisprudencia islámica y sus fundamentos,La jurisprudence et son fondement,Fikih dan Uṣūl Fikih,"കർമ്മശാസ്ത്രവും, കർമ്മശാസ്ത്ര അടിസ്ഥാനങ്ങളും",A Jurisprudência e seus princípios,Фикх и его методология,பிக்ஹும் அதன் அடிப்படைகளும்,Fıkıh ve Fıkıh Usûlü,فقہ و اصولِ فقہ,教法及其基础,फ़िक़्ह तथा उसूल-ए-फ़िक़्ह,La giurisprudenza e i suoi fondamenti,فقه و اصول فقه,ፊቅህና የፊቂህ መርሆዎች,Fiqh və onun üsulu,Islamsko pravo i njegova metodologija,Právní věda a způsoby jejího vyvozování,Fiqihu da Usulunsa,فیقهی شەرعی وبنچینەکانی (الفقه وأصوله),De jurisprudentie en zijn grondbeginsels,فقه او اصول یې,Jurisprudența și bazele acesteia,ආගමික නීති හා එහි මූලධර්ම,Fiqiga iyo usuushiisa,Fikhu dhe usuli-fikh (bazat e fikhut),Fiqh - Islamisk rättslära och dess principer,Fiq'hi na misingi yake.,Фиқҳ ва усули фиқҳ,ฟิกฮ์และหลักวิชาฟิกฮ์,پىقھى ۋە ئۇنىڭ ئۇسۇل قائىدىلىرى,Фиқҳ ва унинг усуллари,Giáo luật thực hành và bằng chứng,Fik'hu ati ìpìlẹ̀ rẹ,jurisprudence-and-juristic-principles-en
5,,الفضائل والآداب,Virtues and Manners,ফযীলত ও শিষ্ঠাচার,Guter Charakter und Benehmen,Las virtudes y las modales,Les vertus et les convenances,Keutamaan dan Adab,ശ്രേഷ്ഠതകളും സ്വഭാവമര്യാദകളും,As virtudes e etiquetas,Достоинства различных дел и этикет,சிறப்புக்களும் ஒழுக்கங்களும்,Faziletler ve Adaplar,فضائل و آداب,尊贵及礼节,फ़ज़ीलतें तथा आदाब,Le virtù e le buone maniere,فضائل و آداب,ትርፍ ተግባራትና ስነ-ስርዓት,Fəzilətli əməllər və ədəb-ərkanlar,Odlike i pravila ponašanja,Přednosti a vychování,Falaloli da Ladabai,فەزڵەکان وئادابەکان,De deugden en etiquette,فضایل او آداب,Virtuți și maniere,මහිමයන් සහ ආචාරධර්ම,Fadaa`isha iyo Aadaabta,Vlera dhe rregullat,Dygder och uppföranden,Mambo mazuri na Adabu- Heshima.,Фазоил ва одоб,คุณธรรมและมารยาท,پەزىلەت ۋە ئەدەپ-ئەخلاق,Фазилат ва одоблар,Ân phúc và lễ nghĩa,Àwọn ìwà dáadáa ati awọn ẹkọ,virtues-and-manners-en
6,,الدعوة والحسبة,Da‘wah and Hisbah,দা‘ওয়াহ্ (আল্লাহর দিকে আহ্বান) ও হিসবাহ (সৎকাজের আদেশ-অসৎকাজের নিষেধ),Da`wah - der Ruf zum Islam und das Gute gebieten und das Schlechte verbieten,La predicación (da’wa) al Islam y al-hisba (predicar por ordenar el bien y condenar el mal).,La prédication et la police religieuse,Dakwah dan Ḥisbah,പ്രബോധനവും പരസ്യശിക്ഷണവും,O chamamento e ordem do bem,Призыв к Аллаху и контроль за соблюдением шариатских норм,அழைப்புப் பணி,Davet ve Hisbe,دعوت و احتساب,诉讼和借贷,आह्वान एवं भलाई का आदेश देने तथा बुराई से रोकने का प्रबंध करना,La predicazione e la vigilanza,دعوت و احتساب,ጥሪና ሰበካ,Dəvət və Allah üçün nəzarət,Islamsko misionarstvo i promicanje pozitivnih vrijednosti,Výzva k Islámu a nařizování vhodného a zakazování zavrženíhodného,Da’awa da Hisbah,بانگخوازی وچاودێری کردن (الحِسبة),De da'wa (uitnodiging tot islam) en de verantwoording,دعوت او حسبه ( امر په معروف او نهي له منکر څخه کله چې دا کار پريښودل شي),Chemarea la Alalh și la ceea ce este bun și oprirea de la ce este rău,ඇරයුම සහ ස්වෙච්ඡා සේවය,Dacwada iyo Xisbada,Daveti - thirrja në fe,"Da'wah - Att kalla till islam, påbjuda det goda och förbjuda det onda",Daa'awa na(kujitolea) kuamrisha mema nakukataza mabaya,Даъват ва ҳисба,อัดดะอฺวะฮ์วัลอิห์ติซาบ(หลักการเรียกร้องเชิญชวน),دەۋەت ۋە ھىسبە(ئىجتىمائىي ئىشلارنى كۈزىتىش),"Даъват, амри маъруф ва наҳйи мункар",Tuyên truyền,Ipepe si oju ọna Ọlọhun ati pipaṣẹ dáadáa ati kikọ ìwà ibajẹ,da‘wah-and-hisbah-en
7,,السيرة والتاريخ,Seerah and History,জীবনী ও ইতিহাস,Sira - die Biographie des Propheten und islamische Geschichte,Biografía y la historia.,La biographie et l'histoire,Sejarah dan Tarikh,നബിചരിത്രവും ചരിത്രവും,A Biografia Profética e a história,Жизнеописание Пророка ﷺ и история,நபியவர்களின் வாழ்க்கையும் வரலாறும்,Biyografi ve Tarih,سیرت و تاریخ,生平和历史,सीरत एवं इतिहास,La biografia e la storia,سيرت و تاريخ,ሲራና ታሪክ,Bioqrafiya və tarix,Životopis i povijest,Životopis Proroka a historie,Sirah da Tarihi,ژیاننامە (سیرەت) ومێژوو,De biografie en geschiedenis,سیرت او تاریخ,Biografia și istoria,ජීවන මඟ සහ ඉතිහාසය,Siirada iyo Taariikhda,Sira dhe historia,Biografi och historia,Historia na Taarekh.,Сират ва таърих,ชีวประวัติและประวัติศาสตร์,تارىخ ۋە تەرجىمىھال,Сийрат ва тарих,Tiểu sử và lịch sử,Itan ìgbésí ayé,seerah-and-history-en
8,1,نزول القرآن وجمعه,Revelation and Collection of the Qur'an,কুরআন নাযিল হওয়া ও তা একত্রিতকরণ,Die Offenbarung des Korans und seine Zusammenstellung,La revelación del Corán y su colección.,La révélation du Noble Coran et son rassemblement,Turunnya Al-Qur`ān dan Pengumpulannya,ഖുർആനിൻ്റെ അവതരണവും ക്രോഡീകരണവും,A revelação do Qur'an e a sua coleção,Ниспослание Корана и его собрание,அல்குர்ஆன் அருளப்படுதலும் ஒன்று திரட்டலும்,Kur'an'ın İnişi ve Toplanması,نزول قرآن اور اس کی تدوین,《古兰经》的降示和汇总,क़ुरआन का अवतरण तथा संकलन,La discesa del Corano e la sua raccolta,نازل شدن قرآن و جمع آورى آن,የቁርአን አወራረድና አሰባሰቡ,Quranın nazil edilməsi və cəm olunması,Objavljivanje Kur'ana i njegovo sakupljanje,Seslání Koránu a jeho shromáždění v jednu knihu,Saukar Al-qur’ani da kuma Tarashi,دابەزین وکۆکردنەوەی قورئان,De openbaring en compilatie van de Koran,د قرآن کریم نزول او راټولول,Revelarea Coranului și culegerea lui,අල්කුර්ආන් පහළ වීම සහ එය ගොනු කිරීම,Quraanka soo dagidiisii iyo aruurintiisii,Zbritja dhe tubimi i Kuranit,Koranens uppenbarelse och dess samling,Kuteremka Qur'an na kukusanywa kwake.,Нузули Қуръон ва ҷамъоварии он,การประทานอัลกุรอานและการรวบรวม,قۇرئان كىرىمنىڭ نازىل بولىشى ۋە توپلىنىشى,Қуръон нозил бўлиши хамда жамланиши,"Kinh Qur'an, sự mặc khải và tập kết",Sisọkalẹ Kuraani ati kiko o jọ,revelation-and-collection-of-the-qur'an-en
9,1,القراءات والتجويد,Modes of Qur'anic Recitation and Tajweed,কিরাআত ও তাজভীদ,Qiraat - Lesarten des Koran und Tajuwid - die Rezitationsregeln,Recitaciones y la pronunciación armoniosa,Les lectures et la récitation distincte,Qiraat dan Tajwid,പാരായണരീതികളും ഉച്ചാരണ നിയമങ്ങളും,Qiraát e Tajwid,Виды чтения Корана (кирааты) и таджвид,ஓதல் முறைகளும் தஜ்வீதும்,Kıraatler ve Tecvid,قراءات و تجوید,阅读和诵读,विभिन्न क़िराअतें एवं तजवीद,Le letture coraniche e le regole di recitazione (taǧwīd),قراءات و تجويد,አቀራርና ተጅዊድ,Quran qiraətləri və təcvid,Kiraeti i tedžvid,Různá čtení Koránu a jeho správná recitace(Tadžwíd),Qira’at da Tajwidi,خوێندنەوەکان وتەجوید,De recitaties en tajweed (correcte uitspraak),قرآءتونه او تجوید,Modalitați de recitare (Qiraat) și Tajwid,අල්කුර්ආන් පාරයන ක්රම සහ එය පාරායනය කිරීමේ නිවැරදි පිළිවෙත,Qiraa`aatka iyo Tajwiidka,Kiraetet dhe texhvidi,Koranens läsesätt och korrekta uttal,Visomo na Tajwiid.,Қироатҳо ва таҷвид,หลักการอ่านและตัจวีด,قىرائەت ۋە تەجۋىد ئىلمى,Қироатлар ва тажвид илми,Các cách xướng đọc Qur'an và ngữ điệu,Àwọn ọ̀nà kíké Kuraani ati kika a dáadáa,modes-of-qur'anic-recitation-and-tajweed-en
10,1,تفسير القرآن,Qur'anic Exegesis,কুরআনের তাফসীর,Tafsir- die Auslegung des Koran,La exégesis del Corán.,L'exégèse du Coran,Tafsir Al-Qur`ān,ഖുർആൻ വ്യാഖ്യാനം,A interpretação do Qur'an,Толкование Корана,அல்குர்ஆன் விளக்கவுரை,Kur'an Tefsiri,قرآن کی تفسیر,《古兰经》注释,क़ुरआन की तफ़सीर,L'esegesi del Corano,تفسير قرآن,የቁርአን ማብራሪያ,Quranın təfsiri,Tumačenje (tefsir) Kur'ana,Výklad Koránu,Tafsirin Al-qur’ani,ڕاڤەکردنی قورئان (تەفسیری قورئان),De exegese (uitleg) van de Koran,د قرآن کریم تفسیر,Interpretarea sensurilor Coranului (Tafsir),අල්කුර්ආන් අර්ථ විග්රහය,Tafsiirka Quraanka,Tefsiri i Kuranit,Tafsir - Förklaring av Koranen,Tafsiri ya Qur'an.,Тафсири Қуръон,อรรถาธิบายอัลกุรอาน,قۇرئان كىرىمنىڭ تەپسىرى,Қуръон тафсири,Giảng giải nội dung ý nghĩa Qur'an,Alaye Kuraani,qur'anic-exegesis-en
11,1,مباحث قرآنية عامة,General Qur'anic Topics,কুরআন সংক্রান্ত সাধারণ বিষয়াদি,Allgemeine Abhandlungen über den Koran,Envestigaciones coránicas generales,Sujets coraniques généraux,Tema-tema Umum Al-Qur`ān,പൊതുവായ ഖുർആൻ ഗവേഷണങ്ങൾ,Estudos gerais do Qur'an,Общие коранические исследования,சுன்னா சம்பந்தமான பொதுத்தலைப்புக்கள்,Genel Kur'an Araştırmaları,قرآن کی عمومی مباحث,《古兰经》综合研究,क़ुरआन से संबंधित साधारण विषय,Studi generali sul Corano,عموم مباحث قرآنى,አጠቃላይ ቁርአናዊ ጥናቶች,Ümumi Quran araşdırmaları,Opća kur'anska istraživanja i teme,Obecné otázky týkající se Koránu,Bincike da ya game komai na Qur’ani,لێکۆڵینەوەی گشتی لە قورئان,Algemene Koranische onderwerpen,عام قرآني موضوعات,Subiecte Coranice Generale,පොදු අල්කුර්ආන් විමර්ශන,Canaawiin guud ee Quraanka ah,Studime të përgjithshme kuranore,Generella Koran-studier,Pekuziza Qu'an kiujumla.,Бахшҳои қуръонӣ умумӣ,หัวข้อโดยทั่วไปเกี่ยวกับอัลกุรอาน,قۇرئان كىرىم توغىرسىدا ئومۇمى تەتقىقات,Қуръонга тегишли барча илм ва баҳслар,Các nghiên cứu chung về Kinh Qur'an,Àwọn àkòrí Kuraani ti gbogboogbo,general-qur'anic-topics-en
12,1,فضائل القرآن,Excellence of the Qur'an,কুরআনের বিবিধ ফযীলত,Vorzüge des Koran,Las virtudes del Corán.,Les mérites du Coran,Keutamaan-keutamaan Al-Qur`ān,ഖുർആനിന്റെ ശ്രേഷ്ഠതകൾ,Virtudes do Qur'an,Достоинства Корана,அல்குர்ஆனின் சிறப்புக்கள்,Kur'an'ın Faziletleri,قران کے فضائل,《古兰经》的尊贵,क़ुरआन की फ़ज़ीलतें,I meriti del Corano,فضائل قرآن,የቁርአን ትሩፋቶች,Quranın fəzilətləri,Odlike Kur'ana,Přednosti Koránu,Falalar Al-qura’ani,فەزڵەکانی قورئان,De deugden van de Koran,د قران فضيلتونه,Excelența și virtuțile Coranului,අල්කුර්ආන් හි මහිමයන්,Fadliga Quraanka,Vlera e Kuranit,Koranens förträffligheter,Fadhila za Qur'an.,Фазоили Қуръон,ความประเสริฐของกุรอาน,قۇرئان كىرىمنىڭ پەزىلەتلىرى,Қуръони Карим фазилатлари,Các ân phúc của Kinh Qur'an,Àwọn ọlá ti n bẹ fun Kuraani,excellence-of-the-qur'an-en
13,8,معنى القرآن وأوصافه,Seerah and History,আল-কুরআনের অর্থ ও তার বৈশিষ্ট্য,Seerah and History,Seerah and History,Seerah and History,Meanings and Attributes of the Qur'an,,,Seerah and History,,Seerah and History,Seerah and History,,,,Seerah and History,,,,,,,Meanings and Attributes of the Qur'an,,,,,,,,,,,,,,category-13
14,8,أسباب النزول,Occasions of Revelation,আয়াত নাযিল হওয়ার প্রেক্ষাপট,Occasions of Revelation,Occasions of Revelation,Les causes de la révélation,Sebab Nuzul Ayat,,Motivos da revelação,Причины ниспослания аята или суры,,Esbab-ı Nuzûl (Nuzül Sebepleri),Occasions of Revelation,降示的原因,अवतरण के कारण (असबाब),,اسباب نزول قرآن,የቁርአን አንቀጾች መውረድ ምክንያት,,Povodi objave,,Dalilan Saukar Ayoyi,هۆکارەکانی دابەزین,Oorzaken van openbaring,,Contextele revelării,පහළ වීමට හේතු,,,,Sababu za kuteremka aya,,สาเหตุการประทานอัลกุรอาน,ئايەتلەرنىڭ نازىل بولۇش سەۋەپلىرى,,Nguyên nhân mặc khải,,occasions-of-revelation-en
15,1,Modes of Qur'anic Recitation and Tajweed,Modes of Qur'anic Recitation and Tajweed,,Modes of Qur'anic Recitation and Tajweed,Modes of Qur'anic Recitation and Tajweed,Modes of Qur'anic Recitation and Tajweed,Modes of Qur'anic Recitation and Tajweed,,,Modes of Qur'anic Recitation and Tajweed,,Modes of Qur'anic Recitation and Tajweed,Modes of Qur'anic Recitation and Tajweed,,,,Modes of Qur'anic Recitation and Tajweed,,,,,,,,,,,,,,,,,,,,,modes-of-quranic-recitation-and-tajweed
16,8,الناسخ والمنسوخ,Abrogating and Abrogated Verses,,Abrogating and Abrogated Verses,Abrogating and Abrogated Verses,L'abrogé et l'abrogeant,Nasikh dan Mansukh,,,Отменяющий и отменённый аяты,,Abrogating and Abrogated Verses,ناسخ و منسوخ,废止和被废止的,नासिख़ एवं मनसूख़ (निरस्तक तथा निरस्त),,ناسخ و منسوخ,,,Derogirano i derogirajuće,,,هەڵوەشێنەرەوە وهەڵوەشاوە (الناسخ والمنسوخ),,,,,,,,,,,ئەمەلدىن قالدۇرغۇچى ۋە ئەمەلدىن قالدۇرۇلغۇچى,,,,abrogating-and-abrogated-verses-en
17,8,جمع القرآن,Collecting the Qur'an,কুরআন জমা করা,Zusammenstellung des Koran,Colección del Corán.,La compilation du Coran,Pengumpulan Al-Qur`ān,ഖുർആൻ ക്രോഡീകരണം,A coleção do Qur'an,Собрание Корана,அல்குர்ஆன் ஒன்று திரட்டல்,Kur'an'ın Toplanması,جمعِ قرآن,《古兰经》的汇总,क़ुरआन का संकलन,La raccolta del Corano,جمع آورى قرآن,የቁርአን መሰብሰብ,Quranın cəm edilməsi,Sakupljanje Kur'ana,Shromážďování Koránu,Tattara Al-qur’ani,کۆکردنەوەی قورئان,De verzameling van de Koran,د قران کریم راټولونه,Culegerea Coranului,අල්කුර්ආනය ගොනු කිරීම,Quraanka aruurintiisii,Tubimi i Kuranit,Samlandet av Koranen,Ukusanyaji wa Qur'an.,Ҷамъи Қуръон,การรวบรวมอัลกุรอาน,قۇرئان كىرىمنى توپلاش,Қуръони Карим жамланиши,Cách tập hợp Kinh Qur'an,Kiko Kuraani jọ,collecting-the-qur'an-en
18,9,الأحرف السبعة,Seven Modes of the Qur'anic Revelation,,Seven Modes of the Qur'anic Revelation,"Las Siete Letras, (Las Siete formas diferentes de recitar el corán)",Les sept lettres,Tujuh Huruf,,,Семь харфов,,Yedi Arap Lehçesi,حروف سبعہ,七个字母,क़ुरआन के कुछ शब्दों के उच्चारण तथा वर्तनी से संबंधित सात विभिन्न शैलियाँ,,قراءات هفتگانه,,,Sedam harfova Kur'ana,,Harafai Bakwai,حەوت خوێندنەوە,,,,,,,,,,,يەتتە ھەرىپ(يەتتە قىرائەت),,,,seven-modes-of-the-qur'anic-revelation-en
19,9,القراءات,Occasions of Revelation,,Occasions of Revelation,Occasions of Revelation,Occasions of Revelation,Occasions of Revelation,,,Occasions of Revelation,,Occasions of Revelation,Occasions of Revelation,,,,Occasions of Revelation,,,,,,,,,,,,,,,,,,,,,category-19
20,9,علم التجويد,Science of Tajweed,ইলমুত তাজভীদ,Tajuwid - Rezitationsregeln,La ciencia de las reglas de recitar el corán.,La science de la récitation distincte,Ilmu Tajwid,ഖുർആൻ പാരായണ നിയമങ്ങൾ,A ciência de Tajwid,Наука о правильном чтении Корана (таджвид),தஜ்வீத் கலை,Tecvid İlmi,علمِ تجويد,《古兰经》诵读学,तजवीद विद्या,La scienza riguardante le regole della recitazione (taǧwīd),علم تجويد,የተጅዊድ እውቀት,Təcvid elmi,Tedžvidska nauka,Věda o správné recitaci Koránu(Tadžwíd),Ilimin Tajweedi,زانستی تەجوید,De wetenschap van tajweed (correcte uitspraak),د تجوید علم,Știința Tajwidului,අල්කුර්ආන් පාරායනය කිරීමේ නිවැරදි පිළිවෙත උගන්වන ක්ෂේත්රය,Cilmiga Tajwiidka,Shkenca e texhvidit,Tajwid - Kunskapen om korrekt uttal av Koranen,Elimu ya Tajwiid.,Илми таҷвид,วิชาตัจวีด,تەجۋىد ئىلمى,Тажвид илми,Môn học về ngữ điệu Qur'an,Imọ kika Kuraani dáadáa,science-of-tajweed-en
21,9,الوقف والابتداء,Stops and Starts,থেমে যাওয়া ও শুরু করা,Stops and Starts,Parar y comenzar (reglas de la recitación del Corán).,L'arrêt et le commencement,Stops and Starts,,,Пауза и зачин,,Durma ve Başlangıç,وقت اور ابتداء,停止和开始,,Stops and Starts,توقف و ابتداء,Stops and Starts,Stops and Starts,Mjesta stajanja i otpočinjanja prilikom čitanja ajeta,Stops and Starts,,,Stops and Starts,,Stops and Starts,,Stops and Starts,,Stops and Starts,,Stops and Starts,,,Stops and Starts,,Stops and Starts,stops-and-starts-en
22,9,Seven Modes of the Qur'anic Revelation,Seven Modes of the Qur'anic Revelation,,Seven Modes of the Qur'anic Revelation,Seven Modes of the Qur'anic Revelation,Seven Modes of the Qur'anic Revelation,Seven Modes of the Qur'anic Revelation,,,Seven Modes of the Qur'anic Revelation,,Seven Modes of the Qur'anic Revelation,Seven Modes of the Qur'anic Revelation,,,,Seven Modes of the Qur'anic Revelation,,,,,,,,,,,,,,,,,,,,,seven-modes-of-the-quranic-revelation
23,9,Science of Tajweed,Science of Tajweed,,Science of Tajweed,Science of Tajweed,Science of Tajweed,Science of Tajweed,,,Science of Tajweed,,Science of Tajweed,Science of Tajweed,,,,Science of Tajweed,,,,,,,,,,,,,,,,,,,,,science-of-tajweed
24,10,أصول التفسير وقواعده,Rules and Principles of Exegesis,তাফসীরের মৌলনীতিসমূহ ও তার নিয়ম-কানুন,Rules and Principles of Exegesis,Los fundamentos de la exégesis y sus bases.,Les fondements de l'exégèse et ses règles,Rules and Principles of Exegesis,,,Методология и правила толкования Корана,,Tefsir Usûlü ve Kaideleri,اصولِ تفسير اور اس کے قواعد,注释的基础和原则,,Rules and Principles of Exegesis,اصول تفسير و قواعد آن,Rules and Principles of Exegesis,Rules and Principles of Exegesis,Pravila i prinicipi tumačanja Kur'ana,Rules and Principles of Exegesis,,,Rules and Principles of Exegesis,,Rules and Principles of Exegesis,,Rules and Principles of Exegesis,,Rules and Principles of Exegesis,,Rules and Principles of Exegesis,,,Rules and Principles of Exegesis,,Rules and Principles of Exegesis,rules-and-principles-of-exegesis-en
25,10,Rules and Principles of Exegesis,Rules and Principles of Exegesis,,Rules and Principles of Exegesis,Rules and Principles of Exegesis,Rules and Principles of Exegesis,Rules and Principles of Exegesis,,,Rules and Principles of Exegesis,,Rules and Principles of Exegesis,Rules and Principles of Exegesis,,,,Rules and Principles of Exegesis,,,,,,,,,,,,,,,,,,,,,rules-and-principles-of-exegesis
26,11,Rulings of the Qur'an and Codices,Rulings of the Qur'an and Codices,,Rulings of the Qur'an and Codices,Rulings of the Qur'an and Codices,Rulings of the Qur'an and Codices,Rulings of the Qur'an and Codices,,,Rulings of the Qur'an and Codices,,Rulings of the Qur'an and Codices,Rulings of the Qur'an and Codices,,,,Rulings of the Qur'an and Codices,,,,,,,,,,,,,,,,,,,,,rulings-of-the-quran-and-codices
27,11,Manners of Reading and Memorizing the Qur'an,Manners of Reading and Memorizing the Qur'an,,Manners of Reading and Memorizing the Qur'an,Manners of Reading and Memorizing the Qur'an,Manners of Reading and Memorizing the Qur'an,Manners of Reading and Memorizing the Qur'an,,,Manners of Reading and Memorizing the Qur'an,,Manners of Reading and Memorizing the Qur'an,Manners of Reading and Memorizing the Qur'an,,,,Manners of Reading and Memorizing the Qur'an,,,,,,,,,,,,,,,,,,,,,manners-of-reading-and-memorizing-the-quran
28,11,Refuting Allegations against the Qur'an,Refuting Allegations against the Qur'an,,Refuting Allegations against the Qur'an,Refuting Allegations against the Qur'an,Refuting Allegations against the Qur'an,Refuting Allegations against the Qur'an,,,Refuting Allegations against the Qur'an,,Refuting Allegations against the Qur'an,Refuting Allegations against the Qur'an,,,,Refuting Allegations against the Qur'an,,,,,,,,,,,,,,,,,,,,,refuting-allegations-against-the-quran
29,11,أحكام القرآن والمصاحف,Rulings of the Qur'an and Codices,কুরআন ও মুসহাফসমূহের বিধান,"Vorschriften zum Umgang mit dem Koran und den Büchern, in denen er geschrieben wurde",Las normas del Corán.,Les règles du Coran et de ses manuscrits,Hukum-hukum Al-Qur`ān dan Mushaf,ഖുർആനും മുസ്ഹഫുമായി ബന്ധപ്പെട്ട വിധിവിലക്കുകൾ,A regras do Qur'an e do Livro,Законоположения о Коране и экземплярах Корана,குர்ஆனுக்குரிய சட்டங்கள்,Kur'an ve Mushaf'a Dair Hükümler,احکامِ قرآن اور مصاحف,《古兰经》的教法律例,क़ुरआन तथा मुसहफ़ों से संबंधित अहकाम,Le norme riguardanti il Corano e le sue copie manoscritte,حكم هاى قرآن و مصحف ها,የቁርአንና የቁርአን መፅሀፍ ህግጋት,Quran və müshaflar əhkamı,Propisi vezani za Kur'an i Mushafe,Nařízení týkající se Koránu jako knihy,Hukunce Hukunce Al-qur’ani,حوکمەکانی قورئان وموسحەفەکان,Voorschriften van de Koran en de masahief (boek waarin de Koran is geschreven),د قرآن کریم او مصحفونو حکمونه,Reglementări privind Coranul și Mushaful (Cartea de Coran),අල්කුර්ආනය හා එහි පිටපත් පිළිබද නීතිය,Axkaanta Quraanka iyo Masaaxifta,Normat e Kuranit e të Mushafit,Bestämmelser om Koranen och Koranböcker,Hukumu za Qur'an na Misahafu.,Аҳкоми Қуръон ва мусҳафҳо,ฮุก่มต่างๆ ที่เกี่ยวข้องกับอัลกุรอาน,قۇرئان كىرىم ۋە ئۇنىڭ ھۆكۈملىرى,Қуръон ва мусҳафлар ҳукмлари,Các giáo luật về Qur'an và quyển Qur'an,Àwọn ìdájọ́ Kuraani ati Mus'haf,rulings-of-the-qur'an-and-codices-en
30,12,Merit of Taking Care of the Qur'an,Merit of Taking Care of the Qur'an,,Merit of Taking Care of the Qur'an,Merit of Taking Care of the Qur'an,Merit of Taking Care of the Qur'an,Merit of Taking Care of the Qur'an,,,Merit of Taking Care of the Qur'an,,Merit of Taking Care of the Qur'an,Merit of Taking Care of the Qur'an,,,,Merit of Taking Care of the Qur'an,,,,,,,,,,,,,,,,,,,,,merit-of-taking-care-of-the-quran
31,11,آداب قراءة القرآن وحملته,Manners of Reading and Memorizing the Qur'an,আল-কুরআন পড়ার ও হাফেযে কুরআনের আদব,Anstandsregeln bei der Koranrezitation und der Umgang mit dem Koran,Las etiquetas a la hora de recitar el Corán y la forma de tratarlo.,Les politesses de la lecture du Coran et de ses connaisseurs,Adab Membaca Al-Qur`ān dan Penghafalnya,"ഖുർആൻ പാരായണത്തിൻ്റെ മര്യാദകളും, ഖുർആൻ വാഹകരുടെ സ്വഭാവഗുണങ്ങളും",Etiquetas da recitação do Qur'an e do seu memorizador.,Этикет чтения Корана и нормы поведения его носителей,குர்ஆன் ஓதுவதற்கான ஒழுங்குகளும் அதனை மனனமிட்டோர் பேண வேண்டிய ஒழுக்கங்களும்,Kur'an Okuma ve Hafızlık Adabı,قرآن کی قراءت اور اس کے حفاظ سے متعلق آداب,诵读和携带《古兰经》的礼节,क़ुरआन पढ़ने तथा उससे जुड़े लोगों के आदाब,Le regole di condotta per la recitazione del Corano e per i suoi memorizzatori,آداب قرائت قرآن و قاريان آن,የቁርአን አቀራርና የመሸምደዱ ስነ-ስርዓቶች,Quran oxumağın və onun daşıyıcılarının ədəb-ərkanı,Pravila ponašanja prilikom učenja Kur'ana i njegovih hafiza,Etika čtení Koránu a jeho předávání,Ladaban Karanta Al-qur’ani da kuma Haddace shi,ئادابەکانی خوێندنەوەی قورئان وئادابەکانی هەڵگرانی قورئان,Etiquette van het lezen en het memoriseren van de Koran,د قرآن کریم د تلاوت او حافظانو آداب,Manierele citirii și memorării Coranului,අල්-කුර්ආන් පාරායනයේ හා එය උසුලන්නන් සඳහා වූ ආචාර විධි,Aadaabta akhrinta Quraanka iyo dadka xifdisan Quraanka,Rregulla që kanë të bëjnë me leximin e Kuranit dhe me hafizët,Att tänka på vid läsning och memorering av Koranen,Adabu za Usomaji Qur;an na Ubebaji wa Qur'an.,Одоби қироати Қуръон ва ҳофизони он,มารยาทในการอ่านอัลกุรอานและการพกพา,قۇرئان كىرىمنى تىلاۋەت قىلىش ۋە ياد قىلىشنىڭ ئەدەپلىرى,Қуръон ҳофизларининг ва уни ўқиш одоблари,Lễ nghĩa xướng đọc và mang xách Qur'an,Àwọn ẹ̀kọ́ kika Kuraani ati àwọn ti wọn ha a.,manners-of-reading-and-memorizing-the-qur'an-en
32,11,رد الشبهات حول القرآن,Refuting Allegations against the Qur'an,,Refuting Allegations against the Qur'an,Respuesta a las sospechas en torno al Corán.,Réfutation des ambiguïtés au sujet du Coran,Membantah Syubhat-syubhat Seputar Al-Qur`ān,,A refutação das dúvidas levantadas em torno do Qur'an,Опровержение сомнений о Коране,,Kur'an Hakkındaki Şüphelerin Cevabı,قرآن کے بارے میں شہبات کا رد,对诋毁《古兰经》的反驳,क़ुरआन से संबंधित संदेहों का निवारण,,رد شبهات در مورد قرآن,,,Odgovor na sumnje vezane za Kur'an,,Raddi ga Suka game da Al-qur’ani,وەڵامدانەوەی گومانەکان دەربارەی قورئان,,,,,,,,,,,,,,,refuting-allegations-against-the-qur'an-en
33,11,قصص القرآن,,,,,,,,,,,,,,,,,,,,,,,,,,,,,,,,,,,,,category-33
35,3,Belief in Allah the Mighty and Majestic,Belief in Allah the Mighty and Majestic,,Belief in Allah the Mighty and Majestic,Belief in Allah the Mighty and Majestic,Belief in Allah the Mighty and Majestic,Belief in Allah the Mighty and Majestic,,,Belief in Allah the Mighty and Majestic,,Belief in Allah the Mighty and Majestic,Belief in Allah the Mighty and Majestic,,,,Belief in Allah the Mighty and Majestic,,,,,,,,,,,,,,,,,,,,,belief-in-allah-the-mighty-and-majestic
36,3,Belief in the Angels,Belief in the Angels,,Belief in the Angels,Belief in the Angels,Belief in the Angels,Belief in the Angels,,,Belief in the Angels,,Belief in the Angels,Belief in the Angels,,,,Belief in the Angels,,,,,,,,,,,,,,,,,,,,,belief-in-the-angels
37,3,Belief in the Revealed Books,Belief in the Revealed Books,,Belief in the Revealed Books,Belief in the Revealed Books,Belief in the Revealed Books,Belief in the Revealed Books,,,Belief in the Revealed Books,,Belief in the Revealed Books,Belief in the Revealed Books,,,,Belief in the Revealed Books,,,,,,,,,,,,,,,,,,,,,belief-in-the-revealed-books
38,11,الاستنباط من القرآن,Inference from the Qur'an,,Inference from the Qur'an,Inference from the Qur'an,Les déductions dans le Coran,Menyimpulkan Hukum dari Al-Qur`ān,,,"Религиозно-правовые суждения и науки, извлекаемые из Корана",,Kur'an'dan Hüküm Çıkarma,قرآن سے استنباط,引证《古兰经》,क़ुरआन से अहकाम व मसायल की प्राप्ति,,استنباط در قرآن,,,Kur'anski zaključci,,,دەرهێنان لە قورئان,,,,,,,,,,,,,,,inference-from-the-qur'an-en
39,12,فضل العناية بالقرآن,Merit of Taking Care of the Qur'an,আল-কুরআনের প্রতি গুরুত্বারোপ করার ফযীলত,Die besondere Bedeutung davon sich mit dem Koran zu befassen,La virtud de cuidar el Corán.,Le mérite de la considération du Coran,Keutamaan Memberikan Perhatian Pada Al-Qur`ān,ഖുർആനുമായി ഇടപഴകുന്നതിൻ്റെ ശ്രേഷ്ഠത,A virtude de se ocupar com o Qur'an,Достоинство заботы о Коране,குர்ஆனைப் பராமரிப்பதன் சிறப்பு,Kur'an'a Özen Göstermenin Fazileti,قرآن کریم میں مشغول رہنے کی فضیلت,关注《古兰经》的恩典,क़ुरआन पर ध्यान केंद्रित करने की फ़ज़ीलत,Il merito di dedicarsi al Corano,فضل عنايت به قرآن,ለቁርአን ትኩረት የመስጠት ትሩፋት,Qurana qayğı göstərməyin fəziləti,Vrijednost brige o Kur'anu,Odměna za péči o Korán,Falalar Kulawa da Al-qur’ani,فەزڵی گرنگیدان بە قورئان,De verdienste van zorg voor de Koran,قرآن کریم ته د پاملرني فضیلت,Virtuțile acordării unei atenții deosebite Coranului,අල් කුර්ආනය පිළිබඳ සැලකිලිමත්වීමේ මහිමය,Fadliga Quraanka oo la ilaaliyo,Vlera e përkujdesjes për Kuranin,Förträffligheten i att lägga vikt vid Koranen,Ubora wa kuutilia umuhimu Qur'an.,Фазилати иноят ба Қуръон,ความประเสริฐของการเอาใจใส่ต่ออัลกุรอาน,قۇرئان كىرىمگە كۆڭۈل بۆلۈشنىڭ پەزىلىتى,Қуръонга эътиборли бўлишнинг фазилати,Ân phúc của việc quan tâm đến Kinh Qur'an,Ọla ti n bẹ fun ìní akolekan si Kuraani,merit-of-taking-care-of-the-qur'an-en
40,12,فضائل السور والآيات,Virtues of Surahs and Verses,সূরা ও আয়াতের ফযীলতসমূহ,Die besondere Beudeutung einiger Suren und Koranverse,Las virtudes de as-suar y las ayat.,Les mérites des sourates et des versets,Keutamaan Surah dan Ayat,ഖുർആനിലെ സൂറതുകളുടെയും ആയതുകളുടെയും ശ്രേഷ്ഠതകൾ,As virtudes dos capítulos e versiculos,Достоинства сур и аятов Корана,அத்தியாயங்கள் மற்றும் வசனங்களின் சிறப்பு,Surelerin ve Ayetlerin Faziletleri,سورتوں اور آیات کے فضائل,各个章节的尊贵,सूरों एवं आयतों की फ़ज़ीलतें,Le virtù delle sure e dei versetti,فضائل سوره ها و آيت ها,የምእራፎችና አንቀጾች ትሩፋቶች,Surə və ayələrin fəziləti,Odlike sura i ajeta,Prospěch súr a veršů,Falalar Surori da Ayoyi,فەزڵی سورەت وئایەتەکان,De deugden van de hoofdstukken en verzen,د سورتونو او آیتونو فضیلت,Virtuțile surelor și versetelor,පරිච්ඡේද හා වැකි වල මහිමයන්,Fadliga Suuradaha iyo Aayaatka,Vlera e sureve dhe ajeteve,Kapitel och verser med särskilda förträffligheter,Fadhila za Sura na Aya.,Фазоили сураҳо ва оятҳо,ความประเสริฐของสูเราะฮ์และอายะอ์ต่าง ๆ,سۈرە ۋە ئايەتلەرنىڭ پەزىلىتى,Сура ва оятларнинг фазилатлари,Ân phúc các chương và các câu của Qur'an,Ọla ti n bẹ fun àwọn suura ati awọn aaya,virtues-of-surahs-and-verses-en
41,3,Names and Rulings,Names and Rulings,,Names and Rulings,Names and Rulings,Names and Rulings,Names and Rulings,,,Names and Rulings,,Names and Rulings,Names and Rulings,,,,Names and Rulings,,,,,,,,,,,,,,,,,,,,,names-and-rulings
42,3,The Companions,The Companions,,The Companions,The Companions,The Companions,The Companions,,,The Companions,,The Companions,The Companions,,,,The Companions,,,,,,,,,,,,,,,,,,,,,the-companions
43,2,مصطلح الحديث,The Prophet's Family,,The Prophet's Family,The Prophet's Family,The Prophet's Family,The Prophet's Family,,,The Prophet's Family,,The Prophet's Family,The Prophet's Family,,,,The Prophet's Family,,,,,,,,,,,,,,,,,,,,,category-43
44,2,مباحث عامة في السنة,General Sunnah Topics,সুন্নাহর বিভিন্ন আলোচ্য বিষয়,Allgemeine Abhandlungen über die Sunnah - die Überlieferungen des Propheten,Búsqueda general en la Sunnah.,Travaux généraux sur le hadith,Tema-tema Umum dalam As-Sunnah,നബിചര്യയുമായി ബന്ധപ്പെട്ട പൊതുവായ ചർച്ചകൾ,Estudos gerais da sunnah,Общие исследования Сунны,சுன்னா சம்பந்தமான பொதுத்தலைப்புக்கள்,Sünnet Hakkında Genel Konular,سنت کی عمومی مباحث,对圣训的综合研究,सुन्नत से संबंधित साधारण विषय,Studi generali sulla Sunna,مباحث عمومى در سنت,በሱና ዙሪያ የተዘጋጁ አጠቃላይ ጥናቶች,Sünnədə ümumi araşdırmalar,Opće tema i istraživanja vezana za sunnet,Obecné otázky týkající se Sunny,Gamammen Bincike a cikin Sunna,لێکۆڵینەوەی گشتی لە سونەتدا,Algemene onderwerpen in de Soenna,د سنت اړوند عمومي مبحثونه,Subiecte generale în Sunnah,නබි වදන් පිළිබඳ පොදු විමර්ශන,Canaawiin guud ee Sunada ah,Studime të përgjithshme që kanë të bëjnë me Sunetin,Generella Hadith-studier,Pekuzi za Jumla katika Sunnah.,Бахшҳои умумӣ дар суннат,หัวข้อโดยทั่วไปที่เกี่ยวข้องกับวิชาซุนนะฮ์,ھەدىس توغىرسىدا ئومۇمى تەتقىقات,Суннатга тегишли барча илм ва баҳслар,Các nghiên cứu chung về Sunnah,Àwọn ìwádìí gbogboogbo nínú sunna,general-sunnah-topics-en
45,3,People of the Sunnah and the Community,People of the Sunnah and the Community,,People of the Sunnah and the Community,People of the Sunnah and the Community,People of the Sunnah and the Community,People of the Sunnah and the Community,,,People of the Sunnah and the Community,,People of the Sunnah and the Community,People of the Sunnah and the Community,,,,People of the Sunnah and the Community,,,,,,,,,,,,,,,,,,,,,people-of-the-sunnah-and-the-community
46,3,Sects and Schools,Sects and Schools,,Sects and Schools,Sects and Schools,Sects and Schools,Sects and Schools,,,Sects and Schools,,Sects and Schools,Sects and Schools,,,,Sects and Schools,,,,,,,,,,,,,,,,,,,,,sects-and-schools
50,43,أقسام الحديث المردود,,,,,,,,,,,,,,,,,,,,,,,,,,,,,,,,,,,,,category-50
52,43,طرق تحمل الحديث وأدائه,,,,,,,,,,,,,,,,,,,,,,,,,,,,,,,,,,,,,category-52
56,44,أهمية السنة ومكانتها,Significance and Status of the Sunnah,সুন্নতের গুরুত্ব ও তার মর্যাদা,Die Wichtigkeit und Bedeutung der Sunnah - der Überlieferungen des Propheten,La importancia y el lugar de la Sunnah.,L'importance de la Sunna et son rang,Urgensi As-Sunnah dan Kedudukannya,നബിചര്യയുടെ പ്രാധാന്യവും സ്ഥാനവും,A importância da Sunnah e o seu papel,Важность Сунны и её место,சுன்னாவின் முக்கியத்துவமும் மதிப்பும்,Sünnetin Önemi ve Değeri,سنت کی اہمیت اور مقام,圣训的重要性和地位,सुन्नत का महत्व एवं गुरुता,L'importanza della Sunna e la suo status,اهميت سنت و منزلت آن,የሱና አንገብጋቢነትና ያለው ደረጃ,Sünənin əhəmiyyəti və onun İslamda yeri,Važnost i položaj sunneta,Důležitost Sunny a její postavení,Muhimmancin Sunna da Matsayinta,گرنگی سونەت و پلەوپایەی,De belangrijkheid en status van de Soenna,د سنت ارزښت او مرتبه,Importanța și statutul Sunnah,නබි වදන් හි වැදගත්කම හා එහි ස්ථාවරය,Muhimada Sunada iyo Makaanadeeda,Rëndësia dhe pozita e Sunetit,Sunnahns betydelse och status,Umuhimu wa sunnah naNafasi yake.,Аҳамияти суннат ва манзилати он,ความสำคัญและสถานะของวิชาซุนนะฮ์,ھەدىسنىڭ ئەھمىيتى ۋە نوپۇزى(ئورنى),Суннатнинг аҳамияти ва мартабаси,Vai trò và tầm quan trọng của Sunnah,Pàtàkì sunna ati ipò rẹ,significance-and-status-of-the-sunnah-en
57,44,تدوين السنة النبوية,Writing the Sunnah,সুন্নতে নববীর সংকলন,Kanonisierung der Sunnah - die Niederschrift der Überlieferungen des Propheten,Colección de la Sunnah profética.,Transcription de la tradition prophétique,Sejarah Penulisan Sunah Nabi,നബിചര്യയുടെ രേഖപ്പെടുത്തൽ,A escrita da ciência Profética,Запись Сунны Пророка ﷺ,நபிமொழியைப் பதிவு செய்தல்,Peygamberin Sünnetinin Yazılması,سنت نبوی کی تدوین,圣训的记录,सुन्नत-ए-नबवी का संकलन,La trascrizione della Sunna profetica,تدوين سنت نبوى,የነቢያዊ ሱና ጥንቅር,Peyğəmbərin (sallallahu aleyhi və səlləm) sünnəsinin yazıllması,Pisanje Poslanikovog sunneta,Zapisování Prorokovy Sunny,Rubuta Sunnar Annabi,نووسینەوەی سونەتی پێغەمبەر ﷺ,Het neerschrijven van de profetische soenna,د نبوي سنت لیکل (تدوین ),Scrierea Sunnah,නබි වදන් ගොනු කිරීම,Qoridii Sunada Nabiga scw.,Shkrimi i Sunetit profetik,Hur den profetiska Sunnahn bevarades,B-Kuzirikodi(kuchapa) Sunnah Za Mtume:,,การจดบันทึกชีวประวัติของท่านนบี,ھەدىسلەرنىڭ توپلىنىشى,Суннатнинг тадвин ва таснифи,Cách thu thập Sunnah,Kikọ sunna Anọbi silẹ,writing-the-sunnah-en
59,3,الإيمان بالله عز وجل,Belief in Allah the Mighty and Majestic,প্রতাপ ও সম্মানের অধিকারী আল্লাহর ওপর ঈমান,Der Glaube an Allah,"La creencia en Al-lah, Glorificado y Exaltado sea.",La foi en Allah (Exalté et Magnifié soit-Il),Iman kepada Allah -'Azza wa Jalla-,അല്ലാഹുവിലുള്ള വിശ്വാസം,A fé em Allah o Exaltado,Вера в Великого и Всемогущего Аллаха,வல்லமையும் கீர்த்தியும் மிக்க அல்லாஹ்வின் மீது விசுவாசம் கொள்ளல்.,Allah -Azze ve Celle-'ye İman,اللہ عز و جل پر ایمان,信仰崇高伟大的真主,सर्वशक्तिमान एवं महान अल्लाह पर ईमान,"La fede in Allah, il Potente e il Maestoso",ايمان به الله عزوجل,በአላህ ማመን,Uca Allaha iman,Vjerovanje u Allaha Uzvišenog,Víra ve všemohoucího Boha,Imani da Allah Maxaukaki,باوەڕهێنان بە خوای گەورە,Geloof in Allah de Verhevene,پر الله عزوجل ايمان,Credința în Allah Atotputernicul,කීර්තිමත් උත්තරීතර අල්ලාහ් පිළිබඳ විශ්වාසය,Ilaahay casa wajala oo la rumeeyo,Besimi në Allahun e Lartësuar,Tron på Allah,Kumuamini Allah mwenye nguvu alie tukuka,Имон ба Аллоҳи бузург,การศรัทธาต่ออัลลอฮฺ อัซซะวะวัล,ئاللاھ تائالاغا ئىشىنىش,Аллоҳ таолога иймон,Đức tin nơi Allah Toàn Năng,Ìgbàgbọ́ ninu Ọlọhun ti O lágbára ti O gbọnngbọn,belief-in-allah-the-mighty-and-majestic-en
60,3,الإيمان بالملائكة,Belief in the Angels,মালায়েকার ওপর ঈমান,Der Glaube an die Engel,Al Iman Bil Malaikah (la creencia en los ángeles).,La foi dans les Anges.,Iman Kepada para Malaikat,മലക്കുകളിലുള്ള വിശ്വാസം,A crença nos anjos:,Вера в ангелов,வானவர்கள் மீது விசுவாசம் கொள்ளல்,Meleklere İman,فرشتوں پر ایمان,信仰天仙,फ़रिश्तों पर ईमान,La fede negli angeli,ايمان به ملائكه,በመላእክት ማመን,Mələklərə iman,Vjerovanje u meleke,Víra v anděly,Imani da mala’iku,باوەڕهێنان بە فریشتەکان,Geloof in de Engelen,پر ملايکو ايمان,Credința în Îngeri,මලක්වරුන් හෙවත් දේව දූතයින් පිළිබඳ විශ්වාසය,Malaa`igta oo la rumeeyo,Besimi në melekët,Tron på änglarna,Kuamini Malaika,Имон ба фариштагон,การศรัทธาต่อมะลาอีกะฮฺ,پەرىشتىلەرگە ئىشىنىش,Фаришталарга иймон,Đức tin nơi các Thiên Thần,Nini igbagbọ ninu awọn mọlaika,belief-in-the-angels-en
61,3,الإيمان بالكتب,Belief in the Revealed Books,কিতাবসমূহের ওপর ঈমান,Der Glaube an die Bücher,Al Iman Bil Kutub (creer en las escrituras).,La foi dans les Livres.,Iman Kepada Kitab,വേദഗ്രന്ഥങ്ങളിലുള്ള വിശ്വാസം,A crença nos livros:,Вера в Писания,வேதங்கள் மீது விசுவாசம் கொள்ளல்,Kitaplara İman,آسمانی کتب پر ایمان,信仰经典,ग्रंथों पर ईमान,La fede nei libri celesti,ايمان به كتاب هاى پيامبران,በመፅሀፎች ማመን,Kitablara iman,Vjerovanje u knjige,Víra ve (svaté) knihy,Imani da Litattafai,باوەڕهێنان بە کتێبەکان,Geloof in de Boeken,پر کتابونو ايمان,Credința în Scripturi,දේව පුස්තක පිළිබඳ විශ්වාසය,Kutubta oo la rumeeyo,Besimi në Librat e shpallur,Tron på böckerna,Kuamini vitabu,Имон ба китобҳо (и осмонӣ),การศรัทธาต่อบรรดาคัมภีย์,كىتابلارغا ئىشىنىش,Китобларга иймон келтириш,Đức tin nơi các Kinh Sách,Nini igbagbọ pẹlu awọn tira,belief-in-the-revealed-books-en
62,3,الإيمان بالرسل,Belief in the Messengers,রাসূলগণের ওপর ঈমান,Der Glaube an die Gesandten,Al Iman Bir-Rusul (creer en los profetas).,La foi dans les Messagers.,Iman Kepada Para Rasul,അല്ലാഹുവിൻ്റെ ദൂതന്മാരിലുള്ള വിശ്വാസം,A crença nos mensageiros:,Вера в посланников,தூதர்கள் மீது விசுவாசம் கொள்ளல்,Rasûllere İman,رسولوں پر ایمان,信仰使者,रसूलों पर ईमान,La fede nei messaggeri,ايمان به پيامبران,በመልክተኞች ማመን,Rəsullara iman,Vjerovanje u poslanike,Víra v posly,Imani da Manzanni,باوەڕهێنان بە پێغەمبەران,Geloof in de Boodschappers,پر پېغمبرانو ایمان,Credința în Profeți,දහම් දූතයින් පිළිබඳ විශ්වාසය,Rususha oo la rumeeyo,Besimi në të dërguarit,Tron på sändebuden,Kuamini mitume,Имон ба Паёмбарон,การศรัทธาต่อบรรดาเราะสูล,پەيغەمبەرلەرگە ئىشىنىش,Пайғамбарларга иймон келтириш,Đức tin nơi các Thiên Sứ,Ìgbàgbọ́ nínú àwọn ojiṣẹ,belief-in-the-messengers-en
63,3,الإيمان باليوم الآخر,Belief in the Last Day,শেষ দিবসের ওপর ঈমান,Der Glaube an den jüngsten Tag,Al Iman Bil Yaum Al Ajir (la creencia en el Día Final).,La foi dans le Jour Dernier,Iman Kepada Hari Akhir,അന്ത്യ ദിനത്തിലുള്ള വിശ്വാസം,A crença no Derradeiro Dia,Вера в Судный День,இறுதி நாள் மீது விசுவாசம் கொள்ளுதல்,Ahiret Gününe İman,آخرت کے دن پر ایمان,信仰后世,अंतिम दिन पर ईमान,La fede nel Giorno Ultimo,ايمان به آخرت,በመጨረሻው ቀን ማመን,Axirət gününə iman,Vjerovanje u Sudnji dan,Víra v soudný den,Imani da Ranar Lahira,باوەڕهێنان بە ڕۆژی دوایی,Geloof in de Laatste Dag,د اخرت په ورځ باندې ايمان,Credința în Ziua de Apoi,අවසාන දිනය පිළිබඳ විශ්වාසය,Maalinta Qiyaame oo la rumeeyo,Besimi në Ditën e Gjykimit,Tron på den sista dagen,Kuamini siku ya mwisho,Имон ба рӯзи қиёмат,การศรัทธาต่อวันอาคิเราะฮฺ,ئاخىرەت كۈنىگە ئىشىنىش,Охират кунига иймон келтириш,Đức tin nơi Đời Sau,Nini igbagbọ si ọjọ ikẹyin.,belief-in-the-last-day-en
64,3,الإيمان بالقضاء والقدر,Belief in the Divine Decree and Fate,কাদ্বা ও কদরের ওপর ঈমান,Der Glaube an die Vorherbestimmung des Schicksals,La creencia en la voluntad y decreto de Al-lah.,La foi dans le Décret et le Destin,Iman Kepada Qaḍā` dan Qadar,ഖളാഇലും ഖദ്റിലുമുള്ള വിശ്വാസം,A fé na predestinação:,Вера в предустановление и предопределение,"கழா, கத்ர் மீது விசுவாசம் கொள்ளுதல்",Kaza ve Kadere İman,قضا و قدر پر ایمان,信仰前定,भाग्य एवं नियति (क़ज़ा और क़दर) पर ईमान,La fede nel decreto divino e nel destino,ايمان به قضا و قدر,በአላህ ፍርድና ውሳኔ ማመን,Qəza və qədərə iman,Vjerovanje u Allahovu odredbu,Víra v předurčení a osud,Imani da Hukuncin Allah da Qaddara,باوەڕهێنان بە قەزا وقەدەر,Geloof in de Voorbeschikking en het Lot,پر قضاء او تقدير ايمان,Credința în destin și predestinare,තීන්දු හා ඉරණම පිළිබඳ විශ්වාසය,Qadarka iyo Qadaha oo la rumeeyo,Besimi në kadanë dhe kaderin,Tron på ödet och det förutbestämda,Ni kuamini hukumu na mipangilio,Имон ба қазо ва қадар,ยอมรับต่อการกำหนดสภาวะการณ์,تەقدىرگە ئىشىنىش,Қазо ва қадарга иймон келтириш,Đức tin nơi sự tiền định,Nini igbagbọ si idajọ Ọlọhun ati ipebubu [Rẹ],belief-in-the-divine-decree-and-fate-en
65,3,الأسماء والأحكام,Names and Rulings,বিবিধ নাম ও বিধান,Wie Personen und Dinge von der Scharia bezeichnet und ihrer Bezeichnung entsprechend beurteilt werden müssen,Los nombres y las normas.,Les noms et les jugements,Nama dan Hukum,നാമങ്ങളും വിധികളും,Os nomes e regras,Наименования и суждения,பெயர்களும் தீர்ப்புகளும்,Allah'ın İsimleri ve Hükümleri,اسماء و احکام,名称和律例,अल्लाह के नाम और उनसे संबंधित अहकाम,I nomi e le disposizioni,نام ها و احكام,ስሞችና ህግጋት,Adlar və hökmlər,Nazivi i propisi,Jména a pravidla,Sunaye da Hukunce Hukunce,ناوەکان وحوکمەکان,De namen en de voorschriften,نومونه او حکمونه,Nume și regelmentări,නම් සහ නීති,Magacyada iyo Axkaanta,Emrat dhe normat,Namn och bestämmelser,Majina na Hukumu.,Номҳо ва аҳком,อัล-อัสมาอฺวัลอะฮ์กาม (ชื่อและข้อตัดสินชี้ขาดเกี่ยวกับชื่อนั้น ๆ),ئىسىملەر ۋە ھۆكۈملەر,Тсмлар ва ҳукмлар,Tên gọi và giáo luật,Àwọn orúkọ ati awọn ìdájọ́,names-and-rulings-en
66,3,الصحابة,The Companions,সাহাবীগণ,Die Sahaba - die Gefährten des Propheten,Los sahabas.,Les compagnons,Para Sahabat,സ്വഹാബഃ (സ്വഹാബികൾ),Os companheiros,Сподвижники,நபித்தோழர்கள்,Sahabe,صحابہ,圣门弟子,सहाबा,I Compagni,صحابه,ሶሐባ,Səhabələr,Ashabi (Poslanikovi drugovi),Druhové Proroka(Sahába),Sahabbai,هاوەڵان (صەحابە),De Metgezellen,صحابه,Companionii Profetului,නබිතුමාගේ කල්යාන මිතුරන්,Asxaabta,Sahabët,Följeslagarna,Maswahaba .,Саҳоба,เศาะฮาบะฮ์,ساھابىلار,Сахобалар,Sahabah (những vị đồng hành của Thiên Sứ Muhammad),Àwọn sàábé,the-companions-en
67,3,آل البيت,The Prophet's Family,নবী পরিবার,The Prophet's Family,Al-Bayt.,La famille du Prophète,Ahlulbait,നബികുടുംബം,Familia do profeta,Семейство Пророка ﷺ,,Ehl-i Beyt,اہل بیت,穆圣的家眷,अल्लाह के रसूल सल्लल्लाहु अलैहि व सल्लम के परिजन,,آل بيت,የነቢዩ ቤተሰቦች,,Poslanikova porodica,,Ahlulbaiti,ئەهلی بەیت (بنەماڵە وخێزانەکانی پێغەمبەر ﷺ),De familie van de profeet,اهل بیت,Familia Profetului,නබිතුමාගේ පරපුර,,,Profetens hushåll,Watu wa Nyumba.,,อาลุ้ลบัยต์,پەيغەمبەرئەلەيھىسسالامنىڭ ئائىلە تاۋابىئاتلىرى,,Gia quyến của Thiên Sứ,,the-prophet's-family-en
68,3,الولاء والبراء,Allegiance and Dissociation,বন্ধুত্ব ও বৈরীতা,al-Wala wa al-Bara - die Loyalität im Islam,Al-wala wa al-bara (lealtad y negación).,L'alliance et le désaveu,Walā` dan Barā`,(അല്ലാഹുവിൻ്റെ പേരിലുള്ള) സ്നേഹവും വെറുപ്പും,O amor e a isenção,Близкая дружба и отречение ради Аллаха,நேசமும் பகையும்,Velâ ve Berâ,ولاء وبراء (وفاداری یا بیزاری),忠实和清白的,अल-वला तथा अल-बरा (मैत्री तथा अलगाव का सिद्धांत),La lealtà e il ripudio,تبعيت و برائت,መወዳጀት መራራቅ,Dostluq və düşmənçilik,Ljubav i mržnja,Přízeň (k věřícím) a zproštění se (nevěřících),Jivanta da Barranta,دڵسۆز بوون وبەریئبوون (الولاء والبراء),Loyaliteit en afkeer,دوستي او بیزاري,Loialitatea și disocierea,හිතවත්කම් පෑම හා වෙන් වීම,Ka wali dhigashada iyo ka beri noqoshada,Uelaja dhe beraja (dashuria dhe urrejtja),Att älska och hata för Allahs skull,Kupenda na Kuchukia.,Вало ва баро,การรักและเป็นมิตรต่อบรรดาผู้ศรัทธา และการรังเกียจและเป็นศัตรูต่อบรรดาผู้ปฏิเสธศรัทธา,مۇھەببەت ۋە نەپرەت,Ал-вало вал-баро,Bạn và địch,Inifẹẹ ati ìbọ́pá-bọ́sẹ̀,allegiance-and-dissociation-en
69,3,أهل السنة والجماعة,People of the Sunnah and the Community,আহলুস সুন্নাহ ওয়াল জামা‘আহ,People of the Sunnah and the Community,People of the Sunnah and the Community,People of the Sunnah and the Community,People of the Sunnah and the Community,,,Приверженцы Сунны и единой мусульманской общины,,Ehl-i Sünnet ve'l-Cemaat,People of the Sunnah and the Community,,,,People of the Sunnah and the Community,People of the Sunnah and the Community,,,,,,People of the Sunnah and the Community,,People of the Sunnah and the Community,,,,,,,,,,,,people-of-the-sunnah-and-the-community-en
70,3,الملل والأديان,Hypocrisy,,Hypocrisy,Hypocrisy,Hypocrisy,Hypocrisy,,,Hypocrisy,,Hypocrisy,Hypocrisy,,,,Hypocrisy,,,,,,,,,,,,,,,,,,,,,category-70
71,3,الفرق والمذاهب,Sects and Schools,বিভিন্ন ফেরকা ও মাযহাব,Sects and Schools,Sectas y escuelas.,Les sectes et les doctrines,Sekte dan Mazhab,,Ceitas e escolas,Группы и секты,,Fırkalar ve Mezhepler,فرقے اور مذاہب,各种分歧和教派,विभिन्न संप्रदाय एवं धर्म,,فرقه ها و مذاهب,አንጃዎችና መንገዶች,,Sekte i pravci,,Qungiyoyi da Mazhabobi,کۆمەڵەکان ومەزهەبەکان,Stromingen en wetscholen,,Secte și școli,විවිධ කණ්ඩායම් සහ නීති ගුරුකුල,,,,Makundi na Madhehebu.,,กลุ่มและมัซฮับต่าง ๆ,پىرقىلەر ۋە مەزھەبلەر,,Nhóm và trường phái,,sects-and-schools-en
72,59,توحيد الربوبية,Oneness of Allah's Lordship,তাওহীদুর রুবূবিয়্যাহ,Al-Rubbubiyah - die alleinige Herrschaft Allahs,La Unicidad de la Divinidad (al-uluhia).,L'unicité de la Seigneurie,Tauhid Rubūbiyyah,രക്ഷാകർതൃത്വത്തിലുള്ള ഏകത്വം (തൗഹീദുൽ റുബൂബിയ്യഃ),1-	TAUHID RUBUBIYYAH (Unicidade no Senhorio),Единобожие в господстве Аллаха,பரிபாலித்தல் விடயத்தில் ஏகத்துவம்,Rububiyet Tevhidi,توحیدِ ربوبیت,认主在养育万物方面的独一性,प्रभुता से संबंधित एकेश्वरवाद,L'unicità della signoria [di Allah],توحيد ربوبيت,አላህን በጌትነቱ መነጠል,Rübubiyyə tövhidi,Tevhīdur-rubūbijje - potvrđivanje jedinosti u stvaranju,Jedinost Božího panství,Tauhidin Rububiyya,تاکبوونی خودا لە پەروەردگارێتیدا,Eenheid van Heerschappij,د ربوبيت توحيد,Unicitatea Suveranității lui Allah,පරිපාලනයේ ඒකීයකරණය,Towxiidak Rabinimda,Teuhidi rububije,Allahs enhet i herraväldet,Kumpwekesha Allah kwa vitendo vyake(Uumbaji),Тавҳиди рубубият,เตาฮีดอัร-รุบูบียะฮฺ,ئاللاھنى پەرۋەردىگارلىقتا بىر دەپ ئىشىنىش,Рубубият тавҳиди,Giáo lý độc thần về hành động của Allah,Taohiid ti rubuubiyyah,oneness-of-allah's-lordship-en
73,59,توحيد الألوهية,Oneness of Allah's Worship,তাওহীদুল উলুহিয়্যাহ,Al-Uluhiyah - das alleinige Recht Allahs angebetet zu werden,Unicidad de la soberanía con la que Al-lah impera en todas las cosas (al-rububia).,L'unicité de la divinité,Tauhid Ulūhiyyah,ആരാധ്യതയിലുള്ള ഏകത്വം,TAUHID AL-ULUHIYYAH (UNICIDADE NA DIVINDADE),Единобожие в поклонении Аллаху,வணக்க வழிபாடுகளில் ஏகத்துவம்,Uluhiyet Tevhidi,توحیدِ اُلوہیت,认主在接受崇拜方面的独一性,उपासना (इबादत) से संबंधित एकेश्वरवाद,L'unicità della divinità [di Allah],توحيد الوهيت,አላህን በተመላኪነቱ መነጠል,Üluhiyyə tövhidi,Tevhīdul-ulūhijje - potvrđivanje Allahove jednoće u božanstvenosti,Jedinost Božího božství,Tauhidin Uluhiyya,تاکبوونی خودا لە پەرستنیدا,Eenheid in Aanbidding,د الوهیت توحید,Unicitatea Divinității lui Allah,දේවත්වයේ ඒකීයකරණය,Towxiidka Ilaahnimada,Teuhidi uluhije,Allahs enhet i gudomligheten,Kumpwekesha Mwenyezi Mungu kwa Uungu wake.,Тавҳиди улуҳият,เตาฮีด อัล-อุลูฮียะฮฺ,ئاللاھنى ئىلاھلىقتا بىر دەپ ئىشىنىش,Улуҳият тавҳиди,Giáo lý độc thần về thờ phượng Allah,Taohiid ti uluuhiyyah,oneness-of-allah's-worship-en
74,59,توحيد الأسماء والصفات,Oneness of Allah's Names and Attributes,তাওহীদুল আসমা ও সিফাত,Al-Asma wa al-Sifat - die Namen und Eigenschaften Allahs,La Unicidad de los Nombres y Atributos de Al-lah.,L'unicité des noms et des attributs,Tauhid Al-Asmā` wa Aṣ-Ṣifāt,അല്ലാഹുവിൻ്റെ നാമഗുണ വിശേഷണങ്ങളിലുള്ള ഏകത്വം,TAUHID ASSMÁ WA SIFAAT (UNICIDADE NOS NOMES ATRIBUTOS),Единобожие в именах и атрибутах Аллаха,இறைதிருநாமங்கள் மற்றும் பண்புகளில் ஏகத்துவம்,İsim ve Sıfat Tevhidi,توحيدِ اسماء وصفات,认主在尊名和属性方面的独一性,अल्लाह के नामों और गुणों से संबंधित एकेश्वरवाद,L'unicità dei nomi e degli attributi [di Allah],توحيد اسماء و صفات,አላህን በስሞቹና በባህሪያቱ መነጠል,Ad və sifətlər tövhidi,Tevhidul-esmai ves-sifat - potvrđivanje Allahove jednoće u Njegovim savršenim imenima i svojstvima,Jedinost Bozích jmen a vlastností,Tauhidin Sunaye da Siffofi,تاکبوونی خودا لە ناو و سیفاتەكانیدا,Eenheid van Namen en Eigenschappen,د أسماء او صفاتو توحید,Unicitatea Numelor și Atributelor lui Allah,නාම හා ගුණාංග ඒකීයකරණය,Towxiidka Magacyada iyo Sifooyinka,Teuhidi i emrave dhe cilësive të Allahut,Allahs enhet i sina namn och egenskaper,Kumpwekesha Mwenyezi Mungu katika majina yake na sifa zake.,Тавҳиди исмҳо ва сифатҳо,เตาฮีด อัล-อัสมาอฺวัสศิฟาต,ئاللاھنىڭ ئىسىم-سۈپەتلىرىگە ئىشىنىش,Исм ва сифат тавҳиди,Giáo lý độc thần về các tên gọi và thuộc tính của Allah,Taohiid ti àwọn orúkọ ati awọn iroyin,oneness-of-allah's-names-and-attributes-en
75,60,الملائكة,The Angels,মালায়েকা,Die Engel,Los ángeles.,Les Anges,Malaikat,മലക്കുകൾ,Os anjos,Ангелы,வானவர்கள்,Melekler,فرشتے,天仙,फरिश्ते,Gli angeli,ملائكه,መላእክት,Mələklər,Meleki,Andělé,Mala’iku,فریشتەکان,De Engelen,پرښتې,Îngerii,සුර දූතයින්,Malaa`igta,Melekët,Änglar,Malaika.,Фриштагон,มะลาอิกะฮ์,پەرىشتىلەر,Фаришталар,Thiên Thần,Àwọn Malaika,the-angels-en
76,60,الجن,The Jinn,জিন,Die Jinn,Yin.,Les Djinns,Jin,ജിന്ന്,Os génios,Джинны,ஜின்,Cinler,جنات,精灵,जिन्न,I jinn,جن,ጋኔን,Cin,Džini,Džinnové,Aljanu,جنۆکە,De Jinn (Geest),پیریان,Djinni,ජින්නුන්,Jiniga,Xhinët,Jinn,Majini.,Ҷин,ญิน,جىنلار,Жинлар,Loài Jinn,Àwọn alujannu,the-jinn-en
77,61,الكتب السابقة,Pre-Islamic Scriptures,পূর্বের কিতাবসমূহ,Pre-Islamic Scriptures,Los libros antiguos.,Les Livres précédents,Pre-Islamic Scriptures,,,Предыдущие Писания,,Geçmiş İlahi Kitaplar,سابقہ آسمانی کتابیں,以前的经典,,Pre-Islamic Scriptures,كتاب هاى پيشين,Pre-Islamic Scriptures,Pre-Islamic Scriptures,Prijašnje objavljene knjige,Pre-Islamic Scriptures,,,Pre-Islamic Scriptures,,Pre-Islamic Scriptures,,Pre-Islamic Scriptures,,Pre-Islamic Scriptures,,Pre-Islamic Scriptures,,,Pre-Islamic Scriptures,,Pre-Islamic Scriptures,pre-islamic-scriptures-en
78,61,القرآن,The Qur'an,আল-কুরআন,The Qur'an,El Corán.,Le Coran,Al-Qur`ān,,,Коран,,Kur'an,قرآن,《古兰经》,क़ुरआन,,قرآن,,,Kur'an,,Al-qur’ani,,,,,,,,,,,,قۇرئان كىرىم,,,,the-qur'an-en
79,62,النبوة,Prophethood,নবুওয়ত,Das Prophetentum,La Profecía.,La prophétie,Kenabian,പ്രവാചകത്വം,A Profecia,Пророчество,இறைத்தூது,Peygamberlik,نبوت,为圣,नबूवत,La profezia,نبوت,ነቢይነት,Peyğəmbərlik,Vjerovjesništvo,Proroctví,Annabtaka,پێغەمبەرایەتی,De profetie,پیغمبري (نبوت),Profeția,දේව දූත මෙහෙවර,Nabinimada,Pejgamberllëku,Profetskap,Utume.,Нубувват,อัล-นุบูวะฮ์ (การเป็นนบี),پەيغەمبەرلىك,Пайғамбарлик,Sứ mạng Nabi,Ijẹ Anọbi,prophethood-en
80,62,الأنبياء والرسل السابقين عليهم السلام,"Pre-Islamic Prophets and Messengers, peace be upon them",পূর্বের নবী ও রাসূলগণ আলাইহিমুস সালাম,Frühere Gesandte und Propheten,"Los Profetas y Mensajeros anteriores, que la paz de Al-lah sean con ellos.",Les Prophètes et les Messagers antérieurs (paix et salut sur eux),Para Nabi dan Rasul Terdahulu -'alaihim as-salām-,മുൻകഴിഞ്ഞ നബിമാരും റസൂലുകളും,"Os Profetas e Mensageiros anteriores, que a paz esteja com eles.","Предыдущие пророки и посланники, мир им",முன்சென்ற இறைத்தூதர்கள்,Geçmiş Peygamberler ve Rasûller -aleyhimusselam-,سابقہ انبیاء اور رسول علیہم السلام,以前的先知和使者-愿主福安之-,पिछले नबी और रसूल अलैहिमुस्सलाम,,انبياء و رسل پيشين عليهم السلام,ቀዳሚ መልክተኞችና ነቢያቶች የአላህ ሰላም ይስፈንባቸው።,Keçmiş peyğəmbərlər və elçilər (Aleyhimussələm),Prijašnji poslanici i vjerovjesnici,Předchozí proroci a posli(mír s nimi),Annabwa da Manzanni da suka gabata -Amincin Allah a gare su,پێغەمبەرانی پێشوو -علیهم السلام-,De profeten en boodschappers vrede zij met hen allen,مخکني أنبیاء او رسولان علیهم السلام,"Profeții și mesagerii anteriori islamului, pacea lui Allah fie asupra lor",පෙර සිටි වක්තෘවරු හා දහම් දූතවරු (ඔවුනට අල්ලාහ්ගේ ශාන්තිය අත් වේවා),Ambiyadii iyo Rusushii hore nabadgelyo Allaha siiyee.,Pejgamberët dhe të dërguarit e mëparshëm,De tidigare profeterna och sändebuden (frid vare över dem),Manabii na Mitume waliotangulia - juu yao amani.,Паёмбарон ва расулони пешин алайҳимус-салом,บรรดานบีและเราะสูลก่อนหน้า (อะลัยฮิมุสศลาม),ئىلگىرى ئۆتكەن ئەلچىلەر ۋە پەيغەمبەرلەر,Ўтган анбиё ва пайғамбарлар алаҳимуссалом,"Các vị Nabi, các vị Thiên Sứ của những thời đại trước - cầu xin Allah ban phúc lành cho Họ","Àwọn Anọbi ati awọn ojiṣẹ ti wọn ṣíwájú, ki àlàáfíà maa ba wọn","pre-islamic-prophets-and-messengers,-peace-be-upon-them-en"
81,62,نبينا محمد صلى الله عليه وسلم,"Our Prophet Muhammad, may Allah's peace and blessings be upon him",আমাদের নবী মুহাম্মাদ সাল্লাল্লাহু আলাইহি ওয়াসাল্লাম,Unser Prophet Muhammad,"Nuestro Profeta Muhammad, que Al-lah le bendiga y le dé paz.",Notre Prophète Muhammad (paix et salut sur lui),Nabi Muhammad -ṣallallāhu 'alaihi wa sallam-,നമ്മുടെ നബി മുഹമ്മദ് -ﷺ-,E o nosso profeta -Que a paz e bençãos de Allah estejam sobre ele,Наш Пророк Мухаммад ﷺ,நம் தூதர் முஹம்மத் (ஸல்),Peygamberimiz Muhammed -sallallahu aleyhi ve sellem-,ہمارے نبی محمدﷺ,我们的先知穆罕默德-愿主福安之-,हमारे नबी मुहम्मद सल्लल्लाहु अलैहि व सल्लम,Il nostro Profeta Muhammad ﷺ,پيامبرمان محمد صلى الله عليه و سلم,ነቢያችን ሙሐመድ (ሶለላሁ ዐለይሂ ወሰለም) የአላህ ሶላትና ሰላም በእርሳቸው ላይ ይስፈንና,Peyğəmbərimiz Muhamməd (sallallahu aleyhi və səlləm),"Vjerovjesnik Muhammed, sallallahu alejhi ve sellem",Náš Prorok Muhammad (ať mu Bůh žehná a dá mír),Annabinmu Muhammad SAW,پێغەمبەرمان موحەمەد ﷺ,Onze profeet Mohammed (vrede zij met hem),زمونږ نبي؛ محمد صلی الله عليه وسلم.,"Profetul nostru Muhammad, pacea și binecuvântarea lui Allah fie asupra sa",අපගේ වක්තෘ මුහම්මද් (එතුමා කෙරෙහි අල්ලාහ්ගේ ශාන්තිය හා සමාදානය උදාවේවා!),Nabigenii Maxamed nabadgelyo iyo naxariis Allaha siiyee.,"Profeti ynë, Muhamedi ﷺ",Vår profet Muhammed ﷺ,Mtume wangu Muhammad - Rehma na amani za Allah ziwe juu yake-,Паёмбарамон Муҳаммад (Салому дуруди Аллоҳ бар ӯ бод),นบีมุหัมมัด ศ็อลลัลลอฮุอะลัยฮิวะสัลลัม,پەيغەمبىرىمىز مۇھەممەد ئەلەيھىسسالام,Пайғамбаримиз Муҳаммад соллаллоҳу алайҳи ва саллам,"Nabi của chúng ta, Muhammad - cầu xin Allah ban bình an và phúc lành cho Người -",Anọbi wa Muhammad- ki ikẹ Ọlọhun ati ọla Rẹ maa ba a-,"our-prophet-muhammad,-may-allah's-peace-and-blessings-be-upon-him-en"
82,62,كرامات الأولياء,Miracles of the Pious Allies of Allah,অলীদের কারামাত,Miracles of the Pious Allies of Allah,Dones especiales de los virtuosos (karamat al-awliya).,Les prodiges des saints,Karamah Para Wali,,Carisma dos amigos de ALLAH,Чудеса близких к Аллаху людей,,Velilerin Kerametleri,اولیاء کی کرامات,先贤们的奇迹,औलिया की करामात (चमत्कार),,كرامات اولياء,የወሊዮች ከራማ,,Kerameti dobrih Allahovih robova (evlija),,Karamomin Waliyyai,ڕێزلێنانەکانی (کەراماتی) پیاوچاوکان,Wonderen van de vrome dienaren,,Miracolele specifice dreptcredincioșilor preacuvioși aleși de Allah,දේව සෙනෙහෙවන්තයින්ගේ ආශ්චර්යයන්,,,,Karama za Mawalii.,,อภินิหารโต๊ะวะลี,,,Các vinh dự của người Wali,,miracles-of-the-pious-allies-of-allah-en
83,63,الحياة البرزخية,The Barzakh Life (After death Period),বারযাখী জীবন,Al-Barzach - das Leben im Grab,La vida de Barzaj.,La vie intermédiaire dans la tombe,Kehidupan di Alam Barzakh,ബർസഖീ ജീവിതം,A vida na sepultura,Жизнь в могиле,கப்ர் வாழ்க்கை,Berzah Hayatı,برزخی زندگی,坟墓的生活,बर्ज़ख़ का जीवन,La vita nell'oltretomba,زندگى برزخى,የቀብር (የበርዘኽ) ህይወት,Bərzəx həyatı,Zagrobni život,život mezi smrtí a vzkříšením,Rayuwar Barzahu,ژیانی بەرزەخ (ژیانی ناو گۆڕ),Het leven in het graf,برزخي ژوند,Viața din Barzakh (perioada următoare moarții),මිනීවළ ජීවිතය,Nolosha Guursiga,Jeta e varrit,Livet i graven,Maisha ya Barzakhi(Baada ya kufa),Зиндагии барзах,ชีวิตหลังความตาย,بەرزەخ ھاياتى-ئۆلگەن ۋاقىتتىن تارتىپ قايتا تىرىلگەنگە قەدەر بولغان ئارىلىق,Барзах ҳаёти,"Cuộc sống nơi cõi Barzakh (cõi chết, hay cõi mộ)",Isẹmi inu sàréè,the-barzakh-life-(after-death-period)-en
84,63,أشراط الساعة,Portents of the Hour,কিয়ামতের আলামতসমূহ,Die Vorzeichen des jüngsten Tages,Las señales de la Hora.,Les prodromes de l'Heure,Tanda-tanda Hari Kiamat,അന്ത്യനാളിൻ്റെ അടയാളങ്ങൾ,Sinais da hora,Признаки наступления Судного Часа,மறுமையின் அடையாளங்கள்,Kıyamet Alametleri,علاماتِ قیامت,末日的条件,क़यामत की निशानयाँ,,علامت هاى قيامت,የትንሳኤ ምልክቶች,Qiyamət saatının əlamətləri,Predznaci Sudnjeg dana,Znamení příchodu soudného dne,Alamomin tashin Al-qiyama,نیشانەکانی ڕوودانی قیامەت,Tekenen van het Uur,د قیامت نښانې,Semnele Ceasului de Apoi,අවසන් හෝරාවේ සලකුණු,Calaamadaha Qiyaamaha,Shenjat e Kiametit,Domedagens tecken,Alama za Kiama .,,สัญญาณวันสิ้นโลก,قىيامەتنىڭ ئالامەتلىرى,Қиёмат аломатлари,Các dấu hiệu báo trước của Ngày Tận Thế,Àwọn àmì ti aye ba fẹ parẹ,portents-of-the-hour-en
85,63,الحياة الآخرة,The Hereafter Life,আখেরাতের জীবন,Das Leben im Jenseits,La vida del Más Allá.,La vie de l'au-delà,Kehidupan Akhirat,മരണാനന്തര ജീവിതം,A vida do Além,Последняя жизнь,மறுமை வாழ்வு,Ahiret Hayatı,اخروی زندگی,后世的生活,आख़िरत (परलोक) का जीवन,La vita nell'aldilà,زندگى در آخرت,የመጨረሻው ህይወት,Axirət həyatı,Vječni svijet,Budoucí život,Rayuwar Lahira,ژیانی ڕۆژی دوایی,Het Hiernamaals,بل ژوند,Viața de Apoi,මතුලොව ජීවිතය,Nolosha Aakhiro,Jeta e amshuar,Det kommande livet,Maisha ya Akhera.,Зиндагии охират,ชีวิตแห่งโลกอาคิเราะฮ์,ئاخىرەت ھاياتى,Охират ҳаети,Cuộc sống Đời Sau,Isẹmi ọjọ ìkẹyìn,the-hereafter-life-en
86,64,مراتب القضاء والقدر,Levels of Divine Decree and Fate,কাদ্বা ও কদরের স্তরসমূহ,Die verschiedenen Stufen der Vorherbestimmung des Schicksals,Los niveles de la Voluntad y el Decreto de Al-lah.,Les étapes du Décret et du Destin,Tingkatan-tingkatan Qaḍā` dan Qadar,വിധിവിശ്വാസത്തിൻ്റെ പദവികൾ,Estágios da predestinação e decreto,Этапы предустановления и предопределения,விதியின் படித்தரங்கள்,Kaza ve Kaderin Mertebeleri,قضاء و قدر کے مراتب,前定的范畴,क़ज़ा एवं क़दर (नियति एवं भाग्य) की श्रेणियाँ,I gradi del decreto divino e del destino,مراتب قضاء و قدر,የቀዷና ቀደር ደረጃዎች,Qəza və qədərin mərtəbələri,Stepeni Allahove odredbe,Úrovně předurčení a osudu,Matakan Hukuncin Allah da Qaddara,پلەکانی قەزا وقەدەر,Gradaties van voorbeschikking en lot,د قضا او تقدیر مرتبې,Nivelele destinului și predestinării,පෙර නියමයෙහි හා ඉරණමෙහි තරාතිරම්,Qadarka iyo Qadaha martabooyinkooda,Shkallët e kadasë dhe kaderit,Ödets nivåer,Ngazi za hukumu na Qadar.,Маротиби қазо ва қадар,ระดับขั้นของกฎกำหนดสภาวะ,قازا ۋە قەدەرنىڭ دەرىجىلىرى,Қазо ва қадарнинг мартабалари,Các cấp bậc về tiền định,Awọn ipo idajọ ati kadara,levels-of-divine-decree-and-fate-en
87,64,مسائل القضاء والقدر,Issues of Divine Decree and Fate,কাদ্বা ও কদরের মাসআলাসমূহ,Fragen zur Vorherbestimmung des SchicksalsDie verschiedenen Stufen der Vorherbestimmung des Schicksals,Cuestiones de la Voluntad y el Decreto de Al-lah.,Les questions sur le Décret et le Destin,Masalah-masalah Qaḍā` dan Qadar,വിധിവിശ്വാസവുമായി ബന്ധപ്പെട്ട വിഷയങ്ങൾ,Assuntos da predestinação e decreto,"Вопросы, связанные с предустановлением и предопределением",விதியின் விடயங்கள்,Kaza ve Kader Konuları,قضاء و قدر کے مسائل,前定的问题,क़ज़ा एवं क़दर (नियति एवं भाग्य) के मसायल,Le questioni riguardanti il decreto divino e il destino,مسائل قضاء و قدر,የቀዷና ቀደር ጉዳዮች,Qəza və qədər məsələləri,Pitanja vezana za Allahovu odredbu,Otázky týkající se předurčení a osudu,Mas’alolin Hukuncin Allah da Kaddara Musulunci,مەسەلەکانی قەزا وقەدەر,Kwesties van voorbeschikking en lot,د قضا او تقدیر مسألې,Chestiuni legate de destin și predestinare,පෙර නියමය හා ඉරණම හා බැඳුණු ගැටළු,Masalooyin Qadarka iyo Qadaha ku saabsan,Çështje të kadasë dhe kaderit,Ämnen relaterade till ödet och det förutbestämda,Mambo ya Hukumu na Qadar.,Масъалаҳои қазо ва қадар,ประเด็นต่าง ๆ ที่เกี่ยวข้องกับกฎกำหนดสภาวะ,قازا ۋە قەدەر مەسىلىلىرى,Қазо ва қадарша оид масалалар,Các vấn đề liên quan đến sự tiền định,Awọn ibeere idajọ ati kadara,issues-of-divine-decree-and-fate-en
88,65,الإسلام,Islam,আল-ইসলাম,Der Islam,Islam.,L'Islam,Islam,ഇസ്ലാം,O Islam,Ислам,இஸ்லாம்,İslam,اسلام,伊斯兰教,इस्लाम,L’Islam,اسلام,ኢስላም,İslam,Islam,Islám,Abubuwan da suke warware Musulunci,ئیسلام,De Islam,اسلام,Islamul,ඉස්ලාමය,Islaam,Islami,Islam,Uislamu,Ислом,อิสลาม,ئىسلام,Ислом,Islam,Ẹsin Isilaamu,islam-en
89,65,نواقض الإسلام,Nullifiers of Islam,ইসলাম ভঙ্গকারী বিষয়সমূহ,Dinge die ungültig machen,Los anuladores el Islam.,Les points annulatifs de l'Islam,Pembatal-pembatal Keislaman,ഇസ്ലാമിൽ നിന്ന് പുറത്തു പോകാൻ കാരണമാകുന്ന കാര്യങ്ങൾ,Anuladores do Isslam,"Действия, выводящие из ислама",இஸ்லாத்தை விட்டும் வெளியேற்றுபவை,İslamı Bozan Haller,نواقضِ اسلام (اسلام سے خارج کردینے والے امور),被伊斯兰教废除的,इस्लाम से निष्कासित करने वाली बातें,Gli invalidanti dell'Islam,نواقض اسلام,ኢስላምን የሚያፈርሱ ነገሮች,İslamı batil edən amillər,Djela koja izvode iz islama,"Věci, které ruší islám",Abubuwan da suke warware,هەڵوەشێنەرەوەکانی ئیسلام,Zaken die de islam ondermijnen,د اسلام ماتوونکي (نواقض),Chestiuni care invalidează islamul,ඉස්ලාමය බිඳින කරුණු,Waxa buriya Islaamka,Zhvlerësuesit e Islamit,Det som upphäver en persons islam,Vichenguzi vya uislamu.,Навоқизи ислом,สิ่งที่ทำให้ตกศาสนา,ئىسلامنى بۇزىدىغان ئامىللار,Исломни бузувчи амаллар,Những điều hủy hoại Islam,Awọn nnkan ti wọn maa n ba Isilaamu jẹ,nullifiers-of-islam-en
90,65,مسائل الجاهلية,Issues of Pre-Islamic Era,জাহেলী যুগের বিষয়াদি,Fragen aus der vorislamischen Jahiliyah-Zeit,Cuestiones de la Yahilia.,Les questions relatives à la période préislamique (Al Jâhiliyah),Perkara-perkara Jahiliah,ജാഹിലിയ്യതിലെ വിഷയങ്ങൾ,Assuntos da era pre-Islâmica,Вопросы доисламского невежества,ஜாஹிலிய்ய விடயங்கள்,Cahiliye Konuları,جاہلیت کے مسائل,蒙昧时期的问题,जाहिलियत के मसायल,Le questioni dell'ignoranza (pre-islamica),مسائل جاهليت,የጃሂሊያ ጉዳዮች,Cahiliyyə məsələləri,Pitanja vezana za džahilijet (period neznaboštva),Otázky týkající se doby nevědomosti(džáhilíja),Mas’alolin Jahiliyya,مەسەلەکانی جاهیلیەت,Overtuigingen uit de tijd van onwetendheid,د جاهلیت مسألې,Chestiuni specifice erei preislamice,අඥාන යුගයේ ගැටළු,Masalooyin Jaahili ah,Çështje të xhahilijetit (periudhës paraislame),Ämnen relaterade till den hedniska tiden,(Mambo ya kale kabla ya uislamu),Масъалаҳои ҷоҳили,ประเด็นต่าง ๆที่เกี่ยวข้องกับญาฮิลียะฮ์,جاھىلىيەت مەسىلىلىرى,Жоҳилиятга оид масалалар,Các vấn đề liên quan đến thời tiền Islam,Awọn ibeere asiko aimọkan,issues-of-pre-islamic-era-en
91,65,معنى الإيمان,Foods and Drinks,,Foods and Drinks,Foods and Drinks,Foods and Drinks,Foods and Drinks,,,Foods and Drinks,,Foods and Drinks,Foods and Drinks,,,,Foods and Drinks,,,,,,,,,,,,,,,,,,,,,category-91
92,65,زيادة الإيمان ونقصانه,Increase and Decrease of Faith,ঈমানের বৃদ্ধি ও হ্রাস,Wie der Glaube zu- und abnimmt,El aumento y la reducción en la fe.,L'augmentation de la Foi et sa diminution,Bertambah dan Berkurangnya Keimanan,ഈമാനിൻ്റെ വർദ്ധനവും കുറവും,O aumento da fé e o seu declínio,Увеличение и уменьшение веры,நம்பிக்கை அதிகரித்தலும் குறைதலும்,İmanın Artması ve Eksilmesi,ایمان کی زیادتی اور کمی,信仰的增加和减少,ईमान का बढ़ना और घटना,L'aumento e la diminuzione della fede,افزايش ايمان و كاهش آن,የኢማን መጨመርና መቀነስ,İmanın artması və azalması,Povećanje i smanjivanje vjerovanja,Zvětšování a zmenšování víry,Qaruwar Imani da Raguwarsa,زیادبوون وکەم بوونی ئیمان,Toename en afname van geloof,د ایمان زیاتیدل او کمیدل,Sporirea și scăderea credinței,දේව විශ්වාසයේ වර්ධනය හා හීන වීම,Imaanka siyaadadiisa iyo nuqsaantiisa,Shtimi dhe pakimi i imanit,Tron stiger och sjunker,Kuzidi kwa Imani na Kupungua kwake.,Зиёд шудан ва кам шудани имон,การเพิ่มขึ้นและลดลงของอีหม่าน,ئىماننىڭ كەم-زىيادە بولىشى,Иймоннинг зиёда ва нуқсони,Sự tăng giảm của đức tin,Lilekun igbagbọ ati adinku rẹ,increase-and-decrease-of-faith-en
93,4,Prescribed Punishments,Prescribed Punishments,,Prescribed Punishments,Prescribed Punishments,Prescribed Punishments,Prescribed Punishments,,,Prescribed Punishments,,Prescribed Punishments,Prescribed Punishments,,,,Prescribed Punishments,,,,,,,,,,,,,,,,,,,,,prescribed-punishments
94,65,شعب الإيمان,Branches of Faith,ঈমানের শাখাসমূহ,Die Zweige des Glaubens,Shu’ab al iman (las ramas de la fe).,Les branches / ramifications de la foi,Cabang-cabang Keimanan,ഈമാനിൻ്റെ ശാഖകൾ,Ramificações da fé,Ответвления веры,ஈமானின் கிளைகள்,İmanın Şubeleri,ایمان کے شعبے,信仰的民众,ईमान की शाखाएँ,I rami della fede,شعبه هاى ايمان,የኢማን ቅርንጫፍ,İmanın şöbələri,Djelovi vjerovanja,Části víry,Rassan Imani,بەشەکانی -لقەکانی- ئیمان,Takken van geloof,د ایمان څانګې,Branșele credinței,දේව විශ්වාසයේ ශාඛා,Iimaanka qaybihiisa,Degët e imanit,Trons delar,Sehemu ya Imani.,Шуъбаҳои имон,แขนงของการศรัทธา,ئىماننىڭ تارماق قىسىملىرى,Иймон шуъбалари,Các phần của đức tin,Awọn ipin igbagbọ,branches-of-faith-en
95,65,الإحسان,Principles of Islamic Jurisprudence,,Principles of Islamic Jurisprudence,Principles of Islamic Jurisprudence,Principles of Islamic Jurisprudence,Principles of Islamic Jurisprudence,,,Principles of Islamic Jurisprudence,,Principles of Islamic Jurisprudence,Principles of Islamic Jurisprudence,,,,Principles of Islamic Jurisprudence,,,,,,,,,,,,,,,,,,,,,category-95
96,65,الكفر,Disbelief,আল-কুফর,Der Unglaube,Kufr (incredulidad).,Les ramifications de la Foi,Kekufuran,നിഷേധം,A descrença,Неверие,நிராகரிப்பு,Küfür,کفر,不信仰宗教,कुफ़्र (अविश्वास),L'infedeltà,كفر,ክህደት (ኩፍር),Küfür,Nevjerovanje,Nevíra -odmítání víry,Kafirci,کوفر (بێباوەڕی),Ongeloof,کفر,Necredința,දේව ප්රතික්ෂේපය,Gaalnimada,Kufri,Otro,Kufuru,Куфр,การปฏิเสธศรัทธา,كۇپۇرلۇق,Куфр,Kufr (sự vô đức tin),Aigbagbọ,disbelief-en
97,65,الشرك,Polytheism,আশ-শির্ক,Schirk - Allah etwas beizugesellen,Shirk (idolatría).,Le polythéisme,Syirik,ബഹുദൈവാരാധന,O poleteismo,Многобожие,இணைவைப்பு,Şirk,شرک,举伴真主,शिर्क (बहुदेववाद),L'idolatria,شرک,ማጋራት (ሺርክ),Şirk,Mnogoboštvo (širk),Přidružování,Shirka,شیرک (هاوبەش بڕیاردان بۆ خوای گەورە),Afgoderij,شرک,Politeismul,දේව ආදේශය,Shirkiga,Shirku,Avguderi,Ushirikina.,Ширк,การตั้งภาคี,شىرىك كەلتۈرۈش,Ширк,Shirk (tổ hợp các thần linh cùng với Allah),Ida ọrọgun pọ mọ Ọlọhun,polytheism-en
98,65,النفاق,Hypocrisy,আন-নিফাক,Nifaq - die Heuchelei,La hipocresía.,L'hypocrisie,Kemunafikan,കപടവിശ്വാസം,A hipocresia,Лицемерие,நயவஞ்சகம்,Nifak,نفاق,伪善,निफ़ाक़,L'ipocrisia,منافقت,ንፍቅና (ኒፋቅ),Nifaq,Dvoličnost (munafikluk),Pokrytectví,Munafunci,دوو ڕوویی (نیفاق),Hypocrisie,نفاق,Ipocrizia,කුහකකම,Nifaaqa,Nifaku - hipokrizia,Hyckleri,Unafiki.,Нифоқ,การบิดพริ้ว,مۇناپىقلىق,Нифоқ,Nifaaq (giả tạo đức tin),Ṣọbẹ-ṣelu,hypocrisy-en
99,65,الفسق,Immorality,ফাসেকী,Fisq - der Vesroß gegen die islamischen Vorschriften,Inmoralidad (fasiq).,La perversion,Kefasikan,അധാർമ്മികത,A depravação (al-fissq):,Нечестие,பாவம் செய்தல்,Fısk,فسق,放荡,फ़िस्क़,Il traviamento,تبهكارى,አመፀኝነት (ፊስቅ),Fasiqlik,Griješenje,Hanebnost,Fasiqanci,فاسق بوون,Ondeugd,فسق,Imoralitatea,දුෂ්ටකම,Fisqiga,Fisku - mosbindja,Synd,Uovu,,ความชั่วช้า,پاسىقلىق,Фисқ,Fisq (Sự hư đốn),Pooki,immorality-en
100,65,البدعة,Religious Innovation,বিদ‘আত,"Bida`h - die EInführung von neuen Dingen in die Religion, die nicht mit ihr vereinbar sind",Al-bid’a (innovación).,L'innovation,Bidah,പുത്തനാചാരം,A inovação,Ересь,நூதன அனுஷ்டானங்கள்,Bidat,بدعت,异端,बिदअत,,بدعت,ቢድዓ,Bidət,Novotarija,Novota,Bidi'a,بیدعە,Innovatie,بدعت,Inovațiile,නව කරුණු,Bidcada,Bidatet,Innovation,Uzushi.,Бидъат,บิดอะฮฺ (อุตริกรรม),بىدئەت,Бидъат,"Bid'ah (cải biên, làm mới)",Adadaalẹ,religious-innovation-en
101,66,فضل الصحابة رضي الله عنهم,Merit of the Companions,সাহাবা রাদিয়াল্লাহু আনহুমদের ফযীলত,Die besondere Stellung der Sahaba - der Gefährten des Propheten,"La virtud de los sahabas, que Al-lah esté complacido con todos ellos.",Le mérite des compagnons (qu'Allah les agrée),Keutamaan Para Sahabat -raḍiyallāhu 'anhum-,സ്വഹാബികളുടെ ശ്രേഷ്ഠത,A virtude dos companheiros do Profeta,"Достоинство сподвижников, да будет доволен ими Аллах",நபித்தோழர்களின் சிறப்புகள்,Sahabenin Fazileti -radıyallahu anhum-,صحابہ رضی اللہ عہنہم کی فضیلت,圣门弟子-愿主喜悦 之-的尊贵,सहाबा रज़ियल्लाहु अनहुम की फ़ज़ीलत,"La virtù dei Compagni, che Allah si compiaccia di loro",فضل صحابه رضى الله عنهم,የሶሐቦች (ረዺየሏሁ ዐንሁም) - አላህ መልካም ሥራቸውን ይውደድላቸውና ደረጃ,Səhabələrin fəziləti (Allah onlardan razı olsun),Vrijednost ashaba,Zásluhy druhů Proroka(Sahába) ať je s nimi Bůh spokojen,Falalar Sahabbai -Amincin Allah a gare su-,فەزڵەکانی هاوەڵان -ڕەزای خوایان لێبێت-,Deugd van de metgezellen moge Allah tevreden met hen zijn,د صحابه کرامو - رضي الله عنهم - فضیلت,Virtuțile Companionilor,සහගාමී මිතුරන්ගේ මහිමය (අල්ලාහ් ඔවුන් පිළිබඳ තෘප්තියට පත් විය),Fadliga Saxaabada Allah raali ka noqdee,Vlera e sahabëve (Allahu qoftë i kënaqur me ta),Följeslagarnas förträfflighet,Ubora wa Maswahaba Radhi za Mwenyezi Mungu ziwe juu yao.,Фазилати саҳоба (Худованд аз онҳо розӣ бод),ความประเสริฐของบรรดาเศาะฮษบะฮ์ เราะดิยัลลอฮุอันฮุม,ساھابىلارنىڭ پەزىلىتى(ئاللاھ ئۇلاردىن رازى بولسۇن),Саҳобалар фазилатлари,Ân phúc của Sahabah - cầu xin Allah hài lòng về họ -,Ọla ti o n bẹ fun awọn sahaabe- ki Ọlọhun yọnu si wọn-,merit-of-the-companions-en
102,66,الاعتقاد في الصحابة رضي الله عنهم,Belief in the the Companions,সাহাবা রাদিয়াল্লাহু আনহুমগণের ব্যাপারে আকিদা,Was man als Muslim über die Sahaba - die Gefährten des Propheten glauben muss,Belief in the the Companions,La croyance envers les compagnons (qu'Allah les agrée),Keyakinan Terhadap Para Sahabat -raḍiyallāhu 'anhum-,സ്വഹാബികളെ കുറിച്ചുള്ള വിശ്വാസം,A crença nos companheiros do Profeta,"Вероубеждение относительно сподвижников, да будет доволен ими Аллах",,Sahabe -radıyallahu anhum- Hakkındaki İnançlar,صحابہ رضی اللہ عنہم کے متعلق عقیدہ,圣门弟子-愿主喜悦之-的主张,सहाबा रज़ियल्लाहु अनहुम के बारे में आस्था,,اعتقاد در صحابه رضى الله عنهم,በሶሐቦች (ረዺየሏሁ ዐንሁም) - አላህ መልካም ሥራቸውን ይውደድላቸውና ዙሪያ የሚገባው እምነት,Səhabələr (Allah onlardan razı olsun) barədə etiqad,Vjerovanje glede ashaba,Přesvědčení o druzích Proroka(Sahába) ať je s nimi Bůh spokojen,Qudurcewa ga me da Sahabbai -Amincin Allah a gare su-,بیروباوەڕ (عەقیدە) سەبارەت بە هاوەڵان -ڕەزای خوایان لێبێت-,Geloof in de metgezellen moge Allah tevreden met hen zijn,د صحابه کرامو - رضي الله عنهم -په اړه باور,Credințe cu privire la Companioni,සහගාමී මිතුරන් සම්බන්ධයෙන් වූ විශ්වාසය (අල්ලාහ් ඔවුන් පිළිබඳ තෘප්තියට පත් විය),,,Trosläran om följeslagarna (må Allah vara nöjd med dem),Kuitakidi - Kuamini- kuhusu maswahaba.Radhi za Allah ziwe juu yao.,,หลักศรัทธาเกี่ยวบรรดาเศาะฮษบะฮ์ เราะดิยัลลอฮุอันฮุม,,,Nhìn nhận đúng về Sahabah - cầu xin Allah hài lòng về họ -,,belief-in-the-the-companions-en
103,66,درجات الصحابة رضي الله عنهم,Degrees of the Companions,সাহাবা রাদিয়াল্লাহু আনহুমদের স্তরসমূহ,Degrees of the Companions,"Grado de los sahabas, que Al-lah esté complacido de todos ellos.",Les degrés des compagnons (qu'Allah les agrée),Tingkatan-tingkatan Para Sahabat -raḍiyallāhu 'anhum-,സ്വഹാബികളുടെ പദവികൾ,os graus dos companheiros do Profeta,"Степени сподвижников, да будет доволен ими Аллах",,Sahabenin Dereceleri -radıyallahu anhum-,صحابہ رضی اللہ عنہم کے درجات,圣门弟子－愿主喜悦之－的等级,सहाबा रज़ियल्लाहु अनहुम की श्रेणियाँ,,مراتب صحابه رضى الله عنهم,የሶሐቦች (ረዺየሏሁ ዐንሁም) - አላህ መልካም ሥራቸውን ይውደድላቸውና ደረጃዎች,,Položaj ashaba,,Darajar Sahabbai-Amincin Allah a gare su-,پلەکانی هاوەڵان -ڕەزای خوایان لێبێت-,Gradaties van de metgezellen moge Allah tevreden met hen zijn,د صحابه کرامو - رضي الله عنهم -درجې,"Gradele Companionilor, Allah să fie mulțumit de ei",සහගාමී මිතුරන්ගේ තරාතිරම් (අල්ලාහ් ඔවුන් පිළිබඳ තෘප්තියට පත් විය),,,Följeslagarnas nivåer,Ubora wa Maswahaba Radhi za Mwenyezi Mungu ziwe juu yao.,,ระดับชั้นของบรรดาเศาะฮษบะฮ์ เราะดิยัลลอฮุอันฮุม,ساھابىلارنىڭ دەرىجىسى,,Cấp bậc của Sahabah - cầu xin Allah hài lòng về họ -,,degrees-of-the-companions-en
105,67,فضل آل البيت,Merit of the Prophet's Family,নবী পরিবারের ফযীলত,Merit of the Prophet's Family,Virtud de Ahlu al-Bait.,Le mérite de la famille du Prophète,Keutamaan Ahlulbait,നബികുടുംബത്തിൻ്റെ ശ്രേഷ്ഠത,A virtude da familia do profeta,Достоинство семейства Пророка ﷺ,,Ehl-i Beyt'in Fazileti,اہل بیت کی فضیلت,穆圣家眷的尊贵,रसूल सल्लल्लाहु अलैहि व सल्लम के परिजनों की फ़ज़ीलत,,فضل آل بيت,የነቢዩ ቤተሰቦች ደረጃ,,Vrijednost Poslanikove porodice,,Falalar Ahlul Baiti,فەزڵی ئەهلی بەیت (بنەماڵە وخێزانەکانی پێغەمبەر ﷺ),Deugd van de familie van de profeet (Ahl al-Bayt),د اهل بیت غوره والی,Virtuțile familiei Profetului,නබි තුමාගේ පෙළපතෙහි මහිමය,,,Profetens hushålls förträfflighet,Ubora wa Ahlu Baiti- watu wa nyumba ya mtume.,,ความประเสริฐของอาลุ้ลบัยต์,پەيغەمبەرئەلەيھىسسالام ئائىلە تاۋابىئاتلىرىنىڭ پەزىلىتى,,Ân phúc gia quyến của Thiên Sứ,,merit-of-the-prophet's-family-en
106,67,فضل أمهات المؤمنين,Merit of the Mothers of the Believers,রাসূলের স্ত্রীগণের ফযীলত,Merit of the Mothers of the Believers,La virtud de las madres de los creyentes.,Le mérite des mères des croyants,Keutamaan Para Ummul Mukminin,,,Достоинство матерей правоверных,,Müminlerin Annelerinin Fazileti,امہات المومنین کی فضیلت,信士之母的尊贵,रसूल सल्लल्लाहु अलैहि व सल्लम की पत्नियों की फ़ज़ीलत,,فضل مادران مؤمنان,,,Vrijednost majki vjernika,,Falalar Iyayen Muminai (Matan Annabi),فەزڵەکانی دایکانی ئیمانداران,,,,,,,,,,,,,,,merit-of-the-mothers-of-the-believers-en
107,67,الاعتقاد في آل البيت,Belief in the Prophet's Family,নবী পরিবারের ক্ষেত্রে আকিদা,Belief in the Prophet's Family,La creencia en Ahlu al-Bait.,La croyance envers la famille du Prophète,Keyakinan Terhadap Ahlulbait,,,Вероубеждение о семействе Пророка ﷺ,,Ehl-i Beyt Hakkındaki İnançlar,اہل بیت کے بارے میں عقیدہ,穆圣家眷的主张,रसूल सल्लल्लाहु अलैहि व सल्लम के परिजनों से संबंधित आस्था,,اعتقاد در آل بيت,,,Vjerovanje po pitanju Poslanikove porodice,,Qudurcewa ga me da Ahlulbaiti,بیروباوەڕ وعەقیدە سەبارەت بە ئەهلی بەیت (خێزان وبنەماڵەی پێغەمبەر ﷺ),,,,,,,,,,,پەيغەمبەرئەلەيھىسسالامنىڭ ئائىلە تاۋابىئاتلىرى توغىرىسىدىكى كۆز قاراش,,,,belief-in-the-prophet's-family-en
108,67,حقوق آل البيت,Rights of the Prophet's Family,নবী পরিবারের অধিকারসমূহ,Rights of the Prophet's Family,Los derechos de Ahlu Al-Bait.,Les droits envers la famille du Prophète,Hak-hak Ahlulbait,,Os direitos da familia do profeta,Права семейства Пророка ﷺ,,Ehl-i Beyt'in Hukuku,اہل بیت کے حقوق,穆圣家眷的权利,रसूल सल्लल्लाहु अलैहि व सल्लम के परिजनों के अधिकार,,حقوق آل بيت,,,Obaveze spram Poslanikove porodice,,Haqqoqin Ahlulbaiti,مافەکانی ئەهلی بەیت (خێزان وبنەماڵەی پێغەمبەر ﷺ),,,,,,,,,,,پەيغەمبەرئەلەيھىسسالام ئائىلە تاۋابىئاتلىرىنىڭ ھەق-ھوقۇقلىرى,,,,rights-of-the-prophet's-family-en
109,68,أحكام الولاء والبراء,Rulings of Allegiance and Dissociation,বন্ধুত্ব ও বৈরীতা সংক্রান্ত বিধানাবলী,Regeln zu al-Wala wa al-Bara - zur Loyalität im Islam,Las normas del al-wala wa al-bara (lealtad y negación).,Les règles de l'alliance et du désaveu,Hukum-Hukum Walā` dan Barā`,അല്ലാഹുവിൻ്റെ പേരിലുള്ള സ്നേഹത്തിൻ്റെയും വെറുപ്പിൻ്റെയും വിധിവിലക്കുകൾ,As regras de amizade e isenção,Шариатские законоположения о близкой дружбе и отречении ради Аллаха,"மார்க்க ரீதியான நட்புவைத்தல், பகைத்தல் ஆகியவற்றின் சட்டங்கள்",Velâ ve Berâ'ya Dair Hükümler,ولاء وبراء کے احکام (وفاداری اور بیزاری کے احکام),忠实者和清白者的律例,अल-वला तथा अल-बरा (मैत्री तथा अलगाव) से संबंधित अहकाम,"Le norme riguardo ""la lealtà e il ripudio""",احكام تبعيت و برائت,የመወዳጀትና የመራራቅ ህግጋት,Dostluq və düşmənçilik əhkamları,Propisi vezani za ljubav i mržnju,Nařízení týkající se přízně (k věřícím) a zproštění se (nevěřících),Hukunce Hukunce jivanta da barranta,حوکمەکانی دڵسۆزبوون وبێ بەری بوون (الولاء والبراء),Voorschriften betreffend de Loyaliteit en afkeer,د دوستۍ او بیزارۍ اړوند حکمونه,Reglementări privind loialitatea și disocierea,හිතවත්කම් පෑම හා වෙන් වීම පිළිබඳ නීතිය,Axkaanta ka wali dhigashada iyo ka bari noqoshada,Normat që kanë të bëjnë me uelanë dhe beranë,Bestämmelser om att älska och hata för Allahs skull,Hukumu za Kupenda na Kuchukia.,Аҳкоми вало ва баро,ข้อตัดสินชี้ขาดของการรักและเป็นมิตรต่อบรรดาผู้ศรัทธา และการรังเกียจและเป็นศัตรูต่อบรรดาผู้ปฏิเสธศรัทธา,مۇھەببەت ۋە نەپرەت ھۆكۈملىرى,Ал-вало валбаро аҳкомлари,Giáo luật về đồng minh và kẻ thù,Awọn idajọ imu ara ẹni ni ni aayo ati ibọpa bọsẹ fun ara ẹni,rulings-of-allegiance-and-dissociation-en
110,68,التشبه المنهي عنه,Forbidden Emulation,নিষিদ্ধ সাদৃশ্য,Wann und wie es verboten ist jemanden nachzuahmen,La imitación que está prohibida.,La notion d’imitation interdite,Tasyabbuh yang Dilarang,വിലക്കപ്പെട്ട സദൃശ്യപ്പെടൽ,A semelhança proibida,Запрещённое подражание неверующим,தடைசெய்யப்பட்ட உடன்படுதல்,Yasak Olan Benzeme,ممنوعہ مشابہت,禁止的模仿,वर्जित समरूपता,L'imitazione proibita,مشابهت نهى شده,የተከለከለው መመሳሰል,Qadağan olunan oxşamaq,Zabranjeni načini oponašanja nevjernika,Zakázané připodobňování se,Kamanceceniyar da aka Haramta,خۆچواندنی نەهی لێکراو,Verboden nabootsing,هغه تشبیه چې منع ورڅخه راغلې ده,Imitațiile interzise,තහනම් කරන ලද අනුකරණය,Isu ekeysiinta la reebay,Përngjasimi i ndaluar,Förbjuden imitation,Kujifananisha kulikokatazwa,Мушобиҳат ва монандии ҳаром,การลอกเลียนแบบที่ต้องห้าม,چەكلەنگەن دورامچىلىق,Қайтарилган ўзини ўхшатиш,Sự bắt chước không được phép,Afijọ ti a kọ kuro nibẹ,forbidden-emulation-en
111,68,الهجرة وأحكامها,Emigration and its Rulings,,Emigration and its Rulings,Emigration and its Rulings,L'Hégire et ses règles,Hijrah dan Hukum-hukumnya,,A emigração e as suas regras,Переселение на пути Аллаха и законоположения об этом,,Emigration and its Rulings,ہجرت اور اس کے احکام,迁徙及其律例,हिजरत तथा उससे संबंधित अहकाम,,هجرت و احكام آن,,,Hidžra i njeni propisi,,,هیجرەت -کۆچکردن- وحوکمەکانی,,,,,,,,,,,ھىجرەت ۋە ئۇنىڭغا ئالاقىدار ھۆكۈملەر,,,,emigration-and-its-rulings-en
112,68,الهجر وشروطه,Desertion and its Conditions,পরিত্যাগ করা ও তার শর্তসমূহ,Die Hijrah - die Auswanderung und was vorausgesetzt wird,La Hiyra y sus términos.,Le délaissement et ses conditions,Hijrah dan Syarat-syaratnya,"അകൽച്ച പ്രഖ്യാപിക്കലും, അതിൻ്റെ നിബന്ധനകളും",A emigração e as suas condições,Бойкот и его условия,புறக்கணித்தலும் அதன் நிபந்தனைனகளும்,Hecr ve Hecr'in Şartları,ترک تعلق کرنا اور اس کی شرائط,迁徙及其条件,संबंध विच्छेद करना और उसकी शर्तें,Il taglio dei rapporti e i suoi requisiti,هجرت و شرط هاى آن,ማኩረፍና መስፈርቶቹ,Hicrət və onun şərtləri,Izbjegavanje drugih ljudi i uslovi ispravnosti tog čina,Vyhýbání se a jeho podmínky,Al-hajar da Sharaxansa,هیجرەت -کۆچکردن- ومەرجەکانی,Migratie en zijn voorwaarden,یو چا سره - اړیکه - پرې کول او شرطونه یې,Emigrarea și condițiile acesteia,නික්මයාම එහි කොන්දේසි,Shuruuda Hijrada,Kushtet e hixhretit,Bojkott och dess villkor,Kuhama na amasharti yake.,Тарки одамон ва шартҳои он,การตัดสัมพันธ์และเงื่อนไขของมัน,ھىجرەت ۋە ئۇنىڭ شەرتلىرى,Хижрат ва унинг шартлари,Di cư và các điều kiện,Odi yiyan ati awọn majẹmu rẹ,desertion-and-its-conditions-en
113,69,خصائص أهل السنة والجماعة,Characteristics of the People of the Sunnah and the Community,আহলুস সুন্নাত ওয়াল জামা‘আতের বৈশিষ্ট্যসমূহ,Characteristics of the People of the Sunnah and the Community,Characteristics of the People of the Sunnah and the Community,Characteristics of the People of the Sunnah and the Community,Characteristics of the People of the Sunnah and the Community,,,Особенности приверженцев Сунны и единой мусульманской общины,,Ehl-i Sünnet ve'l-Cemaat'in Özellikleri,Characteristics of the People of the Sunnah and the Community,,,,Characteristics of the People of the Sunnah and the Community,Characteristics of the People of the Sunnah and the Community,,,,,,Characteristics of the People of the Sunnah and the Community,,Characteristics of the People of the Sunnah and the Community,,,,,,,,,,,,characteristics-of-the-people-of-the-sunnah-and-the-community-en
119,71,الفرق والمذاهب القديمة النشأة,Old Sects and Schools,বিভিন্ন ফির্কা ও প্রাচীনকালে সৃষ্ট মতবাদসমূহ,Old Sects and Schools,Las antiguas sectas y escuelas.,Les sectes et les doctrines anciennes,Sekte dan Mazhab yang Ada Sejak Dulu,,A diferença e o surgimento de escolas antigas,Старые группы и секты,,Eskiden Beri Var Olan Fırkalar ve Mezhepler,قدیم فرقے اور مذاہب,古代教派和特点,प्राचीन धर्म एवं समुदाय,,فرقه ها و مذاهب قديمى نشأت يافته,የቀደምት አንጃዎችና መንገዶች መነሻ,,Davnašnje sekte i pravci,,Qungiyoyi da Mazhabobi tsofaffi Samuwa,کۆمەڵ ومەزهەبە دامەزراوەکان لە کۆندا,Oude groeperingen en denkscholen,,Sectele și școlie predecesoare,පෙර බිහි වූ කණ්ඩායම් හා නීති ගුරුකුල,,,,Makundi na madhehebu yaliyotangulia na kukuwa kwake.,,กลุ่มและมัซฮับต่าง ๆที่มีต้นกำเนิดเก่าแก่,قەدىمقى مەزھەب ۋە پىرقىلەر,,Sự phát triển của các nhóm và trường phái cổ xưa,,old-sects-and-schools-en
121,4,فقه العبادات,Jurisprudence of Acts of Worship,ইবাদাত বিষয়ক ফিকহ,Fiqh al-`Ibadat - Rechtsvorschriften zu den gottesdienstlichen Handlungen,Fiqh al-‘ibada (jurisprudencia islámica en adoraciones).,La jurisprudence des adorations,Fikih Ibadah,ആരാധനയുടെ കർമ്മശാസ്ത്രം,Jurisprudência da adoração,Фикх обрядов поклонения Аллаху,வணக்கவழிபாட்டுகள் சம்பந்தமான பிக்ஹ்,İbadet Fıkhı,فقہِ عبادات (عبادات سے متعلق شرعی مسائل),功修的教法,इबादतों पर आधारित फ़िक़्ह,La giurisprudenza riguardante gli atti di adorazione,فقه عبادات,የአምልኮ ፊቂህ,İbadətlərin əhkamı,Fikh obredoslovlja (ibadeta),Právní nařízení týkající se uctíváni,Fiqhun Ibada,فیقهی پەرستنەکان,Jurisprudentie van aanbiddingen,د عبادتونو فقه,Jurisprudența actelor de adorare,වත්පිළිවෙත් පිළිබඳ ආගමික නීති,Fiqiga Cibaadaadka,Fikhu i ibadeteve,Dyrkans rättslära,Fiq'hi- Ufahamu- wa Ibada mbalimbali.,Фиқҳи ибодот,ฟิกฮุ อิบาดะฮฺ (ฟิกฮ์ที่เกี่ยวกับอิบาดะฮ์),ئىبادەت مەسىلىلىرىنى بىلىش,Ибодатлар фиқҳи,Giáo luật thực hành về thờ phượng,Imọ ẹsin ti ijọsin,jurisprudence-of-acts-of-worship-en
122,4,فقه المعاملات,Jurisprudence of Transactions,লেন-দেন বিষয়ক ফিকহ,Fiqh al-Mu`amalat - Handelsrecht,Fiqh al mu’amalat (jurisprudencia islámica en las interacciones sociales).,La jurisprudence des transactions,Fikih Muamalah,ക്രയവിക്രയങ്ങളുടെ കർമ്മശാസ്ത്രം,Jurisprudência de relação social,Фикх финансово-экономических отношений,கொடுக்கல் வாங்கல் சம்பந்தமான பிக்ஹ்,Muamelat Fıkhı,فقہِ معاملات (معاملات سے متعلق شرعی مسائل),交往的教法,मामलात पर आधारित फ़िक़्ह,La giurisprudenza riguardante i rapporti sociali ed economici,فقه معاملات,የንግድ ፊቂህ,Müamilələrin əhkamı,Propisi vezani za međuljudske odnose,Právní nařízení týkající se vztahů lidí mezi sebou,Fiqhun Mu’amala,فیقهی مامەڵەکان,Jurisprudentie van handelingen,د معاملاتو فقه,Jurisprudența interacțiunilor,ගනුදෙනු පිළිබඳ ආගමික නීති,Fiqiga Mucaamalaadka,Fikhu i transaksioneve,Transaktioners rättslära,Fiq'hi - Ufahamu- wa miamala.,Фиқҳи муомалот,ฟิกฮ์ มุอามะลาต (ฟิกฮฺ ที่เกี่ยวข้องกับการทำธุรกรรม),مۇئامىلە مەسىلىلىرىنى بىلىش,Муомилалар фиқҳи,Giáo luật thực hành về quan hệ xã hội,Imọ ẹsin ti iba ara ẹni lo,jurisprudence-of-transactions-en
123,4,الفرائض,Religious Obligations,ফরায়েয,Religious Obligations,Los deberes religiosos.,L'héritage,Ilmu Waris,,Herança,Распределение наследства,,Miras Hukuku,علمِ میراث,各项主命,फ़राइज़ (इस्लामी उत्तराधिकार शास्त्र),,ميراث,,,Nasljedno pravo,Dědictví,Rabon Gado,زانستی میرات (الفرائض),,فرائض ( د میراث مسألې ),,,,Farzet,,,,,مىراس مەسىلىلىرى,,,,religious-obligations-en
124,4,فقه الأسرة,Family Jurisprudence,পরিবার বিষয়ক ফিকহ,Fiqh al-Usrah - Familienrecht,Fiqh al usra (jurisprudencia islámica en la familia).,La jurisprudence de la famille,Fikih Keluarga,ദാമ്പത്യ വിധിവിലക്കുകൾ,Jurisprudência da relação conjugal,Семейный фикх,குடும்பவியல்,Aile Fıkhı,خاندان سے متعلق شرعی مسائل,家庭的教法,परिवार से संबंधित फ़िक़्ह,La giurisprudenza riguardante la famiglia,فقه خانواده,የቤተሰብ ፊቂህ,Ailə hüquqları,Porodična fikhska pitanja,Právní nařízení týkající se rodiny,Fiqhun Iyali,فیقهی خێزان,Jurisprudentie van het gezin,د کورنۍ فقه,Jurisprudența familiei,පවුල් පිළිබඳ ආගමික නීති,Fiqiga Qayska,Fikhu i familjes,Familjens rättslära,Fiq'hi- ufahamu- kuhusu familia.,Фиқҳи оила,ฟิกฮ์ อุสเราะฮ์ (ฟิกฮ์ที่เกี่ยวข้องกับครอบครัว),ئائىلە مەسىلىلىرىنى بىلىش,Оила фиқҳи,Giáo luật thực hành về hôn nhân gia đình,Imọ ẹsin ti mọlebi,family-jurisprudence-en
125,4,الطب والتداوي والرقية الشرعية,Spiritual and Physical Therapy,"চিকিৎসা, চিকিৎসা করা ও শর‘ঈ ঝাঁড়-ফুক","Medizin, Heilmittel und Ruqyah Schar`yah - die Behandlung mit Koran und Sunnah",Medicina; terapia y al-ruqia al-Shar’iah.,"La médecine , la médication et la guérison légale (Ar Ruqiyah)","Kedokteran, Pengobatan, dan Ruqyah Syar'iyyah",മരുന്നും ചികിത്സയും മതപരമായ മന്ത്രവും,"A medicina, tratamento e o ruquia","Медицина, лечение и шариатские заклинания","மருத்துவம், வைத்தியம், அனுமதிக்கப்பட்ட மந்திரித்தல்","Dinî Tıp, Tedavi ve Rukye",طب، علاج معالجہ اور شرعی دم,合法的医疗、自疗和吹杜阿（鲁格叶）,"दवा, इलाज तथा वैध झाड़-फूँक","La medicina, la medicazione e il lecito approccio terapeutico mediante la recitazione (ruqya)",پزشكى و درمان و رقيه شرعى,ህክምና፣ መታከምና ሸሪዓዊ ሩቃ,"Tibb, müalicə və şəri ovsunlar","Medicina, liječenje i šerijatska rukja (način liječenja)","Lékařství, léčení a islámská ruqja",Magani da bada Magani da Ruqya ta Shari’a,پزیشکی وچارەسەر بە دەرمان وڕوقیەی شەرعی,"Geneeskunde, genezing en legitieme geestelijke genezing",طب، درملنه، شرعي دم او دعا,Medicina și terapia spirituală și fizică,"වෙදකම, ප්රතිකාරය හා ආගමානුගත රැකවරණයන්","Is dabiibida, is daawaynta iyo tufida sharciga ah","Mjekësia, mjekimi dhe rukjeja sheriatike","Medicin, behandling, och islamisk Ruqyah",Tiba na kutumia dawa na Ruq'ya ya kisheria.,Тиб ва табобат ва руқяи шаръӣ,"การแพทย์และการให้ยา,การเป่ารักษาตามหลักศาสนา",تىبابەت، داۋالاش ۋە شەرئى رۇيىقە(شەرئى دەم سېلىش قاتارلىقلار),"Тиббиёт, даволаниш ва шаръий руқия","Thuốc, cách chữa trị và lời niệm chú được phép",Ilera ati ogun ati ruqyah ti Sharia,spiritual-and-physical-therapy-en
126,4,الأطعمة والأشربة,Foods and Drinks,খাদ্য ও পানীয়,Nahrungsmittel und Getränke,Alimentos y bebidas.,Les aliments et les boissons,Makanan dan Minuman,ഭക്ഷണവും പാനീയങ്ങളും,Comes e bebes,Пища и питьё,உணவுகளும் குடிபானங்களும்,Yiyecekler ve İçecekler,ماکولات و مشروبات/ کھانے پینے کی اشیاء,饮食,खाने-पीने की वस्तुएँ,I cibi e le bevande,غذاها و نوشيدنى ها,ምግብና መጠጥ,Yeməklər və içməklər,Hrana i piće,Jídla a nápoje,Abinci da Abun Sha,خواردن وخواردنەوەکان,Voedsel en dranken,خوراکونه او څښاک,Mâncare și băutură,ආහාරපාන,Cuntada iyo Cabitaanka,Ushqimet dhe pijet,Mat och dryck,Vyakula na vinywaji.,Ғизоҳо ва нӯшиданиҳо,อาหารและเครื่องดื่ม,يىمەك-ئىچمەكلەر توغىرسىدا,Таомлар ва ичимликлар,"Thức ăn, đồ uống",Awọn oúnjẹ ati awọn mimu,foods-and-drinks-en
127,4,الجنايات,Crimes,অপরাধসমূহ,Strafrecht,Derecho penal.,Les crimes,Jinayat,കുറ്റകൃത്യങ്ങൾ,Delitos,Преступления,குற்றவியல்,Suçlar,جرائم,精灵,अपराध,,جنايات,ማቁሰል,Cinayətlər,Zločini i prijestupi,Zločiny,Jinaya,تاوانەکان,Misdaden,جنایتونه,Infracțiuni,අපරාධ,Jariimooyinka,Krimet,Brott,Makosa ya jinai.,,ความผิดฐานฆ่าหรือทำร้ายร่างกาย,جىنايەتلەر,Жиноятлар,Tội phạm hình sự,Awọn iwa ọdanran,crimes-en
128,4,الحدود,Prescribed Punishments,শাস্তিসমূহ,Hudud - die strafrechtlichen Sanktionen,Hudud (límites o restricciones morales).,Les peines,Hudud,ശിക്ഷാവിധികൾ,As sanções,Шариатские наказания,தண்டனைகள்,Had Cezaları,حدود,法律（界线）,हुदूद (शरई दंड),Sanzioni predeterminate nell'Islam,حدود,ሸሪዓዊ መቅጫ ህግ,Hüdudlar,Precizirane kazne,Tresty,Haddodi,سنوورەکان (الحدود),Straffen,حدود,Pedepse prescrise,දණ්ඩන,Axkaanta Xuduuda,Hududet - dënimet e përcaktuara,Straff,Adhabu.,,บทลงโทษ,بەلگىلىمىلەر(جازا قانۇنى),Жазолар,Các bản án phạt,Awọn ijiya,prescribed-punishments-en
129,4,القضاء,Judiciary,বিচার,Rechtsprechung,Jurisprudencia.,La justice,Pengadilan,വിധിപ്രഖ്യാപനം,O julgamento,Шариатское судопроизводство,நீதித்துறை,Yargı,عدالتی فیصلہ/ عدالتی حکم,判决,क़ज़ा (शरई हुक्म बताना),La giudicatura,قضاوت,ፍርድ,Qazilik,Pravosuđe,Soudnictví,`Alqalanci,دادگایی,Rechtspraak,قضاء,Justiția,විනිශ්චය,Garsoorka,Gjykimi,Förordning,kuhukumu.,Қазо (доварӣ),การตัดสิน,ھۆكۈم قىلىش,Қозилик,Toà án,Ìdájọ́,judiciary-en
130,124,Marriage,Marriage,,Marriage,Marriage,Marriage,Marriage,,,Marriage,,Marriage,Marriage,,,,Marriage,,,,,,,,,,,,,,,,,,,,,marriage
131,124,Divorce,Divorce,,Divorce,Divorce,Divorce,Divorce,,,Divorce,,Divorce,Divorce,,,,Divorce,,,,,,,,,,,,,,,,,,,,,divorce
132,4,أصول الفقه,Principles of Islamic Jurisprudence,উসুলে ফিকহ/ফিকহের মৌলনীতি,Usul al-Fiqh - allgemeine Grundregeln des islamischen Rechts,Usul al-Fiqh (Los fundamento de la jurisprudencia islámica).,Les fondements de la jurisprudence,Uṣūl Fikih,കർമ്മശാസ്ത്ര അടിസ്ഥാനങ്ങൾ,Princípios da jurisprudência,Методология фикха,பிக்ஹின் விதிமுறைகள்,Fıkıh Usûlü,اصولِ فقہ,教法基础,उसूल-ए-फ़िक़्ह,I principi della giurisprudenza islamica,اصول فقه,የፊቂህ መርሆዎች,Fiqhin üsulları,Metodologija islamskog prava,Základy(prameny) práva,Usul Al-fiqhu,بنچینە فیقهیەکان (أصول الفقه),Grondslagen van de jurisprudentie,اصول فقه ( دفقهې اصول ),Principiile de bază ale jurisprudenței islamice,ආගමික නීති මූලධර්ම,Usuusha Fiqiga,Usuli-fikhu (bazat e fikhut),Principer inom islamisk rättslära,Msingi wa Fiq'hi.,Усули фиқҳ,หลักนิติศาสตร์อิสลาม,پىقھىنىڭ ئۇسۇل-قائىدىلىرى,Усулул фиқҳ,Usul Al-Fiqh,Usuulul fiqh,principles-of-islamic-jurisprudence-en
133,121,الطهارة,Purification,পবিত্রতা,Die rituelle Reinheit,Purificación.,La Purification,Ṭahārah,ശുദ്ധീകരണം,A purificação,Ритуальное очищение,சுத்தம்,Taharet,طہارت,洁净,तहारत (पवित्रता प्राप्त करना),La purificazione,طهارت,ንፅህና (ጦሀራ),Təmizlik,Taharet (šerijatsko čišćenje),Očista,Tsarki,دەستنوێژگرتن (پاک ڕاگرتن),Reinheid,پاکوالی (پاکوالی),Purificarea,පිරිසිදුකම,Dahaarada,Pastërtia,Renlighet,Twahara - usafi-,Таҳорат,ความสะอาด,پاكىزلىق,Таҳорат,Tẩy rửa,Imọra,purification-en
134,121,الصلاة,Prayer,সালাত,Das Gebet,As-Salat.,La prière,Salat,സ്വലാത് (നിസ്കാരം),A oração,Молитва,தொழுகை,Namaz,نماز,礼拜,नमाज़,La preghiera,نماز,ሶላት,Namaz,Namaz,Modlitba,Sallah,نوێژ,Gebed,لمونځ,Rugăciunea,සලාතය,Salaada,Namazi,Bön,Swala.,Намоз,การละหมาด,ناماز,Намоз,Salah,Irun,prayer-en
135,121,الجنائز,Funerals,জানাযা,Bestattungsvorschriften und Totengebet,Funerales.,Les funérailles,Jenazah,മയ്യിത് പരിപാലനം,O cortejo fúnebre,Погребальные обряды,ஜனாஜா சட்டங்கள்,Cenazeler,جنازه,殡礼,जनाज़े,I funerali,جنازه ها,ጀናዛ,Cənazələr,Dženaza,Pohřebnictví,Jana'iza,جەنازەکان,Begrafenissen,جنازې,Funerarii,මෘතදේහ,Axkaanta Janaasada,Xhenazet,Begravning,Majeneza.,Ҷаноза,การจัดการศพ,ماتەم مۇراسىمى,Жанозалар,An táng,Isinku,funerals-en
136,121,الزكاة,Zakah,যাকাত,Zakah - die Armensteuer,Az-Zakat (limosna).,L'aumône,Zakat,സകാത്ത്,A caridade obrigatoria,Закят,ஜகாத்,Zekât,زکوۃ,天课,ज़कात,La zakat (Elemosina rituale obbligatoria),زكات,ዘካ,Zəkat,Zekat,Povinná almužna(Zakát),Zakka,زەکات,Zakaat (armenbelasting),زکات,Zakat,ශුද්ධකාරක අනිවාර්ය බද්ධ,Sakada,Zekati,Allmosa,Zakkah.,Закот,การจ่ายซะกาต,زاكات,Закот,Zakah,Sàká,zakah-en
137,121,الصيام,Fasting,সিয়াম,Das Fasten,Ayuno.,Le jeûne,Puasa,വ്രതം,O jejum:,Пост,நோன்பு,Oruç,روزہ,斋戒,रोज़े,Il digiuno,روزه,ፆም,Oruc,Post,Půst,Azumi,ڕۆژووگرتن,Vasten,روژه,Post,උපවාසය,Soonka,Agjërimi,Fasta,Funga.,Рӯза,การถือศีลอด,روزا,Рўза,Nhịn chay,Awẹ,fasting-en
138,121,الحج والعمرة,Hajj and ‘Umrah,হজ ও ‘উমরাহ,Hajj und `UMrah - die Pilgerfahrt,Al-Hayy y al-‘Umrah.,Le pèlerinage et la 'umrah,Haji dan Umrah,ഹജ്ജും ഉംറയും,Hajj e Umrah,Хадж и умра,ஹஜ்ஜும் உம்ராவும்,Hac ve Umre,حج وعمرہ,正朝和副朝,हज तथा उमरा,Il pellegrinaggio e la visita alla Sacra Casa (Hajj e 'Umra),حج و عمره,ሐጅና ዑምራ,Həcc və Ömrə,Hadž i umra,Malá a velká pouť,Hajji da Umra,حەج وعومرە,Bedevaart (Hadj) en kleine bedevaart (Umrah),حج او عمره,Pelerinaul mare și mic,හජ් සහ උම්රා,Xajka iyo Cumrada,Haxhi dhe umreja,Hajj och 'Umrah,Hijja na Umra.,Ҳаҷ ва умра,การประกอบพิธีฮัจย์และอุมเราะฮ์,ھەج-ئۆمرە,Ҳаж ва умра,Hành hương Hajj và 'Umrah,Hajj ati Umrah,hajj-and-‘umrah-en
139,121,الجهاد,Jihad,জিহাদ,Der Jihad,Al-Yihad.,Le Jihâd / La guerre sainte,Jihad,യുദ്ധം,O esforço na promoção da religião,Джихад,போர்,Cihat,جہاد,圣战,जिहाद,La lotta armata,جهاد,ጂሃድ,Cihad,Džihad,Džihád,Jihadi,جیهاد,Al-Jihad,جهاد,Lupta pe calea lui Allah,අරගල කිරීම,Jihaadka,Xhihadi,Jihad,Jihad.,Ҷиҳод,การญิฮาด,جىھاد,Жиҳод,Đấu tranh vì chính nghĩa của Allah,Igbiyanju soju ọna Ọlọhun,jihad-en
140,122,البيوع,Sales,বেচা-কেনা,Sales,Las ventas.,Les ventes,Jual Beli,,O comércio,Торговые сделки,,Satışlar,بیع وشراء,出售,क्रय-विक्रय,,معاملات,ንግድ,,Kupoprodaja,,Kasuwanci,فرۆشتنەکان (البیوع),Handelsovereenkomsten,,Tranzacții comerciale,ව්යාපාර,,,,Biashara.,,การซื้อขาย,ئىلىم-سىتىم,,"Mua bán, kinh doanh",,sales-en
141,140,شروط البيع,Conditions of Sale,বেচা-কেনার শর্তসমূহ,Conditions of Sale,Los términos de la venta.,Les conditions de la vente,Syarat-syarat Jual Beli,,Condições do comércio,Conditions of Sale,,Satış Şartları,بیع کی شرائط,出售的条件,क्रय-विक्रय की शर्तें,,شرط هاى معامله,,,Uslovi kupoprodaje,,Sharaxan Ciniki,مەرجەکانی فرۆشتن,,,,,,,,,,,ئىلىم-سىتىمنىڭ شەرتلىرى,,,,conditions-of-sale-en
142,140,الشروط في البيع,Sale-Related Stipulations,বেচা-কেনায় শর্তসমূহ,Sale-Related Stipulations,Los términos en la venta.,Les conditions dans la vente,Syarat-syarat Dalam Jual Beli,,Condições dentro do contrato de compra e venda (comércio,Условия в сделке,,Satışta Bulunan Şartlar,بيع ميں رکھی جانے والی شرائط,出售时的条件,क्रय-विक्रय के समय रखी जाने वाली शर्तें,,شرط هاى داخل معامله,,,Uslovi u kupoprodaji,,Gindaya Sharaxi cikin Ciniki,مەرجەکان لە فرۆشتندا,,,,,,,,,,,ئىلىم-سىتىمدىكى شەرىتلەر,,,,sale-related-stipulations-en
143,140,بيع الأصول والثمار,Selling Assets and Fruits,মূল (গাছ) ও ফলের বেচা-কেনা,Selling Assets and Fruits,Venta del producto y sus frutos (bai’ al-usul wa al-zimar).,La vente de la terre et de ses fruits,Jual Beli Pokok (tanah dan pohon) dan Buah-buahan,,"A venda de terra, árvore e fruta","Сделки, касающиеся недвижимого имущества и плодов",,"Ev, Arazi, Ağaç ve Mahsül Satışı",پودوں اور پھلوں کی بیع,根源和果实的出售,संपत्ति तथा फलों का क्रय-विक्रय,,معامله اصل و محصول,,,Prodaja nekretnina i plodova,,Siyar da Bishiya da 'ya'yan Ita ce,فرۆشتنی بنچینەکان وبەرووبوومەکان,,,,,,,,,,,,,,,selling-assets-and-fruits-en
144,122,السلم,Advance Payment,সলম (এক প্রকার ক্রয়-বিক্রয়),Advance Payment,Paz.,Le paiement anticipé (As Salam),Jual Beli Salam,,Acordo de financiamento (transação),Аванс,,Peşin Ödeme,بیعِ سلم,委托,सलम (एक प्रकार का क्रय-विक्रय),,معامله سَلَم,,,Kupoprodaja s plaćanjem unaprijed,,Rance,پێشختنی پارەدان (السَّلَمُ),,,,,,,,,,,ئالدىن پۇل تاپشۇرۇش سودىسى,,,,advance-payment-en
145,122,الربا,Usury,সুদ,Zinsen,La usura.,L'intérêt (Ar Ribâ),Riba,പലിശ,A usura,Ростовщичество,,Faiz,سود,利息,सूद,,ربا,አራጣ,,Kamata,,Riba,ڕیبا -سوو-,Riba (rente),سود,Dobânda,පොලිය,,,Ränta,Riba.,,ดอกเบี้ย,جازانە قىلىش,,Riba' (vay lấy lãi),,usury-en
146,122,القرض,Loan,ঋণ,Loan,Crédito.,Le prêt (Al Qardh),Hutang,കടം,O empréstimo,Займ,,Borç,قرض,借贷,क़र्ज़,,قرض,ብድር,,Zajam,,Bashi,قەرز,Leningen,قرض,Împrumutul,ණය,,,Lån,Kukopesha.,,การกู้ยืม,قەرىز بېرىش,,Mượn,Awin,loan-en
147,122,الرهن,Mortgage,বন্ধক,Mortgage,Depósito; hipoteca.,Le gage (Ar Rahn) / l'hypothèque,Gadai,,A hipoteca,Залог,,Rehin (İpotek),رہن,抵押,गिरवी रखना,,رهن,,,Zalog,,Jingina,ڕەهن (الرهن),,,,,,,,,,,گۆرۈ ئېلىش,,,,mortgage-en
148,122,الضمان والكفالة,Collateral and Surety,জামানত ও দায়িত্ব নেওয়া,Collateral and Surety,Garantía y fianza.,La caution (Ad Dhamân) et la tutelle (Al Kafâlah),Aḍ-Ḍamān dan Al-Kafālah,,,Collateral and Surety,,Garanti ve Kefalet,ضمانت و کفالت,担保和保证,ज़मानत तथा कफ़ालत,,ضمانت و كفالت,,,Garancija i jamstvo,,Lamuni da Garanti,,,,,,,,,,,,ئۈستىگە ئېلىش ۋە كاپالەتلىك قىلىش,,Bảo hành và đảm bảo,,collateral-and-surety-en
149,126,Lawful and Unlawful Animals and Birds,Lawful and Unlawful Animals and Birds,,Lawful and Unlawful Animals and Birds,Lawful and Unlawful Animals and Birds,Lawful and Unlawful Animals and Birds,Lawful and Unlawful Animals and Birds,,,Lawful and Unlawful Animals and Birds,,Lawful and Unlawful Animals and Birds,Lawful and Unlawful Animals and Birds,,,,Lawful and Unlawful Animals and Birds,,,,,,,,,,,,,,,,,,,,,lawful-and-unlawful-animals-and-birds
150,122,الصلح وأحكام الجوار,Conciliation and Neighborhood Rulings,সন্ধি ও প্রতিবেশীর বিধানাবলি,Vergleiche und Nachbarschaftsansprüche,La reconciliación y las normas) de la vecindad.,La conciliation (As Sulh) et les droits du voisinage (Ahkâm Al Jiwâr),Perdamaian dan Hukum Bertangga,"ഒത്തുതീർപ്പും, അയൽപ്പക്ക വിധിവിലക്കുകളും",A trêgua e regras de vizinhança,Примирение и правила соседства,உடன்படிக்கையும் பாதுகாப்பு வழங்குவதன் சட்டங்கள்,Barış Anlaşması ve Komşuluk Hükümleri,صلح اور ہمسائیگی کے احکام,调解和邻居的律例,सुलह तथा पड़ोसियों से संबंधित अहकाम,La conciliazione e le norme di vicinato,صلح و احكام همجوارى,ስምምነትና የጉርብትና ህግጋት,Sülh və qonşuluq hökmləri,Primirje i propisi vezani za međususjedske odnose,Usmíření a pravidla týkající se práv souseda,Sulhu da Hukunce Hukuncen Maqwabtaka,ئاشتەوایی وحوکمەکانی دراوسێ,Verzoening en burenvoorschriften,سوله او د ګاونډ حکمونه,Concilierea și prevederi  de vecinătate,සාම ගිවිසුම් සහ අසල්වැසි ප්රතිපාදන,Sulxiga iyo axkaanta jaarka,Pajtimi dhe normat që kanë të bëjnë me fqinjësinë,Försoning och bestämmelser om grannskap,Suluhisho na hukumu za ujirani.,Сулҳ ва аҳкоми ҳамҷиворӣ,การประนีประนอมไกล่เกลี่ย,كىلىشىم ۋە خوشنىدارچىلىق ھۆكۈملىرى,Қўшничилик ҳукмлари ва сулҳ,Hoà giải và các giáo luật về xóm giềng,Ilaja ati awọn idajọ aládùúgbò,conciliation-and-neighborhood-rulings-en
151,122,الحَجْر,Interdiction,নিষেধাজ্ঞা জারী,Interdiction,Hayir (embargar los bienes).,La saisie (Al Hajr),Al-Ḥajr,,A privação de vender e comprar,Ограничение имущественной ответственности,,Mali Tedbir,حجر/ مالی تصرف سے روکنا,禁忌,आर्थिक गतिविधियों से संबंधित प्रतिबंध,,حَجْر,,,Ograničenje raspolaganja imetkom,,Sanyawa Mutum Takunkumi wajen iko da Dukiyarsa,ڕێگری کردن (الحَجْر),,,,සම්බාධක පැනවීම,,,,,,,چەكلىمە قويۇش,,,,interdiction-en
152,122,الوكالة,Forbidden Drinks,,Forbidden Drinks,Forbidden Drinks,Forbidden Drinks,Forbidden Drinks,,,Forbidden Drinks,,Forbidden Drinks,Forbidden Drinks,,,,Forbidden Drinks,,,,,,,,,,,,,,,,,,,,,category-152
153,122,الشركة,Partnership,কোম্পানী,Partnership,Sociedad comercial.,Le partenariat (As Sharikah),Asy-Syirkah (Kerja Sama),,,Партнёрство,கூட்டு,Şirket,شراکت,公司,साझेदारी,,شركت,,,Partnerstvo,,Kamfani,شەریکایەتی,,,,හවුල් ව්යාපාරය,,,,,,,,,Công ty,,partnership-en
154,122,المساقاة والمزارعة,Sharecropping,সেচভিত্তিক চাষ ও বর্গাচাষ,Sharecropping,Al-musaqa (contrato relativo a la agricultura) y al-muzara’a (contrato de aparcería).,Le métayage,Al-Musāqāh dan Al-Muzāra'ah,,O acordo de regadio e plantação,Издольщина,,Sulama Ortaklığı ve Yarıcılık,مساقات و مزارعت,灌溉和农作物,बाग अथवा खेत बटाई पर देना,,آبيارى و كشت كارى,,,Navodnjavanje i obrađivanje,,Ban Ruwa da kuma Shuka,ئاودان وهاوبەشی بەرهەم (المساقاة والمزارعة),,,,,,,,,,,سۇغۇرۇش ۋە تىرىقچىلىق,,,,sharecropping-en
155,122,الإجارة,Rulings of Prescribed Punishments,ভাড়া,Rulings of Prescribed Punishments,Rulings of Prescribed Punishments,Rulings of Prescribed Punishments,Rulings of Prescribed Punishments,,,Rulings of Prescribed Punishments,,Rulings of Prescribed Punishments,Rulings of Prescribed Punishments,,,,Rulings of Prescribed Punishments,,,,,,,Leasing,,,,,,,,,,,,,,category-155
156,122,السبق والقمار والميسر,Racing and Gambling,,Racing and Gambling,Racing and Gambling,"Les paris , les jeux de hasard (Al Qimâr , Al Maysir)","Perlombaan, Al-Qimār dan Al-Maisīr",,A competição e jogos de azar,"Состязания, ставки и азартные игры",,Racing and Gambling,شرط، سٹہ بازی اور جوا,比赛、抽签和算卦,प्रतियोगिता तथा जुआ,,شرط بندى در مسابقات، و قُمار بازى، و مَيْسِر كردن,,,"Takmičenje, kockanje",,,پێشبڕکێ وقومار کردن بە هەموو جۆرەکانییەوە,,,,,,,,,,,مۇسابىقە، قىمار,,,,racing-and-gambling-en
157,122,العارية,Prescribed Punishment for Adultery,,Prescribed Punishment for Adultery,Prescribed Punishment for Adultery,Prescribed Punishment for Adultery,Prescribed Punishment for Adultery,,,Prescribed Punishment for Adultery,,Prescribed Punishment for Adultery,Prescribed Punishment for Adultery,,,,Prescribed Punishment for Adultery,,,,,,,,,,,,,,,,,,,,,category-157
158,122,الغصب,Usurpation,জবরদখল,Usurpation,Usurpación.,La spoliation (Al Ghasb),Perampasan,കൊള്ള,A usurpação,Посягательство на чужие права,,Gasp Etme,غصب,霸占,ग़सब (ज़बरदस्ती क़ब्ज़ा),,غَصْب,መቀማት,,Otimanje i uzurpiranje,,Qwace,بەزۆر بردن (داگیر کردن),Diefstal,غصب (له یو چا څخه په زوره د یو شي اخیستل),Forțarea,(ඉඩම්) පැහැර ගැනීම,,,Tillskansande,Unyang'anyi,,การละเมิดต่อทรัพย์สินผู้อื่น,بۇلاڭچىلىق,,Chiếm đoạt,,usurpation-en
159,122,الشفعة,Preemption,অগ্রক্রয়,Preemption,Shafa’a (preferente de compra) (intercesión).,La préemption (As Shuf'ah),Syuf'ah,,O direito na primazia da compra,Преимущественное право покупки,,Öncelikli Alım Hakkı (Şuf'a),شفعہ,先买权,शुफ़ा का अधिकार,,حق همسايگى,,,Pravo preče kupnje,,,,,,,,,,,,,,,,,,preemption-en
160,128,Prescribed Punishment for Theft,Prescribed Punishment for Theft,,Prescribed Punishment for Theft,Prescribed Punishment for Theft,Prescribed Punishment for Theft,Prescribed Punishment for Theft,,,Prescribed Punishment for Theft,,Prescribed Punishment for Theft,Prescribed Punishment for Theft,,,,Prescribed Punishment for Theft,,,,,,,,,,,,,,,,,,,,,prescribed-punishment-for-theft
161,122,إحياء الموات,Prescribed Punishment for Highway Robbery,,Prescribed Punishment for Highway Robbery,Prescribed Punishment for Highway Robbery,Prescribed Punishment for Highway Robbery,Prescribed Punishment for Highway Robbery,,,Prescribed Punishment for Highway Robbery,,Prescribed Punishment for Highway Robbery,Prescribed Punishment for Highway Robbery,,,,Prescribed Punishment for Highway Robbery,,,,,,,,,,,,,,,,,,,,,category-161
162,122,الجعالة,Prescribed Punishment for Apostasy,,Prescribed Punishment for Apostasy,Prescribed Punishment for Apostasy,Prescribed Punishment for Apostasy,Prescribed Punishment for Apostasy,,,Prescribed Punishment for Apostasy,,Prescribed Punishment for Apostasy,Prescribed Punishment for Apostasy,,,,Prescribed Punishment for Apostasy,,,,,,,,,,,,,,,,,,,,,category-162
163,122,اللقطة واللقيط,Found Item and Foundling,কুড়িয়ে-পাওয়া বস্তু ও অজ্ঞাতপরিচয় শিশু,Found Item and Foundling,Al-luquta (lo que se halla de forma casual en la tierra) y al-laquit (el recién nacido que se encuentra abandonado).,L'objet trouvé (Al Luqatah) et l'enfant trouvé (Al Laqît),Barang Temuan dan Anak yang Ditemukan,,Achados e perdidos,Находка,,Buluntu ve Buluntu Çocuk,زمین سے اٹھائی جانے والی چیز اور لا وارث بچہ,拾遗和弃婴,कहीं से उठाया हुआ ऐसा सामान या बच्चा जिसके मालिक का पता न हो,,چیز پیدا شده، و بچه ى سرراهى,,,Nađena stvar,,Tsintuwa da Xan tsintuwa,دۆزینەوە ودۆزراو (اللقطة واللقيط),,,,අහුලාගත් වස්තුව හා අහුලා ගන්නා,,,,,,,تىپىۋالغان نەرسە ۋە تاشلاندۇق بالا,,,,found-item-and-foundling-en
164,122,الوقف,Endowment,ওয়াকফ,Stiftungen,Waqf (fideicomiso).,Le don pieux aléniable (Al Waqf),Waqaf,വഖ്ഫ്,Al-Waqf,Вакуфное имущество,,Vakıf,وقف,宗教基金,वक़्फ़,,وقف,ወቅፍ,Vəqf etmək,Vakuf,Nadace,Waqafi,وەقف کردن (ڕاگیری کردن),Waqf (liefdadigheidsstichting),وقف,Bunurile donate în mod exclusiv de dragul lui Allah,පුණ්යභාරය,,,Stiftelse,Waq'fu.,,การวะกัฟ(สิ่งที่เป็นสาธารณะประโยชน์),ۋەقپى,,Hiến,,endowment-en
165,122,الهبة والعطية,Gift,হেবা ও দান,Gift,Dádiva y donativo.,La donation sans contre partie (Al Hibah) et la donation équitable (Al 'Atiyah),Hibah dan Pemberian,സമ്മാനവും ഇഷ്ട ദാനവും,A oferta,Подарки,,Hibe ve Bahşiş,ہبہ اور عطیہ,礼物和馈赠,हिबा तथा अतिय्या (दान),,بخشش بلا عوض و پاداش,ስጦታ,,Poklon,,Baiwa da Kyauta,دیاری وبەخشین (الهبة والعطیة),Gift en schenking,,Cadoul și darul,ත්යාගය හා දීමනාව,,,,Kutoa Bure na Utoaji wabadala.,,การยกให้,ھەدىيە-سوۋغا بېرىش,,Cho và biếu tặng,,gift-en
166,122,الوصية,Bequest,অসিয়ত,Bequest,Testamento.,Le testament (Al Wasiyah),Wasiat,,O testamento,Завещание,,Vasiyet,وصیت,遗嘱,वसीयत,,وصيت,ኑዛዜ,,Oporuka,,Wasiyya,وەسیەت کردن,Testament,,Moștenirea testamentală,අන්තිම කැමැති ප්රකාශය,,,,Wasia.,,พินัยกรรม,ۋەسىيەت,,Di chúc,,bequest-en
167,122,العتق,Manumission,দাসমুক্তি,Manumission,Liberación de un esclavo.,L'affranchissement (Al 'Itq),Memerdekakan Budak,അടിമയെ മോചിപ്പിക്കൽ,O testamento,Освобождение раба,,Azat Etme,غلامی وآزادی,释放,दास मुक्त करना,,برده آزاد كردن,,,Oslobađanje roba,,Yantawa,ئازاد کردن,,,,වහල්බවින් නිදහස් කිරීම,,,,,,,قۇل ئازات قىلىش,,Phóng thích nô lệ,,manumission-en
168,132,Shariah Ruling,Shariah Ruling,,Shariah Ruling,Shariah Ruling,Shariah Ruling,Shariah Ruling,,,Shariah Ruling,,Shariah Ruling,Shariah Ruling,,,,Shariah Ruling,,,,,,,,,,,,,,,,,,,,,shariah-ruling
169,122,الأيمان والنذور,Oaths and Vows,কসম ও মান্নত,Schwüre und Gelübte,La creencia y las promesas.,Les serments (Al Aymân) et les voeux pieux (An Nudhûr),Sumpah dan Nazar,ശപഥങ്ങളും നേർച്ചകളും,O juramento e a promessa,Клятвы и обеты,,Yeminler ve Adaklar,قسمیں اور نذریں,发誓和许愿,क़समें और मन्नतें,,قسم و نذر,መሀላና ስለት,Andlar və nəzirlər,Zakletve i zavjeti,Přísahy a sliby Bohu,Rantsuwa da kuma Bakance,سوێند خواردن ونەزر کردنەکان,Eed en geloften,قسمونه او نذرونه,Jurămintele și făgăduințele,දිවුරුම් හා භාරහාර,Dhaarta iyo Nidarka,,Svordom och ed,Viapo na Nadhiri.,,การสาบานและการบนบาน,قەسەم قىلىش ۋە نەزىر قىلىش,,"Thề, nguyện",Awọn ìbúra ati awọn ileri,oaths-and-vows-en
170,132,Religious Assignment and its Conditions,Religious Assignment and its Conditions,,Religious Assignment and its Conditions,Religious Assignment and its Conditions,Religious Assignment and its Conditions,Religious Assignment and its Conditions,,,Religious Assignment and its Conditions,,Religious Assignment and its Conditions,Religious Assignment and its Conditions,,,,Religious Assignment and its Conditions,,,,,,,,,,,,,,,,,,,,,religious-assignment-and-its-conditions
171,132,The Book (the Qur'an),The Book (the Qur'an),,The Book (the Qur'an),The Book (the Qur'an),The Book (the Qur'an),The Book (the Qur'an),,,The Book (the Qur'an),,The Book (the Qur'an),The Book (the Qur'an),,,,The Book (the Qur'an),,,,,,,,,,,,,,,,,,,,,the-book-the-quran
172,132,Abrogation,Abrogation,,Abrogation,Abrogation,Abrogation,Abrogation,,,Abrogation,,Abrogation,Abrogation,,,,Abrogation,,,,,,,,,,,,,,,,,,,,,abrogation
173,123,شروط الإرث,Conditions of Inheritance,,Conditions of Inheritance,Conditions of Inheritance,Les conditions de l'héritage,Conditions of Inheritance,,,Условия передачи и получения наследства,,Conditions of Inheritance,میراث کی شرائط,继承的条件,वारिस होने की शर्तें,,شرط هاى ارث,,,Uslovi za nasljeđivanje,,,,,,,,,,,,,,,,,,conditions-of-inheritance-en
174,123,موانع الإرث,Impediments of Inheritance,,Impediments of Inheritance,Impediments of Inheritance,Les cas qui privent de l'héritage,Penghalang Pewarisan,,Os impedimentos de herdar,Препятствия к передаче и получению наследства,,Impediments of Inheritance,میراث کے موانع,无法继承的原因,मीरास से वंचित करने वाली वस्तुएँ,,مانع هاى ارث,,,Prepreke nasljeđivanja,,Abubuwan da suke hana gado,ڕێگرییەکانی میرات وەرگرتن,,,,,,,,,,,,,,,impediments-of-inheritance-en
175,132,Divergence and Preponderance,Divergence and Preponderance,,Divergence and Preponderance,Divergence and Preponderance,Divergence and Preponderance,Divergence and Preponderance,,,Divergence and Preponderance,,Divergence and Preponderance,Divergence and Preponderance,,,,Divergence and Preponderance,,,,,,,,,,,,,,,,,,,,,divergence-and-preponderance
176,123,العـصبة,Agnates,আসাবা বা পিতৃসম্পর্কীয় আত্মীয়-স্বজন,Agnates,‘Usba (recibir la herencia si un cálculo de por medio).,"Les parents par les mâles (Al 'Asabah): ce sont les enfants du défunt , ou ses proches du coté de son père",'Aṣabah,,Herdeiro por alguma relação,Остаточные наследники,,Asabe,عصبہ,盲信,असबा,,خويشاوندان پدر,,,Sekundarni nasljednici po muškoj liniji srodstva,Dědicové s neurčitým podílem(‘Adama),Asibai,,,عصبه ( زوی، پلار، ورور، کاکا),,,,El-Asabe (trashëgimtarët me trashëgimi të papërcaktuar),,,,,ئاتا جەمەت تۇغقانلار,,,,agnates-en
177,5,Virtues,Virtues,,Virtues,Virtues,Virtues,Virtues,,,Virtues,,Virtues,Virtues,,,,Virtues,,,,,,,,,,,,,,,,,,,,,virtues
178,5,Jurisprudence of Ethics,Jurisprudence of Ethics,,Jurisprudence of Ethics,Jurisprudence of Ethics,Jurisprudence of Ethics,Jurisprudence of Ethics,,,Jurisprudence of Ethics,,Jurisprudence of Ethics,Jurisprudence of Ethics,,,,Jurisprudence of Ethics,,,,,,,,,,,,,,,,,,,,,jurisprudence-of-ethics
179,5,Shariah-approved Manners,Shariah-approved Manners,,Shariah-approved Manners,Shariah-approved Manners,Shariah-approved Manners,Shariah-approved Manners,,,Shariah-approved Manners,,Shariah-approved Manners,Shariah-approved Manners,,,,Shariah-approved Manners,,,,,,,,,,,,,,,,,,,,,shariah-approved-manners
180,5,Jurisprudence of Supplications and Remembrance of Allah,Jurisprudence of Supplications and Remembrance of Allah,,Jurisprudence of Supplications and Remembrance of Allah,Jurisprudence of Supplications and Remembrance of Allah,Jurisprudence of Supplications and Remembrance of Allah,Jurisprudence of Supplications and Remembrance of Allah,,,Jurisprudence of Supplications and Remembrance of Allah,,Jurisprudence of Supplications and Remembrance of Allah,Jurisprudence of Supplications and Remembrance of Allah,,,,Jurisprudence of Supplications and Remembrance of Allah,,,,,,,,,,,,,,,,,,,,,jurisprudence-of-supplications-and-remembrance-of-allah
181,5,Heart-Softeners and Sermons,Heart-Softeners and Sermons,,Heart-Softeners and Sermons,Heart-Softeners and Sermons,Heart-Softeners and Sermons,Heart-Softeners and Sermons,,,Heart-Softeners and Sermons,,Heart-Softeners and Sermons,Heart-Softeners and Sermons,,,,Heart-Softeners and Sermons,,,,,,,,,,,,,,,,,,,,,heart-softeners-and-sermons
182,123,ميراث ذوي الأرحام,Inheritance Shares of Blood Relatives,,Inheritance Shares of Blood Relatives,Inheritance Shares of Blood Relatives,L'héritage des héritiers par les femmes (Mîrâth Dhâwy Al Arhâm),Inheritance Shares of Blood Relatives,,,Распределение наследства между дальними родственниками покойного,,Inheritance Shares of Blood Relatives,Inheritance Shares of Blood Relatives,有血缘关系亲属的遗产,"ऐसे रिश्तेदारों की मीरास, जिनके न हिस्से निर्धारित हों और न वे असबा बनते हों",,ميراث خويشاوندان,,,Nasljeđivanje rodbine,,,,,,,,,,,,,,,,,,inheritance-shares-of-blood-relatives-en
183,123,ميراث الحمل,Inheritance Shares of Embryos,,Inheritance Shares of Embryos,Inheritance Shares of Embryos,L'héritage de la grossesse (Mîrâth Al Haml),Inheritance Shares of Embryos,,,"Вопросы наследства, связанные с плодом в утробе матери",,Inheritance Shares of Embryos,پیٹ میں موجود بچے کی میراث,孕妇的遗产,माँ के पेट में पल रहे बच्चे की मीरास,,ميراث جنين,,,Nasljedstvo fetusa,,,,,,,,,,,,,,,,,,inheritance-shares-of-embryos-en
191,124,النكاح,Marriage,বিবাহ,Ehe,Acto de matrimonio.,Le mariage (An Nikâh),Pernikahan,നികാഹ് (വിവാഹം),O CASAMENTO,Брак,திருமணம்,Nikah,نکاح,婚姻,निकाह,Il matrimonio,نكاح,ጋብቻ,Nikah,Brak,Manželství,Aure,مارەیی,Het huwelijk,نکاح,Căsătoria,විවාහය,Nikaaxa,Martesa,Äktenskap,Ndoa.,Никоҳ,การนิกาหฺ(การแต่งงาน),نىكاھ,Никоҳ,Kết hôn,Igbeyawo,marriage-en
192,124,الطلاق,Divorce,তালাক,Scheidung,Divorcio.,La répudiation (At Talâq),Talak,വിവാഹമോചനം,O divórcio,Развод,,Talak,طلاق,离婚,तलाक़,,طلاق,ፍቺ,Talaq,Razvod,Rozvod,Saki,تەڵاق,De echtscheiding,طلاق,Divorțul,දික්කසාදය,,Shkurorëzimi,Skilsmässa,Takaka.,,การหย่าร้าง,تالاق,,Li hôn,,divorce-en
193,124,الرجعة,Remarriage with One's Divorcee,,Remarriage with One's Divorcee,Remarriage with One's Divorcee,La reprise de la vie conjugale (Ar Raj'ah),Rujuk,,,Возврат жены после неокончательного развода,,Boşanmadan Geri Dönme,رجوع,复婚,रजअत,,طلاق رِجْعی,,,Vraćanje supruge,,,گەڕانەوە,,,,,,,,,,,,,,,remarriage-with-one's-divorcee-en
194,124,الخلع,Wife-Initiated Divorce,,Wife-Initiated Divorce,Wife-Initiated Divorce,L’annulation du mariage (Al Khul'),Khuluk,,,Развод по инициативе жены за денежный выкуп,,Hul'u (Kadının Boşanma İsteği),خلع,脱离父子关系,खुला,,طلاق خُلعى,,,Sporazumni razvod braka,,,خولع (داوای تەڵاقدان لە مێرد),,,,,,,,,,,,,,,wife-initiated-divorce-en
195,124,الإيلاء,Oath to Abstain from Intercourse with One's Wife,,Oath to Abstain from Intercourse with One's Wife,Oath to Abstain from Intercourse with One's Wife,Faire le serment de s'abstenir de son épouse (Al Îlâ'),Īlā`,,,Клятва отречения от интимной близости с женой,,Îlâ (Karısına Cinsel İlişki İçin Yaklaşmama Yemini),ایلاء,亲属,ईला,,سوگند ترک همبسترى با همسر,,,Ila - zakletva Allahom muža koji je sposoban za spolni odnos da neće sa ženom imati snošaj nikada ili duže od četiri mjeseca,,,,,,,,,,,,,,ئايالىغا يېقىن كەلمەسلىك توغىرسىدا قەسەم قىلىش,,,,oath-to-abstain-from-intercourse-with-one's-wife-en
196,124,الظهار,Zihaar (Likening one's wife to an unmarrriagble woman),,Zihaar (Likening one's wife to an unmarrriagble woman),Zihaar (Likening one's wife to an unmarrriagble woman),S'interdire tout rapport charnel avec son épouse en la comparant à une femme interdite au mariage (Ad Dhihâr),Ẓihār,,,"Обряд отвержения жены ""зихар""",,Zıhâr,ظہار,公开,ज़िहार,,تحريم همبسترى با همسر,,,Zihar,,,,,,,,,,,,,,ئايالىنى زىھار قىلىش,,,,zihaar-(likening-one's-wife-to-an-unmarrriagble-woman)-en
197,124,اللعان,Oath of Condemnation,লি‘আন তথা নিজদের ওপর লানত করা,Oath of Condemnation,"Al-li’an (evidenciar la certeza de una acusación o la absolución de un delito de al-zina [adulterio, fornicación]).",La malédiction mutuelle (Al Li'ân),Li'ān,,A maldição reciproca entre o casal,Клятвенное заверение супругов при обвинении в прелюбодеянии,கணவனும் மனைவியும் சாபமிடல்,Liân,لعان,诅咒,लिआन,,نفرين ميان زن و شوهر,,,Međusobno proklinjanje bračnih drugova,,La'ani,نەفرین کردن (اللعان),,,,එකිනෙකා සාප කර ගැනීම,,,,,,,لەنەت قىلىشىش,,Li'an,,oath-of-condemnation-en
198,124,العدة,Waiting Period,ইদ্দত তথা সুনির্দিষ্ট সময় অপেক্ষা করা,Waiting Period,Al-‘ida (período que una mujer debe esperar después de la muerte de su cónyuge o después de un divorcio).,Délai de viduité,Idah,,Tempo de espera após o divórcio ou morte do esposo,Период выжидания,,İddet,عدت,守制,इद्दत,,روزهاى انتظار زن در حيض و وفات شوهر,ዒዳ,,Postrazvodno čekanje (idet),,Idda,مانەوە (العدة),De wachttijd (Iddah),,Perioada de așteptare până la următoarea casătorie,පොරොත්තු කාලය,,,,Eda.,,ระยะเวลาที่บรรดาหญิงรอคอยและไม่สามารถแต่งงานใหม่หลังจากสามีเสียชีวิตหรือหย่าจากนางไป,ئىددەت تۇتۇش,,Iddah (thời gian ở vậy),,waiting-period-en
199,124,الرضاع,Breastfeeding,দুধ পান করানো,Breastfeeding,Lactancia.,L'allaitement,Penyusuan,മുലകൊടുക്കൽ,A amamentação,Молочное родство,பால்குடி,Emzirme,رضاعت,哺乳,स्तनपान कराना,,شیرخوارگی,ጥቢ,Əmizdirmə,Dojenje,Kojení,Shayarwa,شیردان,,رضاعت (ماشوم ته شیده ورکول),,මව්කිරි දීම,,Gjidhënia,,Kunyonyesha.,Разоъ,การให้นม,ئېمىش,Эмизиш,Cho bú vú,,breastfeeding-en
200,124,الحضانة,Custody,,Custody,Custody,La garde de l'enfant (Al Hadhânah),Pengasuhan,,,Опека,,Çocuk Bakımı,حضانت/ پرورش,抚养,बच्चे का पालन-पोषण,,نگهدارى كودک شيرخوار,,,Briga oko djeteta,,,,,,,,,,,,,,كىچىك بالىلارنى بىقىش,,,,custody-en
201,124,النفقات,Expenses,পরিবারিক খরচ,Unterhalt,La manutención.,Les différentes prises en charge (An Nafaqât),Nafkah,ചിലവിന് നൽകൽ,O despendimento,Материальное обеспечение,செலவளித்தல்,Nafakalar,نفقہ/ خرچ,生活费,बाल-बच्चों आदि का खर्च,Le spese di sostentamento,هزینه هاى معيشت زن و فرزند,ቀለብ,Gündəlik məsrəflər,Izdržavanje,Výživné,Ciyarwa,خەرجییەکان,Voorzieningen,نفقې,Cheltuielile de întreținere,වියදම්,Nafaqada,Shpenzimi,Försörjning,Matumizi.,Нафақа,ค่าเลี้ยงดู,خىراجەت قىلىپ بېرىش,Нафақа боби,Các loại cấp dưỡng,Awọn inawo,expenses-en
202,124,اللباس والزينة,Clothing and Adornment,পোশাক ও সাজ-সজ্জা,Kleidung und Schmuck,Las vestimentas y adornos.,Les habits et l'embellissement,Pakaian dan Perhiasan,വസ്ത്രവും അലങ്കാരവും,O vestuário e a beleza,Одежда и украшения,ஆடையும் அலங்காரமும்,Elbiseler ve Ziynetler,لباس اور زیب و زینت,服装和装饰,वस्त्र तथा शोभा,,لباس و زينت آلات,ልብስና ጌጥ,Libas və zinət əşyaları,Odjeća i ukrasi,Oblečení a zdobení,Kaya da kuma Ado,پۆشاک وخۆ ڕازاندنەوە,Kleding en sieraden,لباس او سینګار,Îmbrăcămintea și podoabele,ඇඳුම් පැළදුම් හා අලංකාරය,,,Klädsel och försköning,Mavazi na Mapambo.,,เครื่องแต่งกายและเครื่องประดับ,كىيىم-كىچەك، زىبۇ-زىننەت,,Ăn mặc và làm đẹp,,clothing-and-adornment-en
203,124,أحكام اللهو والترفيه,,,,,,,,,,,,,,,,,,,,,,,,,,,,,,,,,,,,,category-203
204,124,المجتمع المسلم,Muslim Society,মুসলিম সমাজ,Die islamische Gesellschaft,La sociedad islámica.,La société musulmane,Masyrakat Muslim,ഇസ്ലാമിക സമൂഹം,A sociedade muçulmana,Мусульманское общество,முஸ்லிம் சமூகம்,İslam Toplumu,مسلم معاشرہ,穆斯林社会,मुस्लिम समाज,La società musulmana,جامعه مسلمان,ሙስሊም ማህበረሰብ,Müsəlman cəmiyyəti,Muslimansko društvo,Muslimská společnost,Al-ummar Musulmai,کۆمەڵگای مسوڵمان,De moslimgemeenschap,مسلمانه ټولنه,Societatea musulmană,මුස්ලිම් සමාජය,Bulshada Muslimka,Shoqëria muslimane,Det muslimska samhället,Jamii ya Kiislamu,Муҷтамаъи мусалмони,สังคมมุสลิม,مۇسۇلمانلار جەمئىيتى,Ислом жамияти,Xã hội Muslim,Awujọ ti Musulumi,muslim-society-en
205,124,أحكام النساء,Rulings of Women,নারীদের বিধানাবলি,"Vorschriften, die speziell Frauen betreffen",Las normas sobre las mujeres.,Les jugements relatifs aux femmes,Hukum-hukum Seputar Wanita,സ്ത്രീകളുമായി ബന്ധപ്പെട്ട വിധിവിലക്കുകൾ,Regras relacionadas com as mulheres,"Шариатские законоположения, касающиеся женщин",பெண்களுக்கான சட்டங்கள்,Kadınlara Dair Hükümler,عورتوں سے متعلق احکام,妇女的律例,स्त्रियों से संबंधित अहकाम,Le norme riguardanti le donne,احكام زنان,የሴቶች ህግጋት,Qadına aid əhkamlar,Propisi vezani za žene,Pravidla týkající se žen,Hukunce Hukuncen Mata,حوکمەکانی ئافرەتان,Voorschriften voor vrouwen,د مېرمنو حکمونه,Reglementări cu privire la femei,කාන්තාවන් හා බැඳි නීති,Axkaanta Dumarka,Normat që kanë të bëjnë me gratë,Bestämmelser om kvinnor,Hukumu za wanawake.,Аҳкоми занон,ข้อตัดสินชี้ขาดต่าง ๆ ที่เกี่ยวกับบรรดาสตรี,ئاياللارغا ئالاقىدار ھۆكۈملەر,Аёлларга оид аҳкомлар,Giáo luật về phụ nữ,Awọn idajọ awọn obinrin,rulings-of-women-en
206,124,أحكام المولود,Rulings of Newborns,নব জাতকের বিধানাবলি,"Vorschriften, die Neugeborene betreffen",Las normas sobre el recién nacido.,Les jugements relatifs au nouveau-né,Hukum-hukum Seputar Anak,നവജാതശിശുവുമായി ബന്ധപ്പെട്ട വിധിവിലക്കുകൾ,Regras relacionadas com o recém nascido,"Шариатские законоположения, связанные с рождением ребёнка",குழந்தைகள் சம்பந்தப்பட்ட சட்டங்கள்,Yeni Doğan Çocuğa Dair Hükümler,نومولود بچے سے متعلق احکام,孩子的律例,नवजात शिशु से संबंधित अहकाम,Le norme riguardanti il neonato,احكام نوزاد,የልጆች ህግጋት,Yeni doğulan uşağa aid əhkamlar,Propisi vezani za novorođenče,Pravidla týkající se novorozence,Hukunce Hukuncen Jariri,حوکمەکانی منداڵی لەدایکبوو,Voorschriften voor pasgeborenen,د پیدا شوي ماشوم حکمونه,Reglementări privind nou-născuții,උපන් දරුවා හා බැඳි නීති,Axkaanta Ilmaha dhashay,Normat që kanë të bëjnë me të porsalindurin,Bestämmelser om nyfödda,Hukumu za mwenyekuzaliwa- mchanga,Аҳкоми навзод,ข้อตัดสินชี้ขาดต่าง ๆ ที่เกี่ยวกับทารกแรกเกิด,بوۋاقلارغا ئالاقىدار ھۆكۈملەر,Чақалоққа оид аҳкомлар,Giáo luật về trẻ sơ sinh,Awọn idajọ ọmọ,rulings-of-newborns-en
207,125,الطب النبوي,Prophetic Medicine,নববী চিকিৎসা,Prophetic Medicine,Las terapias del Profeta.,La médecine prophétique,Ilmu Pengobatan Nabi,,A medicina profética,Медицина Пророка ﷺ,,Nebevi Tıp,طبِ نبوی,先知的医疗,नबवी चिकित्सा,,مداواى نبوى,ነቢያዊ ህክምና,,Poslanikova medicina,,Maganin Annabi,پزیشکی پێغەمبەری,Profetische geneeskunde,,Medicina profetică,නබි පිළිවෙතට අනුව වෙදකම් කිරීම,,,,Tiba za Bwana Mtume.,,แพทย์นบี,,,Phương thuốc trị bệnh theo cách của Nabi,,prophetic-medicine-en
208,125,أحكام التداوي,Rulings of Medication,চিকিৎসা করার বিধানাবলি,Rulings of Medication,Las normas sobre las terapias.,Les jugements sur la médication,Hukum-hukum Berobat,ചികിത്സയുടെ വിധിവിലക്കുകൾ,Regras de tratamento,Шариатские законоположения о лечении и лекарствах,,Tedaviye Dair Hükümler,علاج معالجے سے متعلق احکام,自疗的律例,दवा-इलाज से संबंधित अहकाम,,احكام مداوا كردن,,,Propisi liječenja,,Hukunce Hukuncen yin Magani,حوکمەکانی چارەسەر بە دەرمان,,,,,,,,,,,داۋالىنىشقا ئالاقىدار ھۆكۈملەر,,,,rulings-of-medication-en
211,125,الرقية الشرعية,Ruqyah (Healing and Protective Supplications),শর‘ঈ ঝাঁড়-ফুক,Ruqyah Schar`iyah - Behandlung mit Koran und Sunnah,Al-ruqya al-Shar’iah.,Le traitement légal par incantation (Ar Ruqyah As Shar'iyah),Ruqyah Syar'iyyah,മതപരമായ മന്ത്രം,O ruquia,Шариатское заклинание,மார்க்கரீதியான மந்திரித்தல்,Dinî Rukye,رقیہ شرعیہ، شرعی جھاڑ پھونک/ شرعی دم,合法的鲁格叶,शरई झाड़-फूँक,Le lecita terapia attraverso la recitazione (ar-ruqyah),رقيه شرعى,ሸሪዓዊ ሩቃ,Şəri ovsunlar,Šerijatski način liječenja (rukja),Ruqja,Ruqiyya ta Shari'a,روقیەی شەرعی -خوێندنەوەی شەرعی-,Islamitische gebedsgenezing,شرعي دم او دعا,Rugile vindecătoare și protective (Ruqia),ආගමානුගත කළ මැතිරීම්,Tufida Shirciga ah,Rukjeja sheriatike,Islamisk Ruqyah,Ruq'ya ya Kisheria.,Руқяи шаръӣ,การเป่ารักษาตากหลักศาสนา,شەرئى رۇقىيە (دەم سىلىش قاتارلىقلار),Шаръий руқия,Lời niệm chú được phép,Iwosan ti shariiah,ruqyah-(healing-and-protective-supplications)-en
212,126,أحكام الأطعمة والأشربة,Rulings of Foods and Drinks,খাদ্য ও পানীয়ের বিধানাবলি,Rulings of Foods and Drinks,Las normas sobre los alimentos y bebidas.,Les jugements au sujet de la nourriture et des boissons,Hukum Seputar Makanan dan Minuman,ഭക്ഷണ-പാനീയങ്ങളുടെ വിധികൾ,Regras relacionadas com comida e bebida,Шариатские законоположения о пище и напитках,,Yiyecek ve İçeceklere Dair Hükümler,کھانے پینے کی اشیاء کے احکام,饮食的律例,खाने-पीने की चीज़ों से संबंधित अहकाम,,احكام خوردنى ها و نوشيدنى ها,,,Propisi vezani za hranu i piće,,Hukunce Hukuncen Abinci da Abin Sha,حوکمەکانی خواردن وخواردنەوە,,,,ආහාර පාන හා බැඳි නීතිරීති,,,,Hukumu za Vyakula na Vinywaji.,,,يىمەك-ئىچمەككە ئالاقىدار ھۆكۈملەر,,"Giáo luật về thức ăn, đồ uống",,rulings-of-foods-and-drinks-en
213,126,ما يحل ويحرم من الحيوانات والطيور,Lawful and Unlawful Animals and Birds,হালাল ও হারাম জীব-জন্তু ও পাখ-পাখালী,Welche Tiere und Vögel erlaubt und verboten sind,Lo que es lícito e ilícito de los animales y las aves.,Ce qui est licite et illicite comme animaux et volatiles,Hewan dan Burung yang Halal dan yang Haram,"മൃഗങ്ങൾ, പക്ഷികൾ എന്നിവയിൽ നിന്ന് അനുവദനീയമായവയും നിഷിദ്ധമായവയും",O que é lícito e ilícito dos animais e pássaros,Дозволенные и запрещённые для употребления в пищу виды животных и птиц,அனுமதிப்பட்ட மற்றும் தடைசெய்யப்பட்ட மிருகங்களும் பறவைகளும்,Hayvan ve Kuşlardan Helal ve Haram Olanlar,کون سے جانور اور پرندے حلال ہیں اور کون سے حرام ہیں۔,合法与非法的动物和飞禽,हलाल तथा हराम जानवर एवं पक्षी,,حلال يا حرام بودن انواع حيوانات و پرندگان,መብላት የሚፈቀዱና የሚከለከሉ እንስሶችና በራሪዎች,Heyvanlardan və quşlardan halal və haram olanları,Dozvoljene ptice i životinje,Co je povolené a co zakázané ze zvířat a ptáků,Abunda ya halatta da wanda ya haramta cikin Dabbobi da tsuntsaye,ئەوەی حەڵاڵ وحەرامە لە ئاژەڵ وباڵندەکان,Wat wel en niet is toegestaan van dieren en vogels,هغه چې له څارویو او مرغانو څخه حلال او یا حرام دي,Permis și interzis cu privire la animale și păsări,පක්ෂීන් හා සිවුපාවන් අතුරින් අනුමත හා තහනම් දෑ,,Shtazët dhe shpendët e lejuar dhe ata të ndaluar,Tillåten och förbjuden förtäring av djur och fåglar,Kilichokuwa halali na Haramu katika wanyama na Ndege.,Навъҳои ҳалол ва ҳаром аз ҳайвонот ва парандагон,สัตว์และนกชนิดต่าง ๆ ที่เป็นที่ต้องห้าม,قۇشلار ۋە ھايۋانلاردىن ھالال بولغان ۋە ھارام بولغانلىرى,Ҳалол ва ҳаром қилинган ҳайвон ва қушлар,Động vật và chim chóc được phép và không được phép ăn,,lawful-and-unlawful-animals-and-birds-en
215,126,التذكية,Slaughtering,যবাই করা,Schlachtvorschriften,Al-tazkia (la fórmula de llevar a cabo el sacrificio de animales).,Le sacrifice,Menyembelih,അറവ്,O degolamento,Заклание жертвенных животных,அறுத்தல்,Boğazlama,ذبح کرنا,（宰牲时） 念诵真主之名,ज़बह करना,La macellazione rituale,سر بريدن,አስተራረድ,Hevyan kəsmək,Klanje životinja,Porážka (zvířete),Yanka,قوربانی کردن,Het slachten,حلاله (ذبحه),Sacrificarea unui animal,සත්වයාගේ ගෙල කපා කැප කිරීම,Gawraca,Therja,Slakt,Uchinjaji.,Сар буридани ҳайвон,การเชือด,مال بوغۇزلاش,Сўйиш,Cắt tiết,Didunbu nnkan,slaughtering-en
216,126,الصيد,Hunting,শিকার করা,Hunting,Pesca.,La chasse,Berburu,വേട്ടയാടൽ,A caça,Охота,,Av,شکار,打猎,शिकार करना,,شكار كردن,አደን,,Lov,,Farauta,ڕاوکردن,Het jagen,ښکار,Vânatul,දඩයම් කිරීම,,,Jakt,Uwindaji,,การล่าสัตว์,ئوۋ ئولاش,,Săn bắn,,hunting-en
217,126,أحكام ذبائح الكفار,,কাফিরদের যবাইকৃত প্রাণীর সাথে সংশ্লিষ্ট বিধানাবলি,,,,Rulings of Animals Slaughtered by the Disbelievers,,,,,,,,,,,,,,,,,Rulings of Animals Slaughtered by the Disbelievers,,,,,,,,,,,,,,category-217
218,126,الأشربة المحرمة,Forbidden Drinks,হারাম পানীয়,Verbotene Getränke,Las bebidas prohibidas.,Les boissons illicites,Minuman yang Diharamkan,നിഷിദ്ധമായ പാനീയങ്ങൾ,As bebidas ilícitas,Запрещённые виды напитков,தடைசெய்யப்பட்ட குடிபானங்கள்,Haram Kılınmış İçecekler,حرام مشروبات,非法的饮料,पीने की हराम वस्तुएँ,,نوشيدنى هاى تحريم شده,የተከለከሉ መጠጦች,Haram olan içkilər,Zabranjena pića,Zakázané nápoje,Abubuwan Shan da aka Haramta,خواردنەوە حەرامکراوەکان,Verboden dranken,حرام څښاکونه,Băuturile interzise,තහනම් වූ බීම වර්ග,Cabitanada la xarimay,Pijet e ndaluara,Förbjudna drycker,Vinywaji na vilivyoharamishwa.,Нӯшиданиҳои ҳаром,เครื่องดื่มที่ต้องห้าม,چەكلەنگەن ئىچىملىكلەر,Ҳаром ичимликлар,Những đồ uống không được phép,Awọn nnkan mimu ti o jẹ eewọ,forbidden-drinks-en
219,127,القصاص,Retribution,কিসাস/হত্যা বা আঘাতের শরী‘আতসম্মত বদলা,Qisas - Vergeltung,"Al-Qisas (castigo fijado por la Shar’iah con el que se pretende imponer igualdad entre el crimen cometido y la pena impuesta, cuando sea posible).",L'application du talion (Al Qisâs),Qiṣāṣ,പ്രതിക്രിയ,A retaliação ou pena por homicídio,Воздаяние равным,பழிதீர்த்தல்,Kısas,قصاص,处罚,क़िसास,,قِصاص,የገደለን የመግደል ህግ,Qisas,Odmazda,Krevní msta(odplata),Qisasi,تۆڵەسەندنەوە,Wettige vergelding,قصاص,Talionul,සමප්රතිචාර දැක්වීම,Qisaasta,Kisasi - ligji i barazisë në ndëshkim,Rättvis vedergällning,Kisasi.,,ความผิดที่มีบทลงโทษสำหรับความผิดฐานฆ่าคนตายโดยเจตนาและทำร้ายร่างกายโดยเจตนา,قىساس,Қасос,Luật Qisas,Gbigba ẹsan,retribution-en
220,127,الديات,Blood Money,রক্তপণ,Blood Money,Las indemnizaciones; compensaciones.,Les différents prix du sang (Ad Diyât),Diat,നഷ്ടപരിഹാരം,A compensação,Материальная компенсация за преступление,,Diyetler,دیات,恤金,दियत,,ديه ها,,,Krvarine,,Diyya,دیەتەکان,,,,,,,,,,,دىيەت,,,,blood-money-en
221,128,أحكام الحدود,Rulings of Prescribed Punishments,হুদূদ তথা শরী‘আত নির্ধারিত শাস্তির বিধানাবলি,Rulings of Prescribed Punishments,Las normas del hudud (límites o restricciones morales).,Les jugements sur les peines légales (Ahkâm Al Hudûd),Hukum Seputar Hudud,,Leis de sanções,Законоположения о шариатских наказаниях,,Had Cezalarına Dair Hükümler,حدود سے متعلق احکام,刑罚,हुदूद (शरई दंडों) से संबंधित अहकाम,,احكام حدها,,,Propisi vezani za precizirane kazne,Pravidla týkající se trestů,Hukunce Hukuncen Haddi,حوکمەکانی سنوورە شەرعییەکان -الحدود-,,د حدودو حکمونه,,දණ්ඩන නීති,,Normat që kanë të bëjnë me hudude (dënime të përcaktuara),,,,,جازا قانۇنلىرى,,,,rulings-of-prescribed-punishments-en
223,128,شروط إقامة الحدود,Conditions of implementing Prescribed Punishments,,Conditions of implementing Prescribed Punishments,Conditions of implementing Prescribed Punishments,Les conditions d'application des peines légales,Syarat-syarat Pelaksanaan Hukum Had,,,Условия применения шариатских наказаний,,Conditions of implementing Prescribed Punishments,اقامت حدود کی شرائط,实施刑罚的条件,शरई दंड क़ायम करने की शर्तें,,شرط هاى برپاداشتن حدها,,,Uslovi sprovođenja preciziranih kazni,,,مەرجەکانی جێبەجێکردنی سنوورە شەرعییەکان,,,,,,,,,,,جازا ئىجرا قىلىش شەرتلىرى,,,,conditions-of-implementing-prescribed-punishments-en
224,128,حد الزنا,Prescribed Punishment for Adultery,ব্যভিচারের শাস্তি,Prescribed Punishment for Adultery,Hadd sobre el adulterio/fornicación.,La peine du fornicateur,Had Zina,വ്യഭിചാരത്തിനുള്ള ശിക്ഷ,A pena do adultério,Шариатское наказание за прелюбодеяние,,Zinanın Had Cezası,حدِ زنا,奸淫的刑罚,व्यभिचार की हद (दंड),,حد زنا,,,Kazna za blud,,Haddin Zina,سنووری زینا (حەددی زینا),,,,දුරාචාරය සඳහා වූ දඬුවම,,,,,,,زىنانىڭ جازاسى,,Án phạt tội Zina,,prescribed-punishment-for-adultery-en
225,128,حد القذف,Prescribed Punishment for Calumny,,Prescribed Punishment for Calumny,Prescribed Punishment for Calumny,La peine pour accusation de fornication,Had Qażaf,,,Шариатское наказание за необоснованное обвинение в прелюбодеянии,,İftiranın Had Cezası,حدِ قذف,诽谤的刑罚,व्यभिचार का लांछन लगाने की हद (दंड),,حد تهمت بستن,,,Kazna za potvoru,,,سنووری تۆمەڵ هەڵواسین بۆ ئافرەتی پاک,,,,,,,,,,,بۆھتاننىڭ جازاسى,,,,prescribed-punishment-for-calumny-en
226,128,حد الخمر,Prescribed Punishment for Drinking Alcohol,মদের শাস্তি,Prescribed Punishment for Drinking Alcohol,Hadd sobre las bebidas embriagantes.,La peine pour consommation d'alcool,Had Meminum Khamar,മദ്യപാനത്തിനുള്ള ശിക്ഷ,A pena de ingestão de bebida alcoólica,Шариатское наказание за употребление опьяняющих напитков и веществ,نதபுானம் அருந்தியதற்கான தண்டனை,İçki İçmenin Had Cezası,حدِ خمر/ شراب نوشی کی حد,饮酒的刑罚,मद्यपान की हद (दंड),,حد شرابخوارى,,,Kazna za konzumiranje alkohola,,Haddin Shan Giya,سنووری سەرخۆشکەرەکان,Straf voor alcoholgebruik,,,සුරා පානය සඳහා වූ දඬුවම,,,,,,บทลงโทษความผิดฐานดื่มสิ่งมึนเมา,ھاراقكەشنىڭ جازاسى,,Án phạt tội uống rượu,,prescribed-punishment-for-drinking-alcohol-en
227,128,حد السرقة,Prescribed Punishment for Theft,চুরির শাস্তি,Prescribed Punishment for Theft,Hadd sobre el latrocinio.,La peine pour vol,Had Pencurian,മോഷണത്തിനുള്ള ശിക്ഷ,A pena de roubo,Шариатское наказание за воровство,,Hırsızlığın Had Cezası,حدِ سرقہ/ چوری کی حد,盗窃的刑罚,चोरी की हद (दंड),,حد دزدى,የስርቆት መቅጫ ህግ,,Kazna za krađu,,Haddin Sata,سنووری دزیکردن,Straf voor diefstal,د غلا حد (جزا),Pedepsele prescrise pentru furt,සොරකම සඳහා වූ දඬුවම,,,Straffet för stöld,Adhabu ya uwizi.,,บทลงโทษความผิดฐานลักทรัพย์,ئوغۇرلۇقنىڭ جازاسى,,Án phạt tội trộm cắp,,prescribed-punishment-for-theft-en
228,128,حد قطاع الطريق,Prescribed Punishment for Highway Robbery,ডাকাতির শাস্তি,Die Sanktion für Wegelagerei und Raub,Hadd sobre el bandidaje.,La peine des bandits de grand chemin (Hadd Qutâ' At Turuq),Had Perampokan,വഴിക്കൊള്ളക്കാർക്കുള്ള ശിക്ഷ,A pena do assalto nas estradas,Шариатское наказание за разбой на дорогах,வழிப்பறிக்கொள்ளையர்களுக்கான தண்டனை,Yol Kesicilerin Had Cezası,راہ زنی کی حد,路霸的刑罚,राहगीरों को लूटने वालों की हद (दंड),La pena prestabilita per il brigantaggio,حد راهزنان,የሽፍታዎች መቅጫ ህግ,Yol kəsən soyğunçuların həddi,Kazna za drumsko razbojništvo,Trest za přepadávání na cestách,"Haddin ""yan Fashi",سنووری ڕێگا بڕەکان,Straf voor het afsluiten van de weg,د لارې شکوونو حد ( جزا ),Pedepsele prescrise pentru jaf la drumul mare,කොල්ලකෑම සඳහා වූ දඬුවම,Xadka Burcada,Dënimi për grabitje,Straffet för vägrån,Adahabu ya Ujambazi.,,บทลงโทษความผิดฐานปล้นทรัพย์,قاراقچىلارنىڭ جازاسى,Йўл кесарлар ҳукми,Án phạt tội cướp bóc,Ijiya awọn danadana,prescribed-punishment-for-highway-robbery-en
230,128,حد الردة,Prescribed Punishment for Apostasy,মুরতাদের শাস্তি,Prescribed Punishment for Apostasy,Prescribed Punishment for Apostasy,La peine pour apostasie (Hadd Ar Riddah),Had Murtad,,A pena de apostasia,Шариатское наказание за отступничество от ислама,,Prescribed Punishment for Apostasy,ارتداد کی حد,判教的刑罚,इस्लाम को त्याग देने की हद (दंड),,حد مرتدان,ከኢስላም የወጡ ሰዎች መቅጫ ህግ,,Kazna za otpadništvo od vjere,,Haddin Ridda,سنووری هەڵگەڕانەوە (مورتەد),Straf voor afvalligheid,,Pedepsele prescrise pentru apostazie,ආගම අත්හැර විරෝධීවීම සඳහා වූ දඬුවම,,,,Adhabu ya mwenye kuritadi.,,บทลงโทษความผิดฐานพ้นศาสนา,,,Án phạt tội phản đạo,,prescribed-punishment-for-apostasy-en
231,128,أحكام التعزير,Rulings of Discretionary Punishments,তা‘যীর তথা শরী‘আত নির্ধারিত নয় এমন অপরাধ সংক্রান্ত শাস্তির বিধানাবলি,Rulings of Discretionary Punishments,Las normas de al-ta’zir (reprimenda; escarmiento).,Les jugements discrétionnaires (Ahkâm At Ta'zîr),Hukum Seputar Takzir,തഅ്സീറിൻ്റെ' വിധിവിലക്കുകൾ,Leis de punição por delitos menores,Законоположения о дисциплинарном взыскании,,Tazir Cezalarına Dair Hükümler,تعزیراتی سزاؤں کے احکام,谴责的律例,ताज़ीर से संबंधित अहकाम,,احكام تعزيرى,የቅጣት ህግጋት,,Propisi vezane za sankcije (ta'zir),,Hukunce Hukuncen Jan Kunne,حوکمەکانی سزادان (التعزیر),Voorschriften voor vergelding,د تعزیر حکمونه,Reglementări privind condoleanțele,අනතුරු අඟවා අවවාද කිරීමේ නීතිරීති,,,Bestämmelser om disciplinära straff,Hukumu za uaibishaji.,,บทลงโทษที่อยู่ในดุลพินิจของศาลสำหรับความผิดซึ่งไม่มีบทลงโทษที่ถูกบัญญัติเอาไว้,,,Giáo luật về việc kỷ luật và phạt cảnh cáo,,rulings-of-discretionary-punishments-en
232,129,حكم القضاء وفضله وخطره,"Judiciary: Its Ruling, Merit, and Significance",,Judiciary: Its Ruling; Merit; and Significance,Judiciary: Its Ruling; Merit; and Significance,"Le statut de la justice , son mérite et ses risques","Hukum Melaksanakan Pengadilan, Keutamaan dan Bahayanya",,,Шариатское законоположение о судопроизводстве. Достоинство и значимость этой деятельности .,,Judiciary: Its Ruling; Merit; and Significance,منصبِ قضاء کا حکم اور اس کی فضیلت و اہمیت,判决的律例及其美德和风险,"क़ज़ा का हुक्म, फ़ज़ीलत तथा सावधानियाँ",,حكم قضاوت و فضيلت آن و خطرش,,,"Status suđenja, njegova vrijednost i opasnost",,,حوکمی دادگا وفەزڵی ومەترسییەکانی,,,,,,,,,,,,,,,"judiciary:-its-ruling,-merit,-and-significance-en"
233,129,آداب القاضي,Manners of Judges,বিচারকের আদব,Verhaltensmaßstäbe für Richter,Las etiquetas del juez.,La bienséance quand on juge (Adâb Al Qâdhy),Adab-adab Hakim,ന്യായാധിപൻ്റെ മര്യാദകൾ,Etiquetas do juiz,Морально-нравственные качества шариатского судьи,நீதிபதிக்கான ஒழுங்குவிதிகள்,Kadılık Adabı,قاضی کے آداب,法官的修养,क़ाज़ी के आदाब,L'etica del giudice,آداب قاضى,የዳኛ ስነ-ስርዓት,Qazinin ədəbləri,Pravila ponašanja sudije,Správné chování soudce,Ladaban Alqali,ئادابەکانی دادوەر,De ethiek van de rechter,د قاضي آداب,Manierele judecătorului,විනිශ්චකරුගේ ආචාරවිධි,Aadaabta Qaaliga,Rregullat që kanë të bëjnë me gjykatësin,Domarens uppförande,Adabu za Qadhi- Hakimu.,,มารยาทของผู้ตัดสิน,قازىلار ئەدەپلىرى,Қозининг одоблари,Nhân cách của một vị thẩm phán,Awọn ẹkọ adajọ,manners-of-judges-en
235,129,الدعاوى والبيِّنات,Claims and Proofs,বিবিধ দাবী ও বিবিধ দলীল,Klagen und Beweise,Acusación legal y las evidencias.,Les accusations (Ad Da'âwah) et les preuves (Al Bâyyinât),Klaim dan Bukti,വാദവും തെളിവുകൾ രേഖപ്പെടുത്തലും,As acusações e argumentos,Иски и доказательства,வாதங்களும் ஆதாரங்களும்,Davalar ve Kanıtlar,دعوى جات اور ثبوت/ مقدمات اور ثبوت,诉讼和证据,दावे तथा प्रमाण,,مرافعه ها و بيِّنه ها,ሙግትና ማስረጃ,İddialar və sübutlar,Tužbe i dokazi,Žaloby a důkazy,Da'awa da kuma Dalilai,بانگەشەکان وبەڵگەکان,Beweringen en bewijslasten,دعوې او ثبوتونه,Acuzații și dovezi,කෙනකු වෙනුවෙන් වාද කිරීම හා සාක්ෂි සාධක,,Paditë dhe provat,Anklagelse och bevisföring,Madai na Ushahidi.,Мурофиаҳо ва баййинаҳо,การฟ้องร้องและหลักฐาน,ئەرىز-شىكايەت ۋە دەلىل-ئىسپاتلار,Даъво ва далиллар,Kiện cáo và chứng cứ,,claims-and-proofs-en
236,129,الشهادات,Testimonies,,Testimonies,Testimonies,Les témoignages (As Shahâdât),Kesaksian,,,Свидетельские показания,,Testimonies,شہادتیں/ گواہیاں,作证,गवाहियाँ,,گواهى ها,,,Svjedočenja,,,شایەتییەکان,,,,,,,,,,,,,,,testimonies-en
237,129,أعوان القاضي,Enjoining Good and Forbidding Evil,,Enjoining Good and Forbidding Evil,Enjoining Good and Forbidding Evil,Enjoining Good and Forbidding Evil,Enjoining Good and Forbidding Evil,,,Enjoining Good and Forbidding Evil,,Enjoining Good and Forbidding Evil,Enjoining Good and Forbidding Evil,,,,Enjoining Good and Forbidding Evil,,,,,,,,,,,,,,,,,,,,,category-237
238,6,Shariah-approved Politics,Shariah-approved Politics,,Shariah-approved Politics,Shariah-approved Politics,Shariah-approved Politics,Shariah-approved Politics,,,Shariah-approved Politics,,Shariah-approved Politics,Shariah-approved Politics,,,,Shariah-approved Politics,,,,,,,,,,,,,,,,,,,,,shariah-approved-politics
239,6,Islamic Culture,Islamic Culture,,Islamic Culture,Islamic Culture,Islamic Culture,Islamic Culture,,,Islamic Culture,,Islamic Culture,Islamic Culture,,,,Islamic Culture,,,,,,,,,,,,,,,,,,,,,islamic-culture
249,132,الحكم الشرعي,Shariah Ruling,শর‘ঈ বিধান,Arten der Vorschriften in der islamischen Gesetzgebung,El veredicto legal (al-hukm al-shar’i).,Le jugement légal,Hukum Syar'i,മതപരമായ വിധി,A sentença da shariah,Шариатское постановление,மார்க்கத் தீர்ப்பு,Dinî Hüküm,شرعی حکم,教法律例,शरई निर्णय,Il precetto giuridico islamico,حكم شرعى,ሸሪዓዊ ፍርድ,Şəri hökm,Šerijatska norma,Islámské pravidlo,Hukuncin Shari'a,حوکمی شەرعی,Islamitisch vonnis,شرعي حکم,Hotărârea juridică religioasă,ආගමික නීතිය,Xugunka Sharciga ah,Dispozitat sheriatike,Islamiska bestämmelsen,Hukumu ya Kisheria.,Ҳукми шаръӣ,บทบัญญัติศาสนา,شەرئى ھۆكۈم,Шаръий ҳукм,Luật được qui định trong Islam,Idajọ ti Sharia,shariah-ruling-en
250,132,القواعد الفقهية والأصولية,Juristic and Usooli (Juristic Priciples) Rules,ফিকহী ও উসূলী কাওয়ায়িদ/প্রবচনসমূহ,Regeln der islamischen Gesetzgebung und der allgemeinen Grundregeln des islamischen Rechts,Las bases del Fiqah y de los usules.,Les règles de jurisprudence et de ses fondements,Kaidah Fikih dan Kaidah Uṣūl,കർമ്മശാസ്ത്ര അടിത്തറകളും അടിസ്ഥാനങ്ങളും,As regras de jurisprudência dos princípios,Правила фикха и методологии,மார்க்க சட்டம் மற்றும் ஆதாரங்களை அணுகும் முறை சம்பந்தமான விதிமுறைகள்,Fıkıh ve Usûl Kaideleri,فقہی اور اصولی قواعد,教法基础和根本,फ़िक़्ही तथा उसूली नियम,I canoni della giurisprudenza e dei principi islamici,قواعد فقهى و اصولى,ፊቂሀዊ መርሆዎችና መሰረቶች,Fiqhi və üsulu qaydalar,Osnove i pravila islamskog prava i metodologije,Pravidla právní vědy a vědy týkající se pramenů práva(usúl fiqh),Ka'idojin Fiqhu da na Usulu,بنچینە فیقهی وئوسوڵییەکان,Principes het jurisprudentie en van de grondslagen,فقهي او اصولي قواعد,Principii de jurisprudență și fundamentale,ආගමික නීතී හා මූලධර්ම පිළිබඳ නියාමන,Qawaacida Fiqiga iyo Usuusha,Rregullat fikhore dhe rregullat e usulit,Principer och grunder inom rättslära,Fomula za Kifq'hi na za Kiusulu.,Қоидаҳои фиқҳӣ ва усулӣ,หลักเกณฑ์ฟิกฮฺและหลักฟิกฮฺทั่วไป,ئۇسۇل ۋە پىقھى قائىدىلىرى,Фиқҳий ва усулий қоидалар,Nguyên tắc giáo luật thực hành và các nền tảng cơ sở,Awọn ilana (ofin) agbọye ẹsin ati ilana ipinlẹ agbọye ẹsin. (Awọn akojọpọ imọ agbọye ẹsin ati akojọpọ imọ ipinlẹ agbọye ẹsin),juristic-and-usooli-(juristic-priciples)-rules-en
251,132,التكليف وشروطه,Religious Assignment and its Conditions,তাকলীফ/বিধান আরোপ করা ও তার শর্তসমূহ,Religious Assignment and its Conditions,La responsabilidad legal (al-taklif) y sus términos.,La responsabilité religieuse et ses conditions,Religious Assignment and its Conditions,,,Шариатская дееспособность и её условия,,Mükellefiyet ve Şartları,شرعی تکلیف اور اس کی شرائط,委托及其条件,,Religious Assignment and its Conditions,تكليف و شرط هاى آن,Religious Assignment and its Conditions,Religious Assignment and its Conditions,Zaduživanje šerijatskim propisima i njegovi uslovi,Religious Assignment and its Conditions,,,Religious Assignment and its Conditions,,Religious Assignment and its Conditions,,Religious Assignment and its Conditions,,Religious Assignment and its Conditions,,Religious Assignment and its Conditions,,,Religious Assignment and its Conditions,,Religious Assignment and its Conditions,religious-assignment-and-its-conditions-en
253,132,الكتاب (القرآن),The Book (the Qur'an),আল-কিতাব (আল-কুরআন),The Book (the Qur'an),El Libro (El Corán).,Le Livre (Le Coran),Al-Kitāb (Al-Qur`ān),,O Qur'an,Писание (Коран),,Kitap (Kur'an),الکتاب (قرآن کریم),经典（古兰经）,किताब (क़ुरआन),,كتاب (قرآن),,,Knjiga (Kur'an),,Littafi (Al-qurani),کتێب (قورئان),,,,අල්කුර්ආන්,,,,Kitabu (Qur'an),,,كىتاب (قۇرئان),,Kinh Sách (Qur'an),,the-book-(the-qur'an)-en
254,132,السنة,,আস-সুন্নাহ,,,,The Sunnah,,,,,,,,,,,,,,,,,The Sunnah,,,,,,,,,,,,,,category-254
258,132,النسخ,Abrogation,রহিতকরণ,Abrogation,Al-Nasj (abrogación).,L'abrogé (An Naskh),Nasakh,,,Аннулирование шариатского постановления,,Nesih,نسخ,废止,मनसूख़ (निरस्त) करना,,نسخ,,,Derogacija,,Shafewa,هەڵوەشاندنەوە,,,,,,,,,,,ئەمەلدىن قالدۇرۇش,,,,abrogation-en
259,132,دلالات الألفاظ وكيفية الاستنباط,Significations and Inference,শব্দসমূহের চাহিদা ও বিধান বের করার পদ্ধতি,Worauf Wortlaute hindeuten und wie man daraus Vorschriften ableitet,Las evidencias de las expresiones (en el Corán y la Sunna) y la forma de la deducción.,Les significations des expressions et la manière de les déduire,Makna Kata dan Cara Menyimpulkan Hukum,"പദസൂചനകളും, അവയിൽ നിന്ന് വിധികൾ ഗ്രഹിച്ചെടുക്കേണ്ടതിൻ്റെ രൂപവും",Os indicadores das palavras e modos de extração de lições,Словесные указания и способы извлечения правовых суждений,வார்த்தைகளின் கருத்துக்களும் சட்டம் பெறும் முறையும்,Lafızların Anlamı ve Hüküm Çıkarma Yöntemi,الفاظ کے مفاہیم اور استنباط کی کیفیت,文字证据和如何取证,शब्दों का अर्थों से संबंध तथा अहकाम एवं मसायल निकालने का तरीक़ा,,دلالت هاى الفاظ و كيفيت استنباط در آنها,የቃላቶች ጥቆማና እውቀትን የማውጣት (የኢስቲንባጥ) ሁኔታ,Sözlərin dəlalət etdiyi mənalar və istinbat çıxarma yolları,"Ukazivanje iskaza na propis i način donošenja zaključaka, deriviranje propisa",Významy výrazů a způsoby vyvozování,Abunda Lafazan suke nunawa da kuma yadda ake ciro Hukunci daga cikinsu,بەڵگە وئاماژەکردنی دەستەواژەکان وچۆنیەتی دەرهێنانی بڕیار وحوکمەکان,Betekenissen van woorden en interpretatiemethoden,د الفاظ دلالتونه او د استنباط څرنګوالی,Semnificații și modul de deducere a principiilor,වචනවල අරුත නිරූපණය හා උපුටා ගැනීමේ ක්රම,Oraahdu waxay ku tusayso iyo sida looga soo saaro daliilka,Kuptimi i termave dhe mënyra e nxjerrjes së normave,Semantik och deduktiv metod,Dalili za kimatamshi na namna ya kudadavua.,Далолатҳои лафз ва чигунагии истинбот,หลักฐานเชิงคำพูดและวิธีการประยุกต์ออกมาใช้,سۆزلەرنىڭ ئىشارەتلىرى ۋە ئۇنىڭدىن قانداق ھۆكۈم چىقىرىش,Лафзлар далолати ва истинбот кайфияти,Lý lẽ lập luận,Awọn itọkasi (itumọ) awọn gbolohun ati ọna bi a ṣe n mu idajọ jade,significations-and-inference-en
260,132,الاجتهاد والتقليد,Personal Reasoning and Imitation,ইজতিহাদ ও তাকলীদ,Personal Reasoning and Imitation,Al-iytihad y al-taqlid (esfuerzo de comprensión e imitación).,L'effort (Al Ijtihâd) et l'imitation ou le conformisme (At Taqlîd),Ijtihad dan Taklid,,O esforço intelectual e o seguimento,Иджтихад и подражание,,İçtihat ve Taklit,اجتہاد اور تقلید,创新和守旧,इजतिहाद तथा तक़लीद,,اجتهاد و تقليد,,,Idžtihad i taklid,,Ijitihadi da kuma Taqalidi,,,,,,,,,,,,,,,,personal-reasoning-and-imitation-en
261,132,التعارض والترجيح,Divergence and Preponderance,বিরোধ ও প্রাধান্য দান,Widersprüche und Abwägung,Al-ta’arud y al-tarjih (contradicción y preferencia).,L'opposition (At Ta'ârudh) et la préférence (At Tarjîh),Ta'āruḍ dan Tarjih,"തെളിവുകളിൽ പരസ്പര വിയോജിപ്പ് പ്രകടമാകലും, അവയിൽ തിരഞ്ഞെടുപ്പ് നടത്തേണ്ട രൂപവും",A colixão e a última decisão,Юридическая коллизия и выбор наиболее весомого довода,முரண்பாடும் பலமான கருத்தைத் தெரிவு செய்தலும்,Çelişki ve Tercih,تعارض اور ترجیح,矛盾和侧重,दो प्रमाणों के बीच टकराव तथा तरजीह,,تعارض و ترجيح,መጣረስና ሚዛን የደፋውን መግለፅ,Ziddiyyət və tərcih etmək,Kontradiktornost i protežiranje dokaza,Ta’árud a tardžíh(hledání správného názoru),Cinkaro da kuma zavar wanda ya fi inganci,دژیەکی وبژاردن,Tegenspraak en afweging,تعارض او ترجیح,Divergențe și preponderențe,එකිනෙකට නොගැළපීම හා බහුතර යෝග්ය මතය,,Et-tearud uet-terxhih (kundërthënia dhe përzgjedhja e mendimit më të saktë),Oförenlighet och referens,Kukinzana na Kufanya kuwa ni sahihi.,Таъоруз ва тарҷиҳ,การย้อยแย้งกันของหลักฐานและการพิจารณาให้น้ำหนักของหลักฐาน,زىتلىق ۋە كۇچلاندۇرۇش,Зиддият ва таржиҳ (қувватли далил танлаш),Ta'arudh và Tarjeeh,,divergence-and-preponderance-en
262,132,مقاصد الشريعة,Shariah Objectives,শরীয়তের উদ্দেশ্যাবলি,Maqasid al-Scharia - Ziele der islamischen Gesetzgebungen,Los propósito de la Shar’iah.,Les objectifs de la législation islamique (Maqâsid Ashari'ah),Tujuan-tujuan Syari'at,(ഇസ്ലാമിക) മതനിയമങ്ങളുടെ ഉദ്ദേശലക്ഷ്യങ്ങൾ,Os objectivos da shariah,Цели Шариата,ஷரீஆவின் இலக்குகள்,Makasıdu'ş-Şeria (Dini Maksatlar),مقاصدِ شریعت,教法的目的,शरीयत के उद्देश्य,Le finalità della giurisprudenza islamica,مقصود هاى شريعت,ሸሪዓዊ አላማዎች,Şəri məqsədlər,Intencije šerijata,Islámské cíle,Manufofin Shari'a,مەبەستەکانی شەریعەت,Doelstellingen van de sharia,د شریعت موخې (مقصدونه),Obiectivele Șari'a,ෂරීආ නීතියේ අපේක්ෂාවන්,Qasadka Shareecada,Objektivat e sheriatit,Religionens mål,Makusudio ya Sheria.,Мақосиди шариат,เจตนารมณ์แห่งหลักการของศาสนา,شەرىئەتنىڭ مەقسىدى,Шариат мақсадлари,Các mục đích của luật Shari'ah,Awọn erongba Sharia (ofin ẹsin),shariah-objectives-en
265,5,الفضائل,Virtues,ফাযায়েল,Vorzügliche Dinge,Virtudes.,Les mérites,Keutamaan,ശ്രേഷ്ഠതകൾ,As virtudes,Достоинства различных дел,சிறப்புகள்,Faziletler,فضائل,美德,फ़ज़ीलतें,I meriti,فضائل,ደረጃ ያላቸው ስራዎች,Fəzilətlər,Odlike,Přednosti,Falaloli,فەزڵەکان,Deugden,فضیلتونه,Virtuțile,මහිමයන්,Fadaa`isha,Vlera,Förträffligheter,Mambo yaliyo bora.,Фазоил,การงานที่ดี,پەزىلەتلەر,Фазоил (фазилатлар),Các ân phúc,Awọn iwa ọlọla,virtues-en
266,5,فقه الأخلاق,Jurisprudence of Ethics,আখলাকের ফিকহ,Das Verständis von gutem Charakter,Fiqah de los comportamientos; etiquetas; moralidad.,La jurisprudence relatives aux vertus,Fikih Akhlak,സ്വഭാവമര്യാദകൾ,A jurisprudência de atitudes,Фикх морально-этических норм,நற்குணத்தின் சட்டதிட்டங்கள்,Ahlak Fıkhı,علمِ اخلاق,道德的教法,सद्व्यवहार पर आधारित फ़िक़्ह,La giurisprudenza dell'etica,فقه اخلاقى,ስነ-ምግባራዊ ፊቅህ,Etik əhkamlar,Razumijevanje lijepog ponašanja,Věda týkající se dobrých mravů,Fiqihun Halaye,فیقهی ڕەوشتەکان,Ethiek van de moraal,د أخلاقو فقه,Jurisprudența calităților morale,සදාචාරයේ නීති විද්යාව,Fiqiga Akhlaaqda,Fikhu i etikës,Rättslära om uppförande,Fiq'hi ya Tabia.,Фиқҳи ахлоқ,ความเข้าใจเกี่ยวกับจรรยามารยาท,ئەخلاقنى پىقھىسى,Ахлоқлар фиқҳи,Giáo luật thực hành về đạo đức,Imọ agbọye ẹsin nípa awọn iwa,jurisprudence-of-ethics-en
267,5,الآداب الشرعية,Shariah-approved Manners,শর‘ঈ আদব,Gutes Verhalten nach den Maßstäben der islamischen Gesetzgebung,Las etiquetas de la Shar’iah.,La bienséance islamique,Adab-adab Syar'i,മതപരമായ മര്യാദകൾ,Etiquetas relacionadas com a shariah,Шариатские нормы этикета,மார்க்க ஒழுங்குகள்,Dinî Adaplar,شرعی آداب,合法的礼节,शरई आदाब,L'etichetta islamica,آداب شرعى,ሸሪዓዊ ስነ-ስረዓቶች,Şəri ədəblər,Šerjiatski adabi (način ponašanja),Islámské správné chování,Ladaban Shari'a,ئادابە شەرعییەکان,Islamitische ethiek,شرعي آداب,Manierele acceptate de legea islamică,ආගමික විනය,Aadaabta Sharciga ah,Rregullat e mirësjelljes,Islamiska uppföranden,Adabu za kisheria.,Одоби шаръӣ,มารยาทตามบทบัญญัติ,شەرئىي ئەدەپلىرى,Шаръий одоблар,Các nghi thức pháp lý,Awọn ẹkọ ofin sharia,shariah-approved-manners-en
268,5,فقه الأدعية والأذكار,Jurisprudence of Supplications and Remembrance of Allah,দো‘আ ও যিকিরসমূহের ফিকহ,Das Verständnis wie man Allah mit Bittgebeten anruft und Ihm gedenkt,Fiqh de las súplicas y Dhikir.,La jurisrudence des invocations et des rappels (Fiqh Al Ad'iyyah wal Adhkâr),Fikih Doa dan Zikir,പ്രാർത്ഥനകളുടെയും പ്രകീർത്തനങ്ങളുടെയും ആശയം ഗ്രഹിക്കൽ,Jurisprudência de súplicas e recordações,Правила обращения к Аллаху с мольбами и поминания Аллаха,பிரார்த்தனைகள் திக்ருகளின் சட்டங்கள்,Dua ve Zikirler Fıkhı,فقہ الادعیہ والاذکار,祈祷和提醒的教法,दुआओं तथा अज़कार पर आधारित फ़िक़्ह,La giurisprudenza delle invocazioni e della menzione di Allah,فقه دعاها و ذكرها,የዱዓና አዝካር ፊቅህ,Dua və zikirlərə aid əhkamlar,Razumijevanje dova i zikrova,Věda o prosbách(dua) a dhikru,Fiqihun Addu'o'i da Zikiri,فیقهی نزا وزیکرەکان,Juridische aspecten van smeekbeden en gedenken van Allah,د دعاګانو او اذکارو فقه,Jurisprudența rugilor și pomenirilor,මෙනෙහි කිරීම් හා ප්රාර්ථනාවන්හි නීති විද්යාව,Fiqiga Ducada iyo Adkaarta,Fikhu i dhikrit dhe duave,Åkallans och åminnelsens rättslära,Fiq'hi yaDua na Dhikri mbali mbali.,Фиқҳи дуоҳо ва зикрҳо,ความเข้าใจเกี่ยวกับดุอาอ์,دۇئا ۋە زىكىرلەرپىقھىسى,Дуо ва зикрлар фиқҳи,Giáo luật thực hành về việc cầu nguyện và tụng niệm,Agbọye awọn adua ati awọn ir,jurisprudence-of-supplications-and-remembrance-of-allah-en
269,5,الرقائق والمواعظ,Heart-Softeners and Sermons,কোমলতা আনয়ণকারী ও উপদেশাবলী সমৃদ্ধ বিষয়সমূহ,"Dinge, die einem das Herz erweichen und einen ermahnen",Ar-raqayiq wa al-mawa’iz (título de un libro).,Les sensibilités et les sermons (Ar Raqâ'iq wal Mawâ'idh),Ar-Raqāiq dan Nasihat,"ഹൃദയത്തെ നിർമ്മലാക്കുന്ന വചനങ്ങളും, മതപരമായ ഉപദേശനിർദേശങ്ങളും",Conselhos de amolecimento do coração,Смягчение сердец и увещания,உள்ளத்தை உருக்கும் உபதேசங்கள்,Rekaik ve Öğütler,دل کو نرم کرنے والی باتیں اور مواعظ,怜悯和训戒,दिलों को पिघलाने वाली बातें और नसीहतें,Le esortazioni e le ammonizioni,حرف هاى زيبا و موعظه ها,ቀልብን አርጣቢ ምክሮችና ተግሳጾች,İbrətamiz nəsihətlər və moizələr,Poučna kazivanja i savjeti,Kázání a napomínání,Faxakarwa da Wa’azozi,دڵ نەرمکارەکان وئامۆژگارییەکان,Spirituele lessen en preken,زړه نرموونکي بیانونه او نصیحتونه,Atenționări blânde și predici,මාර්ගෝපදේශ හා උපදෙස්,Wacdiga iyo Waanacada,Zbutja e zemrave (er-rakaik) dhe këshillat,Själaföda och påminnelser,Tungo zenye kulainisha moyo na mawaidha,Имониёт ва пандҳо,การใช้คำพูดที่สุภาพและการตักเตือน,ۋەز-نەسىھەتلەر,Латиф сўзлар ва маърузалар,Lời khuyên răn,Awọn ọrọ ti maa n rọ emi ati awọn isiti,heart-softeners-and-sermons-en
270,265,فضل العلم,Excellence of Knowledge,ইলমের ফযীলত,Die besondere Bedeutung des Wissens,La virtud del conocimiento.,Le mérite de la science,Keutamaan Ilmu,വിജ്ഞാനത്തിൻ്റെ ശ്രേഷ്ഠത,Virtudes do conhecimento,Достоинство шариатского знания,அறிவின் மகிமை,İlmin Fazileti,علم کی فضیلت,知识的尊贵,ज्ञान तथा विद्या की फ़ज़ीलत,Il merito della conoscenza,فضل علم,የእውቀት ትሩፋት,Elmin fəziləti,Odlike znanja,Přednosti(užitek) vědění,Falalar Ilimi,فەزڵی زانستی شەرعی,Het belang van kennis,د علم فضیلت,Excelența cunoașterii,ශිල්පය හැදෑරීමේ මහිමය,Fadliga Cilmiga,Vlera e dijes,Kunskapens dygder,Ubora wa Elimu.,Фазли илм,ความประเสริฐของความรู้,ئىلىمنىڭ پەزىلىتى,Илм фазли,Ân phúc của kiến thức,Ọla ti n bẹ fun imọ,excellence-of-knowledge-en
271,265,فضائل التوحيد,Excellence of Monotheism,তাওহীদের ফযীলত,Die besondere Bedeutung des Tauhid - des EIngottglaubens,La virtud de la Unicidad.,Les mérites de l'unicité (Fadhâ'il At Tawhid),Keutamaan Tauhid,ഏകദൈവാരാധനയുടെ ശ്രേഷ്ഠത,Virtudes da Unicidade,Достоинства единобожия,ஏகத்துவத்தின் மகிமைகள்,Tevhidin Faziletleri,توحید کے فضائل,认主独一的尊贵,तौहीद (एकेश्वरवाद) की फ़ज़ीलतें,I meriti della fede nell'unicità di Allah,فضيلت هاى توحيد,የተውሒድ ትሩፋቶች,Tövhidin fəziləti,Odlike tevhida,Přednosti(užitek) Tawhídu,Falalar Tauhidi,فەزڵی تەوحید (یەک خوا پەرستی),De deugden van monotheïsme,د توحید فضیلت,Excelența monoteismului,ඒකීයකරණයේ මහිමයන්,Fadliga Towxiidka,Vlera e teuhidit,Monoteismens dygder,Ubora wa Tauhiid.,Фазоили тавҳид,ความประเสริฐของเตาฮีด,تەۋھىدنىڭ پەزىلىتى,Тавҳид фазли,Ân phúc của thuyết độc thần,Awọn ọla ti n bẹ fun mimu Ọlọhun ni ọkan ṣoṣo,excellence-of-monotheism-en
272,265,فضائل القرآن الكريم,Merits of the Noble Qur'an,আল-কুরআনুল কারীমের ফযীলত,Die besondere Bedeutung des Korans,La virtud del Sagrado Corán.,Les mérites du Noble Coran,Keutamaan Al-Qur'ān Al-Karīm,വിശുദ്ധ ഖുർആനിൻ്റെ ശ്രേഷ്ഠതകൾ,Virtudes do Nobre Qur'an,Достоинства Священного Корана,அல்குர்ஆனிக் சிறப்புகள்,Kur'an-ı Kerim'in Faziletleri,قرآن کریم کے فضائل,《古兰经》的尊贵,पवित्र क़ुरआन की फ़ज़ीलतें,I meriti riguardanti il Nobile Corano,فضيلت هاى قرآن كريم,የተከበረው ቁርአን ትሩፋቶች,Qurani-Kərimin fəziləti,Odlike Kur'ana,Přednosti(užitek) Vznešeného Koránu,Falalar al-qur'ani Maigirma,فەزڵی قورئانی پیرۆز,De deugden van de Heilige Koran,د قرآن کریم فضیلت,Excelența Nobilului Coran,ශුද්ධ වූ අල්කුර්ආනයෙහි මහිමයන්,Fadliga quraanka kariimka ah,Vlera e Kuranit fisnik,Koranens dygder,Ubora wa Qur'an tukufu.,Фазоили Қуръони карим,ความประเสริฐของอัลกุรอาน อัลกะรีม,قۇرئان كىرىمىڭ پەزىلىتى,Қуръони Карим фазли,Ân phúc của Kinh Qur'an,Awọn ọla ti n bẹ fun al-Quraani alapọnle,merits-of-the-noble-qur'an-en
273,265,فضائل بر الوالدين,Merits of Being Dutiful to One's Parents,পিতা-মাতার সাথে সদ্ব্যবহারের ফযীলত,Die besondere Bedeutung die Eltern zu ehren,La virtud del respeto a los padres.,Les mérites de la piété filiale,Keutamaan Berbakti Pada Kedua Orang Tua,മാതാപിതാക്കൾക്ക് നന്മ ചെയ്യുന്നതിൻ്റെ ശ്രേഷ്ഠതകൾ,Virtudes de obediência aos pais,Достоинства почитания родителей,பெற்றோருக்குப் பணிவிடைய செய்வதன் சிறப்பு,Ana-Babaya İyilik Yapmanın Faziletleri,والدین کی فرماں برداری کے فضائل,孝敬父母的尊贵,माता-पिता के साथ अच्छा व्यवहार करने की फ़ज़ीलतें,,فضيلت هاى نيكى با پدر و مادر,ለወላጆች መልካም የመዋል ትሩፋቶች,Valideyinlərə yaxşılıq etməyin fəziləti,Vrijednosti dobročinstva prema roditeljima,Přednosti(užitek) dobrého chování k rodičům,Falalar bin Iyaye,فەزڵی چاکەکاری بەرامبەر دایک وباوک,De deugden van het gehoorzamen van ouders,د مور او پلار سره د نیکۍ کولو فضیلتونه,Meritele ascultării părinților,දෙමාපියන්ට ඇප උපස්ථාන කිරීමේ මහිමයන්,Fadliga labada waalid oo loo baari noqdo,,Dygden av att vara god mot föräldrarna,Ubora wa:Kuwatendea Wema wazazi wawili:,,ความประเสริฐของการทำดีต่อพ่อแม่,ئاتا-ئاىغا ياخشىلىق قىلىشنىڭ پەزىلىتى,,Ân phúc của việc hiếu thảo với cha mẹ,Awọn ọla ti n bẹ fun ṣiṣe daadaa si awọn obi mejeeji,merits-of-being-dutiful-to-one's-parents-en
274,265,فضائل صلة الأرحام,Merits of Maintaining Kinship Ties,আত্মীয়তার সম্পর্ক রক্ষা করার ফযীলত,"Die besondere Bedeutung darin, die Beziehungen zu den Verwandten zu pflegen",La virtud de visitar a los parientes.,Des mérites d'entretenir les liens de parenté,Keutamaan Silaturahmi,കുടുംബബന്ധം ചേർക്കുന്നതിൻ്റെ ശ്രേഷ്ഠതകൾ,Virtudes de relação de parentesco,Достоинства поддержания родственных уз,குடும்ப உறவைச் சேர்ந்து நடப்பதன் சிறப்பு,Akrabalık İlişkilerinin Faziletleri,صلہ رحمی کے فضائل,接续骨肉的尊贵,रिश्तों-नातों को निभाने की फ़ज़ीलतें,I meriti del mantenimento dei legami familiari,فضيلت هاى صله رحم,ዝምድናን የመቀጠል ትሩፋቶች,Qohumluq əlaqələrinin birləşdirməyin fəziləti,Vrijednost održavanja rodbinskih veza,Přednosti(užitek) udržování rodinných vztahů,Falalar Sadar da zumunci,فەزڵی گەیاندنی پەیوەندی خزمایەتی,De deugden van het onderhouden van familiebanden,د صله رحمۍ فضیلت,Meritele păstrării relației cu rudele de sânge,ඥාතී සබඳකම් පැවත්වීමේ මහිමයන්,Fadliga Qaraabo xiriirinta,Vlera mbajtjes së lidhjeve farefisnore,Dygden av att upprätthålla släktbanden,Ubora wa kuunga udugu.,Фазоили силаи раҳм,ความประเสริฐของการเชื่องสัมพันธ์ทางเครือญาติ,ئۇرۇق-تۇغقانلارغا ياخشىلىق قىلىشنىڭ پەزىلىتى,Силаи раҳм фазли,Ân phúc của việc hàn gắn dòng tộc,Awọn ọla ti n bẹ fun dida ebi pọ,merits-of-maintaining-kinship-ties-en
275,265,فضائل آل البيت رضي الله عنهم,Merits of Prophet's Family,নবী পরিবার/আহলে বাইত-রাদিয়াল্লাহু আনহুম-এর ফযীলত,Merits of Prophet's Family,"Las virtudes de Ahlu al-Bait, que Al-lah esté con ellos.",Des mérites de la famille du Prophète (qu'Allah les agrée),Keutamaan Ahlul Bait -raḍiyallāhu 'anhum-,,Virtudes de familiares do Profeta,Достоинства членов семьи Пророка ﷺ,,Ehl-i Beyt'in -radıyallahu anhum- Faziletleri,اہل بیت رضی اللہ عنہم کے فضائل,圣眷-愿主喜悦之-的尊贵,आल-ए-बैत रज़ियल्लाहु अनहुम की फ़ज़ीलतें,,فضيلت هاى آل بيت رضى الله عنهم,,,Odlike Poslanikove porodice,,Falalar Ahlulbaiti -Allah ya yarda da su-,فەزڵی ئەهلی بەیت (بنەماڵە وخێزانەکانی پێغەمبەر ﷺ) -ڕەزای خوایان لێبێت-,,,,නබි තුමාගේ පෙළපත හා බැඳුණු මහිමයන් (අල්ලාහ්ගේ තෘප්තිය ඔවුනට අත් වේවා),,,,Ubora wa watu wa nyumba ya mtume Radhi za Allah ziwe juu yao.,,,,,Ân phúc của gia quyến Thiên Sứ - cầu xin Allah hài lòng về họ -,,merits-of-prophet's-family-en
276,265,فضائل الصحابة رضي الله عنهم,Merits of the Companions,সাহাবীগণের ফযীলত,Die besondere Bedeutung der Sahaba - der Gefährten des Propheten,"Las virtudes de los sahabas, que Al-lah esté complacido de ellos.",Des mérites des compagnons (qu'Allah les agrée),Keutamaan Sahabat -raḍyallāhu 'anhum-,സ്വഹാബികളുടെ ശ്രേഷ്ഠതകൾ,A virtude dos companheiros do Profeta,Достоинства сподвижников Пророка ﷺ,நபித்தோழர்களின் சிறப்புகள்,Sahabenin -radıyallahu anhum- Faziletleri,صحابہ رضی اللہ عنہم کے فضائل,圣门弟子-愿主喜悦之-的尊贵,सहाबा रज़ियल्लाहु अनहुम की फ़ज़ीलतें,,فضيلت هاى صحابه رضى الله عنهم,የሶሐቦች (ረዺየሏሁ ዐንሁም) - አላህ መልካም ሥራቸውን ይውደድላቸውና ትሩፋቶች,Səhabələrin (Allah onlardan razı olsun) fəziləti,Vrijednost ashaba,Přednosti Sahába (druhů Proroka),Falalar Sahabbai -Allah yayarda da su-,فەزڵی هاوەڵان -ڕەزای خوایان لێبێت-,De deugden van metgezellen van de profeet (vrede zij met hen),د صحابه کرامو - رضي الله عنهم - فضیلتونه,Meritele Companionilor Profetului,සහගාමී මිතුරන්ගේ මහිමයන් (අල්ලාහ් ඔවුන් පිළිබඳ තෘප්තියට පත් විය),Faliga Saxaabada Allaha ka raali noqdee,Vlerat e sahabëve (Allahu qoftë i kënaqur me ta),Följeslagarnas dygder,Ubora wa Maswahaba Radhi za Mwenyezi Mungu ziwe juu yao.,Фазоили саҳоба (Худованд аз онҳо розӣ бод),ความประเสริฐของบรรดาเศาะฮาบะฮ์ เราะดิยัลลอฮุอันฮุม,ساھابىلارنىڭ پەزىلىتى,Саҳобалар фазли,Ân phúc của Sahabah - cầu xin Allah hài lòng về họ -,Awọn ọla ti n bẹ fun awọn saabe - ki Ọlọhun yọnu si wọn,merits-of-the-companions-en
277,265,فضائل الأعمال الصالحة,Merits of Good Deeds,সৎকাজের ফযীলত,Die besondere Bedeutung guter Taten,Las virtudes de las buenas acciones.,Des mérites des œuvres pieuses,Keutamaan Amal Saleh,സൽക്കർമ്മങ്ങളുടെ ശ്രേഷ്ഠതകൾ,Virtudes das ações virtuosas,Достоинства добрых деяний,நல்லமல்களின் சிறப்புகள்,Salih Amellerin Faziletleri,نیک اعمال کے فضائل,廉洁工作的尊贵,सुकर्मों की फ़ज़ीलतें,I meriti delle buone opere,فضيلت هاى نيكوكارى,የመልካም ስራዎች ትሩፋቶች,Saleh əməllərin fəziləti,Vrijednost dobrih djela,Přednosti(užitek) dobrých skutků,Falalar Ayyuka na qwarai,فەزڵی کردەوە چاکەکان,De deugden van goede daden,د نیکو عملونو فضیلونه,Meritele faptelor bune,යහපත් ක්රියාවන් හා බැඳුණු මහිමයන්,Fadliga Camalka Saalixa ah,Vlera e punëve të mira,Dygden av att utföra goda handlingar,Ubora na fadhila za matendo mema.,Фазоили амалҳои нек,ความประเสริฐของการงานที่ดี,ياخشى ئەمەللەرنىڭ پەزىلىتى,Солих амаллар фазли,Ân phúc của việc hành thiện,Awọn ọla ti n bẹ fun awọn iṣẹ rere,merits-of-good-deeds-en
278,265,فضائل الذكر,Merits of Remembering Allah,যিকিরের ফযীলত,Die besondere Bedeutung Allah zu gedenken,La virtud de la invocación.,Des mérites du rappel (Fadhâ'il Ad Dhikr),Keutamaan Zikir,അല്ലാഹുവിനെ സ്മരിക്കുന്നതിൻ്റെ ശ്രേഷ്ഠത,Virtudes de recordação à ALLAH,Достоинства поминания Аллаха,திக்ரின் சிறப்புகள்,Zikrin Faziletleri,ذکر کے فضیلت,念颂真主的尊贵,ज़िक्र की फ़ज़ीलतें,I meriti della menzione di Allah,فضيلت هاى ذكر,የዚክር ትሩፋቶች,Zikrin fəzilətləri,Vrijednost zikra,Přednosti(užitek) Dhikru,Falalar Zikiri,فەزڵی زیکر کردن,De deugden van het gedenken van Allah,د ذکر فضیلت,Meritele pomenirii lui Allah,(දික්ර්) තෙපලීම් හා බැඳුණු මහිමයන්,Fadliga Dikriga,Vlera e dhikrit,Dygden av att minnas Allah,Fadhila za Adh-kaar.,Фазоили зикр,ความประเสริฐของการรำลึกถึงอัลลอฮฺ,زىكىرنىڭ پەزىلىتى,Зикр фазли,Ân phúc của việc tụng niệm,Awọn ọla ti n bẹ fun iranti,merits-of-remembering-allah-en
279,265,فضل الدعاء,Merits of Supplication,দো‘আর ফযীলত,Die besondere Bedeutung von Bittgebeten,La virtud del du’a (súplica).,Des mérites de l'invocation (Fadhâ'il Ad Du'â'),Keutamaan Doa,പ്രാർത്ഥനയുടെ മഹത്വം,Virtudes da prece,Достоинство обращения к Аллаху с мольбами,பிரார்த்தனையின் சிறப்புகள்,Duanın Fazileti,دعا کی فضیلت,祈祷的尊贵,दुआ की फ़ज़ीलतें,Il merito dell'invocazione,فضيلت دعا,የዱዓእ ትሩፋቶች,Duanın fəziləti,Vrijednost dove,Přednosti(užitek) proseb(Dua),Falalar Addu'a,فەزڵی نزا کردن,De verdiensten van smeekbeden,د دعا فضیلت,Meritele rugilor,(දුආ) ප්රාර්ථනාව හා බැඳුණු මහිමයන්,Faliga Ducada,Vlera e duasë,Dygden av att åkalla Allah,Fadhila za Dua.,Фазилати дуо,ความประเสริฐของการขอดุอาอฺ,دۇئانىڭ پەزىلىتى,Дуо фазли,Ân phúc của việc cầu nguyện,Ọla ti nbẹ fún adua,merits-of-supplication-en
280,265,فضائل أعمال القلوب,Merits of Heart Acts,অন্তরের আমলের ফযীলত,Die besondere Bedeutung der Taten mit dem Herz,La virtud de las obras del corazón.,Des mérites des oeuvres du coeur,Keutamaan Amalan Hati,ഹൃദയത്തിലെ പ്രവർത്തനങ്ങളുടെ ശ്രേഷ്ഠതകൾ,Virtudes de ações do coração,Достоинства деяний сердца,உள செயற்பாடுகளின் சிறப்புகள்,Kalp Amellerinin Faziletleri,قلبی اعمال کے فضائل,内心功课的尊贵,दिल से संबंधित कर्मों की फ़ज़ीलतें,I meriti delle opere del cuore,فضيلت هاى اعمال قلبى,የቀልብ ተግባራት ትሩፋቶች,Qəlb əməllərinin fəzilətləri,Vrijednost srčanih djela,Přednosti(užitek) činů srdce(duševních),Falalar Ayyukan Zukata,فەزڵی کردەوەکانی دڵ,De deugden van de handelingen van het hart,د زړونو د أعمالو فضیلت,Meritele acțiunilor inimii,සිත හා බැඳුණු ක්රියාවන්හි මහිමයන්,Fadliga camalka Qalbiga,Vlera e veprave të zemrës,Dygden av hjärtats handlingar,Fadhila za matendo ya moyoni.,Фазоили амалҳои дил,ความประเสริฐของการงานของหัวใจ,قەلىب ئەمەللىرىنىڭ پەزىلىتى,Қалб амларри фазли,Ân phúc hành động của nội tâm,Awọn ọla ti n bẹ fun awọn iṣẹ awọn ọkan,merits-of-heart-acts-en
281,265,فضائل أعمال الجوارح,Merits of Organs' Acts,অঙ্গ-প্রত্যঙ্গের আমলের ফযীলত,Die besondere Bedeutung der körperlichen Taten,La virtud de las obras del cuerpo.,Des mérites des oeuvres des membres,Keutamaan Amalan Anggota Badan,ശരീരായവങ്ങൾ കൊണ്ടുള്ള പ്രവർത്തനങ്ങളുടെ ശ്രേഷ്ഠതകൾ,Virtudes de ações do coração,Достоинства деяний частей тела,உடல் செயற்பாடுகளின் சிறப்புகள்,Azalarla Yapılan Amellerin Faziletleri,اعضاء کے اعمال کے فضائل,身体功课的尊贵,शरीर के विभिन्न अंगों से होने वाले कर्मों से फ़ज़ीलत,I meriti delle opere fisiche,فضيلت هاى اعمال ظاهرى,የአካል ተግባራት ትሩፋቶች,Əzalarla edilən əməllərin fəziləti,Vrijednost djela koja se čine udovima,Přednosti(užitek) fyzických činů,Falalar Ayyukan Gavvai,فەزڵی کردەوەکانی لاشە (کردەوەکانی ئەندامەکان),De deugden van fysieke daden,په اندامونو د عملونو فضیلت,Meritele acțiunilor trupului,කය හා බැඳුණු ක්රියාවන්හි මහිමයන්,Fadliga Camalka Xubnaha,Vlera e veprave të gjymtyrëve,Dygden av kroppens handlingar,fadila za matendo ya viungo.,Фазоили амалҳои зоҳирӣ,ความประเสริฐของการงานของอวัยวะ,بەدەن ئەمەللىرىنىڭ پەزىلىتى,Тана билан бажарилган амаллар фазли,Ân phúc hành động của thể xác,Awọn ọla ti n bẹ fun awọn iṣẹ awọn orikerike ara,merits-of-organs'-acts-en
282,266,الأخلاق الحميدة,Praiseworthy Morals,প্রশংসিত চরিত্রসমূহ,Gute Charaktereigenschaften,Los comportamiento loables.,Les caractères louables,Akhlak Terpuji,സ്തുത്യർഹമായ സ്വഭാവഗുണങ്ങൾ,Comportamentos súblimes,Похвальные морально-нравственные качества,நற்குணங்கள்,Övülen Ahlak,اخلاقِ حمیدہ/ اچھے اخلاق,美德,सरहनायोग्य आचरण,Le lodevoli maniere,اخلاق پسندیده,ምስጉን ስነ-ምግባር,Gözəl əxlaq,Pohvalne vrline,Dobré mravy,Kyawawan Halaye,ڕەوشتە جوانەکان,Goede morele eigenschappen,ستایل شوي أخلاق,Calități morale alese,ප්රශංසනීය සාරධර්ම,Akhlaaqda wanaagsan,Virtytet e larta,Prisvärda egenskaper,Tabia njema.,Ахлоқи писандида,มารยาทดีงามที่น่าชื่นชม,گۈزەل ئەخلاقلار,Мақталаган ахлоқлар,Các đức tính đáng khen,Awọn iwa ẹyin,praiseworthy-morals-en
283,266,الأخلاق الذميمة,Blameworthy Morals,নিন্দনীয় স্বভাবসমূহ,Schlechte Charaktereigenschaften,Los comportamiento reprobables.,Les caractères blâmables,Akhlak Tercela,ആക്ഷേപകരമായ സ്വഭാവഗുണങ്ങൾ,Comportamentos condaveis,Порицаемые морально-нравственные качества,தீய குணங்கள்,Yerilen Ahlak,اخلاق ذمیمہ/ برے اخلاق,道德败坏,कुत्सित आचरण,Le deplorevoli maniere,اخلاق ناپسندیده,ውግዝ ስነ-ምግባር,Pis əxlaq,Pokuđene osobine,Špatné mravy,Munanan Halaye,ڕەوشتە ناشیرینەکان,Slechte morele eigenschappen,ناوړه أخلاق,Atribute morale condamnate,අපහාසාත්මක සාරධර්ම,Akhlaaqda xun,Vetitë e këqija,Klandervärda egenskaper,Tabia mbovu.,Ахлоқи нописанд,มารยาทที่น่าตำหนิ,ناچار ئەخلاقلار,Ёқимсиз ахлоқлар,Những bản tính đáng trách,Awọn iwa eebu,blameworthy-morals-en
284,267,آداب العالم والمتعلم,Manners of Scholars and Learners,জ্ঞানী ও জ্ঞান অন্বেষণকারীর আদব,Wie man sich als Gelehrten oder Studenten verhalten sollte,Lass etiquetas del conocimiento y la enseñanza.,La bienséance du savant et de l'étudiant,Adab Orang Berilmu dan Penuntut Ilmu,പണ്ഡിതൻ്റെയും വിദ്യാർത്ഥിയുടെയും മര്യാദകൾ,Etiquetas do sábio e do estudante,Этикет учителя и ученика,ஆசிரியர் மற்றும் மாணவருக்கான ஒழுக்கங்கள்,Âlim ve Öğrenci Adabı,عالم اور متعلم کے آداب,老师和学生的礼节,विद्यावान तथा विद्यार्थी के आदाब,L'etichetta dell'erudito e del discepolo,آداب استاد و شاگرد,የዓሊምና የተማሪ ስነ-ስርዓት,Elm öyrənənin və öyrədənin ədəbləri,Pravila ponašanja učenjaka i učenika,Správné chování učence a žáka,Ladaban Malami da Xalibi,ئادابەکانی وڕەوشتی زانا وفێرخواز,Etiquette van de geleerde en de leerling,د عالم او متعلم ادبونه,Manierele celor învățați și ale studenților lor,ගුරු ශිෂ්ය ආචාර ධර්ම,Aadaabta Caalimka iyo Arday,Regullat që kanë të bëjnë me mësuesin dhe nxënësin,Den lärdes och studentens uppförande,Adabu za mjuzi na mwenyekujifunza.,,มารยาทของผู้รู้และผู้ศึกษาหาความรู้,ئوقۇتقۇچى ۋە ئوقۇغۇچىلارنىڭ ئەخلاقى,Олим ва мутааллим одоблари,Lễ nghĩa của thầy và trò,Awọn ẹkọ olumọ ati akẹkọ,manners-of-scholars-and-learners-en
285,267,آداب تلاوة القرآن الكريم,Etiquettes of Reciting the Noble Qur’an,আল-কুরআনুল কারীম তিলাওয়াতের আদব,"Wie man sich verhalten sollte, wenn man den Koran rezitiert",Las etiquetas de la recitación del Sagrado Corán.,La bienséance dans la récitation du Noble Coran,Adab Membaca Al-Qur`an Al-Karim,ഖുർആൻ പാരായണത്തിൻ്റെ മര്യാദകൾ,Etiquetas de recitação do Qur'an,Этикет чтения Священного Корана,அல்குர்ஆன் ஓதுவதன் சிறப்புகள்,Kur'an-ı Kerim Okuma Adabı,قرآن کریم کی تلاوت کے آداب,诵读尊贵《古兰经》的礼节,पवित्र क़ुरआन की तिलावत के आदाब,L'etichetta della recitazione del Nobile Corano,آداب تلاوت قرآن كريم,የተከበረው ቁርአንን የማንበብ ስነ-ስርዓት,Qurani-Kərim oxuyanın ədəbləri,Pravila ponašanja prilikom učenja Kur'ana,Správné chování při recitaci Vznešeného Koránu,Ladaban Karatun Al-qur'ani,ئادابەکانی خوێندنی قورئانی پیرۆز,Etiquette van het reciteren van de Heilige Koran,د قرآن کریم د تلاوت ادبونه,Manierele recitării Coranului,ශුද්ධ වූ අල්කුර්ආන් පාරායනය කිරීමේ ආචාරධර්ම,Aadaabta akhrinta Quraanka Kariimka,Rregullat e leximit të Kuranit fisnik,Att tänka på vid läsning av Koranen,Adabu za usomaji wa Qur'an.,Одоби тиловати Қуръони карим,มารยาทในการอ่านกุรอาน,قۇرئان كىرىم ئوقۇشنىڭ ئەخلاقى,Қуръони Карим тиловатидаги одоблар,Lễ nghĩa xướng đọc Kinh Qur'an,Awọn ẹkọ kika al-Quraani alapọnle,etiquettes-of-reciting-the-noble-qur’an-en
286,267,آداب السلام والاستئذان,Manners of Greeting and Seeking Permission,সালাম ও অনুমতি প্রার্থনার আদব,"Wie man sich verhalten sollte, wenn man jemanden grüßt oder um Einlass bittet",Las etiquetas del saludo y el solicitar permiso.,La bienséance quand on salue et quand on demande la permission d'entrer,Adab Salam dan Meminta Izin,സലാം പറയുന്നതിൻ്റെയും വീട്ടിലേക്ക് പ്രവേശിക്കാൻ അനുവാദം ചോദിക്കുന്നതിൻ്റെയും മര്യാദകൾ,Etiquetas de cumprimento e pedido de permissão,Этикет приветствия и разрешения войти,ஸலாம் கூறி அனுமதி பெறுவதன் ஒழுங்குகள்,Selam Verme ve İzin İsteme Adabı,سلام کرنے اور اجازت چاہنے کے آداب,问候和请求许可的礼节,सलाम करने तथा प्रवेश की अनुमति लेने के आदाब,L'etichetta del saluto e della richiesta di permesso,آداب سلام كردن و اجازه گرفتن,የሰላምታና የማስፈቀድ ስነ-ስርዓት,Salam və icazə istəmə ədəbləri,Pravila ponašanja prilikom nazivanja selama i traženja dozvole za ulazak,Správné chování při pozdravu a dovolování se vstupu,Ladaban Sallama da Neman izini,ئادابەکانی سەلام کردن ومۆڵەت وەرگرتن,Etiquette van begroeting en toestemming,د سلام او اجازې غوښتلو ادبونه,Manierele salutului și cererii permisiunii,සලාම් පැවසීමේ හා අවසර පැතීමේ ආචාරධර්ම,Aadaabta Salaanta iyo idan qaadashada,Rregullat e selamit dhe kërkimit të lejes,Att tänka på vid fredshälsning och att söka tillåtelse,Adabu za kuto asalamu na kubisha Hodi.,Одоби салом ва иҷозат гирифтан,มารยาทในการให้สลามและการขออนุญาติ,سالام بېرىش ۋە ئىزنە سوراشنىڭ ئەخلاقى,Салом бериш ва изн сўраш одоблари,Lễ nghĩa chào Salam và xin phép,Awọn ẹkọ salamọ ati gbigba iyọnda,manners-of-greeting-and-seeking-permission-en
287,267,آداب الكلام والصمت,Manners of Speaking and Keeping Silent,কথা বলা ও চুপ থাকার আদব,Wie und wann man sprechen und schweigen sollte,"Las etiquetas a la hora de hablar, y a la hora de quedarse en silencio.",La bienséance quand on parle et quand on se tait,Adab Berbicara dan Diam,സംസാരത്തിൻ്റെയും നിശബ്ദതയുടെയും മര്യാദകൾ,Etiquetas da fala e do silêncio,Этикет речи и молчания,"பேசுதல், அமைதிகாத்தல் என்பவற்றின் ஒழுங்குகள்",Konuşma ve Susma Adabı,گفتگو اور خاموشی کے آداب,说话和沉默的礼节,बात करने तथा चुप रहने के आदाब,L'etichetta del parlare e del tacere,آداب صحبت كردن و سكوت كردن,የመናገርና የዝምታ ስነ-ስርዓት,Danışma və susma ədəbləri,Pravila ponašanja prlikom govora i šutnje,Správné chování při mluvení i mlčení,Ladaban Magana da kuma shiru,ئادابەکانی قسەکردن وبێدەنگ بوون,Etiquette van spreken en zwijgen,د خبرو کولو او چپ پاتې کیدلو ادبونه,Manierele vorbirii și păstrării tăcerii,කතා කිරීමේ හා නිහඬවීමේ ආචාරධර්ම,Aadaabta Hadalka iyo Aamuska,Rregullat e të folurit dhe të heshtjes,Att tänka på vid tal och tystnad,Adabu ya mazungumzo na kunyamaza.,Одоби сухан ва хомушӣ,มารยาทในการพูดและการนิ่งเงียบ,سۆز قىلىش ۋە سۈكۈت قىلىشنىڭ ئەخلاقى,Сўзлаш ва сукут сақлаш одоблари,Lễ nghĩa nói năng và im lặng,Awọn ẹkọ ọrọ sísọ ati didakẹ,manners-of-speaking-and-keeping-silent-en
288,267,آداب الخلاف,Manners of Divergence,ভিন্নমত পোষণ করার আদব,Manners of Divergence,Las etiquetas en los desacuerdo.,La bienséance quand on diverge,Adab Berbeda Pendapat,,Etiquetas da discordância,Этикет расхождения и разногласий,,İhtilaf Adabı,اختلاف رائے کے آداب,分歧的礼节,विरोध करने के आदाब,,آداب اختلاف,,,Pravila ponašanja u razilaženju,,Ladaban Savani,ئادابەکانی ناکۆکی وجیاوازی بوون,,,,මතභේදයේ ආචාරධර්ම,,,,,,,ئىختىلاپنىڭ ئەخلاقى,,,,manners-of-divergence-en
289,267,آداب المناظرة,Manners of Debate,,Manners of Debate,Las etiquetas en la confrontación.,La bienséance quand on débat,Adab Berdebat,,Etiquetas do debate,Этикет полемики и дискуссии,,Manners of Debate,مناظرہ کے آداب,竞争的礼节,मुनाज़रा (मज़हबी बहस) के आदाब,,آداب مناظره,,,Pravila ponašanja tokom diskusije,,Ladaban Jayayya,ئادابەکانی گفتوگۆکردن (دیبەیتکردن),,,,,,,,,,,,,,,manners-of-debate-en
290,267,آداب الأكل والشرب,Manners of Eating and Drinking,খাওয়া ও পান করার আদব,Wie man sich beim Essen und Trinken verhalten sollte,Las etiquetas ante los alimentos y las bebidas.,La bienséance quand on mange et quand on boit,Adab Makan dan Minum,ഭക്ഷണം കഴിക്കുന്നതിൻ്റെയും പാനീയങ്ങൾ കുടിക്കുന്നതിൻ്റെയും മര്യാദകൾ,Etiquetas de comer e beber,Этикет принятия пищи и питья,"உண்ணல், குடித்தலின் ஒழுங்குகள்",Yeme ve İçme Adabı,کھانے پینے کے آداب,吃喝的礼节,खाने-पीने के आदाब,L'etichetta del mangiare e del bere,آداب خوردن و نوشيدن,የመብላትና የመጠጣት ስነ-ስርዓት,Yemək və içmək ədəbləri,Pravila ponašanja tokom konzumiranja hrane i pića,Správné chování při jídle a pití,Ladaban cin Abinci da Shan Abun Sha,ئادابەکانی خواردن وخواردنەوە,Etiquette van eten en drinken,د خوراک او څښاک ادبونه,Manierele la mâncare și băutură,ආහාරපාන ගැනීමේදී පිළිපැදිය යුතු ආචාරධර්ම,Aadaabta Cunida iyo Cabida,Rregullat e ngrënies dhe pirjes,Att tänka på vid mat och dryck,Adabu ya kula na kunywa.,Одоби хурдану нушидан,มารยาทในการกินและการดื่ม,يىمەك-ئىچمەك ئەخلاقى,Ейиш ва ичиш одоблари,Phép lịch sự trong ăn uống,Awọn ẹkọ jijẹ ati mimu,manners-of-eating-and-drinking-en
291,267,آداب الطريق والسوق,Manners of the Road and the Market,রাস্তা ও বাজারের আদব,Manners of the Road and the Market,Las etiquetas de los caminos y de los mercados.,La bienséance sur la route et au marché,Adab di Jalan dan Pasar,,Etiquetas da estrada e do mercado,Этикет поведения на дорогах и рынках,,Yol ve Çarşı Adabı,راستے اور بازار کے آداب,道路和市场的礼节,राह चलने तथा बाज़ार जाने के आदाब,,آداب عبور و مرور و بازار,,,Pravila ponašanja na putu i na trgovima,,Ladaban Hanya da kuma Kasuwa,ئادابەکانی ڕێگاوبان وبازاڕ,,,,මඟතොට හා වෙළඳපොළෙහි පිළිපැදිය යුතු ආචාරධර්ම,,,,,,,,,,,manners-of-the-road-and-the-market-en
292,267,آداب وأحكام السفر,Manners and Rulings of Travel,সফরের আদব ও বিধানাবলি,Wie man sich auf Reisen verhalten sollte,Las etiquetas y normas del viaje.,La bienséance et les règles à respecter quand on voyage,Adab dan Hukum Safar,യാത്രയുടെ മര്യാദകളും വിധിവിലക്കുകളും,Etiquetas e regras de viagem,Этикет нахождения в пути и связанные с этим законоположения,பிரயாணத்தின் ஒழுங்குகளும் சட்டங்களும்,Yolculuk Adabı ve Hükümleri,سفر کے آداب اور احکام,旅行的礼节和律例,यात्रा के आदाब तथा अहकाम,,آداب و احكام سفر,የጉዞ ህግጋትና ስነ-ስርዓት,Ədəblər və səfər əhkamları,Pravila i propisi tokom putovanja,Správné chování a pravidla týkající se cestování,Ladabai da Hukunce Hukuncen Tafiya,ئادابەکانی وحوکمەکانی سەفەر کردن,Etiquette en regels van reizen,د سفر حکمونه او ادبونه,Manierele și reglementările specifice călătoriei,ගමන්බිමන් හි නීති හා ආචාරධර්ම,Aadaabta iyo Axkaanta Safarka,Rregullat dhe normat e udhëtimit,Uppföranden och bestämmelser om resor,Adabu na Hukumu za Safari.,,มารยาทและบทบัญญัติการเดินทาง,سەپەر قىلىش ئەخلاقى ۋە ھۆكۈملىرى,Сафарнинг одоб ва аҳкомлари,Lễ nghĩa và giáo luật về việc đi đường xa,Awọn ẹkọ ati awọn idajọ irin ajo,manners-and-rulings-of-travel-en
293,267,آداب النوم والاستيقاظ,Manners of Sleeping and Waking Up,ঘুম ও জাগ্রত হওয়ার আদব,Das Benehmen wenn man sich zum Schlafen legt und wenn man aufsteht,Las etiquetas del despertar y el dormir.,La bienséance quand on dort et quand on se réveille,Adab Tidur dan Bangun Tidur,ഉറക്കത്തിൻ്റെയും ഉണർച്ചയുടെയും വേളയിൽ പാലിക്കേണ്ട മര്യാദകൾ,Etiquetas da dormida e do acordar,Этикет отхода ко сну и пробуждения,தூக்கம் மற்றும் விழித்தலின் ஒழுங்குகள்,Uyku ve Uyanma Adabı,سونے اور بیدار ہونے کے آداب,睡觉和醒来的礼节,सोने तथा जागने के आदाब,L'etichetta del sonno e del risveglio,آداب خوابيدن و بيدار شدن,የእንቅልፍና የመንቃት ስነ-ስርዓት,Yatmaq və oyanmaq ədəbləri,Pravila ponašanja vezana za spavanje i buđenje,Správné chování při usínání a probouzení,Ladaban bacci da kuma tashi daga Bacci,ئادابەکانی خەوتن وهەستان لە خەو,Etiquette van slapen en ontwaken,د خوب او له خوب څخه د راپاڅیدلو ادبونه,Manierele legate de somn și trezire,නිදා ගැනීම හා අවද වීම හා බැඳුණු ආචාරධර්ම,Aadaabta Hurdada iyo soo kicida,Rregullat që kanë të bëjnë me gjumin,Att tänka på vid sömn och vaknande,Adabu ya kulala na Kuamka.,Одоби хоб ва бедор шудан,มารยาทในการนอนและตื่น,ئۇخلاش ۋە ئويغۇنۇش ئەخلاقى,Ухлаш ва уйғош одоблари,Lễ nghĩa khi ngủ và thức dậy,Awọn ẹkọ orun sisun ati jiji,manners-of-sleeping-and-waking-up-en
294,267,آداب الرؤيا,Manners of Visions,স্বপ্নের আদব,Manners of Visions,Las etiquetas de los sueños.,La bienséance quand on a fait un rêve,Adab Bermimpi,സ്വപ്നവുമായി ബന്ധപ്പെട്ട മര്യാദകൾ,Etiquetas do sonho,Этикет сновидений,கனவின் ஒழுங்குகள்,Rüya Adabı,خواب کے آداب,真梦的礼节,स्वप्न से संबंधित आदाब,,آداب ديدن خواب,የህልም ስነ-ስርዓት,,Pravila vezana za snoviđenje,,Ladaban Mafarki,ئادابەکانی خەو بینین,Etiquette van dromen,د خوب لیدلو ادبونه,Maniere legate de vise,හීන හා බැඳුණු ආචාරධර්ම,,,Att tänka på vid drömmar,Adabu ya kuona Ndoto,,มารยาทในการฝัน,چۈش كۆرۈش ئەخلاقى,,Lễ nghĩa khi nằm mộng,Awọn ẹkọ ala,manners-of-visions-en
295,267,آداب الزيارة والاستئذان,Manners of Visiting and Seeking Permission,যিয়ারত ও অনুমতি প্রার্থনার আদব,"Wie man sich verhalten sollte, wenn man jemanden besucht oder um Einlaß bittet",Las etiquetas de las visitas y el solicitar permiso.,La bienséance quand on rend visite et quand on demande la permission d'entrer,Adab Berkunjung dan Meminta Izin,സന്ദർശനത്തിൻ്റെയും വീട്ടിലേക്ക് പ്രവേശിക്കാൻ അനുവാദം ചോദിക്കുന്നതിൻ്റെയും മര്യാദകൾ,Etiquetas de visita e pedido de permissão,Этикет посещения и испрашивания разрешения,ஸலாம் கூறி அனுமதி பெறுவதன் ஒழுங்குகள்,Ziyaret ve İzin İsteme Adabı,ملاقات کرنے اور اجازت چاہنے کے آداب,访问和请求允许的礼节,ज़ियारत तथा प्रवेश की अनुमति लेने के आदाब,L'etichetta della visita e della richiesta di permesso,آداب ديدن كردن و اجازه گرفتن,የመዘየርና የማስፈቀድ ስነ-ስርዓት,Ziyarət və icazə istəmə ədəbləri,Pravila ponašanja prilikom posjete i traženja dozvole za ulazak,Správné chování při návštěvách a dovolování se vstupu,Ladaban Ziyara da neman Izini,ئادابەکانی سەردانیکردن ومۆڵەت وەرگرتن,Etiquette van bezoek en toestemming vragen,د ملاقات او اجازې غوښتلو ادبونه,Manierele vizitelor și ale cererii permisiunii,බැහැදැකීම හා අවසර ලබා ගැනීමේ ආචාරධර්ම,Aadaabta Booqashada iyo idin qaadashada,Rregullat e vizitave dhe kërkimit të lejes,Att tänka på vid besök och vid att söka tillåtelse,Adabu za Ziara kuto asalamu na kubisha Hodi.,Одоби дидор ва иҷозат гирифтан,มารยาทในการให้สลามและการขออนุญาติ,زىيارەت قىلىش ۋە ئىزنە سوراش ئەخلاقى,Зиёрат ва изн сўраш одоблари,Lễ nghĩa thăm viếng và xin phép,Awọn ẹkọ abẹwo ati igba iyonda,manners-of-visiting-and-seeking-permission-en
296,267,آداب العطاس والتثاؤب,Manners of Sneezing and Yawning,হাঁচি ও হাই তোলার আদব,Wie man sich verhalten sollte wenn jemand nießt oder gähnt,Las etiquetas en los estornudos y los bostezos.,La bienséance quand on éternue et quand on baille,Adab Bersin dan Menguap,തുമ്മുമ്പോഴും കോട്ടുവായ ഇടുമ്പോഴും പാലിക്കേണ്ട മര്യാദകൾ,Etiquetas ao aspirar e bocejar,Этикет чихания и зевания,தும்மல் மற்றும் கொட்டாவியின் ஒழுங்குகள்,Hapşırma ve Esneme Adabı,چھینک اور جمائی لینے کے آداب,打喷嚏和打哈欠的礼节,छींकने तथा उबासी के आदाब,L'etichetta dello starnuto e dello sbadiglio,آداب عطسه كردن و خميازه كشيدن,የማስነጠስና የማዛጋት ስነ-ስርዓት,Asqırma və əsnəmə ədəbləri,Pravila vezana za kihanje i zijevanje,Správné chování při kýchaní a zívání,Ladaban Atishawa da Hamma,ئادابەکانی پژمین وباوێشکدان,Etiquette van niezen en geeuwen,د پرنجي او خوله وازي ادبونه,Manierele pentru strănut și căscat,කිවිසුම හා ඈනුම් ඇරීමේ ආචාරධර්ම,Aadaabta Hindhisada iyo Halaaqoodka,Rregullat që kanë të bëjnë me teshtitjen dhe hapjen e gojës,Etikett vid nysning,Adabu ya kupiga Chafya na Miayo.,Одоби атса ва хамёза,มารยาทในการจามและหาว,چۈشكۈرۈش ۋە ئەسنەش ئەخلاقى,Акси бериш ва тасоуб одоблари,Lễ nghĩa hắt hơi và ngáp,Awọn ẹkọ sinsin ati yiyan,manners-of-sneezing-and-yawning-en
297,267,آداب عيادة المريض,Manners of Visiting the Sick,রোগী দেখার আদব,"Wie man sich verhalten sollte, wenn man einen Kranken besucht",Las etiquetas a la hora de visitar al enfermo.,La bienséance quand on rend visite au malade,Adab Menjenguk Orang Sakit,രോഗിയെ സന്ദർശിക്കുമ്പോഴുള്ള മര്യാദകൾ,Etiquetas de visita ao doente,Этикет посещения больного человека,நோய் விசாரிப்பதன் ஒழுங்குகள்,Hasta Ziyareti Adabı,بیمار پرسی کے آداب,探望病人的礼节,बीमार का हाल जानने जाने के आदाब,L'etichetta della visita al malato,آداب عيادت بيمار,በሽተኛን የመጠየቅ ስነ-ስርዓት,Xəstəni ziyarət etmə ədəbləri,Pravila ponašanja prilikom posjete bolesnika,Správné chování při návštěvě nemocného,Ladaban duba Mara lafiya,ئادابەکانی سەردانیکردنی نەخۆش,Etiquette van het bezoeken van zieken,د ناروغ د پوښتنې ادبونه,Manierele vizitării bolnavilor,රෝගියකු බැහැදැකීමේ ආචාරධර්ම,Aadaabta Booqashada qofka jiran,Rregullat që kanë të bëjnë me vizitimin e të sëmurit,Etikett vid besök av sjuka,Adabu za kumtembelea mgonjwa.,Одоби аёдати бемор,มารยาทในการเยี่ยมผู้ป่วย,كېسەل يوقلاش ئەخلاقى,Касални зиёрат қилиш одоблари,Văn hoá thăm viếng người bệnh,Awọn ẹkọ bibẹ alaarẹ  wo,manners-of-visiting-the-sick-en
298,267,آداب اللباس,Manners of Dressing,পোশাক-আশাকের আদব,Was man bei seiner Kleidung beachten sollte,Las etiquetas en las vestimentas.,La bienséance quand on s'habille,Adab Berbusana,വസ്ത്രത്തിലെ മര്യാദകൾ,Etiquetas do vestuário,Этикет ношения одежды,,Giyinme Adabı,لباس کے آداب,穿衣服的礼节,परिधान के आदाब,L'etichetta dell'abbigliamento,آداب لباس,የአለባበስ ስነ-ስርዓት,Libas ədəbləri,Pravila vezana za odjeću,Správné chování týkající se oblečení,Ladaban Tufafi,ئادابەکانی پۆشاکەکان (جلەکان),Kledingsetiquette,د جامو ادبونه,Manierele legate de îmbrăcăminte,ඇඳුම් පැළඳීමේ ආචාරධර්ම,Aadaabta labiska,Rregullat e veshmbathjes,Etikett vid klädsel,Adabu za kuvaa.,,มารยาทในการสวมใส่เสื้อผ้า,كىيىم كىيىش ئەخلاقى,Кийим кийиш одоблари,Cách ăn mặc,Awọn ẹkọ aṣọ wiwọ,manners-of-dressing-en
299,268,هدي النبي صلى الله عليه وسلم في الذكر,Prophetic Guidance on Remembering Allah,যিকিরের ক্ষেত্রে নবী সাল্লাল্লাহ আলাইহি ওয়াসাল্লাম-এর আদর্শ,"Die Lehren des Propheten dazu, wie man Allah gedenkt","La guía del Profeta, que Al-lah le bendiga y le dé paz, en la invocación.",La guidée du Prophète (paix et salut sur lui) lors du rappel,Petunjuk Nabi -ṣallallāhu 'alaihi wa sallam- dalam Berzikir,ദിക്ർ ചൊല്ലുന്നതിൽ നബി -ﷺ- യുടെ മാർഗം,Guia do profeta (Que a paz e bênçãos de Allah estejam sobre ele) em torno da glorificação (a ALLAH):,Руководство Пророка ﷺ при поминании Аллаха,திக்ரில் நபியவர்களின் வழிகாட்டல்,Peygamber -sallallahu aleyhi ve sellem-'in Zikir Yapma Şekli,ذکر میں نبی ﷺ کا طریقہ مبارک,先知-愿主福安之-的赞颂方法,नबी सल्लल्लाहु अलैहि व सल्लम के ज़िक्र का तरीक़ा,La guida del Profeta ﷺ nella menzione di Allah,منش رسول الله صلى الله عليه و سلم در ذكر كردن,ነቢዩ (ሶለላሁ ዐለይሂ ወሰለም) የአላህ ሶላትና ሰላም በእርሳቸው ላይ ይስፈንና በዚክር ዙሪያ ያላቸው መመሪያ,Peyğəmbərin (sallallahu aleyhi və səlləm) zikir etməkdə yolu,Poslanikova uputstva vezana za zikr,Vedení Proroka(ať mu Bůh žehná a dá mír) v Dhikru,Koyarwar Manzon Allah SAW a cikin Zikiri,ڕێبازی پێغەمبەر ﷺ لە زیکر کردندا,De leidraad van de profeet (vrede zij met hem) in het gedenken van Allah,د ذکر په اړه د پیغمبر - صلی الله علیه وسلم - لارښوونه,Călăuzire profetică în pomenirea lui Allah,(දික්ර්) තෙපලීම සමබන්ධයෙන් නබි තුමාණන්ගේ මඟපෙන්වීම,Nabiga scw hadyigiisii Dikriga ku saabsan,Udhëzimi i Pejgamberit ﷺ në lidhje me dhikrin (përmendjen e Allahut),Profetens vägledning kring åminnelse,Muongozo wa Mtume Rehma na amani za Allah ziwe juu yake na Amani katika kuleta Adhkaar- nyiradi.,,แบบอย่างของท่านนบีศ็อลลัลลอฮุอะลัยฮิวะสัลลัม ในการรำลึกถึงอัลลอฮฺ,پەيغەمەرئەلەيھىسسالامىڭ زىكىر توغىرسىدىكى كۆرسەتمىسى,Набий соллаллоҳу алайҳи ва салламнинг зикрдаги йўналишлари,Sự hướng dẫn của Nabi - cầu xin Allah ban bình an và phúc lành cho Người - về tụng niệm,Oju ọna Anabi- ki ikẹ Ọlọhun ati ọla Rẹ maa ba a- nibi iranti,prophetic-guidance-on-remembering-allah-en
300,268,فوائد ذكر الله عز وجل,Benefits of Remembering Allah,মহান আল্লাহর যিকির করার ফায়দা,Der Nutzen des Thikr - Allah zu gedenken,"Las virtudes de Dhikr a Al-lah, Glorificado y Exaltado sea.","Les bienfaits du rappel d'Allah, le Glorieux, l'Exalté",Faedah-faedah Berzikir Pada Allah -'Azza wa Jalla-,അല്ലാഹുവിനെ സ്മരിക്കുന്നതിൻ്റെ ഉപകാരങ്ങൾ,"Os benefícios da recordação a ALLAH, o Exaltado e Majestoso.",Достоинства поминания Великого и Всемогущего Аллаха,திக்ரின் பயன்கள்,Allah -Azze ve Celle-'yi Zikretmenin Faydaları,ذکر اللہ کے فوائد,赞颂崇高伟大真主的益处,सर्वशक्तिमान एवं महान अल्लाह के ज़िक्र के लाभ,I benefici della menzione di Allah ﷻ,فايده هاى ذكر الله عزوجل,አላህን የማውሳት ጥቅሞች,Uca Allahı zikir etməyin faydaları,Koristi spominjanja Allaha,Užitek vzpomínání Boha(Dhikru),Fa’idojin Ambaton Allah Maigirma da xaukaka,سوودەکانی یاد کردنی خوای گەورە,"Voordelen van het gedenken van Allah, de Verhevene",د الله تعالی د یادولو ګټې,Beneficiile pomenirii lui Allah,උත්තරීතර කීර්තිමත් අල්ලාහ්ව මෙනෙහි කිරීමේ පල ප්රයෝජන,Faa`iidada Dikriga Ilaahay casa wajala,Dobitë e përmendjes së Allahut,Förträffligheterna i åminnelsen av Allah,Faida za Kumtaja Mwenyezi Mungu Mtukufu.,Фоидаҳои зикри Аллоҳи бузург,ประโยชน์ของการรำลึกถึงอัลลอฮฺ,ئاللاھنى زىكىر قىلىشنىڭ پايدىلىرى,Аллоҳни зикр қилишнинг фоидалари,Lợi ích của việc tụng niệm Allah Toàn Năng,Awọn anfaani iranti Ọlọhun- Alagbara ti O gbọnngbọn-,benefits-of-remembering-allah-en
301,268,أذكار الصباح والمساء,Morning and Evening Dhikr,সকাল ও বিকালের যিকির,Der Thikr am Morgen und am Abend,Dhikr de la mañana y de la tarde.,Les invocations du matin et du soir,Zikir Pagi dan Sore,രാവിലെയും വൈകുന്നേരവുമുള്ള ദിക്റുകൾ,RECORDAÇÕES PELA MANHÃ E PELA TARDE,Утренние и вечерние слова поминания Аллаха,காலை மாலை திக்ருகள்,Sabah ve Akşam Zikirleri,صبح شام کے اذکار,早晚的赞颂辞,सुबह तथा शाम के अज़कार,Le formule invocative del mattino e della sera,ذكر هاى صبحگاهان و شامگاهان,የንጋትና ምሽት ዚክሮች,Səhər və axşam zikirləri,Jutarnji i večernji zikrovi,Ranní a večerní Dhikr,Zikirin Safiya da Maraice,زیکرەکانی بەیانیان وئێواران,Gedenken van Allah in de ochtend en avond,د سهار او بیګا ادبونه,Pomenirile de dimineață și seară,උදේ සවස කිවයුතු (දික්ර්) මෙනෙහි කිරීම්,Adkaarta Subuxii iyo Galabtii,Dhikri i mëngjesit dhe i mbrëmjes,Morgonen och kvällens åminnelser,Nyiradi za Asubuhi na Jioni.,Зикрҳои субҳу шом,บทรำลึกยามเช้าและยามเย็น,ئەتتىگەنلىك ۋە كەچلىك زىكىرلەر,Эрталабки ва кечки зикрлар,Các lời tụng niệm sáng chiều,Awọn iranti àárọ̀ ati irọlẹ,morning-and-evening-dhikr-en
302,268,الأذكار المطلقة,Timeless Dhikr,সাধারণ যিকিরসমূহ,"Thikr - Dinge, mit denen man Allah zu allen Zeiten gedenken kann",Dhikr general.,Les invocations sans limites,Zikir-zikir Umum,നിരുപാധികം ചൊല്ലാവുന്ന ദിക്റുകൾ,As recordações gerais,Неограниченные слова поминания Аллаха,பொதுவான திக்ருகள்,Genel Zikirler,عام اذکار,通常的赞颂辞,साधारण अज़कार,Le formule invocative incondizionate,ذكر هاى مطلق,ልቅ የሆኑ ዚክሮች,Ümumi zikirlər,Opći zikrovi,Obecný Dhikr,Zikiri da ba su da wani Qaidi,زیکرە بێ سنوورەکان,Algemene gedenkformules,آزاد اذکار,Pomeniri fără un timp specific,පොදුවේ කිවයුතු (දික්ර්) මෙනෙහි කිරීම්,Adkaarta guud ahaaneed,Dhikri i përgjithshëm,Generella åminnelser,Adh-kaar zote - mbalimbali.,Зикрҳои мутлақ (бе қайд бо вақт ва адад),บทดุอาอฺทั่วไป,مۇتلەق زىكىرلەر,Мутлоқ зикрлар,Các lời tụng niệm không giới hạn,Awọn iranti ti a tuu lẹ,timeless-dhikr-en
303,268,أذكار الدخول والخروج من المنزل,Dhikr on Entering and Leaving the House,ঘরে প্রবেশ ও ঘর থেকে বের হওয়ার যিকিরসমূহ,Thikr beim Betreten und Verlassen des Hauses,Dhikr al entrar o salir de casa.,Les invocations en entrant et sortant de la maison,Doa Masuk dan Keluar Rumah,"വീട്ടിൽ പ്രവേശിക്കുമ്പോഴും, വീട്ടിൽ നിന്ന് പുറത്തു പോകുമ്പോഴും ചൊല്ലേണ്ട ദിക്റുകൾ",Súplicas ao entrar e sair de casa,Слова поминания Аллаха при входе в дом и выходе из него,வீட்டில் நுழையும் போதும் வீட்டிலிருந்து வெளியேறும் போதும் ஒத வேண்டிய திக்ருகள்,Eve Girerken ve Çıkarken Okunacak Zikirler,گھر میں داخل ہونے اور گھر سے نکلنے کی دعائیں,出入家门的赞颂辞,घर में प्रवेश करने और घर से निकलने के अज़कार,,ذكرهاى ورود و خروج منزل,ከቤት ሲወጣና ሲገባ የሚባሉ ዚክሮች,Evə girərkən və evdən çıxarkən edilən zikirlər,Zikrovi koji se uče pri izlasku i ulasku u kuću,Dhikr při vstoupení a odcházení z domu,Zikiri da ba su da wani Qaidi,زیکرەکانی گەڕانەوە ودەرچوون لە ماڵ,Gedenkformules bij het betreden en verlaten van het huis,کور ته د ننوتلو او له کور څخه د راوتلودعاګانې,Dhikr la intrarea și ieșirea din casă,නිවසට ඇතුල්වීමේදී හා එයින් පිටව යාමේදී කිවයුතු (දික්ර්) මෙනෙහි කිරීම්,Adkaarta soo galida iyo ka bixida Guriga,Dhikri i hyrjes në shtëpi dhe daljes prej saj,Åminnelse vid ingång till och utgång från hemmet,Adh-kaar za kutoka na kuingia nyumbani.,,ดุอาอ์เข้าและออกจากบ้าน,ئۆيگە كىرگەندە ۋە چىققاندا ئوقۇلىدىغان زىكىرلەر,Манзилга кириш ва чиқиш зикрлари,Các lời tụng niệm khi vào và ra khỏi nhà,Awọn iranti iwọle ati ijade kuro ninu ile,dhikr-on-entering-and-leaving-the-house-en
304,134,Conditions of Prayer,Conditions of Prayer,,Conditions of Prayer,Conditions of Prayer,Conditions of Prayer,Conditions of Prayer,,,Conditions of Prayer,,Conditions of Prayer,Conditions of Prayer,,,,Conditions of Prayer,,,,,,,,,,,,,,,,,,,,,conditions-of-prayer
305,268,أذكار الدخول والخروج من الخلاء,Dhikr on Entering and Leaving the Bathroom,,Dhikr on Entering and Leaving the Bathroom,Dhikr al entrar o salir del baño.,Les invocations en entrant et sortant des toilettes,Doa Masuk dan Keluar WC,,Súplicas ao entrar e sair da casa de banho,Слова поминания Аллаха при входе в туалет и выходе из него,,Tuvalete Girerken ve Çıkarken Okunacak Zikirler,بیت الخلاء میں جانے اور باہر نکلنے کی دعائیں,出入厕所的赞颂辞,शौचालय में प्रवेश करने और उससे बाहर निकलने के अज़कार,,ذكرهاى ورود و خروج دستشويى,,,Zikrovi koji se uče pri izlasku i ulasku u toalet,,Zikirin shiga da Futa daga Bayi,زیکرەکانی چوون ودەرچوون لە سەرئاوکردن,,,,,,,,,,,,,,,dhikr-on-entering-and-leaving-the-bathroom-en
306,268,أذكار الدخول والخروج من المسجد,Dhikr on Entering and Leaving the Mosque,মসজিদে প্রবেশ ও মসজিদ থেকে বের হওয়ার যিকিরসমূহ,Thikr beim Betreten und Verlassen der Moschee,Dhikr al entrar o salir del Masyid.,Les invocations en entrant et sortant de la mosquée,Doa Masuk dan Keluar Masjid,"മസ്ജിദിൽ പ്രവേശിക്കുമ്പോഴും, അവിടെ നിന്ന് പുറത്തു പോകുമ്പോഴും ചൊല്ലേണ്ട ദിക്റുകൾ",Súplicas ao entrar e sair do Massgid,Слова поминания Аллаха при входе в мечеть и выходе из неё,பள்ளிவாயிலினுள் நுழையும் போதும் அங்கிருந்து வெளியேறும் போதும் ஒத வேண்டிய திக்ருகள்,Mescide Girerken ve Çıkarken Okunacak Zikirler,مسجد میں داخل ہونے اور باہر نکلنے کی دعائیں,出入清真寺的赞颂辞,मस्जिद में प्रवेश करने और उससे बाहर निकलने के अज़कार,Le formule invocative per l'ingresso e l'uscita dalla moschea,ذكرهاى ورود و خروج مسجد,ከመስጂድ ሲገባና ሲወጣ የሚባሉ ዚክሮች,Məscidə girərkən və məsciddən çıxarkən edilən zikirlər,Zikrovi koji se uče pri izlasku i ulasku u džamiju,Dhikr při vstoupení a odcházení z mešity,Zikirin shiga da Futa daga Masallaci,زیکرەکانی هاتن ودەرچوون لە مزگەوت,Gedenkformules bij het betreden en verlaten van de moskee,جومات د ننوتلو او ورڅخه د راوتلو اذکار,Dhikr la intrarea și ieșirea din moschee,මස්ජිදයට ඇතුල්වීමේදී හා එයින් පිටව යාමේදී කිවයුතු (දික්ර්) මෙනෙහි කිරීම්,Adkaarta galida iyo ka bixida Masjidka,Dhikri i Dhikri i hyrjes në xhami dhe daljes prej saj,Åminnelse vid ingång till och utgång från moskén,Adh-kaar za kutoka na kuingia Msikitini.,,ดุอาอ์เข้าและออกจากมัสยิด,مەسچىتكە كىرگەندە ۋە چىققاندا ئوقۇلىدىغان زىكىرلەر,Масжидга кириш ва чиыиш зикрлари,Các lời tụng niệm khi vào và ra Masjid,Awọn iranti iwọle ati ijade kuro ninu mọsalasi,dhikr-on-entering-and-leaving-the-mosque-en
307,268,الأذكار التي تقال في أوقات الشدة,Hard Times Dhikr,কঠিনসময়ে পাঠ করার যিকিরসমূহ,Hard Times Dhikr,Dhikr que se pronuncian en situaciones de adversidad.,Les invocations que l'on prononce dans l'adversité,Zikir-zikir yang Diucapkan di Waktu-waktu Genting,പ്രയാസങ്ങളുടെ വേളകളിൽ ചൊല്ലേണ്ട ദിക്റുകൾ,Súplicas que são ditas em momentos de dificuldade,Слова поминания Аллаха во времена тягот и бедствий,துன்பங்களின் போது ஒத வேண்டிய திக்ருகள்,Sıkıntılı Zamanlarda Okunan Zikirler,سخت حالات میں پڑھے جانے والے اذکار,艰难时的赞颂辞,कठिन परिस्थितियों में कहने के अज़कार,,ذكرهايى كه در وقت هاى سختى و نارحتى گفته مى شوند,በጭንቅ ወቅት የሚባሉ ዚክሮች,,Zikrovi koji se uče u teškim situacijama,,Zikiri wanda ake karantawa a lokutan tsanani,ئەو زیکرانەی کە لە کاتی ناڕەحەتیدا دەووترێت,Gedenkformules voor moeilijke situaties,هغه اذکار چې د سختۍ پر مهال وییل کیږي,Dhikr care se spune în situații limită,දුෂ්කර අවස්ථාවන්හි කිවයුතු කිවයුතු (දික්ර්) මෙනෙහි කිරීම්,,,Åminnelser som sägs under svårigheter,Adh-kaar ambazo husemwa katika wakati wa matatizo.,,ดุอาอ์ที่ใช้กล่าวขณะตกทุกข์ได้ยาก,قېيىنچىلىق ۋاقىتلاردا ئوقۇلىدىغان زىكىرلەر,,Các lời tụng niệm vào các thời điểm khó khăn,,hard-times-dhikr-en
308,268,الأذكار للأمور العارضة,Dhikr on Special Occasions,আকস্মিক বিষয়ের সাথে সংশ্লিষ্ট যিকিরসমূহ,Thikr in verschiedenen Situationen,Dhikr para las situaciones pasajeras.,Les invocations lorsque quelque chose advient,Zikir-zikir Untuk Urusan Mendadak,പൊടുന്നനെ സംഭവിക്കുന്ന കാര്യങ്ങളിൽ ചൊല്ലേണ്ട ദിക്റുകൾ,Súplicas para assuntos repentinos,Слова поминания Аллаха при неожиданно возникших обстоятельствах,அவ்வப்போது நிகழும் நிகழ்வுகளுக்கான திக்ருகள்,Kaza ve Belalarda Okunacak Zikirler,پیش آمدہ مصائب کے اذکار,逆境时的赞颂辞,मुसीबत के समय के अज़कार,Le formule invocative per le situazioni occasionali,ذكرهاى رويدادها ناگهانى,ድንገተኛ የሆኑ ጉዳዮች ሲያጋጥሙ የሚባሉ ዚክሮች,Təsadüfi hallarda edilən zikirlər,Zikrovi vezani za razne situacije,Dhikr při mimořádných příležitostech,Zikiri domin wasu Abubuwa da suka bujuro,زیکرەکانی پەیوەست بە ڕووداو وپێشهاتەکان,Gedenkformules voor specifieke gelegenheden,د ناڅاپه چارو د رامنځته کیدو اذکار,Dhikr în ocazii speciale,බාධාවන් ඇතිවන අවස්ථාවන්හි කළ යුතු මෙනෙහි කිරීම්,Adkaarta hadii arimo ku yimaadaan,Dhikri lidhur me gjërat e papritura,Åminnelser för plötsliga situationer,Adhkaar za mambo ya Dharura.,Зикрҳо дар бораи пешомадҳо,ดุอาอ์สำหรับเรื่องราวต่าง ๆที่มาประสบ,ئويلىمىغان ئىشلار يۈز بەرگەندە ئوقۇلىدىغان زىكىرلەر,Тўсатдан рўй берган ишларда айтиладиган зикрлар,Các lời tụng niệm khi có chuyện bất an,Awọn iranti fun àlámọ̀rí ti wọn ja wa,dhikr-on-special-occasions-en
309,268,أحكام الدعاء,Rulings of Supplication,দো‘আর বিধানাবলি,Rulings of Supplication,Las normas de la súplica.,Les jugements relatifs à l'invocation,Hukum Doa,,Regras relacionadas com a súplica,Законоположения об обращении к Аллаху с мольбами,துஆவின் சட்டங்கள்,Duaya Dair Hükümler,دعا کے احکام,祈祷的律例,दुआ के अहकाम,,احكام دعا,,,Propisi vezani za dovu,,Hukunce Hukuncen Addu’a,حوکمەکانی نزا کردن,,,,(දුආ) ප්රාර්ථනාවෙහි නීති,,,,Hukumu za Dua.,,,دۇئانىڭ ھۆكۈملىرى,,Giáo luật về cầu nguyện,,rulings-of-supplication-en
310,268,أنواع الدعاء,Types of Supplication,দো‘আর প্রকারসমূহ,Types of Supplication,Los tipos de súplica.,Les types d'invocation,Macam-macam Doa,,,Виды мольбы к Аллаху,,Dua Çeşitleri,دعا کی اقسام,祈祷的种类,दुआ के प्रकार,,انواع دعا,,,Vidovi dove,,Nau’o’in Addu’a,جۆرەکانی نزا کردن,,,,,,,,,,,,,Các dạng cầu nguyện,,types-of-supplication-en
311,268,آداب الدعاء,Manners of Supplication,দো‘আর আদবসমূহ,Manners of Supplication,Las etiquetas de súplica.,La bienséance quand on invoque,Adab Berdoa,പ്രാർത്ഥനയുടെ മര്യാദകൾ,Etiquetas de súplicas,Этикет обращения с мольбой к Аллаху,துஆவின் ஒழுங்குகள்,Dua Etme Adabı,دعا کے آداب,祈祷的礼节,दुआ के आदाब,,آداب دعا,የዱዓእ ስነ-ስርዓት,,Pravila vezana za dovu,,Ladaban Addu’a,ئادابەکانی نزا کردن,Etiquette van smeekbeden,د دعا ادبونه,Manierele rugilor,(දුආ) ප්රාර්ථනාවෙහි ආචාරධර්ම,,,Åkallans etiketter,Adabu za Dua.,,มารยาทในการขอดุอาอ์,دۇئانىڭ ئەدەپلىرى,,Lễ nghĩa khi cầu nguyện,,manners-of-supplication-en
312,268,أسباب إجابة الدعاء وموانعه,Causes for Answering or not Answering Supplications,দো‘আ কবুল ও প্রত্যাখ্যাত হওয়ার কারণসমূহ,Gründe für die Annahme der Bittgebete,Los motivos de respuesta de la súplica y los elementos que impiden la respuesta a la súplica.,Les causes de l'exaucement de l'invocation et ses empêchements,Fator-faktor Terkabul dan Terhalangnya Doa,പ്രാർത്ഥന സ്വീകരിക്കപ്പെടാനും തടയപ്പെടാനുമുള്ള കാരണങ്ങൾ,Meios para aceitação da súplica e seus empedimentos,"Причины получения ответа на мольбу и факторы, которые этому препятствуют",துஆ அங்கீகரிக்கப்படுவதற்கான காரணிகளும் தடைகளும்,Duaya İcabet Edilme ve Geri Çevrilme Sebepleri,دعا کی قبولیت کے اسباب اور اس کے موانع,应答和不应答祈祷的原因,दुआ ग्रहण होने में सहायक चीज़ें तथा उसे ग्रहण न होने देने वाली वस्तुएँ,Le cause per cui l'invocazione viene accettata e per cui non viene accettata,اسباب اجابت دعا و موانع اجابت آن,ዱዓእን ተቀባይነት የሚያስገኙና ተቀባይነት እንዳያገኝ የሚከለክሉ ምክንያቶች,Duanın qəbul edilməsinin və qəbul edilməməsinin səbəbləri,Razlozi primanja i odbijanja dove,Příčiny a zábrany vyplnění proseb (dua),Sababan Amsa Addu’a da kuma abubuwan da suke hana su,هۆکارەکانی وەڵامدانەوەی نزاکان وڕێگرییەکانی,Redenen voor het verhoren van smeekbeden en belemmeringen daarvan,د دعا د قبلیدلو او نه قبلیدلو لاملونه,Cauzele acceptării sau respingerii rugilor,(දුආ) ප්රාර්ථනාව පිළිගනු ලැබීමේ හා එය වළක්වනු ලැබීමේ හේතු සාධක,Asaabta lagu ajiibo Ducada iyo waxa manciyo ajiibida Ducada,Shkaqet e përgjigjes dhe mospërgjigjes së duave,Orsaker till att åkallan besvaras eller avvisas,Sababu za Kujibiwa Dua.,Сабабҳои иҷобати дуо ва монеаҳои он,สาเหตุที่ทำให้การขอดุอาอ์ถูกตอบรับและถูกปฏิเสธ,دۇئانىڭ ئىجابەت بولۇش ۋە بولماسلىق سەۋەپلىرى,Дуони ижобат бўлиш сабаблари ва монеълари,Những điều giúp lời cầu xin được chấp nhận và những nguyên nhân làm cho nó bị khước từ,Awọn okunfa adura gbigba ati awọn nnkan ti wọn le kọdi rẹ,causes-for-answering-or-not-answering-supplications-en
313,268,الأدعية المأثورة,Reported Supplications,কুরআন ও হাদীসে বর্ণিত দো‘আসমূহ,Überlieferte Bittgebete,"Las súplicas transmitidas del Profeta, que Al-lah le bendiga y le dé paz.",Les invocations transmises par la tradition prophétique,Doa-doa Ma`ṡūr,നബി -ﷺ- യിൽ നിന്ന് സ്ഥിരപ്പെട്ട പ്രാർത്ഥനകൾ,Súplicas que constam (no Qur'an e na Sunnah),Мольбы из Корана и Сунны,ஆதாரங்களில் அறிவிக்கப்பட்டுள்ள துஆக்கள்,Sünnette Gelen Dualar,ماثور دعائیں,引证的祈祷辞,मासूर दुआएँ,Le invocazioni tramandate,دعاهاى منقول,በሐዲሥ የመጡ ዱዓዎች,Varid olan dualar,Dove utemeljene na vjerskom tekstu,"Prosby, které říkal Prorok",Addu’o’I da aka samu daga Annabi,ئەو نزایانەی کە لە قورئان وسونەتدا هاتووە,Overgeleverde smeekbeden,نبوي دعاګانې,Rugi relatate,නබි පිළිවෙත තුළ පැවති ප්රාර්ථනාවන්,Ducooyinka la dhaxlay,Duatë e përcjella nga Suneti,Åkallan som finns i Koranen och Sunnahn,Dua zilizopokelewa toka kwa mtume.,,บทดุอาอ์ที่มีร่องรอยการปฏิบัติมาจากท่านนบี ศ็อลลัลลอฮุอะลัยฮิวะสัลลัม,ھەدىستە بايان قىلىنغان دۇئالار,Асардарда келган дуолар,Những lời cầu nguyện theo mẫu có sẵn,Awọn adura ti wọn gba wa,reported-supplications-en
314,269,أعمال القلوب,Acts of Heart,অন্তরের আমলসমূহ,Taten des Herzens,Las acciones del corazón.,Les oeuvres du coeur,Amalan-amalan Hati,ഹൃദയത്തിലെ പ്രവർത്തനങ്ങൾ,Ações do coração,Деяния сердца,உளச் செயற்பாடுகள்,Kalp Amelleri,دل کے اعمال,内心的工作,दिल से संबंधित कर्म,Le opere dei cuori,اعمال قلبى,የቀልብ ተግባራት,Qəlb əməlləri,Srčana djela,Činy srdce,Ayyukan Zukata,کردەوەکانی دڵ,Handelingen van het hart,د زړونو عملونه,Acțiunile inimii,සිත හා බැඳුණු ක්රියාවන්,Camalka Qalbiga,Veprat e zemrës,Hjärtats handlingar,Matendo ya moyoni.,Амалҳои дил,การงานของหัวใจ,قەلىب ئەمەللىرى,Қалб амаллари,Hành động của nội tâm,Awọn iṣẹ ọkan,acts-of-heart-en
315,269,أمراض القلوب,Heart Diseases,অন্তরের রোগসমূহ,Krankheiten der Herzen,Factores negativos que afectan al corazón.,Les maladies du coeur,Penyakit-penyakit Hati,ഹൃദയത്തെ ബാധിക്കുന്ന രോഗങ്ങൾ,Doenças de coração,Болезни сердца,உள நோய்கள்,Kalp Hastalıkları,دل کے امراض,内心的疾病,दिल से संबंधित रोग,Le malattie dei cuori,بيمارى هاى قلبى,የቀልብ በሽታዎች,Qəlb xəstəlikləri,Srčane bolesti,Nemoci srdce,Cututtukan Zuciya,نەخۆشییەکانی دڵ,Hartziekten,د زړونو ناروغۍ,Bolile inimii,සිත හා බැඳුණු රෝග,Jirooyinka Qalbiga,Sëmundjet e zemrës,Hjärtats sjukdomar,Maradhi ya Moyo.,Бемориҳои дил,โรคของหัวใจ,قەلىب كېسەللىكى,Қалб касалликлари,Các loại tâm bệnh,Awọn aisan ọkan,heart-diseases-en
316,269,الزهد والورع,Asceticism and Piety,দুনিয়াবিমুখ হওয়া ও সাবধানতা অবলম্বন,Enthaltsamkeit und Gottesfurcht,Abstinencia y devoción.,L'ascétisme (Az Zuhd) et le scrupule (Al Wara'),Zuhud dan Wara',ഐഹികവിരക്തിയും സൂക്ഷ്മതയും,Abstinência e religiosidade,Равнодушие к мирскому и благочестивая осмотрительность,உலகப் பற்றின்மையும் பேணுதலும்,Züht ve Vera,زہد اور تقوی,修行和虔诚,दुनिया के माया-मोह से दूरी तथा परहेज़गारी,L'ascetismo e l'apprensione,زهد و پرهیزگارى,ዱንያን ቸል ማለት (ዙህድ)ና ጥንቁቅነት,Zahidlik və Allahdan qorxmaq,Skromnost i pobožnost,Askeze a zbožnost,Zuhudu da tsantseni,زوهد و وەرەع,Onthechting en vroomheid,خاکساري او عاجزي,Ascetismul și pietatea,තපස්භාවය හා ශ්රද්ධාව,Saahidnimada iyo xalaal miiradka,Asketizmi dhe devotshmëria,Avhållsamhet och försiktighet,Kuipa nyongo Dunia na Kujiepusha na yaliyo haramu.,Зуҳд ва парҳезгорӣ,ความสมถะและเกรงกลัวต่ออัลลอฮ์,زاھىدلىق ۋە تەقۋادارلىق,Зуҳд ва художўйлик,Giản dị và mộ đạo,Irayesa ati ini aṣajẹ,asceticism-and-piety-en
317,269,أحوال الصالحين,States of the Righteous Believers,ভালো লোকদের অবস্থাসমূহ,Geschichten von rechtschaffenen Menschen,El estado de los salihin (virtuosos).,les situations des vertueux,Kondisi Orang-orang Saleh,സച്ചരിതരുടെ മാർഗരീതികൾ,A situação dos piedosos,Положение праведников,நல்லோர்களின் நிலைகள்,Salihlerin Halleri,نیک لوگوں کے احوال,廉洁者的状况,सदाचारी बंदों के हालात,Le circostanze dei virtuosi,كردار صالحان,የደጋጎች ሁኔታ,Salehlərin halı,Stanja dobrih ljudi,Poměry(situace) zbožných,Halayen Mutane na Qwarai,حاڵی پیاوچاکان,Staat van de vromen,د نیکانو حالتونه,Statutul dreptcredincioșilor pioși,දැහැමියන්ගේ තත්ත්වයන්,Axwaasha Saalixiinta,Gjendja e të devotshmëve,De rättfärdigas tillstånd,Hali zawatu wema.,,สภาพของคนดี,سالىھ كىشىلەرنىڭ ئەھۋالى,Солиҳлар аҳволлари,Tình trạng của người đức hạnh,Awọn isẹsi awọn ẹni rere,states-of-the-righteous-believers-en
318,269,ذم المعاصي,Condemning Sins,পাপের নিন্দা,Die üblen Folgen der Sünden,La crítica/censura por la desobediencia.,Le blâme des désobéissances,Celaan Perbuatan Maksiat,തിന്മകൾക്കുള്ള ആക്ഷേപം,Reprovação contra os pecados,Порицание грехов,பாவங்களைக் கண்டித்தல்,Günahların Ayıplanması,گناہوں کی مذمت,指责叛逆者,गुनाहों की मज़म्मत,La condanna delle disobbedienze,نكوهش گناهان,ወንጀለኞችን ማውገዝ,Asiliklərin məzəmmət edilməsi,Osuda grijeha,Kritika hříchů,Zargin Savo,سەرزەنشتکردنی تاوانەکان,Het afkeuren van zonden,د ګناهونو بدي,Blamarea păcatelor,පාපයන්හි පහත්භාවය,Xumaanta Macaasida,Përbuzja e gjynaheve,Fördömandet av synder,Kuyasema vibaya Maasi.,Накуҳиши гуноҳон,การตำหนิการฝ่าฝืน,گۇناھ-مەسىيەتنى ئەيىپلەش,Маъсият оқибати,Lên án tội lỗi,Aleebu awọn ẹṣẹ,condemning-sins-en
319,269,ذم حب الدنيا,Condemning Love of the World,দুনিয়ার প্রতি মোহের নিন্দা,Die üblen Folgen der Liebe zum Diesseits,La crítica/censura por el amor a la vida.,Le blâme de l'amour de la vie d'ici-bas,Celaan Cinta Dunia,ഇഹലോകത്തെ സ്നേഹിക്കുന്നതിൽ നിന്നുള്ള ആക്ഷേപം,Reprovação contra amor mundano,Порицание любви к этому свету,உலக மோகத்தைக் கண்டித்தல்,Dünya Sevgisinin Ayıplanması,حبِ دنیا کی مذمت,指责贪图今世者,संसार प्रेम की मज़म्मत,La condanna dell'amore per la vita terrena,نكوهش دوست داشتن دنيا,ዱንያን ከመውደድ ማውገዝ,Dünyanı sevməyin məzəmmət edilməsi,Osuda ljubavi prema ovome svijetu,Kritika lásky k tomuto světu,Zargin Son Duniya,سەرزەنشتکردنی خۆشویستنی دونیا,Het afkeuren van liefde voor de wereld,دنیا سره د محبت کولو بدي,Blamarea iubirii pentru viața lumească,ලෞකික ප්රෙමයේ පහත්භාවය,Xumaanta Aduunka jacaylka,Përbusja e dashurisë ndaj kësaj bote,Fördömandet av kärlek till det världsliga,Kuyasema vibaya mapenzi ya kuipenda dunia.,Накуҳиши дунё дустдорӣ,การตำหนิการรักดุนยา,دۇنياغا بېرىلىپ كىتىشنى ئەيىپلەش,Дунёга мухаббат қўйишнинг ёмонлиги,Xem thường việc ham mê trần gian,Aleebu ini ifẹ aye,condemning-love-of-the-world-en
320,269,ذَمُّ الهوى والشَّهوات,Condemning Whims and Desires,প্রবৃত্তি ও খারাপ ইচ্ছার নিন্দা,Die üblen Folgen der Triebe und Gelüste,La crítica/censura por la diversión y los deseos.,Le blâme de la passion et des plaisirs,Celaan Hawa Nafsu dan Syahwat,ദേഹേഛക്കും തന്നിഷ്ടത്തിനുമുള്ള ആക്ഷേപങ്ങൾ,Reprovação contra o desejo pecaminoso,Порицание страстей и прихотей,மனோ இச்சையைக் கண்டித்தல்,Heva ve Şehvetin Ayıplanması,ہوائے نفس اور شہوات کی مذمت,指责为所欲为者,लालसा तथा शहवतों की मज़म्मत,La condanna delle inclinazioni sregolate e delle concupiscenze,نكوهش هواى نفس و شهوت ها,ከዝንባሌና ስሜት ማውገዝ,Nəfsi istəklərin və şəhvətlərin məzəmmət edilməsi,Osuda prohtjeva i strasti,Kritika touh a tužeb,Zargin Son Rai da Sha'awoyi,سەرزەنشتکردنی هەوا وئارەزوو وشەهوەتەکان,Het afkeuren van begeerte en lusten,د خواهشاتو او شهوتونو بدي,Blamarea capriciilor și dorințelor,තණ්හා ආශාවන්හි පහත්භාවය,Xumaanta Hawo raaca iyo Shahwaadka,Përbuzja e egos dhe dëshirave të ndaluara,Fördömandet av onda lustar och begär,Kuyasema vibaya matamanio ya nafsi na ya kimwili.,Накуҳиши ҳавои нафс ва шаҳватҳо,การตำหนิอารมณ์ใฝ่ต่ำและกิเลสตัณหา,ھاۋايى-ھەۋەسكە بېرىلىپ كىتىشنى ئەيىپلەش,Шаҳватларга эргашишнинг ёмонлиги,"Xem thường dục vọng, ham muốn",Aleebu ifẹ inu ati awọn adun aye,condemning-whims-and-desires-en
321,269,التوبة,Repentance,আত-তাওবাহ,Die Reue,Tawba (arrepentimiento).,Le repentir,Taubat,പശ്ചാത്താപം,O arrependimento,Покаяние,பாவமீட்சி,Tövbe,توبہ,忏悔,तौबा (प्रायश्चित),,توبه,ተውበት,Tövbə,Pokajanje,Pokání,Tuba,تەوبە کردن,Berouw,توبه,Căința,පාපොච්ඡාරණය,Towbada,Pendimi,Ånger,Toba,Тавба,เตาบะฮฺ (การกลับเนื้อกลับตัว),تەۋبە قىلىش,Тавба,Sám hối,Ironupiwada,repentance-en
322,269,تزكية النفوس,Purification of Souls,আত্মশুদ্ধি,Tazkiyyah - die innerliche Reinigung,Purificación espiritual; personal; del alma.,La purification des âmes,Mensucikan Jiwa,മനസ്സുകളെ ശുദ്ധീകരിക്കൽ,A purificação da alma,Очищение души,உளப்பரிசுத்தம் செய்தல்,Nefislerin Tezkiyesi,تزکیہ نفس,净化心灵,अंतरात्मा का शुद्धिकरण,La purificazione delle anime,پاکسازی نفس,ነፍስን ማጥራት,Nəfislərin təmizlənməsi,Duševno pročišćavanje,Očišťování duše,Tsarkake Zuciyoyi,پاککردنەوەی دەروونەکان,Zuivering van de zielen,د نفسونو پاکوالی,Purificarea sufletului,චිත්ත පාරිශුද්ධිය,Nadiifinta Nafta,Dëlirja e shpirtit,Själens rening,Kuzitakasa Nafsi.,Тазкияи нафс,การขัดเกลาจิตใจ,نەپسىنى پاكلاش,Нафсни тазкиялаш,Thanh lọc bản thân,Ifọ awọn ẹmi mọ,purification-of-souls-en
323,269,أهوال القبور,Terrors of the Graves,কবরের বিভীষিকা,Die Schrecken des Grabes,Lo que le acontece al muerto en su tumba (ahwal al-qubur).,Les horreurs de la tombe,Kengerian Kubur,ഖബറിലെ ഭീതി നിറഞ്ഞ അവസ്ഥകൾ,As dificuldades da sepultura,Ужасы могилы,கப்ரின் அமளிதுமளிகள்,Kabir Ehli,قبر کی ہولناکیاں,坟墓的恐惧,क़ब्र की भयावहताएँ,,ترس و وحشت قبر,የቀብር ጭንቀቶች,Qəbirin dəhşətləri,Kaburske strahote,Hrůzy hrobů,Abubuwan tsoron cikin Qabari,ترسناکی ژیانی ناو گۆڕەکان,De zaken in het graf,د قبرونو وحشتونه,Teroarea din morminte,මිනීවලෙහි භීෂණය,Dhibaatada Qabriga,Ngjarjet e rënda të varrit,Gravens prövningar,Watu wa makaburini.,,ความน่ากลัวของหลุมศพ,قەبىرلەرنىڭ قورقۇنچلىق ئەھۋالى,Қабр даҳшатлари,Sự kinh hoàng nơi cõi mộ,Awọn ara inu saare,terrors-of-the-graves-en
324,269,صفات الجنة والنار,Descriptions of Paradise and Hell,জান্নাত ও জাহান্নামের গুণাগুণ,Beschreibung von Paradies und Hölle,La descripción del Paraíso y el Infierno.,Les caractéristiques du Paradis et de l'Enfer,Sifat Surga dan Neraka,സ്വർഗത്തിൻ്റെയും നരകത്തിൻ്റെയും വിശേഷണങ്ങൾ,3- Descrição do Paraíso e do Inferno,Описание Рая и Ада,சுவனம் மற்றும் நரகின் தன்மைகள்,Cennet ve Cehennem'in Nitelikleri,جنت و دوزخ کا بیان,对天堂和火狱的描述,जन्नत तथा जहन्नम की विशेषताएँ,Gli attributi del Paradiso e del Fuoco,صفت هاى بهشت و جهنم,የጀነትና እሳት ባህሪዎች,Cənnət və Cəhənnəmin vəsfləri,Karakteristike dženneta i Vatre,Popis ráje a ohně,Sifar Al-janna da Wuta,سیفەتەکانی بەهەشت ودۆزەخ,Kenmerken van het paradijs en de hel,د جنت او دوزخ صفتونه.,Descrierea Paradisului și a Iadului,ස්වර්ගයෙහි හා නරකාදියෙහි ස්වරූපය,Sifooyinka Janada iyo Naarta,Përshkrimi i Xhenetit dhe i Xhehenemit,Paradisets och eldens beskrivning,Sifa za pepo na moto.,Сифатҳои биҳишт ва дӯзах,คุณลักษณะของสวรรค์และนรก,جەننەت ۋە دوزاخنىڭ سۈپەتلىرى,Жаннат ва дўзах сифатлари,Mô tả Thiên Đàng và Hoả Ngục,Awọn iroyin alujanna,descriptions-of-paradise-and-hell-en
325,6,الدعوة إلى الله,Calling to Allah (Da‘wah),আল্লাহর দিকে দা‘ওয়াত,Da`wah - der Ruf zu Allah,Predicar (da’wa) hacia Al-lah.,La prédication à Allah,Dakwah Kepada Allah,അല്ലാഹുവിലേക്കുള്ള ക്ഷണം,Chamamento até ALLAH,Призыв к Аллаху,அல்லாஹ்வின் பக்கம் அழைத்தல்,Allah'a Davet Etmek,دعوت الی اللہ,宣教,अल्लाह की ओर बुलाना,La predicazione della fede in Allah,دعوت در راه الله,ወደ አላህ መጣራት,Allaha dəvət,Pozivanje Allahu,Výzva k Bohu,Kira zuwa ga Allah,بانگەوازی کردن بۆ لای خوای گەورە,Oproep tot Allah,د الله تعالی لورې ته بلنه,Chemarea la Allah (Dawah),අල්ලාහ් වෙත ඇරයුම,Diinta oo Dadka loogu yeero,Thirrja drejt Allahut (daveti),Att kalla till Allah,Kulingania na kuelekeza kwa Mungu.,Даъват ба суи Аллоҳ,การเรียกร้องเชิญชวนไปสู่อัลลอฮฺ,ئاللاھ تەرەپكە دەۋەت قىلىش,Аллоҳга даъват,Mời gọi đến với Allah,Ipepe soju ọna Ọlọhun,calling-to-allah-(da‘wah)-en
326,6,الأمر بالمعروف والنهي عن المنكر,Enjoining Good and Forbidding Evil,সৎ কাজের আদেশ ও অসৎ কাজ থেকে নিষেধ করা,Das Gute gebieten das Schlechte verbieten,Ordenar el bien y condenar el mal.,L'appel au convenable et l'interdiction du blâmable,Amar Makruf dan Nahi Munkar,നന്മ കൽപ്പിക്കലും തിന്മ വിരോധിക്കലും,A ordem para a pratica do bem e a proibição do mal:,Призыв к одобряемому и запрещение порицаемого,நன்மையை ஏவி தீமையைத் தடுத்தல்,Emr-i Bi'l-Maruf Nehyi Ani'l-Münker,امر بالمعروف و نہی عن المنکر/ نیکی کا حکم کرنا اور برائی سے روکنا,命人行善，止人作恶,भलाई का आदेश देना तथा बुराई से रोकना,L'ordinare il bene e proibire il male,امر به معروف و نهى از منكر,በመልካም ማዘዝና ከመጥፎ መከልከል,Yaxşılığı əmr etmək və pislikdən çəkindirmək,Promicanje dobra i suzbijanje zla,Přikazování vhodného a zakazování zavrženíhodného,Umarni da kyakkyawan Aiki da hani da Mummunan aiki,فەرمان بە چاکە ونەهی لە خراپە,Het bevelen van het goede en het verbieden van het kwade,امر بالمعروف او نهی عن المنکر,Îndemnarea la ce este bun și oprirea de la ce este rău,යහපත අණ කිරීම හා අයහපත වළක්වාලීම,Macruufka oo la faro iyo xumaanta oo la reebo,Thirrja për të mirën dhe ndalimi nga e keqja,Att påbjuda det goda och förbjuda det dåliga,7-Kuamrisha Mema Na Kukataza Mabaya:,Амри ба маъруф ва наҳйи аз мункар,การสั่งใช้ในเรื่องความดีและห้ามปรามความชั่ว,ياخشىلىققا بۇيرۇپ يامانلىقتىن چەكلەش,Амру маъруф наҳий мункар,Bảo ban hành thiện và ngăn điều xấu,Pipa àṣẹ pẹlu daadaa ati kikọ kuro nibi iwa ibajẹ,enjoining-good-and-forbidding-evil-en
327,6,السياسة الشرعية,Shariah-approved Politics,শর‘ঈ রাজনীতি,Politik nach islamischem Recht,La política de la Shar’iah.,La politique islamique,Politik Islam,ഇസ്ലാമിക രാഷ്ട്രീയം,A política Islâmica,Шариатская политика,மார்க்க ரீதியான நிர்வாகம்,Şerî Siyaset,شرعی سیاست,合法的政策,शरई राजनीति,La politica fondata sulla sharia,سياست شرعى,ሸሪዓዊ ፖለቲካ,Şəri siyasət,Šerijatska politika,Islámská politika,Manufofin shari'a,سیاسەتی شەرعی,Islamitisch beleid,شرعي سیاست,Politica acceptată de legea islamică,ඉස්ලාමීය රාජ්ය කටයුතු,Siyaasada Sharciga ah,Politika sheriatike,Islamisk politik,Siasa ya Kisheria.,Сиёсати шаръӣ,การเมืองที่ถูกต้องตามหลักการ,شەرئى سىياسەت,Шарий сиёсат,Chính trị Islam,Òṣèlú ti Sharia,shariah-approved-politics-en
328,6,الثقافة الإسلامية,Islamic Culture,ইসলামী সংস্কৃতি,Islamic Culture,La cultura islámica.,La culture islamique,Kebudayaan Islam,,,Islamic Culture,,İslam Kültürü,اسلامی ثقافت,伊斯兰文化,इस्लामी संस्कृति,,فرهنگ اسلامى,,,Islamska kultura,,Wayewar Musulunci,ڕۆشنبیری ئیسلامی,,,,,,,,,,,,,,,islamic-culture-en
329,325,حكم الدعوة إلى الله,Ruling of Calling to Allah,আল্লাহর দিকে দা‘ওয়াত দেওয়ার বিধান,Einordnung der Da`wah - des Rufes zu Allah nach islamischem Recht,La norma por la predicación (da’wa) hacia Al-lah.,Le jugement de la prédication à Allah,Hukum Berdakwah,അല്ലാഹുവിലേക്കുള്ള പ്രബോധനത്തിൻ്റെ വിധി,A sentença do chamamento até ALLAH,Шариатское законоположение о призыве к Аллаху,அல்லாஹ்வின் பக்கம் அழைப்பதன் சட்டம்,Allah'a Davet Etmenin Hükmü,دعوت الی اللہ کا حکم,宣教的律例,अल्लाह की ओर बुलाने का हुक्म,La sentenza riguardo alla predicazione della fede in Allah,حكم دعوت در راه الله,ወደ አላህ የመጣራት ፍርድ,Allaha dəvət etməyin hökmü,Status pozivanja Allahu,Pravidlo výzvy k Bohu,Hukuncin kira Zuwa ga Allah,حوکمی بانگەوازی کردن بۆ لای خوای گەورە,De regelgeving betreft predikers,د الله تعالی لورې ته د بلنې حکم,Reglementări privind chemarea la Allah,අල්ලාහ් වෙත ඇරයුම් කිරීමේ නීතිය,Xugunka dadka oo diinta loogu yeero,Dispozita e davetit (thirrjes drejt Allahut),Bestämmelsen för att kalla till Allah,Hukumu ya Kulingania na kuelekeza kwa Mungu.,Ҳукми даъват дар роҳи Худо,หุก่มการเรียกร้องเชิญชวนไปสู่อัลลอฮฺ,ئاللاھ تەرىپىگە دەۋەت قىلىشنىڭ ھۆكمى,Аллоҳга даъватнинг ҳукми,Giáo luật mời gọi đến với Allah,Idajọ pipepe soju ọna Ọlọhun,ruling-of-calling-to-allah-en
330,325,فضل الدعوة إلى الله,,,,,,,,,,,,,,,,,,,,,,,,,,,,,,,,,,,,,category-330
331,325,آداب الدعوة إلى الله,Manners of Calling to Allah,আল্লাহর দিকে দা‘ওয়াত দেওয়ার আদব,Manners of Calling to Allah,Las etiquetas de la predicación (da’wa) hacia Al-lah.,La bienséance dans la prédication à Allah,Adab Berdakwah,,,Этикет призыва к Аллаху,,Allah'a Davet Etme Adabı,دعوت الی اللہ کے آداب,宣教的礼节,अल्लाह की ओर बुलाने के आदाब,,آداب دعوت در راه الله,,,Pravila pozivanja Allahu,,,ئادابەکانی بانگەوازی کردن بۆ لای خوای گەورە,,,,අල්ලාහ් වෙත ඇරයුම් කිරීමේ ආචාරධර්ම,,,,,,,ئاللاھ تەرىپىگە دەۋەت قىلىش ئەخلاقلىرى,,,,manners-of-calling-to-allah-en
332,325,أصول الدعوة إلى الله,Washing the Dead,,Washing the Dead,Washing the Dead,Washing the Dead,Washing the Dead,,,Washing the Dead,,Washing the Dead,Washing the Dead,,,,Washing the Dead,,,,,,,,,,,,,,,,,,,,,category-332
333,325,شروط الدعوة إلى الله,Method of Praying over the Dead,,Method of Praying over the Dead,Method of Praying over the Dead,Method of Praying over the Dead,Method of Praying over the Dead,,,Method of Praying over the Dead,,Method of Praying over the Dead,Method of Praying over the Dead,,,,Method of Praying over the Dead,,,,,,,,,,,,,,,,,,,,,category-333
334,325,سير الدعاة وواجباتهم,Backgrounds and Duties of the Callers to Allah,আল্লাহর দিকে আহ্বানকারীদের আদর্শ ও দায়িত্বসমূহ,Backgrounds and Duties of the Callers to Allah,Biografías de los predicadores (du’at) y sus deberes.,La biographies des précheurs et leurs obligations,Perilaku dan Kewajiban Da'i,,A jornada dos pregadores e suas obrigações,Образ действий проповедников и их обязанности,,Davetçilerin Hayatı ve Görevleri,داعی الی اللہ کی سوانح حیات اور ان کی ذمہ داریاں,宣教者的品行和义务,आह्वानकर्ताओं का आचरण तथा उनके कर्तव्य,,سرگذشت دعوتگران و وظيفه هايشان,የዳዒዎች ታሪክና ግዴታቸው,,Biografije islamskih misionara i njihove dužnosti,,Tarihin Masu kira da Ayyukansu,ڕێبازی بانگخوازان و واجبەکانی سەرشانیان,De levensloop van predikers en hun verantwoordelijkheden,,Conduita și îndatoririle predicatorilor care cheamă la Allah,ඇරයුම්කරුන්වන්ගේ චරිතාපදානය සහ ඔවුන්ගේ වගකීම්,,,,Mwenendo wa maduati na uwajibu wao.,,การประพฤติปฏิบัติของผู้ทำการเรียกร้องไปสู่อัลลอฮฺและหน้าที่รับผิดชอบของพวกเขา,,,Đường lối và trách nhiệm của người truyền giáo,,backgrounds-and-duties-of-the-callers-to-allah-en
335,135,Consolation,Consolation,,Consolation,Consolation,Consolation,Consolation,,,Consolation,,Consolation,Consolation,,,,Consolation,,,,,,,,,,,,,,,,,,,,,consolation
336,325,التعريف بالإسلام,Visiting the Graves,,Visiting the Graves,Visiting the Graves,Visiting the Graves,Visiting the Graves,,,Visiting the Graves,,Visiting the Graves,Visiting the Graves,,,,Visiting the Graves,,,,,,,,,,,,,,,,,,,,,category-336
337,135,Doing Good Deeds on behalf of the Deceased and Gifting them the Reward,Doing Good Deeds on behalf of the Deceased and Gifting them the Reward,,Doing Good Deeds on behalf of the Deceased and Gifting them the Reward,Doing Good Deeds on behalf of the Deceased and Gifting them the Reward,Doing Good Deeds on behalf of the Deceased and Gifting them the Reward,Doing Good Deeds on behalf of the Deceased and Gifting them the Reward,,,Doing Good Deeds on behalf of the Deceased and Gifting them the Reward,,Doing Good Deeds on behalf of the Deceased and Gifting them the Reward,Doing Good Deeds on behalf of the Deceased and Gifting them the Reward,,,,Doing Good Deeds on behalf of the Deceased and Gifting them the Reward,,,,,,,,,,,,,,,,,,,,,doing-good-deeds-on-behalf-of-the-deceased-and-gifting-them-the-reward
338,325,فضل الإسلام ومحاسنه,Excellence and Merits of Islam,ইসলামের ফযীলত ও তার সৌন্দর্য,Die Vorzüge des Islams und seine Besonderheiten,La virtud del Islam y sus buenas cualidades.,Le mérite de l'Islam et ses qualités,Keutamaan dan Keindahan Islam,ഇസ്ലാമിൻ്റെ ശ്രേഷ്ഠതയും നന്മകളും,A virtude do Islam e sua beleza,Достоинство и заслуги ислама,இஸ்லாத்தின் சிறப்பும் சிறப்பம்சங்களும்,İslam'ın Fazileti ve Güzellikleri,اسلام کی فضیلت اور اس کی خوبیاں,伊斯兰教的美德和好处,इस्लाम की विशिष्टता तथा गुण,L'eccellenza dell'Islam e i suoi pregi,فضيلت اسلام و محاسن آن,የኢስላም ደረጃና ውበቶቹ,İslamın fəziləti və onun gözəllikləri,Vrijednost i ljepote islama,Přednosti a zásluhy Islámu,Falalar musulunci da kyawawan koyarwarsa,فەزڵی وجوانیەکانی ئاینی ئیسلام,De verdiensten van de islam en zijn schoonheden,د اسلام او د اسلام د ښېګڼو فضیلت,Excelența și virtuțile islamului,ඉස්ලාම්හි මහිමය හා එහි පවතින අලංකාරයන්,Fadliga Islaamka iyo wanaagiisa,Vlera dhe bukuritë e fesë islame,Islams förträfflighet och vackra sidor,Ubora wa uislamu na uzuri wake.,Фазилати Ислом ва маҳосини он,ความประเสริฐและคุณธรรมของอิสลาม,ئىسلامنىڭ ئارتۇقچىلىقى ۋە گۈزەللىكى,Исломнинг фазли ва яхши томонлари,Ân phúc và sự tốt đẹp của Islam,Ọla ti o n bẹ fun Isilaamu ati awọn daadaa rẹ,excellence-and-merits-of-islam-en
339,325,عموم الدين الإسلامي,Universality of Islam,দীন ইসলামের ব্যাপকতা,Die universelle Bedeutung des Islam,La generalidad de la religión islámica.,La généralité de la religion islamique,Universalitas Agama Islam,ഇസ്ലാമിൻ്റെ സമഗ്രത,A globalidade da religião Islâmica,Универсальность исламской религии,இஸ்லாமிய மார்க்கத்தின் பொதுமை,İslam Dininin Geneli,دین اسلام کی ہمہ گیریت,伊斯兰教概述,इस्लाम धर्म की सार्वभौमिकता,L'universalità della religione islamica,عموم دين اسلامى,የኢስላም ሃይማኖት በጥቅሉ,İslam dininin ümumiliyi,Sveobuhvatnost islamske vjere,Náboženství Islámu obecně,Gamewar Musulunci g komai,گشتگیری ئاینی ئیسلام,De algemene principes van de islam,د اسلامي دین عمومیت,Universalitatea islamului,ඉස්ලාම් දහමෙහි පොදුභාවය,Diinta Islaamka Guud ahaan,Feja e përgjithshme islame,Religionen islam riktar sig till alla,Kuenea kwa dini ya uislamu.,,เรื่องทั่วไปของศาสนาอิสลาม,ئىسلام دىنىنىڭ ئومۇملىقى,Ислом динининг умумийлиги,Tổng quát về tôn giáo Islam,Ijẹ gbogbogboo ẹsin Isilaamu,universality-of-islam-en
340,325,حقوق الإنسان في الإسلام,Human Rights in Islam,ইসলামে মানবাধিকার,Menschenrechte im Islam,Los derechos humanos en el Islam.,Les droits de l'homme en Islam,Hak-hak Manusia dalam Islam,ഇസ്ലാമിലെ മനുഷ്യാവകാശങ്ങൾ,Direitos humanos no Isslam,Права человека в исламе,இஸ்லாத்தில் மனித உரிமைகள்,İslamda İnsan Hakları,اسلام میں انسان کے حقوق,伊斯兰教的人权,इस्लाम में मानव के अधिकार,I diritti dell'uomo nell'Islam,حقوق انسان در اسلام,የሰው መብቶች በኢስላም,İslamda insan haqqları,Prava čovjeka prema islamskom učenju,Lidská práva v Islámu,Haqqin Xan Adam a Musulunci,مافەکانی مرۆڤ لە ئیسلامدا,Mensenrechten in de islam,په اسلام کې د انسان حقونه,Drepturile omului în islam,ඉස්ලාම්හි මානව අයිතිවාසිකම්,Islaamku xuquuqda uu siiyey iinsaanka,Të drejtat e njeriut sipas Islamit,Mänskliga rättigheter i islam,Haki za Mwanadamu katika uislamu,,สิทธิมนุษยชนในอิสลาม,ئىسلامدىكى ئىنسان ھەقلىرى,Исломда инсонларнинг ҳуқуқлари,Nhân quyền trong Islam,Awọn ẹtọ eniyan ninu Isilaamu,human-rights-in-islam-en
341,325,حقوق الحيوان في الإسلام,Animal Rights in Islam,ইসলামে জীব-জন্তুর অধিকার,Animal Rights in Islam,Los derechos de los animales en el Islam.,Les droits des animaux en Islam,Hak-hak Hewan dalam Islam,,Direitos humanos no Isslam,Права животных в исламе,இஸ்லாத்தில் மிருக உரிமைகள்,İslamda Hayvan Hakları,اسلام میں جانوروں کے حقوق,伊斯兰教中动物的权利,इस्लाम में जानवरों के अधिकार,,حقوق حيوان در اسلام,የእንስሳ መብቶች በኢስላም,,Prava životinja prema islamskom učenju,,Haqqin Dabbobi a Musulunci,مافەکانی ئاژەڵ لە ئیسلامدا,Dierenrechten in de islam,,Drepturile animalelor în islam,ඉස්ලාම්හි සත්ව අයිතිවාසිකම්,,,,Haki za Mwanadamu katika uislamu,,สิทธิของสัตว์ในศาสนาอิสลาม,ئىسلامدىكى ھايۋاناتلار ھەقلىرى,,Quyền của động vật trong Islam,,animal-rights-in-islam-en
342,136,Zakah of Land Produce,Zakah of Land Produce,,Zakah of Land Produce,Zakah of Land Produce,Zakah of Land Produce,Zakah of Land Produce,,,Zakah of Land Produce,,Zakah of Land Produce,Zakah of Land Produce,,,,Zakah of Land Produce,,,,,,,,,,,,,,,,,,,,,zakah-of-land-produce
343,136,Zakat-ul-Fitr (Minor-Eid Charity),Zakat-ul-Fitr (Minor-Eid Charity),,Zakat-ul-Fitr (Minor-Eid Charity),Zakat-ul-Fitr (Minor-Eid Charity),Zakat-ul-Fitr (Minor-Eid Charity),Zakat-ul-Fitr (Minor-Eid Charity),,,Zakat-ul-Fitr (Minor-Eid Charity),,Zakat-ul-Fitr (Minor-Eid Charity),Zakat-ul-Fitr (Minor-Eid Charity),,,,Zakat-ul-Fitr (Minor-Eid Charity),,,,,,,,,,,,,,,,,,,,,zakat-ul-fitr-minor-eid-charity
344,326,حكم الأمر بالمعروف والنهي عن المنكر,Ruling of Enjoining Good and Forbidding Evil,সৎ কাজের আদেশ ও অসৎ কাজ থেকে নিষেধ করার বিধান,Einordnung der Aufgabe das Gute zu gebieten und das Schlechte zu verbieten nach islamischem Recht,La norma de ordenar el bien y condenar el mal.,Le jugement de l'appel au convenable et de l'interdiction au blâmable,Hukum Amar Makruf dan Nahi Munkar,നന്മ കൽപ്പിക്കുകയും തിന്മ വിരോധിക്കുകയും ചെയ്യുന്നതിൻ്റെ വിധി,A ordem para a pratica do bem e a proibição do mal:,Шариатское законоположение о призыве к одобряемому и запрещению порицаемого,நன்மையை ஏவி தீமையைத் தடுத்தலின் சட்டம்,Emr-i Bi'l-Maruf Nehyi Ani'l-Münkerin Hükmü,امر بالمعروف اور نہی عن المنکر کا حکم,命人行善，止人作恶的律例,भलाई का आदेश देने तथा बुराई से रोकने का हुक्म,La sentenza riguardo all'ordinare il bene e proibire il male,حكم امر به معروف و نهى از منكر,በመልካም የማዘዝና ከመጥፎ የመከልከል ፍርድ,Yaxşılığı əmr etməyin və pislikdən çəkindirməyin hökmü,Propis promicanja dobra i suzbijanje zla,Pravidlo nařizování vhodného a zakazování zavrženíhodného,Hukuncin Umarni da kyakkyawan aiki da hani da Mummunan aiki,حوکمی فەرمان بە چاکە ونەهی لە خراپە,De regelgeving betreft het bevelen van het goede en het verbieden van het kwade,د امر بالمعروف او نهی عن المنکر حکمونه,Reglementări privind îndemnarea la ceea ce este bun și oprirea de la ceea ce este rău,යහපත අණ කර අයහපත වළක්වාලීමේ නීතිය,Xugunka macruufka oo la faro iyo xumaanta oo la reebo,Dispozita e urdhërimit për të mirën dhe e ndalimit nga e keqja,Bestämmelsen för att påbjuda det goda och förbjuda det dåliga,7- Hukumu ya kuamrisha Mema Na Kukataza Mabaya:,Ҳукми амри ба маъруф ва наҳйи аз мункар,หุก่มการสั่งใช้ในเรื่องความดีและห้ามปรามความชั่ว,ياخشىلىققا بۇيرۇپ يامانلىقتىن چەكلەشنىڭ ھۆكمى,Амру маъруф наҳий мункарнинг ҳукми,Giáo luật về việc bảo ban hành thiện và ngăn điều xấu,Idajọ pipa àṣẹ pẹlu daadaa ati kikọ kuro nibi iwa ibajẹ,ruling-of-enjoining-good-and-forbidding-evil-en
345,326,فضل الأمر بالمعروف والنهي عن المنكر,Excellence of Enjoining Good and Forbidding Evil,সৎ কাজের আদেশ ও অসৎ কাজ থেকে নিষেধ করার ফযীলত,Die besondere Bedeutung das Gute zu gebieten das Schlechte zu verbieten,La virtud de ordenar el bien y condenar el mal.,Le mérite de l'appel au convenable et de l'interdiction au blâmable,Keutamaan Amar Makruf dan Nahi Munkar,നന്മ കൽപ്പിക്കുകയും തിന്മ വിരോധിക്കുകയും ചെയ്യുന്നതിൻ്റെ ശ്രേഷ്ഠത,A virtude da pratica do bem e da proibição do mal:,Достоинство призыва к одобряемому и запрещению порицаемого,நன்மையை ஏவி தீமையைத் தடுத்தலின் சிறப்பு,Emr-i Bi'l-Maruf Nehyi Ani'l-Münkerin Fazileti,امر بالمعروف اور نہی عن المنکر کی فضیلت,命人行善，止人作恶的美德,भलाई का आदेश देने तथा बुराई से रोकने की फ़ज़ीलत,,فضيلت امر به معروف و نهى از منكر,በመልካም የማዘዝና ከመጥፎ የመከልከል ደረጃ,Yaxşılığı əmr etməyin və pislikdən çəkindirməyin fəziləti,Vrijednost promicanja dobra i suzbijanja zla,Přednosti(užitek) nařizování vhodného a zakazování zavrženíhodného,Falalar Umarni da kyakkyawan aiki da hani da Mummuna,فەزڵی فەرمان بە چاکە ونەهی لە خراپە,Deugdzaamheid van het bevelen van het goede en het verbieden van het kwaad,د امر بالمعروف او نهی عن المنکر فضیلت,Excelența îndemnării la ceea ce este bun și a opririi de la ceea ce este rău,යහපත අණ කර අයහපත වළක්වාලීමේ මහිමය,Fadliga macruufka oo la faro iyo xumaanta oo la reebo,Vlera e urdhërimit për të mirën dhe e ndalimit nga e keqja,Förträffligheten i att påbjuda det goda och förbjuda det dåliga,7-fadhila na ubora wa kuamrisha Mema Na Kukataza Mabaya:,,ความประเสริฐของการสั่งใช้ในเรื่องความดีและห้ามปรามความชั่ว,ياخشىلىققا بۇيرۇپ يامانلىقتىن چەكلەشنىڭ پەزىلىتى,Амру маъруф наҳий мункарнинг фазли,Ân phúc việc bảo ban hành thiện và ngăn điều xấu,Ọla ti o n bẹ fun pipa àṣẹ pẹlu daadaa ati kikọ kuro nibi iwa ibajẹ,excellence-of-enjoining-good-and-forbidding-evil-en
346,326,آداب الأمر بالمعروف والنهي عن المنكر,Manners of Enjoining Good and Forbidding Evil,সৎ কাজের আদেশ ও অসৎ কাজ থেকে নিষেধ করার আদব,Manners of Enjoining Good and Forbidding Evil,Las etiquetas de ordenar el bien y condenar el mal.,La bienséance quand on appelle au convenable et quand on interdit le blâmable,Adab-adab Amar Makruf dan Nahi Munkar,നന്മ കൽപ്പിക്കുകയും തിന്മ വിരോധിക്കുകയും ചെയ്യുന്നതിൻ്റെ മര്യാദകൾ,A ordem para a pratica do bem e a proibição do mal:,Этикет призыва к одобряемому и запрещению порицаемого,,Emr-i Bi'l-Maruf Nehyi Ani'l-Münkerin Adabı,امر بالمعروف اور نہی عن المنکر کے آداب,命人行善，止人作恶的礼节,भलाई का आदेश देने तथा बुराई से रोकने के आदाब,,آداب امر به معروف و نهى از منكر,በመልካም የማዘዝና ከመጥፎ የመከልከል ስነ-ስርዓት,,Pravila prilikom promicanja dobra i suzbijanje zla,,Ladaban Umarni da kyakkyawan aiki da hani da Mummuna,ئادابەکانی فەرمان بە چاکە ونەهی لە خراپە,Etiquette van het bevelen van het goede en het verbieden van het kwaad,,Manierele îndemnării la ceea ce este bun și opririi de la ceea ce este rău,යහපත අණ කර අයහපත වළක්වාලීමේ ආචාරධර්ම,,,,7- Adabu za kuamrisha Mema Na Kukataza Mabaya:,,มารยาทในการสั่งใช้ในเรื่องความดีและห้ามปรามความชั่ว,ياخشىلىققا بۇيرۇپ يامانلىقتىن چەكلەش ئەخلاقى,,Phép tắc hành xử trong việc bảo ban hành thiện và ngăn điều xấu,,manners-of-enjoining-good-and-forbidding-evil-en
347,326,أصول الأمر بالمعروف والنهي عن المنكر,Principles of Enjoining Good and Forbidding Evil,সৎ কাজের আদেশ ও অসৎ কাজ থেকে নিষেধ করার নীতিমালা,Principles of Enjoining Good and Forbidding Evil,Los fundamentos de ordenar el bien y condenar el mal.,Les fondements de l'appel au convenable et de l'interdiction au blâmable,Principles of Enjoining Good and Forbidding Evil,,,Методология призыва к одобряемому и запрещению порицаемого,,Emr-i Bi'l-Maruf Nehyi Ani'l-Münkerin Usûlü,امر بالمعروف اور نہی عن المنکر کے اصول,命人行善，止人作恶的基础,,Principles of Enjoining Good and Forbidding Evil,پايه هاى امر به معروف و نهى از منكر,Principles of Enjoining Good and Forbidding Evil,Principles of Enjoining Good and Forbidding Evil,Osnova promicanja dobra i suzbijanja zla,Principles of Enjoining Good and Forbidding Evil,,,Principles of Enjoining Good and Forbidding Evil,,Principles of Enjoining Good and Forbidding Evil,,Principles of Enjoining Good and Forbidding Evil,,Principles of Enjoining Good and Forbidding Evil,,Principles of Enjoining Good and Forbidding Evil,,,Principles of Enjoining Good and Forbidding Evil,,Principles of Enjoining Good and Forbidding Evil,principles-of-enjoining-good-and-forbidding-evil-en
348,326,شروط الأمر بالمعروف والنهي عن المنكر,Requirements of Enjoining Good and Forbidding Evil,সৎ কাজের আদেশ ও অসৎ কাজ থেকে নিষেধ করার শর্তসমূহ,Requirements of Enjoining Good and Forbidding Evil,Las términos de ordenar el bien y condenar el mal.,Les conditions de l'appel au convenable et de l'interdiction au blâmable,Syarat-syarat Amar Makruf dan Nahi Munkar,,,Условия призыва к одобряемому и запрещению порицаемого,,Emr-i Bi'l-Maruf Nehyi Ani'l-Münkerin Şartları,امر بالمعروف اور نہی عن المنکر کی شرائط,命人行善，止人作恶的条件,भलाई का आदेश देने तथा बुराई से रोकने की शर्तें,,شرط هاى امر به معروف و نهى از منكر,,,Uslovi promicanja dobra i suzbijanja zla,,Sharaxan Umarni da kyakkyawan aiki da hani da Mummuna,مەرجەکانی فەرمان بە چاکە ونەهی لە خراپە,,,,,,,,,,,ياخشىلىققا بۇيرۇپ يامانلىقتىن چەكلەشنىڭ شەرتلىرى,,Điều kiện cần có cho việc bảo ban hành thiện và ngăn điều xấu,,requirements-of-enjoining-good-and-forbidding-evil-en
349,326,أحكام ومسائل متعلقة بالأمر بالمعروف والنهي عن المنكر,Rulings and Issues of Enjoining Good and Forbidding Evil,সৎ কাজের আদেশ ও অসৎ কাজ থেকে নিষেধ করা সংক্রান্ত মাসআলা ও বিধান,Rulings and Issues of Enjoining Good and Forbidding Evil,Normas y cuestiones relativas a ordenar el bien y condenar el mal.,Jugements et questions liés à l'appel au convenable et à l'interdiction au blâmable,Berbagai Hukum dan Perkara Terkait Amar Makruf dan Nahi Mungkar,,,"Законоположения и вопросы, касающиеся призыва к одобряемому и запрещению порицаемого",,Emr-i Bi'l-Maruf Nehyi Ani'l-Münkerle Alakalı Mesele ve Hükümler,امر بالمروف اور نہی عن المنکر سے متعلق کچھ احکام اور مسائل,有关命人行善，止人作恶的律例和问题,भलाई का आदेश देने तथा बुराई से रोकने से संबंधित अहकाम एवं मसायल,,احكام و مسائل مربوط به امر به معروف و نهى از منكر,,,Propisi i pitanja vezana za promicanje dobra i suzbijanja zla,,,هەندێک حوکم ومەسەلەی پەیوەست بە فەرمان بە چاکە ونەهی لە خراپە,,,,,,,,,,,,,,,rulings-and-issues-of-enjoining-good-and-forbidding-evil-en
350,327,طرق اختيار الإمام للإمامة الكبرى,Ways of Electing the Supreme Muslim Imam (Ruler),রাষ্ট্র পরিচালনার জন্য রাষ্ট্রপ্রধান নির্বাচন পদ্ধতি,Ways of Electing the Supreme Muslim Imam (Ruler),La metodología de la elección del Imam para el Gran Imamato.,Les voies permettant de choisir l'imam pour la direction générale (le grand Imâmat),Metode Memilih Pemimpin untuk Kepemimpinan Tertinggi,,Meios para escolha do líder supremo,Пути избрания мусульманского правителя,,Baş Yöneticilik İçin Yönetici Seçme Yöntemleri,امامت کبری کے لئے امام منتخب کرنے کے طریقے,选择作为领袖的伊玛目的方法,इमाम (शासनाध्यक्ष) के चयन के तरीक़े,,راه هاى انتخاب رهبرى ملت,,,Način biranja vođe,,Hanyoyin zavar Shugaba don Babban Shugabanci,ڕێگاکانی هەڵبژاردنی پێشەوا بۆ پێشەوایەتی گەورە (الإمامة الكبري),Methoden voor het selecteren van de imam voor het grote leiderschap,,,,,,,,,รูปแบบการเลือกผู้นำ เพื่อมาเป็นผู้นำสูงสุด,ئالى رەھبەر تاللاشنىڭ يولى,,Cách tuyển chọn lãnh đạo tối cao,,ways-of-electing-the-supreme-muslim-imam-(ruler)-en
351,327,شروط الإمامة العظمى,Requirements of the Supreme Imamate (Leadership),রাষ্ট্র পরিচালনার শর্তাবলী,Vorraussetzungen für den Imam - den islamischen Herrscher,Los términos del Gran Imamato.,Les conditions du grand Imâmat,Syarat-syarat Kepemimpinan Tertinggi,ഇസ്ലാമിക ഖലീഫയുടെ നിബന്ധനകൾ,Condições para a liderança suprema,Условия правления мусульманами,நாட்டுத் தலைமைக்கான நிபந்தனைகள்,Baş Yöneticiliğin Şartları,امامت عظمی کی شرائط,作为领袖的条件,इमामत-ए-कुबरा (शासनाध्यक्ष का पद संभालने) की शर्तें,I requisiti per l'alto califfato,شرط هاى رهبرى ملت,የመሪነት መስፈርቶች,Böyük imamlığın şərtləri,Uslovi za uspostavu vlasti,Podmínky Imáma jako vládce,Sharaxan Babban Shugabanci,مەرجەکانی پێشەوای گەورە (الإمام الأعظم),Voorwaarden voor het grote leiderschap,د لوی امامت لپاره شرطونه,Condițiile obligatorii pentru deținerea conducerii islamice supreme,පරිපාලනය සඳහා කොන්දේසි,Shuruuda Imaamada wayn,Kushtet e të qenit prijës i muslimanëve,Villkor för det högsta ledarskapet,Masharti ya kiongozi mkuu.,Шартҳои роҳбари миллат (имомати узмо),เงื่อนไขของการเป็นผู้นำสูงสุด,ئالى رەھبەرنىڭ شەرتلىرى,Халифалик шартлари,Các điều kiện cần có của lãnh đạo tối cao,Awọn majẹmu jijẹ imam ti o tobi,requirements-of-the-supreme-imamate-(leadership)-en
352,327,واجبات الإمام,Duties of the Imam,রাষ্ট্রপ্রধানের দায়িত্ব-কর্তব্য,Aufgaben des Imam - des islamischen Herrschers,Los deberes del Imam.,Les devoirs de l'imam,Kewajiban-kewajiban Pemimpin,ഇസ്ലാമിക ഭരണാധികാരിയുടെ മേലുള്ള ബാധ്യതകൾ,Deveres do líder,Обязанности мусульманского правителя,நாட்டுத் தலைவரின் கடமைகள்,Yöneticinin Görevleri,امام کے واجبات,伊玛目的义务,इमाम (शासनाध्यक्ष) के उत्तरदायित्व,I doveri dell'imam (governante),وظيفه هاى رهبر,የመሪ ግዴታዎች,İmamın vəzifələri,Dužnosti vođe,Povinnosti Imáma jako vládce,Abubuwan da suka Wajaba kan Shugaba,واجبەکانی ئیمام (پێشەوا),Plichten van de imam,د امام واجبات,Obligațiile conducătorului,පාලකයකු සතු වගකීම්,Waajibaatka Imaamka,Detyrat e prijësit,Ledarens förpliktelser,Uwajibu wa Kiongozi.,,หน้าที่ของอิหม่าม,ئالى رەھبەرنىڭ مەجبۇرىيتى,Халифанинг вожиботлари,Các nhiệm vụ của lãnh đạo,Awọn ojúṣe imam,duties-of-the-imam-en
353,327,حق الإمام على الرعية,Imam's Rights over the Subjects,নাগরিকদের ওপর রাষ্ট্রপ্রধাণের অধিকার,Rechte des Imam - des islamischen Herrschers gegenüber seines Volkes,Los derechos del Imam sobre la gente que dirige.,Le droit de l'imam envers ses sujets,Hak Pemimpin atas Rakyat,ഭരണീയർക്ക് ഭരണാധികാരിയോടുള്ള ബാധ്യതകൾ,O direito do líder sobre o povo,Права мусульманского правителя над своими подданными,தலைவருக்கு பிரஜைகள் ஆற்றவேண்டிய கடமைகள்,Halkına Karşı Yöneticinin Hakkı,امام کے رعیت پر حقوق,伊玛目对老百姓的责任,जनता पर इमाम (शासनाध्यक्ष) का अधिकार,Il diritto dell'imam sulla sua gente,حقوق رهبر در برابر ملت,መሪ በህዝብ ላይ ያሉት መብቶች,İmamın rəiyyət üzərində olan haqqı,Obaveze ljudi spram vođe,Práva Imáma(vládce) vůči lidu,Haqqin Shugaba kan Talakawa,مافی پێشەوا لەسەر دانیشتوان,Het recht van de imam tegenover zijn onderdanen,د امام حق په رعیت,Drepturile conducătorului asupra celor conduși de el,පාලිතයන් කෙරෙහි පාලකයකුගේ යුතුකම,Imam's Rights over the Subjects,Detyrat e popullit ndaj prijësit,Ledarens rättighet över befolkningen,Haki ya kiongozi kwa Raia.,Ҳаққи имом (ҳоким) дар баробари раъият,สิทธิที่ผู้นำต้องได้รับจากประชาชนของตัวเอง,ئالى رەھبەرنىڭ خەلق ئۈستىدىكى ھەققى,Халқ олдида халифанинг ҳақлари,Quyền hạn của lãnh đạo đối với dân chúng,Iwọ imam lori awọn ero ẹyin,imam's-rights-over-the-subjects-en
354,327,الخروج على الإمام,Rebelling against the Muslim Ruler,রাষ্ট্রপ্রধানের বিরুদ্ধে বিদ্রোহ করা,Aufstand gegen den islamischen Herrscher,Rebelarse contra el Imam.,La révolte contre l'autorité de l'imam,Pembangkangan Terhadap Pemimpin,ഭരണാധികാരിക്കെതിരെ പുറപ്പെടൽ,Rebelião contra o líder,Восстание против мусульманского правителя,நாட்டுத் தலைவருக்கெதிரான கிளர்ச்சி,Yöneticiye Karşı Ayaklanma,امام کے خلاف بغاوت,背叛伊玛目,इमाम (शासनाध्यक्ष) के विरुद्ध विद्रोह,Il ribellarsi contro l'imam,قيام كردن برعليه رهبر,በመሪ ላይ ማመፅ,İmama qarşı çıxmaq,Pobuna protiv vlasti,Vzpoura proti vládci (Imámovi),Yi wa Shugaba Tawaye,دەرچوون دژی پێشەوا (ئیمام),Opstand tegen de imam,پر امام خروج (کودتاه پرې کول),Revoltarea împotriva conducătorului musulman,පාලකයාට එරෙහි ව නික්ම යෑම,Imaamka oo lala dagaalo,Ngritja kundër prijësit,Att göra uppror mot ledaren,Kutoka kwa ajili ya kumpinga kiongozi.,,การแยกตัวออกจากผู้นำ,يولباشچىغا قارشى چىقىش,Халифа ва амирларга қарши чиқиш,Nổi loạn rời bỏ lãnh đạo,Jijade si imam,rebelling-against-the-muslim-ruler-en
355,327,العلاقات الدولية في الإسلام,International Relations in Islam,ইসলামে আন্তর্জাতিক সম্পর্ক,International Relations in Islam,Las relaciones internacionales en el Islam.,Les relations entre états dans l'Islam,Hubungan Internasional dalam Pandangan Islam,,Relações internacionais no Islam,Международные отношения в исламе,,İslamda Devlet İlişkileri,اسلام میں عالمی تعلقات,伊斯兰的国际关系,इस्लाम की नज़र में अंतरराष्ट्रीय संबंध,,روابط بين الملل در اسلام,,,Međudržavni odnosi u islamu,,Hulxar zamantakewa ta Duniya a Musulunci,پەیوەندییە نێودەوڵەتیەکان لە ئیسلامدا,,,,ඉස්ලාමයේ ජාත්යන්තර සබඳතා,,,,Mahusiano ya ki nchi katika uislamu.,,,,,,,international-relations-in-islam-en
356,327,نظام الشورى في الإسلام,Consultation System in Islam,ইসলামে শূরা পদ্ধতি,Consultation System in Islam,La estructura de la Shura en el Islam.,Le règlement de la consultation en Islam,Sistem Musyawarah dalam Islam,,,Совещательный орган в исламе,,İslamda Şura Nizamı,اسلام میں شورائی نظام,伊斯兰的协商制度,इस्लाम में प्रामर्श व्यवस्था,,نظام شورى در اسلام,,,Princip dogovaranja u islamu,,Tsarin Shura a Musulunci,,,,,,,,,,,,,,,,consultation-system-in-islam-en
357,137,What is Disliked for the Fasting Person,What is Disliked for the Fasting Person,,What is Disliked for the Fasting Person,What is Disliked for the Fasting Person,What is Disliked for the Fasting Person,What is Disliked for the Fasting Person,,,What is Disliked for the Fasting Person,,What is Disliked for the Fasting Person,What is Disliked for the Fasting Person,,,,What is Disliked for the Fasting Person,,,,,,,,,,,,,,,,,,,,,what-is-disliked-for-the-fasting-person
358,137,Voluntary Fasting,Voluntary Fasting,,Voluntary Fasting,Voluntary Fasting,Voluntary Fasting,Voluntary Fasting,,,Voluntary Fasting,,Voluntary Fasting,Voluntary Fasting,,,,Voluntary Fasting,,,,,,,,,,,,,,,,,,,,,voluntary-fasting
359,137,Seclusion for Worship in Ramadaan (I‘tikaaf),Seclusion for Worship in Ramadaan (I‘tikaaf),,Seclusion for Worship in Ramadaan (I‘tikaaf),Seclusion for Worship in Ramadaan (I‘tikaaf),Seclusion for Worship in Ramadaan (I‘tikaaf),Seclusion for Worship in Ramadaan (I‘tikaaf),,,Seclusion for Worship in Ramadaan (I‘tikaaf),,Seclusion for Worship in Ramadaan (I‘tikaaf),Seclusion for Worship in Ramadaan (I‘tikaaf),,,,Seclusion for Worship in Ramadaan (I‘tikaaf),,,,,,,,,,,,,,,,,,,,,seclusion-for-worship-in-ramadaan-i‘tikaaf
360,137,Last Ten Days of Ramadaan,Last Ten Days of Ramadaan,,Last Ten Days of Ramadaan,Last Ten Days of Ramadaan,Last Ten Days of Ramadaan,Last Ten Days of Ramadaan,,,Last Ten Days of Ramadaan,,Last Ten Days of Ramadaan,Last Ten Days of Ramadaan,,,,Last Ten Days of Ramadaan,,,,,,,,,,,,,,,,,,,,,last-ten-days-of-ramadaan
361,138,Obligation of Hajj and ‘Umrah and Ruling of Its Abandoner,Obligation of Hajj and ‘Umrah and Ruling of Its Abandoner,,Obligation of Hajj and ‘Umrah and Ruling of Its Abandoner,Obligation of Hajj and ‘Umrah and Ruling of Its Abandoner,Obligation of Hajj and ‘Umrah and Ruling of Its Abandoner,Obligation of Hajj and ‘Umrah and Ruling of Its Abandoner,,,Obligation of Hajj and ‘Umrah and Ruling of Its Abandoner,,Obligation of Hajj and ‘Umrah and Ruling of Its Abandoner,Obligation of Hajj and ‘Umrah and Ruling of Its Abandoner,,,,Obligation of Hajj and ‘Umrah and Ruling of Its Abandoner,,,,,,,,,,,,,,,,,,,,,obligation-of-hajj-and-‘umrah-and-ruling-of-its-abandoner
362,138,Virtue of Hajj and Umrah,Virtue of Hajj and Umrah,,Virtue of Hajj and Umrah,Virtue of Hajj and Umrah,Virtue of Hajj and Umrah,Virtue of Hajj and Umrah,,,Virtue of Hajj and Umrah,,Virtue of Hajj and Umrah,Virtue of Hajj and Umrah,,,,Virtue of Hajj and Umrah,,,,,,,,,,,,,,,,,,,,,virtue-of-hajj-and-umrah
363,138,First Ten Days of Dhul Hijjah (Twelfth Lunar Month),First Ten Days of Dhul Hijjah (Twelfth Lunar Month),,First Ten Days of Dhul Hijjah (Twelfth Lunar Month),First Ten Days of Dhul Hijjah (Twelfth Lunar Month),First Ten Days of Dhul Hijjah (Twelfth Lunar Month),First Ten Days of Dhul Hijjah (Twelfth Lunar Month),,,First Ten Days of Dhul Hijjah (Twelfth Lunar Month),,First Ten Days of Dhul Hijjah (Twelfth Lunar Month),First Ten Days of Dhul Hijjah (Twelfth Lunar Month),,,,First Ten Days of Dhul Hijjah (Twelfth Lunar Month),,,,,,,,,,,,,,,,,,,,,first-ten-days-of-dhul-hijjah-twelfth-lunar-month
364,138,Rulings of Al-Masjid Al-Haraam; the Prophet's Mosque; and the Aqsa Mosque,Rulings of Al-Masjid Al-Haraam; the Prophet's Mosque; and the Aqsa Mosque,,Rulings of Al-Masjid Al-Haraam; the Prophet's Mosque; and the Aqsa Mosque,Rulings of Al-Masjid Al-Haraam; the Prophet's Mosque; and the Aqsa Mosque,Rulings of Al-Masjid Al-Haraam; the Prophet's Mosque; and the Aqsa Mosque,Rulings of Al-Masjid Al-Haraam; the Prophet's Mosque; and the Aqsa Mosque,,,Rulings of Al-Masjid Al-Haraam; the Prophet's Mosque; and the Aqsa Mosque,,Rulings of Al-Masjid Al-Haraam; the Prophet's Mosque; and the Aqsa Mosque,Rulings of Al-Masjid Al-Haraam; the Prophet's Mosque; and the Aqsa Mosque,,,,Rulings of Al-Masjid Al-Haraam; the Prophet's Mosque; and the Aqsa Mosque,,,,,,,,,,,,,,,,,,,,,rulings-of-al-masjid-al-haraam;-the-prophets-mosque;-and-the-aqsa-mosque
365,328,الحضارة الإسلامية,Islamic Civilization,ইসলামী সভ্যতা,Islamic Civilization,La civilización islámica.,La civilisation islamique,Peradaban Islam,,,Islamic Civilization,,İslam Medeniyeti,اسلامی تہذیب,伊斯兰文明,इस्लामी संस्तकृति,,تمدن اسلامى,,,Islamska civilizacija,,Ci gaba irin na Musulunci,شارستانییەتی ئیسلامی,,,,,,,,,,,,,,,islamic-civilization-en
366,138,Prohibitions of Ihraam,Prohibitions of Ihraam,,Prohibitions of Ihraam,Prohibitions of Ihraam,Prohibitions of Ihraam,Prohibitions of Ihraam,,,Prohibitions of Ihraam,,Prohibitions of Ihraam,Prohibitions of Ihraam,,,,Prohibitions of Ihraam,,,,,,,,,,,,,,,,,,,,,prohibitions-of-ihraam
367,7,السيرة النبوية,Prophet's Biography,নবী জীবনী,Die Biographie des Propheten,Biografía del Profeta.,La biographie du Prophète,Sirah Nabawiyah,നബിചരിത്രം,A biografia profética,Жизнеописание Пророка ﷺ,நபியவர்களின் வாழ்க்கை வரலாறு,Peygamber'in Hayatı,سیرتِ نبوی,先知生平,सीरत-ए-नबवी,La biografia del Profeta,زندگينامه پيامبر صلى الله عليه و سلم,የነቢዩ ታሪክ,Peyğəmbərin (sallallahu aleyhi və səlləm) həyat yolu,Vjerovjesnički životopis,Životopis Proroka,Tarihin Annabi,ژیاننامەی پێغەمبەر ﷺ (سیرەتی پێغەمبەر ﷺ),Het leven van de profeet,نبوي سیرت,Biografia Profetului,නබි තුමාණන්ගේ චරිතාපදානය,Siiradii Nabiga scw.,Jetëshkrimi i Profetit Muhamed ﷺ,Den profetiska biografin,Historia(Sira) ya Bwana Mtume.,Зиндагиномаи Паёмбар (Салому дуруди Аллоҳ бар ӯ бод),ชีวประวัติของท่านนบี,پەيغەمبەرئەلەيھىسسالامنىڭ تەرجىمىھالى,Пайғамбаримиз сийратлари,Tiểu sử Thiên Sứ Muhammad,Itan ti Anabi,prophet's-biography-en
368,7,التاريخ,History,ইতিহাস,Geschichte,Historia.,L'histoire,Tarikh,ചരിത്രം,Data,История,வரலாறு,Tarih,تاریخ,历史,इतिहास,La storia,تاريخ,ታሪክ,Tarix,Povijest,Dějiny,Tarihi,مێژوو,De geschiedenis,تاریخ,Istorie,ඉතිහාසය,Taariikhda,Historia,Historia,Matukio ya Kihistoria.,,ประวัติศาสตร์,تارىخ,Тарих,Lịch sử,Itan,history-en
369,138,Obligations of ‘Umrah,Obligations of ‘Umrah,,Obligations of ‘Umrah,Obligations of ‘Umrah,Obligations of ‘Umrah,Obligations of ‘Umrah,,,Obligations of ‘Umrah,,Obligations of ‘Umrah,Obligations of ‘Umrah,,,,Obligations of ‘Umrah,,,,,,,,,,,,,,,,,,,,,obligations-of-‘umrah
370,138,How to Make Hajj (Pilgrimage),How to Make Hajj (Pilgrimage),,How to Make Hajj (Pilgrimage),How to Make Hajj (Pilgrimage),How to Make Hajj (Pilgrimage),How to Make Hajj (Pilgrimage),,,How to Make Hajj (Pilgrimage),,How to Make Hajj (Pilgrimage),How to Make Hajj (Pilgrimage),,,,How to Make Hajj (Pilgrimage),,,,,,,,,,,,,,,,,,,,,how-to-make-hajj-pilgrimage
371,138,Pillars of Hajj (Pilgrimage),Pillars of Hajj (Pilgrimage),,Pillars of Hajj (Pilgrimage),Pillars of Hajj (Pilgrimage),Pillars of Hajj (Pilgrimage),Pillars of Hajj (Pilgrimage),,,Pillars of Hajj (Pilgrimage),,Pillars of Hajj (Pilgrimage),Pillars of Hajj (Pilgrimage),,,,Pillars of Hajj (Pilgrimage),,,,,,,,,,,,,,,,,,,,,pillars-of-hajj-pilgrimage
372,138,Obligations of Hajj (Pilgrimage),Obligations of Hajj (Pilgrimage),,Obligations of Hajj (Pilgrimage),Obligations of Hajj (Pilgrimage),Obligations of Hajj (Pilgrimage),Obligations of Hajj (Pilgrimage),,,Obligations of Hajj (Pilgrimage),,Obligations of Hajj (Pilgrimage),Obligations of Hajj (Pilgrimage),,,,Obligations of Hajj (Pilgrimage),,,,,,,,,,,,,,,,,,,,,obligations-of-hajj-pilgrimage
373,138,Rulings of the Prophet's Mosque,Rulings of the Prophet's Mosque,,Rulings of the Prophet's Mosque,Rulings of the Prophet's Mosque,Rulings of the Prophet's Mosque,Rulings of the Prophet's Mosque,,,Rulings of the Prophet's Mosque,,Rulings of the Prophet's Mosque,Rulings of the Prophet's Mosque,,,,Rulings of the Prophet's Mosque,,,,,,,,,,,,,,,,,,,,,rulings-of-the-prophets-mosque
374,138,Sacrificial Animals and Expiations,Sacrificial Animals and Expiations,,Sacrificial Animals and Expiations,Sacrificial Animals and Expiations,Sacrificial Animals and Expiations,Sacrificial Animals and Expiations,,,Sacrificial Animals and Expiations,,Sacrificial Animals and Expiations,Sacrificial Animals and Expiations,,,,Sacrificial Animals and Expiations,,,,,,,,,,,,,,,,,,,,,sacrificial-animals-and-expiations
375,138,Sacrifice,Sacrifice,,Sacrifice,Sacrifice,Sacrifice,Sacrifice,,,Sacrifice,,Sacrifice,Sacrifice,,,,Sacrifice,,,,,,,,,,,,,,,,,,,,,sacrifice
376,138,Rulings and Issues of Hajj and ‘Umrah,Rulings and Issues of Hajj and ‘Umrah,,Rulings and Issues of Hajj and ‘Umrah,Rulings and Issues of Hajj and ‘Umrah,Rulings and Issues of Hajj and ‘Umrah,Rulings and Issues of Hajj and ‘Umrah,,,Rulings and Issues of Hajj and ‘Umrah,,Rulings and Issues of Hajj and ‘Umrah,Rulings and Issues of Hajj and ‘Umrah,,,,Rulings and Issues of Hajj and ‘Umrah,,,,,,,,,,,,,,,,,,,,,rulings-and-issues-of-hajj-and-‘umrah
377,139,Ruling of Jihad,Ruling of Jihad,,Ruling of Jihad,Ruling of Jihad,Ruling of Jihad,Ruling of Jihad,,,Ruling of Jihad,,Ruling of Jihad,Ruling of Jihad,,,,Ruling of Jihad,,,,,,,,,,,,,,,,,,,,,ruling-of-jihad
378,139,Excellence of Jihad,Excellence of Jihad,,Excellence of Jihad,Excellence of Jihad,Excellence of Jihad,Excellence of Jihad,,,Excellence of Jihad,,Excellence of Jihad,Excellence of Jihad,,,,Excellence of Jihad,,,,,,,,,,,,,,,,,,,,,excellence-of-jihad
379,139,Categories of Jihad,Categories of Jihad,,Categories of Jihad,Categories of Jihad,Categories of Jihad,Categories of Jihad,,,Categories of Jihad,,Categories of Jihad,Categories of Jihad,,,,Categories of Jihad,,,,,,,,,,,,,,,,,,,,,categories-of-jihad
380,139,Rulings and Issues of Jihad,Rulings and Issues of Jihad,,Rulings and Issues of Jihad,Rulings and Issues of Jihad,Rulings and Issues of Jihad,Rulings and Issues of Jihad,,,Rulings and Issues of Jihad,,Rulings and Issues of Jihad,Rulings and Issues of Jihad,,,,Rulings and Issues of Jihad,,,,,,,,,,,,,,,,,,,,,rulings-and-issues-of-jihad
381,139,Manners of Jihad,Manners of Jihad,,Manners of Jihad,Manners of Jihad,Manners of Jihad,Manners of Jihad,,,Manners of Jihad,,Manners of Jihad,Manners of Jihad,,,,Manners of Jihad,,,,,,,,,,,,,,,,,,,,,manners-of-jihad
382,139,Rulings of Non-Muslims Living in Muslim Country,Rulings of Non-Muslims Living in Muslim Country,,Rulings of Non-Muslims Living in Muslim Country,Rulings of Non-Muslims Living in Muslim Country,Rulings of Non-Muslims Living in Muslim Country,Rulings of Non-Muslims Living in Muslim Country,,,Rulings of Non-Muslims Living in Muslim Country,,Rulings of Non-Muslims Living in Muslim Country,Rulings of Non-Muslims Living in Muslim Country,,,,Rulings of Non-Muslims Living in Muslim Country,,,,,,,,,,,,,,,,,,,,,rulings-of-non-muslims-living-in-muslim-country
383,139,Rulings of Truce and Security,Rulings of Truce and Security,,Rulings of Truce and Security,Rulings of Truce and Security,Rulings of Truce and Security,Rulings of Truce and Security,,,Rulings of Truce and Security,,Rulings of Truce and Security,Rulings of Truce and Security,,,,Rulings of Truce and Security,,,,,,,,,,,,,,,,,,,,,rulings-of-truce-and-security
384,139,Rulings of Terrorism; Assassinations; and Explosions,Rulings of Terrorism; Assassinations; and Explosions,,Rulings of Terrorism; Assassinations; and Explosions,Rulings of Terrorism; Assassinations; and Explosions,Rulings of Terrorism; Assassinations; and Explosions,Rulings of Terrorism; Assassinations; and Explosions,,,Rulings of Terrorism; Assassinations; and Explosions,,Rulings of Terrorism; Assassinations; and Explosions,Rulings of Terrorism; Assassinations; and Explosions,,,,Rulings of Terrorism; Assassinations; and Explosions,,,,,,,,,,,,,,,,,,,,,rulings-of-terrorism;-assassinations;-and-explosions
385,140,Forbidden Sales,Forbidden Sales,,Forbidden Sales,Forbidden Sales,Forbidden Sales,Forbidden Sales,,,Forbidden Sales,,Forbidden Sales,Forbidden Sales,,,,Forbidden Sales,,,,,,,,,,,,,,,,,,,,,forbidden-sales
386,169,Oaths,Oaths,,Oaths,Oaths,Oaths,Oaths,,,Oaths,,Oaths,Oaths,,,,Oaths,,,,,,,,,,,,,,,,,,,,,oaths
387,169,Vows,Vows,,Vows,Vows,Vows,Vows,,,Vows,,Vows,Vows,,,,Vows,,,,,,,,,,,,,,,,,,,,,vows
389,367,نسبه صلى الله عليه وسلم,Prophet's Lineage,রাসূলুল্লাহ সাল্লাল্লাহু আলাইহি ওয়াসাল্লামের বংশলতিকা,Prophet's Lineage,Prophet's Lineage,Prophet's Lineage,Prophet's Lineage,,,Prophet's Lineage,,Prophet's Lineage,Prophet's Lineage,,,,Prophet's Lineage,Prophet's Lineage,,,,,,Prophet's Lineage,,Prophet's Lineage,,,,,,,,,,,,prophet's-lineage-en
390,367,ولادته صلى الله عليه وسلم,,,,,,,,,,,,,,,,,,,,,,,,,,,,,,,,,,,,,category-390
392,367,زوجاته صلى الله عليه وسلم وأحوال بيت النبوة,Prophet's Wives and Family Issues,রাসূলুল্লাহ সাল্লাল্লাহু আলাইহি ওয়াসাল্লামের স্ত্রীগণ ও নবুওয়াতী ঘরের অবস্থা,Prophet's Wives and Family Issues,"Las esposas del Profeta, que Al-lah le bendiga y le dé paz.",Ses épouses (paix et salut sur lui) et les situations dans la maison du Prophète,Istri-istri Nabi -ṣallallāhu 'alaihi wa sallam- dan Kondisi Rumah Tangga Beliau,,As suas esposas e situações na casa da profecia,Жёны Пророка ﷺ и его семейная жизнь,,Peygamber -sallallahu aleyhi ve sellem-'in Hanımları ve Peygamber Evinin Halleri,آپ ﷺ کے ازواج مطہرات اور نبوی گھرانے کے حالات,先知-愿主福安之-的妻子和圣眷情况,आप सल्लल्लाहु अलैहि व सल्लम की पत्नियाँ और आपके घर के हालात,,بانوان پيامبر صلى الله عليه و سلم و اوضاع درون منزلش,የነቢዩ (ሶለላሁ ዐለይሂ ወሰለም) የአላህ ሶላትና ሰላም በእርሳቸው ላይ ይስፈንና ሚስቶችና የነቢዩ ቤት ሁኔታ,,"Supruge Allahova Poslanika, sallallahu alejhi ve selem",,Matansa SAW da halin gidan Annabta,هاوسەرەکانی وحاڵ وباری ماڵەکانی پێغەمبەر ﷺ,Zijn vrouwen en de omstandigheden van het huishouden van de profeet,,Soțiile Profetului și chestiuni legate de familia sa,නබිතුමාගේ භාර්යාවන් හා නබි නිවසෙහි තත්ත්වයන්,,,,Wake zake Mtume Rehma na amani za Allah ziwe juu yake na hali ya Nyumba ya Mtume.,,ภรรยาของท่านนบี ศ็อลลัลลอฮุอะลัยฮิวะสัลลัม,پەيغەمبەرئەلەيھىسسالامنىڭ ئاياللىرى ۋە ئائىلە ئەھۋالى,,Những người vợ của Thiên Sứ Muhammad - cầu xin Allah ban bình an và phúc lành cho Người - và tình trạng cuộc sống của Thiên Sứ,,prophet's-wives-and-family-issues-en
393,367,أولاده صلى الله عليه وسلم,Prophet's Children,রাসূলুল্লাহ সাল্লাল্লাহু আলাইহি ওয়াসাল্লামের সন্তানগণ,Prophet's Children,"Los hijos del Profeta, que Al-lah le bendiga y le dé paz.",Ses enfants (paix et salut sur lui),Anak-anak Rasulullah -ṣallallāhu 'alaihi wa sallam-,,,Дети Пророка ﷺ,,Peygamber -sallallahu aleyhi ve sellem-'in Çocukları,آپ ﷺ کی اولاد,先知-愿主福安之-的孩子,आप सल्लल्लाहु अलैहि व सल्लम के बाल-बच्चे,,فرزندان پيامبر صلى الله عليه و سلم,,,"Djeca Allahova Poslanika, sallallahu alejhi ve sellem",,‘Ya’yansa SAW,منداڵەکانی پێغەمبەر ﷺ,,,,,,,,,,,پەيغەمبەرئەلەيھىسسالامنىڭ ئەۋلادلىرى,,,,prophet's-children-en
397,367,خدمه صلى الله عليه وسلم,Prophet's Servants,রাসূলুল্লাহ সাল্লাল্লাহু আলাইহি ওয়াসাল্লামের খাদিমগণ,Prophet's Servants,"Las esclavas del Profeta, que Al-lah le bendiga y le dé paz.",Ses domestiques (paix et salut sur lui),Pelayan-pelayan Rasulullah -ṣallallāhu 'alaihi wa sallam-,,O seu serviço - Que a paz e bençãos de Allah estejam sobre ele -,Слуги Пророка ﷺ,,Peygamber -sallallahu aleyhi ve sellem-'in Hizmetlileri,آپ ﷺ کے خادم,先知-愿主福安之-的仆人,आप सल्लल्लाहु अलैहि व सल्लम के सेवकगण,,خدمتگزاران پيامبر صلى الله عليه و سلم,የነቢዩ (ሶለላሁ ዐለይሂ ወሰለም) የአላህ ሶላትና ሰላም በእርሳቸው ላይ ይስፈንና አገልጋዮች,,"Sluge Allahova Poslanika, sallallahu alejhi ve sellem",,Hadimansa SAW,خزمەتکارەکانی پێغەمبەر ﷺ,Zijn dienst (vrede zij met hem),,Servitorii Profetului,නබිතුමාගේ සේවකයින් (ඔහු කෙරෙහි අල්ලාහ්ගේ ශාන්තිය හා සමාදානය අත් වේවා),,,,Watumishi wake Mtume rehma na amani za Allah ziwe juu yake:,,คนรับใช้ของท่านนบี ศ็อลลัลลอฮุอะลัยฮิวะสัลลัม,,,Sự cống hiến của Thiên Sứ Muhammad - cầu xin Allah ban bình an và phúc lành cho Người -,,prophet's-servants-en
398,367,حياته قبل البعثة صلى الله عليه وسلم,Prophet's Life before Mission,রাসূলুল্লাহ্ সাল্লাল্লাহু আলাইহি ওয়াসাল্লামের নবুওয়াতপূর্ব জীবন,Prophet's Life before Mission,"La vida del Profeta, que Al-lah le bendiga y le dé paz, antes del inicio de su misión profética.",Sa vie avant l'avènement de la prophétie (paix et salut sur lui),Kehidupan Rasulullah -ṣallallāhu 'alaihi wa sallam-,,A sua vida antes da profecia,Жизнь Пророка ﷺ до ниспослания Откровения,,Peygamber -sallallahu aleyhi ve sellem-'in Peygamberlik Öncesi Hayatı,بعثت سے قبل آپ ﷺ کے حالات ز ندگی,先知-愿主福安之-派遣之前的生活,आप सल्लल्लाहु अलैहि व सल्लम का नबूवत से पहले का जीवन,,زندگى پيامبر صلى الله عليه و سلم قبل از بعثت,,,Poslanikov život prije poslanstva,,Rayuwarsa jafin aiko shi SAW,ژیانی پێش ناردنی وەکو پەیامبەرﷺ,,,,ධර්ම දූතත්ත්වය ලැබීමට පෙර වූ එතුමාගේ දිවිපෙවත (ඔහු කෙරෙහි අල්ලාහ්ගේ ශාන්තිය හා සමාදානය අත් වේවා),,,,,,,پەيغەمبەرئەلەيھىسسالامنىڭ پەيغەمبەر بولۇپ ئەۋەتىلىشتىن بۇرۇنقى ھاياتى,,,,prophet's-life-before-mission-en
399,367,مبعثه صلى الله عليه وسلم,Prophet's Mission,,Prophet's Mission,Prophet's Mission,L'avènement de sa prophétie (paix et salut sur lui),Pengangkatan Rasulullah -ṣallallāhu 'alaihi wa sallam- Sebagai Rasul,,Muhammad - Que a paz e bençãos de Allah estejam sobre ele -.,Начало пророческой миссии,,Prophet's Mission,رسول اللہ ﷺ کی بعثت,先知-愿主福安之-的派遣,आप सल्लल्लाहु अलैहि व सल्लम का नबी बनाया जाना,,مبعث پيامبر صلى الله عليه و سلم,,,"Poslanstvo Poslanika, sallallahu alejhi ve sellem",,Tarihin Annabi,ناردنی پێغەمبەر ﷺ,,,,,,,,,,,,,,,prophet's-mission-en
400,367,العهد المكي,The Makkan Period,মাক্কী জীবন,The Makkan Period,La época de La Meca.,La période mecquoise,Periode Makah,,,Мекканский период,,Mekke Dönemi,مکی دور,麦加时期,मक्की दौर,,عهد مكى,,,Mekanski period,,Lokacin Makka,سەردەمی مەککی (سەردەمی ژیانی لە مەککە),,,,මක්කා යුගය,,,,,,,مەككە دەۋرى,,Kỷ nguyên Makkah,,the-makkan-period-en
401,367,الهجرة,The Emigration (Hijrah),হিজরত,The Emigration (Hijrah),Hiyra.,L'émigration,Hijrah,,Emigração,Хиджра,,Hicret,ہجرت,迁徙,हिजरत,,هجرت,ስደት,,Hidžra,,Hijira,هیجرەت -کۆچکردن-,De migratie,,Emigrarea,නික්මයාම,,,,Kuhama.,,การอพยพ,ھىجرەت,,Cuộc di cư,,the-emigration-(hijrah)-en
402,367,العهد المدني,The Madinan Period,,The Madinan Period,La época de Medina.,La période médinoise,Periode Madinah,,,Мединский период,,The Madinan Period,مدنی دور,麦地那时期,मदनी दौर,,عهد مدنى,,,Medinski period,,Lokacin Madina,,,,,,,,,,,,,,,,the-madinan-period-en
403,367,غزواته وسراياه صلى الله عليه وسلم,Prophet's Battles and Expeditions,নবী সাল্লাল্লাহু আলাইহি ওয়াসাল্লামের গাযওয়া (স্বপরিচালিত) ও সারিয়া (নির্দেশে পরিচালিত যুদ্ধসমূহ),Die Schlachten und Kriegszüge des Propheten,"Las batallas y expediciones del Profeta, que Al-lah le bendiga y le dé paz.",Ses expéditions militaires (paix et salut sur lui),Peperangan dan pasukan utusan Nabi -ṣallallāhu 'alaihi wa sallam-,നബി (ﷺ) യുദ്ധങ്ങളും സൈനിക നീക്കങ്ങളും,As suas guerras - Que a paz e bençãos de Allah estejam sobre ele - disse:,Военные экспедиции и походы Пророка ﷺ,நபி ஸல்லல்லாஹு அலைஹிவஸல்லம் அவர்களின் போர்களும் படையனுப்புதல்களும்,Peygamber -sallallahu aleyhi ve sellem-'in Savaşları ve Seriyyeleri,آپ ﷺ کے غزوات اور سرایا,先知-愿主福安之-的征战和队伍,आप सल्लल्लाहु अलैहि व सल्लम के द्वारा लड़े गए युद्ध एवं सैन्य कारर्वाइयाँ,,غزوه ها و سريه هاى پيامبر صلى الله عليه و سلم,የነቢዩ (ሶለላሁ ዐለይሂ ወሰለም) የአላህ ሶላትና ሰላም በእርሳቸው ላይ ይስፈንና ዘመቻዎችና ጦርነቶች,Peyğəmbərin (sallallahu aleyhi və səlləm) qəzavatları və süvariləri,"Bitke i vojni pohodi Vjerovjesnika, sallallahu alejhi ve sellem",Bitvy a vojenství Proroka(ať mu Bůh žehná a dá mír),Yaƙe-yaƙensa da Kuma Yaqunan da bai halarta ba SAW,هەڵمەت وسریەکانی پێغەمبەر ﷺ,Zijn expedities en militaire campagnes (vrede zij met hem),د پيغمبر صلی الله عليه وسلم غزاګانې او هغه جنګونه چې خپله یې پې ګډون نه درلوده,Bătăliile și expedițiile Profetului,නබිතුමාගේ යුද ජයග්රහණ හා එතුමාගේ දායකත්වය (එතුමා කෙරෙහි අල්ලාහ්ගේ ශාන්තිය හා සමාදානය උදාවේවා!),Dagaaladii iyo Sahanadii Nabiga scw.,,Hans strider och bataljoner,Vita alivyoshriki na Ambavyo hajashiriki Mtume Rehma na amani za Allah ziwe juu yake:,,สงครามและการส่งหน่วยทหารสอดแนมของท่านนบี ศ็อลลัลลอฮุ อะลัยฮิ วะสัลลัม,پەيغەمبەرئەلەيھىسسالامنىڭ ئۆزى قوماندانلىق قىلغان ۋە قوشۇن ئەۋەتكەن ئۇرۇشلىرى,,Các cuộc chinh phục và gửi quân xuất chinh của Thiên Sứ,Awọn ogun rẹ ti o kopa nibẹ ati eyi ti ko kopa nibẹ- ki ikẹ Ọlọhun ati ọla Rẹ maa ba a-,prophet's-battles-and-expeditions-en
404,367,مكاتباته ومراسلاته صلى الله عليه وسلم,Prophet's Correspondences,নবী সাল্লাল্লাহু আলাইহি ওয়াসাল্লামের চিঠিপত্র ও লেখালেখী,Prophet's Correspondences,"Correspondencias y misivas del Profeta, que Al-lah le bendiga y le dé paz.",Ses correspondances (paix et salut sur lui),Surat Menyurat Nabi -ṣallallāhu 'alaihi wa sallam-,,As suas cartas e comunicados - Que a paz e bençãos de Allah estejam sobre ele - disse:,Письма и послания Пророка ﷺ,,Peygamber -sallallahu aleyhi ve sellem-'in Yazışmaları ve Mektupları,آپ ﷺ کے خطوط اور مراسلات,先知-愿主福安之-的书记和信函,आप सल्लल्लाहु अलैहि व सल्लम का बादशाहों से पत्राचार,,نامه نگاری ها و ارتباطات پيامبر صلى الله عليه و سلم,,,"Poslanice i pisma Vjerovjesnika, sallallahu alejhi ve sellem",,Wasiqunsa da aikensa SAW,نووسراوەکان وناردنەکانی پێغەمبەر ﷺ,Zijn correspondentie en brieven (vrede zij met hem),,,නබිතුමාණන්ගේ සාම ගිවිසුම් හා එවන ලද ලිපි (එතුමා කෙරෙහි අල්ලාහ්ගේ ශාන්තිය හා සමාදානය අත් වේවා!),,,,Maandiko yake na Tungo zake Mtume rehema zamwenyezi munguzie juu yake amani:,,ศาสน์ฉบับต่าง ๆของท่านนบี ศ็อลลัลลอฮุ อะลัยฮิ วะสัลลัม,,,Những bức thư của Thiên Sứ Muhammad - cầu xin Allah ban bình an và phúc lành cho Người -,,prophet's-correspondences-en
405,367,وفاته صلى الله عليه وسلم,Prophet's Death,রাসূলুল্লাহ সাল্লাল্লাহু আলাইহি ওয়াসাল্লামের মৃত্যু,Prophet's Death,"El fallecimiento del Profeta, que Al-lah le bendiga y le dé paz.",Son décès (paix et salut sur lui),Wafat Rasulullah -ṣallallāhu 'alaihi wa sallam-,,A sua morte - Que a paz e bençãos de Allah estejam sobre ele -.,Смерть Пророка ﷺ,நபி ஸல்லல்லாஹு அலைஹிவஸல்லம் அவர்களின் மரணம்,Peygamber -sallallahu aleyhi ve sellem-'in Vefatı,آپ ﷺ کی وفات,先知-愿主福安之-的去世,आप सल्लल्लाहु अलैहि व सल्लम की मृत्यु,,وفات پيامبر صلى الله عليه و سلم,የነቢዩ (ሶለላሁ ዐለይሂ ወሰለም) የአላህ ሶላትና ሰላም በእርሳቸው ላይ ይስፈንና ህልፈት,,"Smrt Allahova Poslanika, sallallahu alejhi ve sellem",,Wafatinsa SAW,کۆچی دوایی پێغەمبەر ﷺ,Zijn overlijden (vrede zij met hem),,Moartea Profetului,නබිතුමාණන්ගේ වියෝව (එතුමා කෙරෙහි අල්ලාහ්ගේ ශාන්තිය හා සමාදානය අත් වේවා!),,,,Kufa kwake Mtume rehma na amani za Allah ziwe juu yake:,,การเสียชีวิตของท่านนบี ศ็อลลัลลอฮุอะลัยฮิวะสัลลัม,پەيغەمبەرئەلەيھىسسالامنىڭ ۋاپاتى,,Cái chết của Thiên Sứ Muhammad - cầu xin Allah ban bình an và phúc lành cho Người -,,prophet's-death-en
406,367,الشمائل المحمدية,Muhammadan Qualities,মুহাম্মাদী শারীরিক ও চারিত্রিক গঠন,Die Eigenschaften des Propheten,Shamail Muhammadiyah (“La Aparición de Muhammad”).,Les caractéristiques de Muhammad (paix et salut sur lui),Sifat-sifat Nabi -ṣallallāhu 'alaihi wa sallam-,നബി -ﷺ- യുടെ ശമാഇലുകൾ,As fisionomias do Muhammad,Качества и достоинства Пророка ﷺ,நபியவர்களின் நேரக வர்ணனை,Peygamber'in Şemaili (Dış Görünüşü),شمائلِ محمدیہ ﷺ,穆罕默德的天性,अल्लाह के रसूल सल्लल्लाहु अलैहि व सल्लम के गुण तथा आचरण,Le caratteristiche del Profeta Muhammad ﷺ,شكل و شاميل پيامبر صلى الله عليه و سلم,የነቢዩ ሙሐመድ ስነ-ተፈጥሮ,Muhamməd Peyğəmbərin (sallallahu aleyhi və səlləm) vəsfləri,Karakteristike poslanika Muhammeda,Vlastnosti Proroka,Rayuwar Manzon Allah,تایبەتمەندییە موحەمەدیەکان,De eigenschappen van Mohammed,محمدي اخلاق,Calitățile Profetului,මුහම්මදානු සාරධර්ම,Dhaqankii Nabiga scw.,Udhëzimi i përgjithshëm i Profetit Muhamed ﷺ,Prisvärda egenskaper,Mambo ya Mtume.,Шакл ва шамоили Паёмбар (Салому дуруди Аллоҳ бар ӯ бод),อุปนิสัยของท่านนบี ศ็อลลัลลอฮุอะลัยฮิวะสัลลัม,پەيغەمبەرئەلەيھىسسالامنىڭ ئەخلاقى,Шамили Муҳаммадия,Các phẩm chất đáng ca ngợi,Awọn iwa daadaa ti Anabi,muhammadan-qualities-en
407,368,قصص وأحوال الأمم السابقة,Stories and Conditions of Pre-Islamic Nations,পূর্ববর্তী উম্মতদের কিচ্ছা ও অবস্থা,Geschichten und Ereignisse der Völker von früher,Historias y situaciones de las antiguas comunidades.,Histoires des nations antérieures,Kisah dan Keadaan Umat Terdahulu,മുൻകാല സമൂഹത്തിൻ്റെ ചരിത്രങ്ങളും സ്ഥിതിവിവരണങ്ങളും,Histórias e situações dos povos anteriores,Рассказы и положение предыдущих общин,முன் சென்ற சமூகங்களின் வரலாறுகள்,Geçmiş Ümmetlerin Kıssaları ve Halleri,گزشتہ امتوں کے واقعات اور حالات,以前各个民族的故事和情况,पूर्व जातियों के हालात और क़िस्से,,داستان ها و رخدادهاى ملت هاى پيشين,ያለፉት ህዝቦች ሁኔታና ታሪክ,,Kazivanja o prijašnjim narodima,,Qissosi da labaran Al-umman da suka gabata,چیرۆک وحاڵ وبارەکانی ئومەتەکانی پێشوو,Verhalen en omstandigheden van eerdere naties,د پخوانیو امتونو قصې او وضعیت,Povestirile și condițiile națiunilor preislamice,පෙර විසූ සමූහයන්ගේ කතාන්දර සහ තත්ත්වයන්,,Tregimet dhe ngjarjet e popujve të mëhershëm,Berättelser om de tidigare samfunden,Visa na hali za Umma uliopita.,,เรื่องราวและสภาพความเป็นอยู่ของชนรุ่นก่อน,ئىلگىركى ئۇممەتلەرنىڭ ئەھۋالى ۋە ۋەقەلىكى,,Câu chuyện và hoàn cảnh của các cộng đồng thời trước,,stories-and-conditions-of-pre-islamic-nations-en
408,368,تاريخ مكة والمدينة والأقصى,"History of Makkah, Madinah, and the Aqsa (Jerusalem)","মক্কা, মদিনা ও আল-আকসার ইতিহাস","Die Geschichte von Mekka, al-Medina und Jerusalem",Historia de La Meca; Medina y Al-Aqsa.,"L'histoire de la Mecque , de Médine et d'Al Aqsâ","Sejarah Makkah, Madinah dan Al-Aqṣā",മക്കയുടെയും മദീനയുടെയും അഖ്സ്വായുടെയും ചരിത്രം,"História de Makkah, Madinah e Aqsa","История Мекки, Медины и Иерусалима",,"Mekke, Medine ve Mescid-i Aksa'nın Tarihi",مکہ و مدینہ اور مسجد اقصی کی تاریخ,麦加、麦地那和阿克萨的历史,"मक्का, मदीना तथा अल-अक़सा का इतिहास","La storia di Mecca, Medina e Gerusalemme",تاريخ مكه و مدينه و قدس,የመካ፣ የመዲናና የአቅሷ ታሪክ,"Məkkə, Mədinə və Aqsanın tarixi","Povijest Meke, Medine i Kudsa","Dějiny Mekky, Medíny a Al-Aqsá",Tarihin Makkah da Madina da Al-Aqsa,مێژووی مەککە ومەدینە وئەقسا,"Geschiedenis van Mekka, Medina en Al-Aqsa",د مکې، مدینې او أقصی تاریخ,"Istoria Mekka, Medinah și Aqsa","මක්කා, මදීනා හා අක්සා හි ඉතිහාසය",Taariikhda Makkah iyo Madiina iyo Aqsaa,"Historia e Mekës, Medinës dhe Aksasë","Mecka, Medina och al-Aqsas historia",Matukio ya Kihistoria ya Makkah na Madinah na Msikiti wa Aq'swa - palestina.,,"ประวัติความเป็นมาของเมืองมักกะฮ์,เมืองมะดีนะฮ์และเมืองอักศอ",مەككە، مەدىنە ۋە ئەقسانىڭ تارىخى,"Макка, Мадина ва Афсо тарихи","Lịc sử Makkah, Madinah và Al-Aqsa",Itan Mọkka ati Medina ati Aqsa,"history-of-makkah,-madinah,-and-the-aqsa-(jerusalem)-en"
409,368,الحروب والغزوات,Wars and Battles,যুদ্ধ ও গাযওয়া (রাসূল পরিচালিত জিহাদসমূহ),Wars and Battles,Guerras y batallas.,Les guerres et les batailles,Peperangan dan Pertempuran,,,Войны и военные походы,,Savaşlar ve Gazveler,جنگیں اور غزوات,战争和战役,युद्ध तथा लड़ाइयाँ,,جنگ ها و غروه ها,,,Ratovi i vojni pohodi,,,جەنگەکان وهەڵمەتەکان,,,,,,,,,,,ئۇرۇشلار ۋە غازاتلار,,,,wars-and-battles-en
410,368,الدول والممالك,,,,,,,,,,,,,,,,,,,,,,,,,,,,,,,,,,,,,category-410
413,368,التراجم وسير الأعلام,Biographies (of Famous Figures),মহান ব্যক্তিবর্গের জীবনী ও আদর্শ,Biographies (of Famous Figures),Biografías de grandes sabios.,Biographies de gens illustres,Biografi dan Riwayat Para Tokoh,,As biografias e histórias de súblimes,Биографии и жизнеописания выдающихся людей,,Önemli Şahsiyetlerin Hayat Hikayeleri ve Biyografileri,مشہور شخصیات کی سوانح حیات اور حالات زندگی,宣传的翻译和历程,महत्वपूर्ण व्यक्तियों की जीवनी,,زندگينامه و سيرت شخصيت هاى مشهور,,,Biografije poznatih ličnosti,,Tarihin xaixaiku da kuma Tarihin Mashahurai,ژیاننامەی زاناکان وگێڕانەوەکان سەبارەتیان,,,,විද්වතුන්ගේ චරිතාපදාන හා ඉතිහාසය,,,,Tarjama na Historia ya watu mashuhuri.,,,مەشھۇر شەخىسلەرنىڭ تەرجىمھالى,,Cuộc đời và tiểu sử của các nhân vật,,biographies-(of-famous-figures)-en
414,368,البلدان والأعلام,Countries and Figures,,Countries and Figures,Countries and Figures,Les pays et les lieux,Negeri dan Tokoh,,,"Страны, города и достопримечательности",,Countries and Figures,ممالک اور مشہور شخصیات,国家和宣传,विभिन्न प्रदेश तथा उनके महत्वपूर्ण लोग,,مملكت ها و سيرت شخصيت هاى مشهور,,,Države i poznate ličnosti,,Garuruwa da kuma Shahararrun Mutane,شوێنەکان وکەسایەتییەکان,,,,,,,,,,,,,,,countries-and-figures-en
415,368,مناسبات دورية,Periodical Occasions,বারবার আসা উপলক্ষ,Periodical Occasions,Acontecimientos periódicos.,Les occasions périodiques,Acara-acara Periodik,,,Периодические мероприятия,,Dönemsel Kutlamalar ve Etkinlikler,دورانیہ مناسبتیں,定时的节日,बार-बार आने वाले अवसर,,مناسبت هاى دوره اى,,,Godišnji praznici i blagdani,,Bukukuwan Shekara,بۆنە ماوەییەکان -وەرزیەکان-,,,,,,,,,,,قەرەللىك پائالىيەتلەر,,Các dịp lễ định kỳ,,periodical-occasions-en
418,100,موقف أهل السنة من أهل البدع,Ahl-us-Sunnah's (Sunni) Stance on Religious Innovators,বিদ‘আতীদের ব্যাপারে আহলে-সুন্নাতের অবস্থান,Ahl-us-Sunnah's (Sunni) Stance on Religious Innovators,Ahl-us-Sunnah's (Sunni) Stance on Religious Innovators,Ahl-us-Sunnah's (Sunni) Stance on Religious Innovators,Ahl-us-Sunnah's (Sunni) Stance on Religious Innovators,,,Ahl-us-Sunnah's (Sunni) Stance on Religious Innovators,,Ahl-us-Sunnah's (Sunni) Stance on Religious Innovators,Ahl-us-Sunnah's (Sunni) Stance on Religious Innovators,,,,Ahl-us-Sunnah's (Sunni) Stance on Religious Innovators,Ahl-us-Sunnah's (Sunni) Stance on Religious Innovators,,,,,,Ahl-us-Sunnah's (Sunni) Stance on Religious Innovators,,Ahl-us-Sunnah's (Sunni) Stance on Religious Innovators,,,,,,,,,,,,ahl-us-sunnah's-(sunni)-stance-on-religious-innovators-en
419,287,Forbidden Utterances and Tongue Evils,Forbidden Utterances and Tongue Evils,,Forbidden Utterances and Tongue Evils,Forbidden Utterances and Tongue Evils,Forbidden Utterances and Tongue Evils,Forbidden Utterances and Tongue Evils,,,Forbidden Utterances and Tongue Evils,,Forbidden Utterances and Tongue Evils,Forbidden Utterances and Tongue Evils,,,,Forbidden Utterances and Tongue Evils,,,,,,,,,,,,,,,,,,,,,forbidden-utterances-and-tongue-evils
431,133,أحكام المياه,Rulings of Water,পানির বিধানসমূহ,Vorschriften zur rituellen Reinigung mit Wasser,Las normas sobre el agua.,Les jugements des eaux,Hukum Air,വെള്ളവുമായി ബന്ധപ്പെട്ട വിധിവിലക്കുകൾ,Regras relacionadas com a água,Законоположения о воде,,Suların Hükümleri,مختلف اقسام کے پانی کے احکام,水的律例,पानी के अहकाम,,احكام آب ها,የውሃ ህግጋት,,Propisi vezani za vodu,,Hukunce Hukuncen Ruwa,حوکمەکانی ئاوەکان,Voorschriften voor het water,د اوبو احکام,Reglementări privind apa,ජලය පිළිබඳ නීති,,,Bestämmelser om vatten,Hukumu za Maji.,,หุก่มของน้ำ,سۇغا ئالاقىدار ھۆكۈملىرى,,Giáo luật về nước,,rulings-of-water-en
432,133,إزالة النجاسات,Removing Impurities,নাপাকী দূর করা,Entfernung von unreinen Substanzen,Eliminación de inmundicias.,Le nettoyage des impuretés,Menghilangkan Najis,നജസുകൾ നീക്കം ചെയ്യൽ,A remoção da sujidade,Удаление нечистот,அசுத்தம் அகற்றல்,Necasetin İzale Edilmesi,نجاستوں کا ازالہ,去除大小污秽,नापाकियों को दूर करना,,پاک كردن نجاست ها,ነጃሳን ማስወገድ,Nəcasətin təmizlənməsi,Uklanjanje prljavštine,Odstraňování nečistot,Gusar da Najasa,لابردنی پیسییەکان,Verwijdering van onreinheden,د نجاست لرې کول,Îndepărtarea impurităților,අපවිත්ර දෑ ඉවත් කිරීම,Suulinta Najaasooyinka,Heqja e ndyrësisë,Att avlägsna orenheter,Kuondoa Najisi.,,การขจัดสิ่งสกปรก,نىجاسەتنى پاكىزلاش,Нажосатни кетказиш,Tẩy sạch Najis,Imu awọn ẹgbin kuro,removing-impurities-en
434,133,الآنية,Utensils,বরতনসমূহ,Gefäße,Recipientes.,Les récipients,Bejana,പാത്രങ്ങൾ,Utensílios:,Посуда,,Kaplar,برتن,器皿,बर्तन एवं पात्र,,ظرف ها,እቃዎች,Qablar,Posuđe,Nádoby,Kwanuka,پەرداخەکان (دۆلکە ودەفرەکان),Serviesgoed,لوښې,Ustensile,භාජන,,,Kärl,Viombo.,,บทว่าด้วยภาชนะ,قاچا-قۇچا,,Vật dụng,,utensils-en
435,133,آداب قضاء الحاجة,Toilet Manners,পায়খানা-পেশাব সম্পন্ন করার আদবসমূহ,Verhaltensregeln beim Verrichten der Notdurft,Las etiquetas en realizar las necesidades.,La bienséance quand on fait ses besoins,Adab-adab Buang Air,മലമൂത്ര വിസർജ്ജന മര്യാദകൾ,Modos recomendáveis para atender as necessidades fisilógicas,Этикет справления нужды,இயற்கை தேவைகள் நிறைவேற்றுவதன் ஒழுங்குகள்,Hacet Giderme Adabı,قضائے حاجت کے آداب,上厕所的礼节,पेशाब-पाखाना के आदाब,,آداب دستشويى رفتن,የመፀዳጃ ቤት ስነ-ስርዓት,Ayaqyolu ədəbləri,Pravila ponašanja prilikom obavljanja fiziološke potrebe,Etiketa vykonávání potřeby,Ladaban biyan bukata,ئادابەکانی سەرئاو کردن,Etiquette van het vervullen van de behoefte,د حاجت رفع کولو اداب,Manierele legate de facerea nevoilor,(වැසිකිලි කැසිකිලි) අවශ්යතා සපුරා ගැනීමේ විනය,Aadaabta xaajo gudashada,Rregullat e kryerjes së nevojës,Etikett vid toalettbesök,Adabu ya Kukidhi Haja.,,มารยาทในการขับถ่ายอุจจาระและปัสสาวะ,ھاجەت ئادا قىلىشنىڭ ئەخلاقى,Ҳожат ўташ одоблари,Phép tắc đi vệ sinh,Awọn ẹkọ bibiya bukaata,toilet-manners-en
436,133,سنن الفطرة,Natural Cleanliness Practices,স্বভাবগত সুন্নত,"Hygienische Dinge, die die menschliche Natur gebietet",Sunan Al-Fitrah; higiene personal.,Les recommandations de la nature saine,Sunah-sunah Fitrah,ഫിത്റതിൻ്റെ ചര്യകൾ,Hábitos Naturais:,"Обычаи, соответствующие первозданному естеству человека",இயல்பாக பேணவேண்டிய சுன்னாக்கள்,Fıtrî Gereksinimler,فطرتی سنتیں,天然的圣行,फ़ितरत पर आधारित सुन्नतें,Le consuetudini naturali,سنت هاى وابسته به فطرت انسان,ተፈጥሯዊ ሱናዎች,Fitri sünnələr,Prirodni sunneti,Přirozené zvyky(Sunan Al-Fitra),Sunnonin Fixra,سونەتەکانی فیترەت,Gewoonten van de fitrah (natuurlijke aanleg),فطرتي سنتونه,Practici de curățire de bun simț,පෙර සිට පැවත එන පිළිවෙත්,Sunooyinka Fidrada,Sunetet e natyrshmërisë,Sunnah kopplat till Fitrah,Sunna za Kimaumbile.,Суннатҳои фитрат,บทว่าด้วยหลักปฏิบัติที่เป็นธรรมชาติ (ฟิฏเราะฮฺ),تەبىئى ھالەتتىكى سۈننەتلەر,Фитрат суннатлари,Sunnah Fit-rah,Awọn sunnah adamọ,natural-cleanliness-practices-en
437,133,الوضوء,Ablution,অযু,Wudu - die Gebetswaschung,Al-wudu (ablución menor).,Les ablutions mineures (Al Wudhû'),Wudu,വുദ്വൂഅ്,A ABLUÇÃO,Малое ритуальное омовение,வுழூ,Abdest,وضوء,小净,वज़ू,L'abluzione parziale (wuḍūʾ),وضو,ዉዹእ,Dəstəmaz,Abdest,Malá očista(Wudu),Alwala,دەستنوێژگرتن,Rituele wassing (woedoe),اودس,Abluțiunea,අර්ධ ධෝවනය,Waysaysiga,Abdesi,Wudu,Udhu - kutawadha.,Таҳорат,การอาบน้ำละหมาด,تەرەت ئېلىش,Таҳорат,Wudu',Aluwala,ablution-en
438,133,الغسل,Ritual Bath,গোসল,Ghusl - die große Reinigung,Al-gusl (ablución mayor).,Le grand lavage (Al Ghusl) / Les ablutions majeures,Mandi,കുളി,O banho maior,Полное ритуальное омовение,குளிப்பு,Gusül,غسل,大净,ग़ुस्ल,L'abluzione totale (ġusl),غسل,ትጥበት,Qüsul,Kupanje,Velká očista(Ghusl),Wanka,خۆشۆردن,Grote wassing (ghusl),غسل,Îmbăierea rituală,ස්නානය කිරීම,Qubayska,Gusli,Ghusl,Kuoga.,,การอาบน้ำชำระร่างกาย,غۇسلى قىلىش,Ғусл,Tắm,Iwẹ,ritual-bath-en
439,133,التيمم,Dry Ablution,তায়াম্মুম,Tayammum - Ersatzhandlung für die rituelle Waschung mit Wasser,Tayámmum (ablución seca).,L'ablution sèche (At Tayammum),Tayamum,തയമ്മും,Purificação seca (Tayammum),Сухое ритуальное обтирание,தயம்மும்,Teyemmüm,تیمم,土净,तयम्मुम,La lustrazione polverale (tayammum),تيمم,ተየሙም,Təyəmmüm,Tejemum,Tajamum(náhradní očista),Taimama,تەیەموم کردن,Droge rituele wassing (tayammum),تيمم,Abluțiunea uscată,පිරිසිදු දූවිලි සහිත පස් උපයෝගී කරමින් පිරිසිදු වීම,Booraysiga,Tejemumi,Tayammum,Kutayammam,,การทำตะยัมมุม,تەيەممۇم قىلىش,Таяммум,Tayammum,Aluwala elérùpẹ̀,dry-ablution-en
440,133,الحيض والنفاس والاستحاضة,"Menses, Postpartum Bleeding, Extra-Menses Bleeding","হায়েয, নিফাস ও ইস্তেহাযাহ","Monatsblutung, Wochenfluss und unregelmäßige Blutungen bei der Frau",La menstruación; parto y metrorragia.,"Les menstrues , les lochies et les métrorragies","Haid, Nifas dan Istihadah","ആർത്തവം, പ്രസവകാലം, രക്തസ്രാവം","A menstruação, período pós parto e hemorragia vaginal","Месячные, послеродовое кровотечение и аномальное маточное кровотечение","மாதவிடாய், பிரசவ இரத்தப் போக்கு, மாதவிடாய் அல்லாத இரத்தப் போக்கு","Hayız, Nifas ve İstihaze",حیض، نفاس اور استحاضہ,月经、产后血和经血不断,"हैज़, निफ़ास एवं इसतिहाज़ा","Le mestruazioni, il puerperio e la metrorragia",قاعدگى زنان و خون ريزى زايمان و خون ريزى در غير قاعدگى,የወር አበባ፣ የወሊድ ደምና የበሽታ ደም,"Heyiz, nifas və istihazə",Menstrualni i postporođajni ciklus i istihaza,"Menstruace, očistky a Istiháda",Haila da Nifasi da jinin cuta,سووڕی مانگانە وزەیستانی وپاک نەبوون لە پاش سووڕی مانگانە,"Menstruatie, postnatale bloeding en onregelmatige bloeding (Istihada)",حیض، نفاس او استحاضه,"Menstruația, lăuzia și sângerarea extra mentruală","ඔසප් වීම, දරූ ප්රසූතියෙන් පසු රුධිර වහනය, නියමිත කාලයට අමතරව රුධිර වහනය",Xaydka iyo Nifaaska iyo dhiig shubanka,"Të përmuajshmet, lehonia dhe çrregullimet (istihada)","Menstruation, avslag och mellanblödning",Hedhi Nifasi na Damu ya Ugonjwa.,,"ประจำเดือน,เลือดหลังคลอดบุตรและเลือดเสีย",ھەيز، نىپاس ۋە ئىستىھازە,"Ҳайз, нифос ва истиҳоза","Kinh nguyệt, hậu sản và rong kinh",Nnkan oṣu ati nifas ati ẹjẹ awaada,"menses,-postpartum-bleeding,-extra-menses-bleeding-en"
441,437,فضل الوضوء,Excellence of Ablution,অযুর ফযীলত,Die besondere Bedeutung des Wudu - der Gebetswaschung,La virtud del wudu.,Le mérite des ablutions mineures,Keutamaan Wudu,വുദൂഇൻ്റെ ശ്രേഷ്ഠത,Virtude da ablução,Достоинство малого ритуального омовения,வுழூவின் சிறப்பு,Abdestin Fazileti,وضوء کی فضیلت,小净的恩典,वज़ू की फ़ज़ीलत,Il merito dell'abluzione parziale,فضيلت وضو,የዉዹእ ትሩፋት,Dəstəmazın fəziləti,Vrijednost abdesta,Užitek malé očisty(wudu),Falalar Al-wala,فەزڵی دەستنوێژگرتن,De voordelen van de rituele wassing (woedoe),د اودس فضیلت,Excelența abluțiuni,අර්ධ ධෝවනයේ මහිමය,Fadliga waysaysiga,Vlera e abdesit,Wudus förträfflighet,Fadhila - ubora wa kutawadha.,Фазилати таҳорат,ความประเสริฐของการอาบน้ำละหมาด,تەرەت ئېلىشنىڭ پەزىلىتى,Таҳорат фазли,Ân phúc của Wudu',Ọla ti o n bẹ fun aluwala,excellence-of-ablution-en
442,437,أركان الوضوء,Pillars of Ablution,অযুর রুকনসমূহ,Die unverzichtbaren Bestandteile des Wudu - der Gebetswaschung,Los pilares del wudu.,Les piliers des ablutions mineures,Rukun-rukun Wudu,വുദൂവിൻ്റെ സ്തംഭങ്ങൾ,Pilares da ablução,Столпы малого ритуального омовения,,Abdestin Rükünleri,وضوء کے ارکان,小净的要素,वज़ू के स्तंभ,I pilastri dell'abluzione parziale,ركن هاى وضو,የዉዹእ ማዕዘናት,Dəstəmazın ərkanları,Sastavni dijelovi abdesta (ruknovi),Pilíře malé očisty(wudu),Rukunan Al-wala,پایەکانی دەستنوێژگرتن,De zuil(en) van de rituele wassing (woedoe),د اوداسه رکنونه,Stâlpii abluțiunii,අර්ධ ධෝවනයේ මූලිකාංග,Arkaanta Waysaysiga,Shtyllat e abdesit,Wudus pelare,Nguzo za Udhu.,,รุก่น(องค์ประกอบหลัก)ของการอาบน้ำละหมาด,تەرەتنىڭ پەرىزلىرى,Таҳорат аҳкомлари,Các trụ cột của Wudu',Awọn origun aluwala,pillars-of-ablution-en
443,437,سنن وآداب الوضوء,Recommended Acts and Manners of Ablution,অযুর সুন্নত ও আদব,Handlungen die Sunnah - empfohlen sind beim Wudu - bei der Gebetswaschung und was man dabei beachten sollte,La Sunnah y las etiquetas del wudu.,La bienséance et les recommandations lors des ablutions,Sunah dan Adab Wudu,വുദൂഇൻ്റെ സുന്നതുകളും മര്യാദകളും,Sunan e etiquetas da ablução,Желательные элементы и этикет малого ритуального омовения,வுழூவின் சுன்னாக்களும் ஒழுங்குகளும்,Abdestin Sünnetleri ve Adabı,وضوء کی سنتیں اور آداب,小净的圣行和礼节,वज़ू की सुन्नतें तथा आदाब,Le tradizioni profetiche raccomandate e l'etichetta dell'abluzione parziale,سنت هاى و آداب وضو,የዉዹእ ሱናና ስነ-ስርዓት,Dəstəmazın sünnələri və ədəbləri,Sunneti i pohvalne radnje tokom abdesta,Doporučené věci a správné chování při malé očistě(wudu),Sunnoni da Ladaban Al-wala,سونەت وئادابەکانی دەستنوێژگرتن,De soenna's en etiquette van de rituele wassing (woedoe),د اوداسه، سنتونه او اداب,Acte recomandate în abluțiune,අර්ධ ධෝවනයේ ආචාරධර්ම හා වෛකල්පිත කරුණු,Sunooyinka iyo Aadaabta Waysaysiga,Sunetet dhe rregullat e abdesit,Wudus rekommenderade moment och etiketter,Sunna na Adabu za Kutawadha,,สิ่งที่เสริมและมารยาทในการอาบน้ำละหมาด,تەرەتنىڭ سۈننەتلىرى ۋە ئەدەپلىرى,Таҳоратнинг одоб ва суннатлари,Các nghi thức khuyến khích và lễ nghĩa của Wudu',Awọn sunnah ati awọn ẹkọ aluwala,recommended-acts-and-manners-of-ablution-en
444,437,صفة الوضوء,Method of Ablution,অযুর পদ্ধতি,Beschreibung des Wudu - der Gebetswaschung,La forma de hacer el wudu.,La description des ablutions mineures,Tata Cara Wudu,വുദൂഇൻ്റെ രൂപം,Características da ablução:,Описание малого ритуального омовения,வுழூ செய்யும் முறை,Abdest Alma Şekli,وضوء کا طریقہ,小净描述,वज़ू का तरीक़ा,Le modalità della abluzione parziale,صفت وضو,የዉዹእ አደራረግ,Dəstəmazın alınma qaydası,Način uzimanja abesta,Způsob malé očisty(wudu),Sifar Al-wala,سیفەتی دەستنوێژگرتن,Beschrijving van de rituele wassing (woedoe),د اوداسه طریقه,Modalitatea de a face abluțiunea,අර්ධ ධෝවනය සිදු කළ යුතු ආකාරය,Sifada Waysaysiga,Mënyra e abdesit,Beskrivning av Wudu,Sifa za Kutawadha.,,คุณลักษณะของการอาบน้ำละหมาด,تەرەتنىڭ سۈپەتلىرى,Таҳоратнинг сифати,Cách thức Wudu',Iroyin aluwala,method-of-ablution-en
445,437,نواقض الوضوء,Nullifiers of Ablution,অযু ভঙ্গের কারণসমূহ,"DInge, die das Wudu - die Gebetswaschung aufheben",Los elementos que invalidan el wudu.,Les annulatifs des ablutions mineures,Pembatal-pembatal Wudu,വുദു മുറിക്കുന്ന കാര്യങ്ങൾ,As invalidações da ablução,"Действия, нарушающие малое ритуальное омовение",வழூவை முறிக்கும் காரியங்கள்,Abdesti Bozan Haller,نواقض وضوء/ وضوء کو توڑ دینے والی اشیاء,小净的欠缺,वज़ू तोड़ देने वाली चीज़ें,I fattori invalidanti dell'abluzione parziale,باطل كننده هاى وضو,ዉዹእን የሚያፈርሱ ነገሮች,Dəstəmazı batil edən amillər,Šta kvari abdest,Zrušení malé očisty(wudu),Abubuwan da suke warware Al-wala,هەڵوەشێنەرەوەکانی دەستنوێژگرتن,Dingen die de rituele wassing (woedoe) ongeldig maken,د اودسه ماتوونکي,Nulificatorii abluțiunii,අර්ධ ධෝවනය අවලංගු කරන කරුණු,Wixii waysada Buriya,Gjërat që e prishin abdesin,Det som häver Wudu,Vyenye kuharibu Udhu.,,สิ่งที่ทำให้เสียน้ำละหมาด,تەرەتنى بۇزىۋېتىدىغان ئىشلار,Таҳоратни бузувчи нарсалар,Những điều làm hư Wudu',Awọn nkan ti o maa n ba aluwala jẹ,nullifiers-of-ablution-en
447,438,أحكام الغسل,Rulings of the Ritual Bath,গোসলের বিধানসমূহ,Rulings of the Ritual Bath,Las normas del gusl.,Rulings of the Ritual Bath,Rulings of the Ritual Bath,,,Законоположения о полном ритуальном омовении,,Guslün Hükümleri,غسل کے احکام,大净的律例,,Rulings of the Ritual Bath,احكام غسل,Rulings of the Ritual Bath,Rulings of the Ritual Bath,Propisi vezani za kupanje,Rulings of the Ritual Bath,,,Rulings of the Ritual Bath,,Rulings of the Ritual Bath,,Rulings of the Ritual Bath,,Rulings of the Ritual Bath,,,,,Rulings of the Ritual Bath,,Rulings of the Ritual Bath,rulings-of-the-ritual-bath-en
448,438,موجبات الغسل,Causes of Obligatory Ritual Bath,গোসল ফরয হওয়ার কারণসমূহ,"Dinge, die einen dazu verpflichten den Ghusl - die große rituelle Reinigung zu vollziehen",Los deberes del gusl.,Ce qui oblige le grand lavage,Hal-hal yang Mewajibkan Mandi,കുളി നിർബന്ധമാക്കുന്ന കാര്യങ്ങൾ,Causas do banho maior,"Причины, из-за которых полное ритуальное омовение становится обязательным",குளிப்புக் கடமையாகும் காரியங்கள்,Gusül Almayı Gerektiren Haller,وہ اشیاء جن سے غسل واجب ہو جاتا ہے,大净的义务,ग़ुस्ल अनिवार्य करने वाली चीज़ें,Le circostanze che impongono l'abluzione totale,واجب كننده هاى غسل,ትጥበትን ግዴታ የሚያደርጉ ነገሮች,Qüslu vacib edən amillər,Razlozi obaveznog kupanja,Důvody velké očisty(ghusl),Abubuwan da suke Wajabta Wanka,هۆکارەکانی واجب بوونی غوسڵ (خۆشۆردن),Situaties die een ghoesl (grote rituele wassing) vereisen,غسل واجبوونکي څیزونه,Cauze care impun baia rituală,ස්නානය අනිවාර්ය කරන කරුණු,Wixii Qubays Waajibiya,Gjërat për të cilat detyrohemi të bëjmë gusël,Det som gör Ghusl nödvändigt,Vyenye kuwajibisha kutawadha.,,สิ่งที่เป็นวายิบในการอาบน้ำชำระล้างร่างกาย,غۇسلىنى پەرىز قىلىدىغان ئىشلار,Ғуслни вожиб қилувчи нарсалар,Các trường hợp bắt buộc phải tắm,Awọn nnkan ti o maa n sọ iwẹ di dandan,causes-of-obligatory-ritual-bath-en
449,134,The rulings of mosques,The rulings of mosques,,The rulings of mosques,The rulings of mosques,The rulings of mosques,The rulings of mosques,,,The rulings of mosques,,The rulings of mosques,The rulings of mosques,,,,The rulings of mosques,,,,,,,,,,,,,,,,,,,,,the-rulings-of-mosques
450,438,سنن وآداب الغسل,Recommended Manners of the Ritual Bath,গোসলের সুন্নত ও আদব,Handlungen die Sunnah - empfohlen sind beim Ghusl - bei der großen rituellen Reinigung und was man dabei beachten sollte,La Sunnah y las etiquetas del gusl.,La bienséance et les recommandations lors du grand lavage,Sunah dan Adab Mandi,കുളിയുടെ സുന്നതുകളും മര്യാദകളും,Sunan e etiquetas da ablução,Желательные элементы полного ритуального омовения,,Guslün Sünnetleri ve Adabı,غسل کی سنتیں اور آداب,大净的圣行和礼节,ग़ुस्ल की सुन्नतें तथा आदाब,,مستحبات و آداب غسل,የትጥበት ሱናዎችና ስነ-ስርዓቶች,Qüslun sünnələri və ədəbləri,Sunneti i pohvalne radnje tokom kupanja,Doporučené věci a správné chování při velké očistě(Ghusl),Sunnoni da Ladaban Wanka,سونەت وئادابەکانی دەستنوێژگرتن,Soennahs en etiquette van de ghoesl (grote rituele wassing),د غسل، سنتونه او آداب,Maniere recomandate la îmbăierea rituală,ස්නානය කිරීමේ ආචාරධර්ම හා අමතර කරුණු,,,Ghusls rekommenderade moment och etiketter,Sunna na Adabu za Kutawadha,,สิ่งที่เสริมและมารยาทในการอาบน้ำชำระล้างร่างกาย,غۇسلى قىلىشنىڭ سۈنەتلىرى ۋە ئەدەپلىرى,,Những điều khuyến khích và phép tắc khi tắm bắt buộc,,recommended-manners-of-the-ritual-bath-en
451,133,Wiping Over Leather Socks and the like,Wiping Over Leather Socks and the like,,Wiping Over Leather Socks and the like,Wiping Over Leather Socks and the like,Wiping Over Leather Socks and the like,Wiping Over Leather Socks and the like,,,Wiping Over Leather Socks and the like,,Wiping Over Leather Socks and the like,Wiping Over Leather Socks and the like,,,,Wiping Over Leather Socks and the like,,,,,,,,,,,,,,,,,,,,,wiping-over-leather-socks-and-the-like
452,367,Prophetic characteristics,Prophetic characteristics,,Prophetic characteristics,Prophetic characteristics,Prophetic characteristics,Prophetic characteristics,,,Prophetic characteristics,,Prophetic characteristics,Prophetic characteristics,,,,Prophetic characteristics,,,,,,,,,,,,,,,,,,,,,prophetic-characteristics
453,10,Interpretation of verses,Interpretation of verses,,Interpretation of verses,Interpretation of verses,Interpretation of verses,Interpretation of verses,,,Interpretation of verses,,Interpretation of verses,Interpretation of verses,,,,Interpretation of verses,,,,,,,,,,,,,,,,,,,,,interpretation-of-verses
456,134,وجوب الصلاة وحكم تاركها,Obligation of Prayer and Ruling on Its Abandoner,সালাতের ওয়াজিব ও সালাত ত্যাগকারীর বিধান,"Die Pflicht zu beten und die rechtliche Einordnung dessen, der es unterlässt",La obligatoriedad de as-salat y la norma sobre no realizar.,Le caractère obligatoire de la prière et le jugement de celui qui l'abandonne,Kewajiban Salat dan Hukum Orang Yang Meninggalkannya,"നിസ്കാരം നിർബന്ധമാണെന്നതും, അത് ഉപേക്ഷിക്കുന്നവരുടെ വിധിയും",A obrigatoriedade do salah e a sentença para aquele que o abandona,"Обязательность молитвы и шариатское законоположение о том, кто её не совершает",தொழுகையின் அவசியமும் அதனை விட்டுவிடுபவருக்கான சட்டமும்,Namazın Farz Olması ve Namaz Kılmayan Kişinin Hükmü,نماز کی فرضیت اور اسے چھوڑنے والے کا حکم,礼拜的义务，放弃礼拜的律例,नमाज़ की अनिवार्यता तथा नमाज़ छोड़ने वाले का हुक्म,L'obbligatorietà della preghiera e la sentenza su chi l'abbandona,واجب بودن نماز و حكم نمازنخوان,የሶላት ግዴታነትና የተወው ሰው ፍርድ,Namazın vacib olması və onu tərk edənin hökmü,Obaveznost namaza i status onog ko izostavlja namaz,"Povinnost modlitby a pravidlo týkající se toho, kdo ji zanechá",Wajabcin Sallah da Hukuncin wanda ya barta,واجب بوونی نوێژ وحوکمی ئەو کەسەی کە نوێژ ناکات,Verplichting van het gebed en de regels voor het verwaarlozen ervan,د لمانځه فرضیت او د پریښودونکي حکم یې,Obligativitatea rugăciunii și reglementări privind părăsirea ei,සලාතයේ අනිවාර්භාවය හා එය මගහරින්නාගේ නීතිය,Waajibnimada Salaada iyo xugunka qofka ka taga,Detyrueshmëria e faljes së namazit dhe dispozita për lënësin e namazit,Bönens plikt och bestämmelsen för att lämna den,Wajibu wa Swala na Hukumu ya Mwenye kuiwacha.,Воҷиб будани намоз ва ҳукми тарк кунандааш,การละหมาดเป็นสิ่งที่วายิบและข้อตัดสินชีขาดเกี่ยวกับผู้ทิ้งละหมาด,نامازنىڭ پەرىزى ۋە ئۇنى تەرك قىلىشنىڭ ھۆكمى,Намознинг вожиблиги ва уни тарк қилувчининг ҳукми,Tính bắt buộc của lễ nguyện Salah và giáo luật về người bỏ lễ nguyện Salah,Ijẹ dandan irun ati idajọ ẹni ti o ba gbe e ju silẹ,obligation-of-prayer-and-ruling-on-its-abandoner-en
457,134,فضل الصلاة,Virtue of Prayer,সালাতের ফযীলত,Die besondere Bedeutung des Gebets,La virtud de as-salat.,Le mérite de la prière,Keutamaan Salat,നിസ്കാരത്തിൻ്റെ ശ്രേഷ്ഠത,A virtude do salah,Достоинство молитвы,தொழுகையின் சிறப்பு,Namazın Fazileti,نماز کی فضیلت,礼拜的恩典,नमाज़ की फ़ज़ीलत,Il merito della preghiera,فضيلت نماز,የሶላት ትሩፋት,Namazın fəziləti,Vrijednost namaza,Užitek modlitby,Falalar Sallah,فەزڵی نوێژکردن,Deugdzaamheid van het gebed,د لمانځه فضیلت,Virtuțile rugăciunii,සලාතයේ මහිමය,Fadliga Salaada,Vlera e namazit,Bönens förträfflighet,Fadhila za Swala.,Фазилати намоз,ความประเสริฐของละหมาด,نامازنىڭ پەزىلىتى,Намоз фазли,Ân phúc của lễ nguyện Salah,Ọla ti o n bẹ fun irun,virtue-of-prayer-en
458,134,الأذان والإقامة,The Azan and Iqaamah,আযান ও ইকামাত,Athan und Iqamah - der Gebetsruf und der Ruf sich zum Gebet aufzustellen,Al-adhan y al-iqama (disposición a as-salat).,L'appel à la prière (Al Adhân) et le petit appel (Al Iqâmah),Azan dan Iqamah,ബാങ്കുവിളിയും ഇഖാമതും,O Adhan e Iqamah,Азан и икамат,அதானும் இகாமத்தும்,Ezan ve Kamet,اذان اور اقامت,内、外宣礼,अज़ान तथा इक़ामत,L'appello alla preghiera (aḏān) e l'annuncio del suo inizio (iqāmah),اذان و اقامت,አዛንና ኢቃማህ,Azan və iqamə,Ezan i ikamet,Azán a Iqáma,Kiran Sallah da Iqama,بانگدان وقامەت کردن,De oproep tot gebed (adhan) en het oprichten van het gebed (iqamah),اذان او اقامت,Adhanul și Iqama,අදානය සහ ඉකාමතය,Aadaanka iyo Iqaamada,Ezani dhe ikameti,Bönekallet,Adhana na Iqama.,,การอาซานและการอิกอมะฮ์,ئەزان ۋە تەكبىر,Азон ва иқома,Azdan và Iqamah,Irun pipe ati Iqoomoh,the-azan-and-iqaamah-en
459,134,أوقات النهي عن الصلاة,Times Not to Pray,সালাত নিষিদ্ধের সময়সমূহ,Times Not to Pray,Los periodos en el que está prohibido realizar as-salat.,Les moments où il est interdit de prier,Waktu-waktu Dilarang Salat,നിസ്കാരം വിലക്കപ്പെട്ട സമയങ്ങൾ,Os momentos proibidos para observar o salah,Запретные периоды времени для совершения молитвы,,Namaz Kılmanın Yasak Olduğu Vakitler,نماز کے ممنوعہ اوقات,禁止礼拜的时间,"वो समय, जिनमें नमाज़ पढ़ना मना है",,وقت هاى نهى شده از خواندن نماز,ሶላት ክልክል የሆነበት ወቅቶች,,Vremenski periodi u kojima je zabranjeno klanjati,,Lokutan da aka hana yin Sallah,ئەو کاتانەی کە نەهی کراوە نوێژیان تێدا ئەنجام بدرێت,Tijden waarop het verboden is om te bidden,,Perioadele în care rugăciunea este interzisă,සලාතය ඉටුකිරීමට තහනම් වේලාවන්,,,,Nyakati zilizo katazwa kusali.,,ช่วงเวลาที่ห้ามละหมาด,ناماز ئوقۇشتىن چەكلەنگەن ۋاقىتلار,,Các giờ cấm lễ nguyện Salah,,times-not-to-pray-en
460,134,شروط الصلاة,Conditions of Prayer,সালাতের শর্তসমূহ,Voraussetzungen für das Gebet,Los términos de as-salat.,Les conditions de la prière,Syarat-syarat Salat,നിസ്കാരത്തിൻ്റെ നിബന്ധനകൾ,Condições para a validade da oração,Условия молитвы,தொழுகையின் நிபந்தனைகள்,Namazın Şartları,نماز کی شرائط,礼拜的条件,नमाज़ की शर्तें,I requisiti della preghiera,شرط هاى نماز,የሶላት መስፈርቶች,Namazın şərtləri,Uslovi ispravnosti namaza,Podmínky modlitby,Saraxan Sallah,مەرجەکانی نوێژ,Voorwaarden voor het gebed,د لمانځه شرطونه,Condițiile rugăciunii,සලාතයේ කොන්දේසි,Shuruuda Salaada,Kushtet e namazit,Bönens villkor,Masharti ya Swala.,Шартҳои намоз,เงื่อนไขของการละหมาด,نامازنىڭ شەرتلىرى,Намознинг шартлари,Các điều kiện cần của lễ nguyện Salah,Awọn majẹmu irun,conditions-of-prayer-en
461,134,أركان الصلاة,Pillars of Prayer,সালাতের রুকনসমূহ,Arkan - unverzichtbare Grundbestandteile des Gebets,Los pilares de la oración (as-salat),Les piliers de la prière,Rukun-rukun Salat,നമസ്കാരത്തിന്റെ റുക്നുകൾ,Pilares da oração,Столпы молитвы,தொழுகையின் தூண்கள்,Namazın Rükünleri,ارکانِ نماز,礼拜的要素,नमाज़ के अर्कान,I pilastri della preghiera,اركان نماز,የሰላት ማዕዘናት,Namazın ərkanları,Sastavni djelovi (ruknovi) namaza,Pilíře modlitby,Rukunan Sallah,پایەکانی نوێژ,Pijlers van het gebed,د لمانځه رکنونه (ستنې، بنسټونه، پايې),Stâlpii rugăciunii,සලාතයේ මූලිකාංග,Arkaanta Salaada,Shtyllat e namazit,Bönens pelare,Nguzo za swala,,รุก่น(องค์ประกอบหลัก) ของการละหมาด,نامازنىڭ پەرىزلىرى,Намоз рукнлари,Các trụ cột của lễ nguyện Salah,Awọn origun irun,pillars-of-prayer-en
462,134,واجبات الصلاة,Obligatory Acts of Prayer,সালাতের ওয়াজিবসমূহ,Obligatory Acts of Prayer,Los deberes de as-salat.,Les obligations de la prière,Obligatory Acts of Prayer,,,Обязательные элементы молитвы,,Namazın Vacipleri,نماز کے واجبات,礼拜的义务,,Obligatory Acts of Prayer,واجبات نماز,Obligatory Acts of Prayer,Obligatory Acts of Prayer,Obavezne namaske radnje,Obligatory Acts of Prayer,,,Obligatory Acts of Prayer,,Obligatory Acts of Prayer,,Obligatory Acts of Prayer,,Obligatory Acts of Prayer,,,,,Obligatory Acts of Prayer,,Obligatory Acts of Prayer,obligatory-acts-of-prayer-en
463,134,سنن الصلاة,Recommended Acts of Prayer,সালাতের সুন্নতসমূহ,Recommended Acts of Prayer,La Sunnah de as-salat.,Les recommandations de la prière,Sunah-sunah Salat,,Sunnates da oração,Желательные элементы молитвы,,Namazın Sünnetleri,نماز کی سنتیں,礼拜的圣行,नमाज़ की सुन्नतें,,مستحبات نماز,የሶላት ሱናዎች,,Sunneti namaza,,Sunnonin Sallah,سونەتەکانی نوێژ,De soenna's van het gebed,,Actele recomandate în rugăciune,සලාතයේ වෛකල්පිත කරුණූ,,,,Nguzo za Swala.,,สุนัตของการละหมาด,نامازنىڭ سۈننەتلىرى,,Những điều khuyến khích của lễ nguyện Salah,,recommended-acts-of-prayer-en
464,134,صفة الصلاة,Method of Prayer,সালাতের পদ্ধতি,Beschreibung des Gebets,La forma de llevar a cabo as-salat.,La description de la prière,Tata Cara Salat,നിസ്കാരത്തിൻ്റെ രൂപം,O modo da oração,Описание молитвы,தொழும் முறை,Namaz Kılma Şekli,نماز کا طریقہ,礼拜的本质,नमाज़ का तरीक़ा,La modalità della preghiera,صفت نماز,የሶላት አሰጋገድ,Namazın qılınma qaydası,Način obavljanja namaza,Způsob modlitby,Sifar Sallah,سیفەتی نوێژ,Beschrijving van het gebed,د لمانځه طریقه,Modalitatea de realizare a rugăciunii,සලාතය ඉටු කරන ආකාරය,Sifada Salaada,Forma e namazit,Bönens beskrivning,Sifa za Swala.,Равиш ва сифати намоз,คุณลักษณะของการละหมาด,نامازنىڭ سۈپەتلىرى,Намознинг сифати,Về nghi thức Salah,Iroyin irun,method-of-prayer-en
465,134,أذكار الصلاة,Dhikr (Invocation) during Prayer,সালাতের যিকিরসমূহ,"Athkar al-Salah - die Dinge, die man im Gebet sagt",Dhikr as-salat.,Les rappels de la prière,Doa-doa Dalam Salat,നിസ്കാരത്തിലെ ദിക്റുകൾ,As súplicas do salah,Слова поминания Аллаха в молитве,தொழுகையில் ஓத வேண்டிய திக்ருகள்,Namaz Zikirleri,نماز کے اذکار,礼拜的念辞,नमाज़ के अज़कार,Le formule invocative della preghiera,ذكرهاى نماز,የሶላት አዝካሮች,Namazın zikirləri,Namaski zikrovi,Dhikr v modlitbě,Zikirin Sallah,زیکرەکانی نوێژ,Gedenkwaardige uitspraken tijdens het gebed,د لمانځه اذکار,Pomeniri (dhikr) specifice rugăciunii,සලාතය තුළ කිවයුතු (දික්ර්) තෙපලීම්,Adkaarta Salaada,Dhikri i namazit,Bönens åminnelser,Adh-kaar - yasomwayo- wakati wa swala.,Зикрҳои намоз,การระลึกถึงคำอธิษฐาน,نامازنىڭ زىكىرلىرى,Намоз зикрлари,Các lời tụng niệm của lễ nguyện Salah,Awọn iranti irun,dhikr-(invocation)-during-prayer-en
466,134,مبطلات الصلاة,Nullifiers of Prayer,সালাত বিনষ্টকারী কারণসমূহ,Nullifiers of Prayer,Los elementos que invalidan as-salat.,Les annulatifs de la prière,Pembatal-pembatal Salat,,As invalidações da oração,"Действия, нарушающие молитву",,Namazı Bozan Haller,نماز کو باطل کرنے والی اشیاء,礼拜失效,नमाज़ तोड़ देने वाली चीज़ें,,باطل كننده هاى نماز,,,Šta kvari namaz,,Abubuwan da suke vata Sallah,پوچەڵکەرەوەکانی نوێژ,,,,සලාතය අවලංගු කරන කරුණු,,,,Vyenye kuharibu Swala.,,,نامازنى بۇزىدىغان ئىشلار,,,,nullifiers-of-prayer-en
467,134,أخطاء المصلين,Mistakes during Prayer,মুসল্লিদের বিবিধ ভুল,Verbreitete Fehler beim Gebet,Los erros de los orantes.,Les erreurs des fidèles en prière,Kesalahan-kesalahan Orang yang Salat,നിസ്കാരത്തിൽ സംഭവിക്കുന്ന അബദ്ധങ്ങൾ,Erros dos que estabelecem salah,Ошибки молящихся,தொழுவோர் விடும் தவறுகளட,Namaz Kılan Kimselerin Hataları,نمازیوں کی غلطیاں,礼拜者的错误,नमाज़ियों से होने वाली गलतियाँ,Gli errori dei preganti,خطاهاى نمازگزاران,የሰጋጆች ስህተት,Namaz qılanların namazda etdikləri xətalar,Greške klanjača,Chyby modlících se,Kusakuren Masu Sallah,هەڵەکانی نوێژخوێنان,Gebedsfouten,د لمونځ کوونکو تېروتنې,Greșeli făcute de cei care îndeplinesc rugăciune,සලාතය ඉටු කරන්නන් විසින් සිදුවන වැරදි,Khaladaadka Dadka tukanaya,Gabimet e namazlinjve,De bedjandes misstag,Makosa ya wenye kusali.,,ความผิดพลาดของผู้ละหมาด,ناماز ئوقۇغۇچىنىڭ خاتالىقلىرى,Намоздаги хатолар,Các lỗi mắc phải của người dâng lễ nguyện Salah,Awọn àṣìṣe awọn olukirun,mistakes-during-prayer-en
468,134,سجود السهو والتلاوة والشكر,"Prostration of Forgetfulness, Recitation, Gratitude","ভুল, তিলাওয়াত ও শোকরের সাজদাহ","Sujud al-Sahw - der Niederwurf, da man im Gebet etwas vergessen hat, Sujud al-Tilawah - der Niederwurf an bestimmten Stellen im Koran bei der Rezitation und Sujud al-Schukr - der Niederwurf aus Dankbarkeit",Suyud por despiste; recitación y alabanza.,"Les prosternations de distraction , de récitation et de remerciement","Sujud Sahwi, Sujud Tilawah dan Sujud Syukur",മറവിയുടെയും തിലാവതിൻ്റെയും നന്ദിയുടെയും സുജൂദുകൾ,"Sajdah assa'hw, recitação e gratidão","Земной поклон в случае забывчивости в молитве, при чтении Корана и в знак благодарности Аллаху",,"Sehiv, Tilavet ve Şükür Secdesi",سجدہ سہو، سجدہ تلاوت اور سجدہ شکر,过失、诵读和感谢的叩头,"नमाज़ में ग़लती, तिलावत तथा शुक्र के सजदे",,سجده سهو و سجده تلاوت و سجده شكر,የመርሳት፣ የቲላዋህና የምስጋና ሱጁድ,"Səhv, tilavət və şükür səcdəsi","Sehvi-sedžda, sedžda tilaveta i zahvale",Opravný a děkovný sudžúd a sudžúd při čtení Koránu,Sujadar rafkanuwa da ta karatu da ta Godiya,کڕنووش بردنی: هەڵەکردن لە نوێژ -السهو- وقورئان خوێندن وسوپاسکردن,"Prostraties voor vergeetachtigheid (soejoed as-sahw), recitatie en dankzegging",د سهوې، تلاوت او شکر سجده,"Prosternarea de uitare, de recitare și de mulțumire","කෘතඥතාව පල කිරීමේදී, කුර්ආන් පාරායනයේදී හා සලාත් අතපසු වීමෙදී කරනු ලබන සුජූද්",Sujuuda Sahwiga iyo Akhriska iyo Shukriga,,"Att göra Sujud vid glömska, recitation eller tacksamhet",Sijda kwa ajili ya kusahau na kusoma na kushukuru,,"การสุญูดซะฮ์วี,สุญูดขณะอ่านกุรอาน,และการสุญูดขอบคุณ",سەھۋەنلىك، تىلاۋەت سەجدىسى ۋە شۈكۈر سەجدىسى,,"Sujud Sahu, Sujud xướng đọc và Sujud tạ ơn",Iforikanlẹ igbagbe ati ti Kuraani kika ati ti ọpẹ,"prostration-of-forgetfulness,-recitation,-gratitude-en"
469,134,فضل صلاة الجماعة وأحكامها,Virtue and Rulings of Congregational Prayer,জামা‘আতের সাথে সালাতের ফযীলত ও তার বিধান,Die besondere Bedeutung des Gemeinschaftsgebetes und die Regeln dazu,La virtud de as-salat en grupo y sus normas.,Le mérite de la prière en groupe et ses jugements,Keutamaan Salat Jamaah dan Hukum-hukumnya,ജമാഅത് നിസ്കാരത്തിൻ്റെ ശ്രേഷ്ഠതയും `വിധിവിലക്കുകളും,Virtude de salah em jamaah e suas regras,Достоинство коллективной молитвы и законоположение об этом,கூட்டுத் தொழுகையின் சிறப்பும் சட்டங்களும்,Cemaatle Namaz Kılmanın Fazileti ve Hükümleri,باجماعت نماز کی فضیلت اور اس کے احکام,集体礼拜的恩典和律例,जमात से पढ़ी जाने वाली नमाज़ की फ़ज़ीलत तथा अहकाम,Il merito della preghiera comunitaria e le sue norme,فضيلت نماز جماعت و احكام آن,የጀማዓህ ሶላት ትሩፋትና ህግጋት,Cammat namazının fəziləti və hökmü,Vrijednost namaza u džematu i njegovi propisi,Prospěch a pravidla společné modlitby,Falalar Sallah cikin jama’a da Hukunce Hukuncenta,فەزڵی نوێژی جەماعەت وحوکمەکانی,Deugdzaamheid van het gezamenlijke gebed en de voorschriften ervan,په جماعت سره د لمانځه فضلیت او احکام یې,Virtuțile și reglementările rugăciunii în congregație,සාමූහික සලාතයේ මහිමය හා එහි නීති,Fadliga Salaada Jamaacada iyo Axkaanteeda,Vlera e namazit me xhemat dhe normat që kanë të bëjnë me të,Förträffligheten för att be bönen i församling och dess bestämmelser,Ubora wa Swala ya Jamaa na Hukumu zake.,Фазилати намози ҷамоат ва аҳкоми он,ความประเสริฐของการละหมาดญะมาอะฮ์และฮุก่มต่าง ๆของมัน,جامائەت نامىزىنىڭ پەزىلىتى ۋە ھۆكۈملىرى,Жамоат намозининг фазли ва аҳкомлари,Ân phúc của lễ nguyện Salah tập thể và các giáo luật liên quan,Ọla ti o n bẹ fun irun janmọ ati awọn idajọ rẹ,virtue-and-rulings-of-congregational-prayer-en
470,134,أحكام الإمام والمأموم,Rulings of the Imam and Followers in Prayer,ইমাম ও মুক্তাদির বিধানাবলি,"Regeln, die den Imam - Vorbeter und diejenigen, die hinter ihm beten, betreffen",Las normas del Imam y los que se colocan detrás de él.,Les jugements de l'imam et du fidèle derrière lui,Hukum-hukum Seputar Imam dan Makmum,ഇമാമിൻ്റെയും മഅ്മൂമിൻ്റെയും വിധികൾ,Regras do imam e do seguidor,"Законоположения, касающиеся имама и молящегося позади имама",இமாம் மற்றும் மஃமூமின் சட்டங்கள்,İmam ve İmama Uyan Kimseye Dair Hükümler,امام اور مقتدی سے متعلق احکام,领拜者和跟拜者的律例,इमाम तथा उसके पीछे नमाज़ पढ़ने वाले के अहकाम,Le norme riguardanti l'imam e chi prega dietro di lui,احكام امام و مأموم,የኢማምና የተከታይ ህግጋት,İmam və onun arxasında namaz qılan şəxslərə aid hökmlər,Propisi vezani za imama i muktediju,"Pravidla pro Imáma a ty, kteří se modlí za ním",Hukunce Hukuncen limami da Mamu,حوکمەکانی کەسی پێشنوێژ ونوێژخوێنەکانی پشتی,Voorschriften voor de imam en degenen die achter hem bidden,د امام او مقتدي احکام,Reglementări privind conducătorul rugăciunii și cei conduși de acesta,සලාතය මෙහෙය වන්නා හා ඔහු අනුගමනය කරන්නා පිළිබඳ නීති,Axkaanta Imaamka iyo Ma`muumka,Normat që kanë të bëjnë me imamin dhe me ata që falen pas imamit,Bestämmelser om den som leder och följer bönen,Hukumu ya Imamu na Maamuma.,,บทบัญญัติเกี่ยวกับอิหม่าม(ผู็นำ)และมะมูม(ผู้ตาม),ئىمام ۋە جامائەتكە ئالاقىدار ھۆكۈملەر,Имом ва маъмум (имомга иқтидо қилувчи) аҳкомлари,Giáo luật về Imam và người theo sau,Awọn idajọ imam ati ero ẹyin,rulings-of-the-imam-and-followers-in-prayer-en
471,134,صلاة أهل الأعذار,Prayer of the People with Excuses,সমস্যাগ্রস্তদের সালাত,"Das Gebet, wenn man zu bestimmten Handlungen im Gebet nicht im Stande ist",As-salat los que están eximidos por determinadas razones.,La prière des gens qui ont une excuse (Salât Ahl Al A’dhâr),Salat orang-orang Punya Uzur,പ്രയാസങ്ങൾ ബാധിച്ചവരുടെ നിസ്കാരം,Salat de pessoas defeituosas,"Молитва людей, которым затруднительно её совершать",அசாதாரண நிலையிலுள்ளோரின் நோன்பு,Özür Sahibi Kimselerin Namazı,شرعی عذر والوں کی نماز,困难者的礼拜,उज़्र वाले लोगों की नमाज़,La preghiera dei possessori di impedimenti,نماز صاحب عذر,ባለ ዑዝር (ተቀባይነት ያለው ምክንያት ያላቸው ሰዎች) የሚሰግዱት አሰጋገድ,Üzürlü insanların namazı,Namaz osoba koje imaju određena opravdanja,"Modlitba těch, kteří mají obtíže",Sallar Masu Uzuri,نوێژی ئەو کەسانەی کە عوزر وبیانوویان هەیە,Gebeden van mensen met beperkingen,د عذر لرونکو لمونځ,Rugăciunea celor care au anumite scuze,නිදහසට කරුණු තිබෙන අයවලුන්ගේ සලාතය,Salaada Dadka Cudurdaarka leh,Namazi i atyre që për ndonjë arsye s'mund ta falin namazin ashtu si kërkohet,De ursäktades böner,Swala za watu wenye Dharura.,Намози соҳиб узр,การละหมาดของกลุ่มคนที่มีอุปสรรค,ئۆزۈرلۈك كىشىلەرنىڭ نامىزى,Узрлилар намози,Lễ nguyện Salah dành cho người gặp trở ngại,Irun awọn ti wọn ni awawi,prayer-of-the-people-with-excuses-en
472,134,صلاة الجمعة,Jumu‘ah (Friday) Prayer,জুম‘আর সালাত,Das Freitagsgebet,As-salat al-Yumu’a (la oración del viernes).,La prière du vendredi (Salât Al Jum'ah),Salat Jumat,ജുമുഅഃ നമസ്കാരം,Oração de Sexta-Feira (al-jumah),Пятничная молитва,ஜும்ஆ தொழுகை,Cuma Namazı,نمازِ جمعہ,主麻聚礼,जुमे की नमाज़,La preghiera del venerdì,نماز جمعه,የጁሙዓ ሶላት,Cümə namazı,Džuma-namaz,Páteční modlitba,Sallar Jumu'a,نوێژی هەینی (نوێژی جومعە),Het vrijdagsgebed,د جمعې لمونځ,Rugăciunea de vineri,ජුමුආ සලාතය,Salaada Jumcada,Namazi i xhumasë,Fredagsbönen,Swala ya Ijumaa,,การละหมาดวันศุกร์,جۈمە نامىزى,Жума намози,Lễ nguyện Salah thứ sáu,Irun jimọh,jumu‘ah-(friday)-prayer-en
473,134,صلاة التطوع,Voluntary Prayer,নফল সালাত,Freiwillige Gebete,As-salat voluntaria.,La prière surérogatoire (Salât At Tatawou'),Salat Sunah,(സ്വലാതു തത്വവ്വുഅ്) സുന്നത്ത് നമസ്കാരം,Orações facultativas,Добровольная молитва,உபரித் தொழுகை,Nafile Namaz,نفل نماز,自愿拜,नफ़ल नमाज़,La preghiera volontaria,نماز مستحب,የፈቃደኝነት ሶላቶች,Nafilə namazı,Dobrovoljni namaz,Nepovinné modlitby,Sallar Taxawwu'i,نوێژی سونەت (خۆبەخش),Vrijwillig gebed (nawafil),نفلي لمونځ,Rugăciuni voluntare,ස්වෙච්ඡා අතිරේක සලාතය,Salaada Sunada ah,Namazi vullnetar,Frivillig bön,Swala ya Kujikurubisha kwa Mwenyezi Mungu.,Намози татаввуъ (нафл),การละหมาดตะเฏาวุอฺ ( ภาคสมัครใจ ),نەپلە ناماز,Нафл намози,Lễ nguyện Salah tự nguyện,Irun akigbọrẹ,voluntary-prayer-en
475,471,صلاة المسافر,,,,,,,,,,,,,,,,,,,,,,,,,,,,,,,,,,,,,category-475
476,134,صلاة الخوف,Prayer of Fear,ভয়ের সালাত,Prayer of Fear,As-salat al-jauf (temor; inseguridad; miedo).,La prière quand on a peur (Salât Al Khawf),Salat Khauf,,Oração em situação do medo:,Молитва в состоянии страха,,Korku Namazı,نمازِ خوف,恐惧拜,भय के समय की नमाज़,,نماز ترس,,,Namaz u strahu,,Sallar tsoro,,,,,,,,,,,,قورقۇنچ ھالەتتە ئوقۇيدىغان ناماز,,,,prayer-of-fear-en
477,472,فضل يوم الجمعة,Virtue of Friday,জুম‘আর দিনের ফযীলত,Virtue of Friday,Virtue of Friday,Virtue of Friday,Virtue of Friday,,,Virtue of Friday,,Virtue of Friday,Virtue of Friday,,,,Virtue of Friday,Virtue of Friday,,,,,,Virtue of Friday,,Virtue of Friday,,,,,,,,,,,,virtue-of-friday-en
478,472,فضل صلاة الجمعة,Merit of Jumu‘ah Prayer,জুম‘আর সালাতের ফযীলত,Die besondere Bedeutung des Freitagsgebets,La gran importancia de as-salat del Yumu’a.,Le mérite de la prière du vendredi,Keutamaan Salat Jumat,ജുമുഅഃ നിസ്കാരത്തിൻ്റെ ശ്രേഷ്ഠത,Classificação da oração de Sexta Feira,Достоинство пятничной молитвы,,Cuma Namazının Fazileti,نمازِ جمعہ کی فضیلت,主麻聚礼的尊贵,जुमे की नमाज़ की फ़ज़ीलत,,فضيلت نماز جمعه,የጁመዓህ ሶላት ትሩፋት,Cümə namazının fəziləti,Vrijednost džume,Užitek páteční modlitby,Falalar Sallar Jumu'a,فەزڵی نوێژی هەینی,Deugdzaamheid van het vrijwillige gebed (nawafil),د جمعې د لمانځه فضیلت,Meritele rugăciunii de vineri,ජුමුආ (සිකුරාදා) සලාතයේ මහිමය,,,Fredagsbönens förträfflighet,Ubora wa Swala ya Ijumaa.,,ความประเสริฐของการละหมาดวันศุกร์,جۈمە نامىزىنىڭ پەزىلىتى,,Ân phúc của lễ nguyện Salah thứ sáu,,merit-of-jumu‘ah-prayer-en
479,472,شروط إقامة الجمعة,,,,,,,,,,,,,,,,,,,,,,,,,,,,,,,,,,,,,category-479
480,472,أحكام صلاة الجمعة,Rulings of Jumu‘ah Prayer,জুম‘আর সালাতের বিধানাবলি,Regeln zum Freitagsgebet,Las normas de as-salat al-Yumu’a.,Les jugements de la prière du vendredi,Hukum-hukum Salat Jumat,ജുമുഅഃ നിസ്കാരത്തിൻ്റെ വിധികൾ,Procedimentos da oração de sexta feira,Шариатские законоположения о пятничной молитве,,Cuma Namazının Hükümleri,نماز جمعہ کے احکام,主麻聚礼的律例,जुमे की नमाज़ के अहकाम,Le norme riguardanti la preghiera del venerdì,احكام نماز جمعه,የጁመዓ ሶላት ህግጋት,Cümə namazının əhkamları,Propisi džume,Pravidla páteční modlitby,Hukunce Hukuncen Sallar Jumu'a,حوکمەکانی نوێژی هەینی,Voorschriften voor het vrijdagsgebed,د جمعې د لمانځه احکام,Reglementări privind rugăciunea de vineri,ජුමුආ (සිකුරාදා) සලාතයේ නීති,Axkaanta Salaada Jumcaha,Normat e namazit të xhumasë,Bestämmelser om fredagsbönen,Hukumu wa Swala ya Ijumaa.,,บทบัญญัติเกี่ยวการละหมาดวันศุกร์,جۈمە نامىزىغا ئالاقىدار ھۆكۈملەر,Жума намозининг аҳкомлари,Các giáo luật về Salah vào thứ sáu,Awọn idajọ irun jimọh,rulings-of-jumu‘ah-prayer-en
481,472,أحكام خطبة الجمعة,Rulings of Jumu‘ah Sermon,জুম‘আর খুতবার বিধানাবলি,Rulings of Jumu‘ah Sermon,Las normas del jutba (sermón) de al-Yumu’a.,Les jugements du sermon du vendredi,Hukum-hukum Khutbah Jumat,,Procedimentos da oração de sexta feira,Шариатские законоположения о пятничной проповеди,,Cuma Hutbesinin Hükümleri,خطبہ جمعہ کے احکام,主麻宣讲的律例,जुमा के ख़ुतबे के अहकाम,,احكام خطبه جمعه,,,Propisi džumanske hutbe,,Hukunce Hukuncen Huxubar Jumu'a,حوکمەکانی وتاری هەینی,Voorschriften voor de vrijdagspreek,,,,,,,,,บทบัญญัติเกี่ยวการคุฏบะฮ์วันศุกร์,جۈمە خۇتبىسىگە ئالاقىدار ھۆكۈملەر,,Giáo luật về bài thuyết giảng thứ sáu,,rulings-of-jumu‘ah-sermon-en
482,473,فضل صلاة التطوع,Virtue of Voluntary Prayer,নফল সালাতের ফযীলত,Virtue of Voluntary Prayer,La importancia de as-salat voluntaria.,Le mérite de la prière surérogatoire,Keutamaan Salat Sunah,,Virtude de salah facultativo,Достоинство добровольной молитвы,,Nafile Namazın Fazileti,نفل نماز کی فضیلت,自愿拜的尊贵,नफ़ल नमाज़ की फ़ज़ीलत,,فضيلت نماز سنت,የፈቃደኝነት ሶላት ትሩፋት,,Vrijednost dobrovoljnog namaza,,Falalar Sallar Taxawwu'i,فەزڵی نوێژی سونەت (خۆبەخش),Deugdzaamheid van het vrijwillige gebed (nawafil),,Virtuțile rugăciunilor voluntare,ස්වෙච්ඡා අතිරේක සලාතයේ මහිමය,,,,Ubora wa Swala ya kujikurubisha kwa Allah.,,ความประเสริฐของการละหมาดตะเฏาวุอฺ ( ภาคสมัครใจ ),نەپلە نامازنىڭ پەزىلىتى,,Ân phúc của lễ nguyện Salah tự nguyện,,virtue-of-voluntary-prayer-en
483,473,السنن الرواتب,Regular Sunnah (Recommended) Prayers,ফরয সালাতের সাথে সংশ্লিষ্ট সুন্নত সালাতসমূহ / সুনানু রাতিবাহ,Regular Sunnah (Recommended) Prayers,Las Sunan o acciones supererogatorias.,Les prières continuelles recommandées (As Sunnan Ar Rawâtib),Salat Sunah Rawatib,റവാതിബ് സുന്നത്തുകൾ,Sunnates prescritos,Регулярно совершаемые добровольные молитвы,,Revâtib Sünnetler,سنن رواتب,固定的圣行,फ़र्ज़ नमाजों से पहले तथा बाद में पढ़ी जाने वाली सुन्नतें,,نمازهاى مستحب مؤكده,ከግዴታ ሶላት በፊትና በኋላ የሚሰገዱ ሱና ሶላቶች,,Redovni namaski sunneti,,Sunnoni Ratibai,سونەتە ڕاتیبەکان,Soenna-gebeden voor en na verplichte gebeden (rawatib),راتبه سنتونه,Rugăciunile voluntare regulate,අනිවාර්යය සලාතයන් සමඟ ආවේණික වූ පෙර හා පසු අතිරේක සලාතයන්,,,De rekommenderade bönerna,Sunna za kila siki zilizopangiliwa,,ละหมาดเราะวาติบ (ละหมาดที่ติดต่อกับละหมาดฟัรฎุห้าเวลา),پەرىز نامازلاردىن ئىلگىرى-كېيىن ئوقۇلىدىغان سۈننەتلەر,,Sunnah Rawatib,,regular-sunnah-(recommended)-prayers-en
484,473,قيام الليل,Voluntary Night Prayer (Qiyaam),রাতের নফল সালাত,Qiyam al-Lail - das freiwillige Nachtgebet,Qiyam al-layl (as-salat por la noche).,La prière nocturne (Qiyâm Al Layl),Salat Malam,രാത്രി നിസ്കാരം,ORAÇÕES DA NOITE (QUIAMUL LAIL),Добровольная ночная молитва,இரவுத் தொழுகை,Gece Namazı,قیام اللیل,夜间拜,रात की नमाज़,La veglia notturna in adorazione,نماز شب,የሌሊት ሶላት መስገድ,Gecə namazı,Noćni namaz,Noční modlitby,Tsayuwar Dare,شەو نوێژکردن,Nachtgebed (qiyaam al-layl),د شپې لمونځ,Rugăciunea voluntară de noapte,රාත්රී වන්දනාව,Qiyaamka Habeenkii,Namazi i natës,Nattbönen,Kisimamo cha Usiku.,Намози шаб,การละหมาดในยามค่ำคืน,كېچىلىك ناماز,Тунги намоз,Qiyamu-lail (lễ nguyện Salah trong đêm),Irun oru,voluntary-night-prayer-(qiyaam)-en
485,473,صلاة التراويح,,,,,,,,,,,,,,,,,,,,,,,,,,,,,,,,,,,,,category-485
486,473,صلاة العيدين,Prayer of the Two Eids,দুই ঈদের সালাত,Prayer of the Two Eids,As-salat los ‘id.,La prière des deux fêtes (Salât Al 'Îdayn),Salat Dua Hari Raya,,Oração dos dois Eid’s,Молитва по случаю Двух Праздников,,Bayram Namazları,نمازِ عیدین,两个节日的会礼,दोनों ईदों की नमाज़,,نماز عيد فطر و قربان,,,Bajram-namazi,,Sallar Idi Guda Biyu,نوێژی دوو جەژنەکە,,,,,,,,,,,ئىككى ھېيت نامىزى,,,,prayer-of-the-two-eids-en
487,134,صلاة الكسوف والخسوف,Prayer of the Solar and Lunar Eclipse,চন্দ্র গ্রহণ ও সূর্য গ্রহণের সালাত,Prayer of the Solar and Lunar Eclipse,As-salat el eclipse solar y lunar.,La prière de l'éclipse lunaire et solaire (Salât Al Kusûf wal Khusûf),Salat Kusuf dan Khusuf,,Salah de eclipse solar e lunar,Молитва по случаю солнечного и лунного затмения,,Kusûf ve Husûf Namazları,نمازِ کسوف اور نمازِ خسوف,日食和月食的礼拜,सूरज तथा चाँद ग्रहण की नमाज़,,نماز خورشید گرفتگى و ماه گرفتگى,,,Namaz prilikom pomračenja Sunca i Mjeseca,,Sallar Shafewar Wata da ta Rana,نوێژی خۆر گیران ومانگ گیران,,,,සූර්යග්රහණය සහ චන්ද්රග්රහණය සිදු වූ වීටක කරන සලාතය,,,,,,,كۈن ۋە ئاي تۇتۇلغاندا ئوقۇيدىغان ناماز,,,,prayer-of-the-solar-and-lunar-eclipse-en
488,134,صلاة الاستسقاء,Rain-Seeking Prayer,সালাতুল ইস্তেসকা / বৃষ্টি প্রার্থনার সালাত,Rain-Seeking Prayer,As-salat al-istisqa (solicitar el agua y el descenso de lluvia).,La prière de la demande de pluie (Salât Al Istisqâ'),Salat Istisqā`,,Oração de pedido de chuva (al-isstisqá),Молитва о ниспослании дождя.,,Yağmur (Duası) Namazı,نمازِ استستقاء,求雨拜,बारिश माँगने की नमाज़,,نماز باران,,,Namaz za kišu,,Sallar Roqon Ruwa,نوێژە بارانە,Gebed voor regen (salat al-istisqa),,,,,,,,,ละหมาดขอฝน,يامغۇر تىلەش نامىزى,,Lễ nguyện Salah cầu mưa,,rain-seeking-prayer-en
489,473,صلاة الضحى,Forenoon Prayer,সালাতুদ দোহা,Forenoon Prayer,As-salat Al-Duha (as-salat la media mañana).,La prière de la matinée (Salât Ad Dhuhâ),Salat Duha,,,Добровольная утренняя молитва (ад-духа),,Kurban Bayramı Namazı,چاشت کی نماز,上午拜,चाश्त की नमाज़,,نماز چاشتگاه,,,Duha-namaz,,,نوێژی چێشتەنگاو,,,,,,,,,,,چاشكا نامىزى,,,,forenoon-prayer-en
490,473,صلاة الاستخارة,Guidance-Seeking Prayer,সালাতুল ইস্তেখারাহ/ কল্যাণ প্রার্থনা করার সালাত,Guidance-Seeking Prayer,As-salat del istijara (as-salat de la consulta).,La prière de consultation (Salât Al Al Istikhârah),Salat Istikharah,,Salah de Issticarah,Молитва испрашивания помощи у Аллаха (истихара),,İstihare Namazı,نمازِ استخارہ,求善拜,इस्तिख़ारा की नमाज़,,نماز استخاره,አሏህን ማማከርያ ሶላት,,Istihara-namaz,,Sallar Istikhara,نوێژی ئیستیخارە,Gebed voor leiding bij keuzes (salat al-istikhara),د استخارې لمونځ,Rugăciunea pentru călăuzire în decizii,යහපත අපේක්ෂා කරමින් ඉටු කරන සලාතය,,,,Swala ya kuomba kuchaguliwa jambo fulani.,,ละหมาดอิสติคอเราะฮฺ ( ละหมาดขอทางเลือก ),ئىستىخار نامىزى,,Lễ nguyện Salah Istikharah,,guidance-seeking-prayer-en
492,135,الموت وأحكامه,Death and Its Rulings,মৃত্যু ও তার বিধানসমূহ,Der Tod und die mit ihm verbundenen Vorschriften,La muerte y sus normas.,La mort et ses règles,Kematian dan Hukum-hukumnya,മരണവും വിധിവിലക്കുകളും,A morte e suas regras,Смерть и законоположения о ней,மரணமும் அதன் சட்டதிட்டங்களும்,Ölüm ve Ölüme Dair Hükümler,موت اور اس سے متعلق احکام,去世及其律例,मृत्यु तथा उससे संबंधित अहकाम,La morte e le norme ad esso associate,مرگ و احكام آن,ሞትና ህግጋቱ,Ölüm və onun əhkamları,Smrt i propisi vezani za nju,Smrt a její pravidla,Mutuwa da Hukunce Hukuncenta,مردن وحوکمەکانی,Dood en zijn voorschriften,مرګ او احکام یې,Moarte și reglementări specifice acesteia,මරණය හා එහි නීති,Geerida iyo Axkaanteeda,Vdekja dhe normat që kanë të bëjnë me të,Döden och bestämmelser kopplade kring den,Mauti na Hukumu zake.,Марг ва аҳкоми он,การตายและบทบัญญัติเกี่ยวกับการตาย,ئۆلۈم ۋە ئۇنىڭغا ئالاقىدار ھۆكۈملەر,Ўлик ва унинг аҳкомлари,Cái chết và các giáo luật liên quan,Iku ati awọn idajọ rẹ,death-and-its-rulings-en
493,135,غسل الميت,Washing the Dead,মৃত ব্যক্তির গোসল,Washing the Dead,El lavado del fallecido.,Le lavage du mort,Memandikan Mayat,മയ്യിത്തിനെ കുളിപ്പിക്കൽ,Lavagem do morto,Полное обмывание тела покойного,,Cenazenin Yıkanması,غسلِ میت,洗亡人,मुर्दे को ग़ुस्ल देना,,غسل مرده,,,Kupanje umrloga,,Wankan Gawa,شۆردنی مردوو,Wassen van de overledene,,,දේහය ස්නානය කරවීම,,,,,,การอาบน้ำศพ,مەيىتنى يۇيۇش,,Tắm cho người chết,,washing-the-dead-en
494,135,تكفين الميت,,,,,,,,,,,,,,,,,,,,,,,,,,,,,,,,,,,,,category-494
495,135,صفة الصلاة على الميت,Method of Praying over the Dead,মৃত ব্যক্তির উপর সালাত আদায়ের পদ্ধতি,Method of Praying over the Dead,La forma de realizar as-salat por el fallecido.,Description de la prière sur le mort,Tata Cara Menyalatkan Jenazah,,Modos da oração fúnebre:,Описание погребальной молитвы,,Cenaze Namazının Kılınma Şekli,نماز جنازہ کا طریقہ,为亡人礼拜的描述,जनाज़े की नमाज़ का तरीका,,صفت نماز بر روى مرده,,,Način obavljanja dženaze,,Yadda ake sallah ga Mamaci,سیفەتی نوێژکردن لەسەر مردوو,,,,දේහය සඳහා කරනු ලබන සලාතයේ ක්රමය,,,,,,,مەيىت نامىزى ئوقۇشنىڭ سۈپىتى,,Cách thức lễ nguyện Salah cho người chết,,method-of-praying-over-the-dead-en
496,135,حمل الميت ودفنه,Carrying and Burying the Dead,মৃত ব্যক্তিকে বহন ও দাফন,Carrying and Burying the Dead,Portar el fallecido y su enterramiento.,Le transport du mort et son enterrement,Membawa dan Memakamkan Mayat,മയ്യിതിനെ വഹിക്കലും മറമാടലും,Procedimentos de carregar o defunto e o seu enterro:,Несение погребальных носилок и захоронение покойного,,Cenazenin Taşınması ve Defnedilmesi,میت کو اٹھانا اور اسے دفن کرنا۔,抬亡人和埋亡人,जनाज़े को ले जाने और दफ़न करने से संबंधित बातें,,نقل جنازه و خاكسپارى آن,ሟችን መሸኘትና መቅበር,,Nošenje i kopanje umrloga,,Xaukar Mamaci da binneshi,هەڵگرتنی مردوو ولە گۆڕ دانانی,Vervoer van de overledene en begraven,,Purtarea și îngroparea mortului,දේහය ඔසවා යෑම එය භූමිදානය කිරීම,,,,Kumbeba maiti na kumzika.,,การแบกและการฝังศพ,مەيىتنى كۆتۈرۈش ۋە دەپنە قىلىش,,Khiêng và chôn người chết,,carrying-and-burying-the-dead-en
497,135,التعزية,Consolation,মৃতের পরিবারের প্রতি সমবেদনা জ্ঞাপন,Consolation,Dar el pésame.,Les condoléances,Takziyah,,,Соболезнования,,Taziye,تعزیت,悼念,मृतक के प्रति उसके संबंधियों से शोक प्रकट करना,,عزادارى,,,Izražavanje saučešća,,Ta'aziyya,سەرەخۆشیکردن (تازیەت),,,,,,,,,,,تەزىيە,,Chia buồn,,consolation-en
498,135,زيارة القبور,Visiting the Graves,কবর যিয়ারত,Visiting the Graves,Visitar las tumbas.,La visite des tombes,Ziyarah Kubur,,A visita ao cemitério,Посещение могил,,Kabir Ziyareti,قبروں کی زیارت,上坟,क़ब्रों की ज़ियारत,,زيارت قبرها,ቀብርን መዘየር,,Posjeta kaburova,,Ziyarar Makabarta,سەردانیکردنی گۆڕەکان,Bezoeken aan graven,,Vizitarea mormintelor,සොහොන් ගැබ් බැහැදැකීම,,,,Kutembelea Makaburi.,,การเยี่ยมหลุมศพ,قەبرىستانلىقنى زىيارەت قىلىش,,Thăm viếng mồ mã,,visiting-the-graves-en
499,135,الأعمال الصالحة عن الميت وإهداء الثواب له,Doing Good Deeds on behalf of the Deceased and Gifting them the Reward,মৃত ব্যক্তির পক্ষে নেক আমল করা ও তাকে সাওয়াব দান করা,Doing Good Deeds on behalf of the Deceased and Gifting them the Reward,Doing Good Deeds on behalf of the Deceased and Gifting them the Reward,Doing Good Deeds on behalf of the Deceased and Gifting them the Reward,Doing Good Deeds on behalf of the Deceased and Gifting them the Reward,,,Благие дела за покойного и дарение ему награды за них,,Cenaze Adına Yapılan Salih Ameller ve Sevabının Ona Hediye Edilmesi,میت کی جانب سے نیک اعمال کرنا اور اسے ایصالِ ثواب کرنا,,,,انجام كارهاى نيک براى مرده و هديه كردن ثواب آنها به مرده,Doing Good Deeds on behalf of the Deceased and Gifting them the Reward,Doing Good Deeds on behalf of the Deceased and Gifting them the Reward,Dobra djela na ime duše umrloga i poklanjanje sevapa,Doing Good Deeds on behalf of the Deceased and Gifting them the Reward,,,Doing Good Deeds on behalf of the Deceased and Gifting them the Reward,,Doing Good Deeds on behalf of the Deceased and Gifting them the Reward,,,,Doing Good Deeds on behalf of the Deceased and Gifting them the Reward,,,,,,,,doing-good-deeds-on-behalf-of-the-deceased-and-gifting-them-the-reward-en
500,136,وجوب الزكاة وحكم تاركها,Obligation of Zakah and Ruling of Its Abandoning,যাকাত ফরয হওয়া ও যাকাত ত্যাগকারীর বিধান,"Die Pflicht die Armensteuer der Zakah zu entrichten und die rechtliche Einordnung dessen, der es unterlässt",La obligatoriedad de az-zakat y la norma para no llevarla a cabo.,L'obligation de l'aumône légale et le statut de celui qui l'abandonne,Kewajiban Zakat dan Hukum Orang yang Meninggalkannya,"സകാത് നിർബന്ധമാണെന്നതും, അത് ഉപേക്ഷിക്കുന്നവരുടെ വിധിയും",A obrigatoriedade do zakah e a sentença para aquele que o abandona,"Обязательность закята и шариатское законоположение о том, кто его не выплачивает",ஸகாதின் அவசியமும் அதனை விட்டுவிடுபவருக்கான சட்டமும்,Zekâtın Farz Olması ve Zekât Vermeyen Kişinin Hükmü,زکوۃ کی فرضیت اور اسے نہ دینے والے کا حکم,天课的义务和放弃者的律例,ज़कात की अनिवार्यता तथा ज़कात अदा न करने वाले का हुक्म,L'obbligo della zakat e la sentenza su chi la trascura,واجب بودن زكات و حكم ترک آن,የዘካ ግዴታነትና የተወው ሰው ብይን,Zəkatın vacib olması və onu tərk edənin hökmü,Obaveznost zekata i status onog ko ne daje zekat,"Povinnost Zakátu (Almužny) a pravidlo pro toho, kdo ho nedává",Wajabcin Zakka da Hukuncin wanda yaqi yinta,واجب بوونی زەکات وحوکمی ئەو کەسەی زەکات نادات,Verplichting van Zakaat (Armenbelasting) en de voorschriften voor het verwaarlozen ervan,د زکات فرضیت او د پریښودونکي حکم یې,Obligativitatea Zakatului și reglementările abandonării acestuia,සකාත් හෙවත් ශුද්ධකාරක බද්දෙහි අනිවාර්භාවය හා එය මගහරින්නාගේ නීතිය,Waajibnimada Sakada iyo Xugunka qofka ka taga,Detyrueshmëria e dhënies së zekatit dhe dispozita për mosdhënësin e zekatit,Allmosans plikt och bestämmelsen för att lämna den,Wajibu wa Zakkah na Hukumu ya Mwenye kuiwacha.,Воҷиб будани закот ва ҳукми тарккунандаи он,วายิบต้องจ่ายซะกาตและบทบัญญัติเกี่ยวกับผู้ละทิ้งการจ่ายซะกาต,زاكاتنىڭ پەرىزلىكى ۋە ئۇنى تەرك قىلىشىڭ ھۆكمى,Закотнинг вожиблиги ва уни тарк қилган инсоннинг ҳукми,Tính bắt buộc của Zakah và giới luật cho người không chấp hành,Jijẹ dandan saka yiyọ ati idajọ ẹni ti o ba gbe e ju silẹ,obligation-of-zakah-and-ruling-of-its-abandoning-en
501,136,فضل الزكاة,,,,,,,,,,,,,,,,,,,,,,,,,,,,,,,,,,,,,category-501
502,136,شروط الزكاة,,,,,,,,,,,,,,,,,,,,,,,,,,,,,,,,,,,,,category-502
503,136,أحكام ومسائل الزكاة,Rulings and Issues of Zakah,যাকাতের বিধান ও মাসআলা,Rulings and Issues of Zakah,Normas y cuestiones de az-zakat.,Jugements et questions sur l'aumône légale,Berbagai Hukum dan Perkara Zakat,,Regras e assuntos do zakah,"Законоположения и вопросы, связанные с закятом",,Zekâta Dair Hükümler ve Meseleler,زکوۃ سے متعلق احکام اور مسائل,天课的律例和问题,ज़कात के अहकाम व मसायल,,احكام و مسائل زكات,,,Propisi i pitanja vezana za zekat,,Hukunce Hukunce da Mas'alolin Zakka,حوکمەکان ومەسەلەکانی زەکاتدان,,,,අනිවාර්ය දුගී බද්ද හා බැඳි නීතිරීති,,,,,,,زاكاتقا ئالاقىدار مەسىلىلەر ۋە ھۆكۈملەر,,Giáo luật Zakah và các vấn đề liên quan,,rulings-and-issues-of-zakah-en
504,136,زكاة النقدين,Zakah of Gold and Silver,স্বর্ণ ও রুপার যাকাত,Zakah of Gold and Silver,"Zakat al-naqdayn (oro y plata, o su equivalente).",L'aumône légale sur les deux métaux : l'or et l'argent,Zakat Naqdain (Dinar dan Dirham),,Zakat sobre os valores,"Закят с золота, серебра и денег",,Altın ve Gümüşün Zekâtı,سونا و چاندی کی زکوۃ,金、银的天课,सोने तथा चाँदी की ज़कात,,زكات طلا و نقره,,,Zekat na zlato i srebro,,Zakkar Zinare da Azurfa,زەکاتی ئاڵتون وزیو (النقدین),,,,රන් හා රිදී සඳහා වූ අනිවාර්ය බද්ද,,,,,,,ئالتۇن-كۈمۈشنىڭ زاكىتى,,,,zakah-of-gold-and-silver-en
505,136,زكاة بهيمة الأنعام,Zakah of Livestock,হালাল চতুষ্পদ জন্তুর যাকাত,Zakah of Livestock,Zakat de animales.,"L'aumône légale sur les bêtes du cheptel ( les calémidés , les bovins et les ovins )",Zakat Binatang Ternak,,Zakat de gado,Закят со скота,,Besi Hayvanlarının Zekâtı,چوپایوں کی زکوۃ,牲畜的天课,पशुओं की ज़कात,,زكات چهارپايان,,,Zekat na stoku,,Zakkar Dabbobi,زەکاتی مەڕوماڵات (بهیمة الأنعام),Zakaat voor vee,,,ගොවිපළ සතුන් සඳහා වූ අනිවාර්ය බද්ද,,,,,,ซะกาตปศุสัตว์,چارۋىلارنىڭ زاكىتى,,Zakah gia súc,,zakah-of-livestock-en
506,136,زكاة الخارج من الأرض,Zakah of Land Produce,জমিন থেকে উৎপন্ন ফসলের যাকাত,Zakah of Land Produce,Zakat lo que se extrae de la tierra.,L'aumône légale sur ce qui est produit par la terre,Zakat Tanaman,,Zakat dos produtos agricolas,Закят с урожая и плодов,,Toprak Mahsulleri ve Madenlerin Zekâtı,زمینی پیدوار کی زکوۃ,农作物的天课,ज़मीन की पैदावारों की ज़कात,,زكات محصولات كشاورزى,,,Zekat na ono što se dobiva iz zemlje,,Zakkar abunda aka futar daga Qasa,زەکاتی شتی دەرچووی ناو زەوی,,,,පොළොවෙන් පිට වූ (නිධාන වැනි) දෑ සඳහා වූ අනිවාර්ය බද්ද,,,,,,,زېمىندىن چىققان نەرسىلەرنىڭ زاكىتى,,,,zakah-of-land-produce-en
509,136,زكاة الفطر,Zakat-ul-Fitr (Minor-Eid Charity),যাকাতুল ফিতর,Zakat-ul-Fitr (Minor-Eid Charity),Az-zakat al-fitr (caridad obligatoria que se da al final del mes de ayuno de Ramadán).,L'aumône de rupture du jeûne (Zakât Al Fitr),Zakat Fitrah,ഫിത്വർ സകാത്ത്,Zakat Al-Fitr,Закят разговения,,Fıtır Zekâtı,صدقہ فطر,开斋捐,ज़कात अल-फ़ित्र,,زكات فطر,ዘካቱል ፊጥር,,Sadekatul-fitr,,Zakkar Fidda Kai,زەکاتی سەرفیترە,Zakaat al-Fitr (een vorm van liefdadigheid die aan het einde van de Ramadan wordt betaald),د فطر زکات,Zakat alFitr (la sfârșitul Ramadanului),සකාතුල් ෆිත්ර් (රමළාන් උපවාස දානය),,,Eid al-Fitrs allmosa,Zakaatul Fitri.,,ซะกาตตุลฟิฏรฺ,پىتىر سەدىقىسى,,Zakah Al-Fit-ri,,zakat-ul-fitr-(minor-eid-charity)-en
510,136,مصارف الزكاة,Channels of Zakah (People Who Receive Zakah),যাকাত ব্যয়ের খাতসমূহ,Channels of Zakah (People Who Receive Zakah),Los que reciben az-zakat.,Les catégories à qui sont destinés l'aumône,Pos-pos Distribusi Zakat,,Distribuição do zakat:,Распределение закята,,Zekât Verilecek Kimseler,مصارفِ زکوۃ,天课的支出,ज़कात के हक़दार,,موارد مصرف زكات,,,Kategorije ljudi koje polažu pravo na zekat,,Waxanda za'a bawa Zakka,خەرجیەکانی زەکات,De uitgaven van de zakaat,,,සකාත් නොහොත් අනිවාර්ය බදු ගනුදෙනු කරන ස්ථාන,,,,,,ผู้มีสิทธิ์รับซะกาต,زاكات سەرپ قىلىنىدىغان ئورۇنلار,,Cách chi của Zakah,,channels-of-zakah-(people-who-receive-zakah)-en
511,136,صدقة التطوع,Voluntary Charity,নফল সাদকা,Freiwillige Almosen,Sadaqa voluntaria.,L'aumône surérogatoire,Sedekah Sunah,ഐഛികമായ ദാനധർമ്മം,A caridade,Добровольные пожертвования,உபரியான தர்மம்,Nafile Sadaka,نفلی صدقہ,自愿的捐赠,नफ़ल सदक़ा,L'elemosina volontaria,صدقه مستحب,የፈቃደኝነት ምፅዋት (ሶደቃ),Nafilə sədəqə,Dobrovoljna sadaka,Nepovinná almužna,Sadakar Taxawwu'i,خێرکردنی سونەت (خۆبەخش),Vrijwillige liefdadigheid (Sadaqah),نفلي صدقه (خیرات),Caritatea voluntară,අනිවාර්ය නොවන පුණ්යාධාරය,Sadaqada Sunaha ah,Lëmosha vullnetare,Frivillig välgörenhet,Sadaqa za kujitolea.,Садақаи мустаҳаб,การบริจาคทานภาคอาสา,نەپلە سەدىقە,Нафл садақа,Từ thiện,Saara aṣegbọrẹ,voluntary-charity-en
512,137,وجوب الصيام وحكم تاركه,Obligation of Fasting and Ruling of Its Abandoning,সিয়ামের ফরয হওয়া ও সিয়াম ত্যাগকারীর বিধান,Obligation of Fasting and Ruling of Its Abandoning,La obligatoriedad de saum (ayuno).,L'obligation du jeûne et le jugement de celui qui l'abandonne,Obligation of Fasting and Ruling of Its Abandoning,,,"Обязательность поста и шариатское законоположение о том, кто его не соблюдает",,Oruç Tutmanın Farz Olması ve Oruç Tutmayan Kişinin Hükmü,روزے کی فرضیت اور اسے چھوڑنے والے کا حکم,斋戒的义务和放弃者的律例,,Obligation of Fasting and Ruling of Its Abandoning,واجب بودن نماز و حكم ترک آن,Obligation of Fasting and Ruling of Its Abandoning,Obligation of Fasting and Ruling of Its Abandoning,Obaveznost posta i status onog ko izostavlja post,Obligation of Fasting and Ruling of Its Abandoning,,,Obligation of Fasting and Ruling of Its Abandoning,,Obligation of Fasting and Ruling of Its Abandoning,,Obligation of Fasting and Ruling of Its Abandoning,,Obligation of Fasting and Ruling of Its Abandoning,,Obligation of Fasting and Ruling of Its Abandoning,,,Obligation of Fasting and Ruling of Its Abandoning,,Obligation of Fasting and Ruling of Its Abandoning,obligation-of-fasting-and-ruling-of-its-abandoning-en
513,137,فضل الصيام,Virtue of Fasting,সিয়ামের ফযীলত,Die besondere Bedeutung des Fastens,La importancia del saum.,Le mérite du jeûne,Keutamaan Puasa,നോമ്പിൻ്റെ ശ്രേഷ്ഠത,virtude do jejum,Достоинство поста,நோன்பின் சிறப்பு,Oruç Tutmanın Fazileti,روزے کی فضیلت,斋戒的尊贵,रोज़े की फ़ज़ीलत,Il merito del digiuno,فضيلت روزه,የጾም ትሩፋት,Orucun fəziləti,Vrijednost posta,Přednosti (užitek) půstu,Falalar Azumi,فەزڵی ڕۆژووگرتن,Deugdzaamheid van het vasten,د روژې فضیلت,Virtuțile postului,උපවාසයේ මහිමය,Fadliga Soonka,Vlera e agjërimit,Fastans förträfflighet,Ubora na Fadhila za Funga.,Фазилати рӯза,ความประเสริฐของการถือศีลอด,روزىنىڭ پەزىلىتى,Рўза фазилати,Ân phúc nhịn chay,Ọla ti o n bẹ fun awẹ gbigba,virtue-of-fasting-en
514,137,سنن الصيام,Recommended Acts of Fasting,সিয়ামের সুন্নতসমূহ,Recommended Acts of Fasting,Sunnah de saum.,Les recommandations du jeûne,Sunah-sunah Puasa,നോമ്പിൻ്റെ സുന്നത്തുകൾ,sunan de jejum,Желательные элементы поста,,Oruç Tutmanın Sünnetleri,روزے کی سنتیں,斋戒的圣行,रोज़े की सुन्नतें,,سنت هاى روزه,የፆም ሱናዎች,,Sunneti posta,,Sunnonin Azumi,سونەتەکانی ڕۆژووگرتن,De soenna's van het vasten,د روژې سنتونه,Acte recomandate privind postul,උපවාසයේ අතිරේක කරුණු,,,Rekommenderade moment under fastan,Sunnah za Funga.,,สุนัตที่ส่งเสริมในการถือศีลอด,روزىنىڭ سۈننەتلىرى,,Những khuyến khích của nhịn chay,,recommended-acts-of-fasting-en
515,137,رؤية الهلال,Sighting the Crescent,নতুন চাঁদ দেখা,Die Sichtung des Neumonds,Ruyah al-hilal (avistamiento de la luna).,Vision de la nouvelle lune.,Melihat Hilal,മാസപ്പിറവി കാണൽ,a vizualização da lua,Видение нового месяца,,Hilalin Görünmesi,رؤیت ہلال,看新月,चाँद देखना,,رؤيت هلال,ጨረቃ ማየት,,Viđenje mlađaka,,Ganin Wata,بینینی نیو هەیڤ (هیلال),Het zien van de nieuwe maansikkel,د میاشتې لیدل,Vederea semilunii,නව සඳ දැකීම,,,Beskådning av nymåne,Kuuona Mwezi.,,การเห็นเดือน,ئاينى كۆرۈش,,Nhìn trăng lưỡi liềm,,sighting-the-crescent-en
516,137,صيام يوم الشك,Fasting on the Day of Doubt,সন্দেহের দিনের সিয়াম,Fasting on the Day of Doubt,Ayunar en el día de la duda.,Jeûner le jour du doute,Puasa di Hari yang Diragukan,സംശയത്തിൻ്റെ ദിവസം നോമ്പ് നോൽക്കൽ,Jejuar num dia duvidoso,Пост в день сомнения,,(Ramazanın Başladığına Dair) Şüphe Edilen Günde Oruç Tutma,یوم شک کا روزہ,不确定日的斋戒,संदेह वाले दिन का रोज़ा,,روزه ى روز شک,የጥርጣሬ ቀን መጾም,,Post tokom dana u koji se sumnja,,Azumin Ranar Shakku,ڕۆژووگرتنی ڕۆژی گومان,Vasten op de dag van twijfel (de dag vóór of aan het einde Ramadan),د شک د ورځې روژه نیول,Pustul în zilele de îndoială,සැක සහිත දිනෙහි උපවාසයේ නිරත වීම,,,Att fasta under den tveksamma dagen,Kufunga siku ya Shaka.,,ถือศีลอดในวันสงสัย (30 ชะอฺบาน),شەكلىك كۈندە روزا تۇتۇش,,Nhịn chay vào ngày nghi ngờ,,fasting-on-the-day-of-doubt-en
517,137,قضاء الصيام,Fasting Missed Days of Ramadaan,সিয়ামের কাযা,Fasting Missed Days of Ramadaan,Relizar el saum.,Rattraper son jeûne,Mengqaḍā` Puasa,,A reposição do jejum,Возмещение поста,,Orucun Kaza Edilmesi,روزے کی قضاء,斋戒的还补,रोज़ों की क़ज़ा,,قضاء كردن روزه,ጾምን ቀዿእ ማውጣት,,Napaštanje,,Ramuwar Azumi,قەرزدانەوەی ڕۆژوو,Het inhalen van gemiste vastendagen,,Recuperarea zilelor de post,අතපසු වූ උපවාසය නැවත ඉටු කිරීම,,,,Kuilipa funga.,,การชดใช้การถือศีลอดในเดือนเราะมะฎอน,قازا روزىنى تۇتۇش,,Nhịn chay bù,,fasting-missed-days-of-ramadaan-en
518,137,صيام أهل الأعذار,Fasting of People with Excuses,সমস্যাগ্রস্তদের সিয়াম,Fasting of People with Excuses,Saum las gentes que están eximidas de hacerlo debido a determinados motivos.,Le jeûne des gens qui ont une excuse (Siyâm Ahl Al A'dhâr),Puasa Orang-orang yang Memiliki Uzur,,Jejum de pessoas defeituosas,"Пост людей, которым трудно его соблюдать",,Özür Sahibi Kimselerin Orucu,شرعی عذر والوں کا روزہ,困难者的斋戒,उज़्र वाले लोगों के रोज़े,,روزه صاحب عذر,,,Post osoba koje imaju određena opravdanja,,Azumin Masu Uzuri,ڕۆژووگرتنی ئەو کەسانەی کە عوزر وبیانوویان هەیە,Het vasten van mensen met geldige redenen,,,නිදහසට කරුණු ඇති අයවලුන්ගේ උපවාසය,,,,,,การถือศีลอดของกลุ่มคนที่มีอุปสรรค,ئۈزۈرلۈك كىشىلەرنىڭ روزىسى,,Nhịn chay của người gặp trở ngại,,fasting-of-people-with-excuses-en
519,137,مفسدات الصيام,Nullifiers of Fasting,সিয়াম ভঙ্গকারী বস্তুসমূহ,Nullifiers of Fasting,Los elementos que invalidan saum.,Les choses qui invalident le jeûne,Pembatal Puasa,നോമ്പ് മുറിക്കുന്ന കാര്യങ്ങൾ,Os nuladores do jejum,"Вещи, которые делают пост недействительным",,Orucu Bozan Haller,روزے کو فاسد کرنے والی اشیاء,斋戒的失效,रोज़ा तोड़ देने वाली वस्तुएँ,,مفسدات روزه,ጾምን የሚያበላሹ ነገሮች,,Šta kvari post,,Abubuwan da suke Karya Azumi,پوچەڵکەرەوەکانی ڕۆژووگرتن,Zaken die het vasten verbreken,د روژې فاسدوونکي,Nulificatorii postului,උපවාසය අවලංගු කරන කරුණු,,,Det som förstör fastan,Vyenye kuharibu Funga.,,สิ่งที่ทำให้เสียศีลอด,روزىنى بۇزىۋېتىدىغان ئامىللار,,Những điều làm hư nhịn chay,,nullifiers-of-fasting-en
520,137,ما يجب على الصائم,Fasting Obligations,সাওম পালনকারীর উপর যা বাধ্যতামূলক,Fasting Obligations,Lo que debe realizar la persona en ayuno.,Ce que le jeûneur doit obligatoirement accomplir,Hal yang Wajib Bagi Orang yang Puasa,,O que é obrigatorio sobre o jejuador,Обязанности постящегося,,Oruç Tutan Kimseye Farz Olanlar,روزہ دار پر کون سی باتیں فرض ہیں۔,斋戒者应该做的,रोज़ेदार के लिए अनिवार्य कार्य,,آنچه كه بر روزه دار واجب است,,,Obaveze postača,,,ئەو شتانەی کە واجبە لەسەر کەسی ڕۆژووگر ئەنجامی بدات,,,,උපවසාය රකින්නාට අනිවාර්ය වන දෑ,,,,,,,,,,,fasting-obligations-en
521,137,ما يجوز للصائم,What is Permissible for the Fasting Person,সাওম পালনকারীর জন্য যা বৈধ,What is Permissible for the Fasting Person,Lo que está permitido a la persona en ayuno.,Ce qui est permis au jeûneur,Apa yang boleh bagi orang yang Puasa,,O que é permitido para o jejuador,Разрешённые вещи для постящегося,,Oruç Tutan Kimseye Caiz Olan Şeyler,روزہ دار کے لئے کیا جائز ہے,斋戒者允许做的,रोज़ेदार के लिए जायज़ कार्य,,آنچه كه بر روزه دار جايز است,,,Šta je postaču dozvoljeno,,Abunda ya Halatta ga Masu Azumi,ئەو شتانەی کە جائیزە (دروستە) کە کەسی ڕۆژووگر ئەنجامی بدات,,,,උපවසාය රකින්නාට අනුමත දෑ,,,,,,,روزا تۇتقۇچى قىلسا بولىدىغان ئىشلار,,,,what-is-permissible-for-the-fasting-person-en
522,137,ما يحرم على الصائم,Fasting Prohibitions,সাওম পালনকারীর উপর যা হারাম,Fasting Prohibitions,Lo que esté prohibido a la persona en ayuno.,Ce qui est interdit au jeûneur,Apa yang Haram Bagi Orang yang Puasa,നോമ്പുകാരന് മേൽ നിഷിദ്ധമായ കാര്യങ്ങൾ,Aspectos proibidos a quem não tenha tomado o banho maior,Запрещённые вещи для постящегося,,Oruç Tutan Kimseye Haram Olan Şeyler,روزہ دار کے لئے کیا حرام ہے,斋戒者禁止做的,रोज़ेदार के लिए हराम कार्य,,آنچه كه بر روزه دار حرام است,በፆመኛ ላይ ክልክል የሆኑ ነገሮች,,Šta je zabranjeno postaču,,Abunda aka Haramtawa Mai Azumi,ئەو شتانەی کە حەرامە لەسەر ڕۆژووگر ئەنجامی بدات,Verboden handelingen voor de vastende persoon,هغه څه چې په روژه لرونکي حرام دي,Ce este interzis în timpul postului,උපවසාය රකින්නාට තහනම් වූ දෑ,,,Det som är förbjudet för den fastande,Yaliyo haramu mfungaji.,,สิ่งที่เป็นข้อห้ามสำหรับผู้ถือศีลอด,روزا تۇتقۇچىغا چەكلەنگەن ئىشلار,,Điều không được phép đối với người nhịn chay,,fasting-prohibitions-en
523,137,ما يكره للصائم,What is Disliked for the Fasting Person,সাওম পালনকারীর জন্য যা মাকরুহ,What is Disliked for the Fasting Person,Lo que es desaconsejable para la persona en ayuno.,Ce qui est déconseillé au jeûneur,Apa yang Dimakruhkan Bagi Orang yang Puasa,,O que é detestavel para o jejuador,Нежелательные вещи для постящегося,,Oruç Tutan Kimseye Mekruh Olan Şeyler,روزہ دار کے لئے کیا مکروہ ہے,对斋戒者厌恶的,रोज़ेदार के लिए मकरूह (नापसंदीदा) कार्य,,آنچه كه بر روزه دار مكروه است,,,Šta je postaču pokuđeno,,Abunda aka Karhantawa Mai Azumi,ئەو شتانەی کە مەکروهە بۆ کەسی ڕۆژووگر ئەنجامی بدات,,,,,,,,,,,روزا تۇتقۇچىغا مەكرۇھ بولىدىغان ئىشلار,,,,what-is-disliked-for-the-fasting-person-en
524,137,صيام التطوع,Voluntary Fasting,নফল সিয়াম,Freiwilliges Fasten,Saum voluntario.,Le jeûne surérogatoire,Puasa sunah,സുന്നത്ത് നോമ്പുകൾ,Jejum facultativo,Добровольный пост,,Nafile Oruç,نفلی روزہ,自愿的斋戒,नफ़ल रोज़े,,روزه مستحب,የፈቃደኝነት ጾም,,Dobrovoljni post,,Azumin Taxawwu'i,ڕۆژووگرتنی سونەت (خۆبەش),Vrijwillig vasten,نفلي روژه,Postul voluntar,ස්වෙච්ඡාවෙන් රකින අතිරේක උපවාසය,,,Frivillig fasta,Funga za Kujikurubisha.,,การถือศีลอดอาสาสมัคร,نەپلە روزا,,Nhịn chay tự nguyện,,voluntary-fasting-en
525,137,الاعتكاف,Seclusion for Worship in Ramadaan (I‘tikaaf),ই‘তিকাফ,Seclusion for Worship in Ramadaan (I‘tikaaf),Al-‘itiqaf (retiro en el Masyid).,La retraite spirituelle (AlI'tikâf),Iktikaf,ഇഅ്തികാഫ്,Retiro na mesquita,Благочестивое уединение в мечети,,İtikaf,اعتکاف,坐静,ऐतिकाफ़,,اعتكاف,ኢዕቲካፍ,,Itikaf,,I'itikafi,ئیعتیکاف کردن (مانەوە لە مزگەوت بۆ ئەنجامدانی پەرستن),I'tikaaf (spirituele retraite in de moskee),اعتکاف,I'tikaf (retragerea pentru adorare în Ramadan),මස්ජිදයේ නැවතී (ඉඃතිකාෆ්) සිටීම,,,I'tikaf,Kufanya Itikafu.,,การเอี๊ยะติกาฟ (การครองตนในมัสยิด),ئېتىكاپ,,Etikaf,,seclusion-for-worship-in-ramadaan-(i‘tikaaf)-en
526,137,العشر الأواخر من رمضان,Last Ten Days of Ramadaan,রমযানের শেষ দশ দিন,Die letzten zehn Tage im Ramadan,Las diez últimas noches de Ramadán.,Les dix derniers jours du mois de Ramadan,Sepuluh Hari Terakhir Bulan Ramaḍan,റമദാനിലെ അവസാനത്തെ പത്ത്,A última dezena do ramadhan,Последние десять дней рамадана,ரமழானின் இறுதிப் பத்து,Ramazan Ayının Son On Gecesi,رمضان کا آخری عشرہ,斋月的后十天,रमज़ान के अंतिम दस दिन,Le ultime dieci notti di Ramadan,ده روز آخر رمضان,የረመዿን የመጨረሻዎቹ አስር ቀናት,Ramazan ayının son on günü,Posljednja trećina ramazana,Posledních deset dní Ramadánu,Goman Qarshe na Watan Azumi,دە شەوی کۆتایی مانگی ڕەمەزان,De laatste tien dagen van Ramadan,د رمضان د میاشتې وروستۍ لسیزه,Ultimele zece nopți din Ramadan,රමළාන් මසෙහි අවසන් දින දහය,Tobanka danbe ee Rabadaanka,Dhjetëshja e fundit e ramazanit,De tio sista nätterna under Ramadan,Masiku kumi ya mwisho wa mwezi wa Ramadhani.,Даҳаи охири рамазон,10 วันสุดท้ายของเดือนเราะมะฎอน,رامىزاننىڭ ئاخىرقى ئون كۈنىدە ئېتىكاپ قىلىش,Рамазоннинг озирги ўн куни,Mười đêm cuối của Ramadan,‏Awọn mẹwa igbẹyin inu Ramadan,last-ten-days-of-ramadaan-en
530,525,أحكام الاعتكاف,,,,,,,,,,,,,,,,,,,,,,,,,,,,,,,,,,,,,category-530
531,138,وجوب الحج والعمرة وحكم تاركهما,Obligation of Hajj and ‘Umrah and Ruling of Its Abandoner,হজ ও ‘উমরা ফরয হওয়া এবং তা ত্যাগকারীর বিধান,Obligation of Hajj and ‘Umrah and Ruling of Its Abandoner,"La obligatoriedad del Hayy y el ‘Umrah, y la norma para no llevarlos a cabo.",Obligation of Hajj and ‘Umrah and Ruling of Its Abandoner,Obligation of Hajj and ‘Umrah and Ruling of Its Abandoner,,,"Обязательность хаджа и умры и шариатское законоположение о том, кто их не совершает",,Hac ve Umrenin Farz Olması ve Hac ve Umre Yapmayan Kişinin Hükmü,حج اور عمرہ کی فرضیت اور ان کو ترک کرنے والے کا حکم,正朝和副朝的义务以及放弃者的律例,,,واجب بودن حج و عمره و حكم ترک آنها,Obligation of Hajj and ‘Umrah and Ruling of Its Abandoner,Obligation of Hajj and ‘Umrah and Ruling of Its Abandoner,Obaveznost hadža i umre i status onoga ko ih ne obavi,Obligation of Hajj and ‘Umrah and Ruling of Its Abandoner,,,Obligation of Hajj and ‘Umrah and Ruling of Its Abandoner,,Obligation of Hajj and ‘Umrah and Ruling of Its Abandoner,,Obligation of Hajj and ‘Umrah and Ruling of Its Abandoner,,Obligation of Hajj and ‘Umrah and Ruling of Its Abandoner,,Obligation of Hajj and ‘Umrah and Ruling of Its Abandoner,,,Obligation of Hajj and ‘Umrah and Ruling of Its Abandoner,,Obligation of Hajj and ‘Umrah and Ruling of Its Abandoner,obligation-of-hajj-and-‘umrah-and-ruling-of-its-abandoner-en
532,138,فضل الحج والعمرة,Virtue of Hajj and Umrah,হজ ও ‘উমরার ফযীলত,Die besondere Bedeutung von Hajj und `Umrah - der großen und kleinen Pilgerfahrt,La importancia del Hayy y el ‘Umrah.,Le mérite du pèlerinage et de la 'Umrah,Keutamaan haji dan umrah,ഹജ്ജിൻ്റെയും ഉംറയുടെയും ശ്രേഷ്ഠത,Pilares da peregrinação e a um’rah,Достоинство хаджа и умры,"ஹஜ், உம்ராவின் சிறப்பு",Hac ve Umrenin Fazileti,حج اور عمرہ کی فضیلت,正朝和副朝的尊贵,हज तथा उमरा की फ़ज़ीलत,Il merito del Hajj e della Umrah,فضيلت حج و عمره,የሐጅና ዑምራ ትሩፋት,Həcc və ömrənin fəziləti,Vrijednost hadža i umre,Přednosti (užitek) velké a malé poutě,Falalar Hajji da Umra,فەزڵی حەج وعومرە,Deugdzaamheid van de bedevaart (Hadj) en de kleine bedevaart (Oemrah),د حج او عمرې فضیلت,Virtuțile Hajj și Omra,හජ් හා උම්රාවෙහි මහිමය,Fadliga Xajka iyo Cumrada,Vlera e haxhit dhe umres,Förträffligheten i Hajj och 'Umrah,Fadhila za Hijjah na Umra.,Фазилати ҳаҷ ва умра,ความประเสริฐของการประกอบพิธีหัจญ์และอุมเราะฮฺ,ھەج-ئۆمرە قىلىشنىڭ پەزىلىتى,Ҳаж ва умра фазли,Ân phúc của hành hương Hajj và 'Umrah,‏Ọla ti n bẹ fun hajj ati Umrah,virtue-of-hajj-and-umrah-en
533,138,العشر من ذي الحجة,First Ten Days of Dhul Hijjah (Twelfth Lunar Month),জিলহজ মাসের প্রথম দশ দিন,Die ersten zehn Tage im Monat Thu al-Hijjah,Los diez día del mes de Dhu Al-Hiyya.,Les dix jours du mois de Dhû Al Hijjah,Sepuluh Hari Pertama Bulan Zulhijah,ദുൽ ഹിജ്ജയിലെ ആദ്യത്തെ പത്തു ദിവസങ്ങൾ,A primeira dezena de zhil hijjah,Первые десять дней месяца зу-ль-хиджжа,துல்ஹிஜ்ஜாவின் முதல் பத்து நாட்கள்,Zilhicce Ayının İlk On Günü,عشرہ ذی الحجہ,祖勒哈知的十天,ज़ुल-हिज्जा के आरंभ के दस दिन,I primi dieci giorni di Dhul-Hijjah,ده روز اول ماه ذوالحجه,የዙል ሒጃ አስሩ ቀናት,Zilhiccə ayının on günü,Prvih deset dana mjeseca zulhidžeta,Deset dní Dhú Al-Hidža,Goma daga Watan Zilhajji,دە ڕۆژی یەکەمی مانگی (ذي الحجة),De eerste tien dagen van Dhoel-Hijjah,د ذي الحجې (لومړۍ) لسیزه,Primele zece zile din Dhul Hijja,දුල් හිජ්ජා මාසයේ දහවැනි දින,Tobanka Maalmood ee Dilxija,Dhjetë ditët e para të dhul-hixhes,De tio första dagarna av Dhul-Hijjah,Masiku kumi ya Dhul hijjah.,Даҳаи аввали моҳи зулҳиҷҷа,10 วันแรกของเดือนซุลฮิจยะฮ์,زۇل ھەججە ئېيىىڭ ئەۋۋەلقى ئون كۈنىنىڭ پەزىلىتى,Зул-ҳижжанинг ўн куни,Mười ngày đầu tháng Zdu Al-Hijjah,‏Awọn ọjọ mẹwa inu dhul hijjah,first-ten-days-of-dhul-hijjah-(twelfth-lunar-month)-en
534,138,أحكام المسجد الحرام والمسجد النبوي وبيت المقدس,"Rulings of Al-Masjid Al-Haraam, the Prophet's Mosque, and the Aqsa Mosque","মাসজিদুল হারাম, মাসজিদুন নবী ও বায়তুল মাকদিসের বিধানাবলি","Regeln, die die heiligen Moscheen in Mekka, al-Medinah und Jerusalem betreffen",Las normas de Masyid Al-Haram; Masyid Al-Nabawi y Jerusalén (al-bait almaqdis o Casa Sagrada).,"Les jugements relatifs à la mosquée sacrée (Masjid Al Harâm) , à la mosquée du Prophète (Al Masjid An Nabawy) et à la mosquée du Quds (Bayt Al Maqdis)","Hukum-hukum seputar Majidilharam, Masjid Nabawi dan Baitul Maqdis","മസ്ജിദുൽ ഹറാം, മസ്ജിദുന്നബവി, മസ്ജിദുൽ അഖ്സാ എന്നിവടങ്ങളുമായി ബന്ധപ്പെട്ട വിധിവിലക്കുകൾ","Regras do masgid al-haram, massgid nabawi e aqsa","Шариатские законоположения о Заповедной мечети в Мекке, мечети Пророка в Медине и мечети аль-Акса в Иерусалиме",,"Mescid-i Haram, Mescid-i Nebevi ve Beytu'l-Makdis'in Hükümleri",مسجد حرام، مسجد نبوی اور بیت المقدس سے متعلق احکام,禁寺、圣寺和圣城的律例,"मस्जिद-ए-हराम, मस्जिद-ए-नबवी तथा बैतुल मक़्दिस से संबंधित अहकाम","Le norme riguardanti la Sacra Moschea (Mecca), la Moschea del Profeta (Medina) e la Moschea di al-Aqsa (Gerusalemme)",احكام مسجد الحرام و مسجد نبوى و مسجد الاقصى,የመስጂደል ሐራም፣ የመስጂድ አንነበዊይና የበይተል መቅዲስ ህግጋት,"Məscidülhərama, Peyğəmbər məscidinə və Beytulməqdisə aid əhkamlar","Propisi vezani za Sveti hram u Meki, Poslanikovu džamiju i Hram u Kudsu","Pravidla týkající se posvátné mešity, mešity Proroka a mešity Al-Aqsá",Hukunce Hukuncen Masallacin Harami da Masallacin Manzon Allah da Baitilmaqdas,حوکمەکانی: مزگەوتی حەرام ومزگەوتی پێغەمبەر ﷺ ومزگەوتی ئەقسا,"Voorschriften voor de Masjid al-Haram, de Moskee van de profeet (vrede zij met hem), en de Al-Aqsa-moskee",د مسجد الحرام، نبوي مسجد او بیت المقدس احکام,"Reglementări privind Moscheea Al-Haram, Moscheea Profetului și Moschea Al-Aqsa","හරම්, නබවී හා බයිතුල් මුකද්දස් දේවස්ථාන සම්බන්ධ නීති",Axkaanta Masjidka Xaranka iyo Masjidka Nabiga scw iyo Baytul Maqdis,"Normat që kanë të bëjnë me Qaben, Xhaminë e Pejgamberit dhe Xhaminë Aksa","Bestämmelser om al-Masjid al-Haram, al-Masjid an-Nabawi och Baytul-Maqdis",Hukumu za Msikiti wa Makkah na Msikiti wa Mtume msikiti wa Aq'swa,,"บทบัญญัติต่าง ๆที่เกี่ยวข้องกับมัสยิดฮะรอม,มัสยิดนบี,และบัยตุ้ลมักดิส",ھەرەم مەسجىدى، پەيغەمەرئەلەيھىسسالام مەسجىدى ۋە بەيتىل مەقدەستىكى ئەقسا مەسجىدى ھەققىدىكى ھۆكۈملىرى,"Масжид Ал-Ҳаром, Масжид Ан-Набавий ва Масжид Ал-Ақсога оид аҳкомлар","Giáo luật về Masjid Al-Haram (Makkah), Masjid Al-Nabawi (Madinah) và Masjid Al-Aqsa (Jerusalem)",‏Awọn idajọ masalasi abeewọ ati mọsalasi Jerúsálẹ́mù,"rulings-of-al-masjid-al-haraam,-the-prophet's-mosque,-and-the-aqsa-mosque-en"
535,138,مواقيت الحج والعمرة,,,,,,,,,,,,,,,,,,,,,,,,,,,,,,,,,,,,,category-535
536,138,أحكام الإحرام,Rulings of Ihraam (the Ritual State of Consecration),ইহরামের বিধানাবলি,Rulings of Ihraam (the Ritual State of Consecration),Las normas del Ihram (estado de inviolabilidad).,Les jugements relatifs à l'état de sacralisation (Al Ihrâm),Hukum-hukum Ihram,ഇഹ്റാം കെട്ടുന്നതിൻ്റെ വിധികൾ,Regras de ihram,"Шариатские законоположения, связанные с пребыванием в состоянии ихрама",,İhramın Hükümleri,احرام کے احکام,受戒的律例,एहराम के अहकाम,,احكام احرام,የኢሕራም ህግጋት,,Propisi vezani za ihram (obred hadža i umre),,Hukunce Hukuncen Ihrami,حوکمەکانی ئیحرام بەستن,Voorschriften voor de staat van ihram (heilige staat voor pelgrims),د احرام حکمونه,Reglementări privind Ihram (starea de sacralizare),ඉහ්රාම්හි නීති,,,Bestämmelser om inträdet i Ihram,Hukumu za Kuhirimia.,,บทบัญญัติเกี่ยวกับการคล้องเอียะฮ์รอม,ئېھرامغا ئالاقىدار ھۆكۈملەر,,Giáo luật nghi thức Ihram,,rulings-of-ihraam-(the-ritual-state-of-consecration)-en
537,138,محظورات الإحرام,Prohibitions of Ihraam,ইহরামের নিষিদ্ধ বিষয়সমূহ,Prohibitions of Ihraam,Los elementos que están prohibidos durante al Ihram.,Les interdits quand on est en état de sacralisation (Mahdhûrâte Al Ihrâm),Larangan-larangan Umrah,,As proibições durante o ihram,"Вещи, которых следует остерегаться в состоянии ихрама",,İhram Yasakları,محظوراتِ احرام,受戒的禁忌事项,एहराम की अवस्था में वर्जित कार्य,,امور محرم در احرام,,,Zabrane tokom boravka u ihramima,,Abubuwan da aka hana a Ihrami,قەدەغەکراوەکانی ئیحرام بەستن,,,,,,,,,,,ئېھرامدا چەكلەگەن ئىشلار,,,,prohibitions-of-ihraam-en
538,138,الفدية وجزاء الصيد,Ransom and Hunting Expiation,ফিদিয়া ও শিকার করার প্রতিবিদান,Ransom and Hunting Expiation,Fidyah (ofrendas ofrecidas en el Hayy como expiaciones) y la pena impuesta por la cacería durante el Hayy.,L'expiation (Al Fidyah) et le sacrifice d'une bête équivalente pour avoir chassé,Fidiah dan Tebusan Hewan Buruan,,A compensação e a sanção da caça,Искупительное действие и воздаяние за охоту в состоянии ихрама,,Avlanma Fidyesi ve Cezası,فدیہ اور شکار کا بدلہ,献牲和打猎的惩罚,फ़िदया तथा शिकार का बदला,,فديه و جزايى شكار كردن در احرام,,,Iskup i sankcija za lov,,Fidya da sakamakon Farauta,,,,,වන්දිය හා දඩයම් කිරීමේ වරදට දඬුවම,,,,,,,,,,,ransom-and-hunting-expiation-en
539,138,أنواع النسك,Types of Rituals (Pilgrimage),হজের প্রকার,Types of Rituals (Pilgrimage),Los tipos de rituales del Hayy.,Les différents types de rites du pèlerinage,Macam-macam Haji,,Tipos de rituais (de peregrinação),Виды хаджа и умры,,Hac İbadetinin Çeşitleri,حج کے اقسام,朝觐的种类,क़ुरबानी की क़िस्में,,انواع نسک,,,Vrste obreda,,Na'o'in aikin Hajji,ڕێوڕەسمەکان وجۆرەکانی,,,,,,,,,,,,,,,types-of-rituals-(pilgrimage)-en
540,138,صفة العمرة,,,,,,,,,,,,,,,,,,,,,,,,,,,,,,,,,,,,,category-540
542,138,واجبات العمرة,Obligations of ‘Umrah,‘উমরার ওয়াজিবসমূহ,Obligations of ‘Umrah,Los deberes del ‘Umrah.,Les obligations de la 'Umrah,Kewajiban-kewajiban Umrah,ഉംറയുടെ നിർബന്ധബാധ്യതകൾ,Obrigações do Umrah,Обязательные элементы умры,,Umrenin Farzları,عمرہ کے واجبات,副朝的当然,उमरा के वाजिब कार्य,,واجبات عمره,የዑምራ ግዴታዎች,,Obavezne radnje na umri,,Wajiban Umra,واجبەکانی عومرە,Verplichtingen van de kleine bedevaart (Oemrah),د عمرې واجبات,Acte obligatorii în Omra,උම්රාවෙහි අනිවාර්ය කරුණු,,,'Umrahs obligatoriska moment,Yaliyo wajibu katika Umra.,,ประการวาญิบของประกอบพิธีอุมเราะฮฺ,ئۆمۈر-ھەجنىڭ ۋاجىپلىرى,,Những điều bắt buộc của hành hương 'Umrah,,obligations-of-‘umrah-en
543,138,سنن العمرة,,,,,,,,,,,,,,,,,,,,,,,,,,,,,,,,,,,,,category-543
544,138,صفة الحج,How to Make Hajj (Pilgrimage),হজ করার পদ্ধতি,How to Make Hajj (Pilgrimage),La forma de realizar el Hayy.,La description du pèlerinage,Tata Cara Haji,,O modelo de hajj,Описание хаджа,,Haccın Yapılış Şekli,حج کا طریقہ,朝觐描述,हज का तरीक़ा,,صفت حج,,,Način obavljanja hadža,,Sifar yanda ake Aikin Hajji,سیفەتی حەج,,,,හජ් ඉටුකරන ආකාරය,,,,Sifa za Hijjah.,,,ھەجنىڭ سۈپىتى,,,,how-to-make-hajj-(pilgrimage)-en
545,138,أركان الحج,Pillars of Hajj (Pilgrimage),হজের রুকনসমূহ,Pillars of Hajj (Pilgrimage),Los pilares del Hayy.,Les piliers du pèlerinage,Rukun-rukun Haji,,Pilares do hajj,Стоплы хаджа,,Haccın Rükünleri,حج کے ارکان,朝觐的要素,हज के अर्कान,,اركان حج,,,Ruknovi hadža,,,,,,,,,,,,,,,,,,pillars-of-hajj-(pilgrimage)-en
546,138,واجبات الحج,Obligations of Hajj (Pilgrimage),হজের ওয়াজিবসমূহ,Obligations of Hajj (Pilgrimage),Los deberes del Hayy.,Les obligations du pèlerinage,Kewajiban-kewajiban Haji,,Obrigações do hajj:,Обязательные элементы хаджа,,Haccın Farzları,حج کے واجبات,朝觐的当然,हज के वाजिब कार्य,,واجبات حج,,,Obavezne hadžske radnje,,Wajiban Hajji,واجبەکانی حەج,,,,,,,,,,,ھەجنىڭ ۋاجىپلىرى,,,,obligations-of-hajj-(pilgrimage)-en
547,138,سنن الحج,,,,,,,,,,,,,,,,,,,,,,,,,,,,,,,,,,,,,category-547
548,138,أحكام الفوات والإحصار,,,,,,,,,,,,,,,,,,,,,,,,,,,,,,,,,,,,,category-548
549,138,أحكام المسجد النبوي,Rulings of the Prophet's Mosque,মাসজিদে নববীর বিধানাবলি,Rulings of the Prophet's Mosque,La norma del Masyid Al-Nabawi.,Rulings of the Prophet's Mosque,Rulings of the Prophet's Mosque,,,"Законоположения, касающиеся мечети Пророка в Медине",,Mescid-i Nebevi'nin Hükümleri,مسجد نبوی سے متعلق احکام,圣寺的律例,,Rulings of the Prophet's Mosque,احكام مسجد نبوى,Rulings of the Prophet's Mosque,Rulings of the Prophet's Mosque,Propisi vezani za Poslanikovu džamiju,Rulings of the Prophet's Mosque,,,Rulings of the Prophet's Mosque,,Rulings of the Prophet's Mosque,,Rulings of the Prophet's Mosque,,Rulings of the Prophet's Mosque,,,,,Rulings of the Prophet's Mosque,,Rulings of the Prophet's Mosque,rulings-of-the-prophet's-mosque-en
550,138,الهدي والكفارات,Sacrificial Animals and Expiations,হাদী ও কাফফারাসমূহ,Sacrificial Animals and Expiations,El hadi (ofrenda animal) y al-kafara (expiación).,Le sacrifice (Al Hadyi) et les expiations (Al Kafârâte),Hadyu dan Kafarat,,O animal conduzido para o sacrificio e as expiações,Жертвенное животное паломника и искупительные действия,,Hedy Kurbanı ve Kefaretler,ہدی اور کفارات,献牲和罚赎,हज की क़ुरबानी तथा कफ़्फ़ारे,,قربانى واجب و كفاره ها,,,Hadžski kurban i iskupi za prekršaje,,Hadaya da Kaffara,قوربانیکردن وکەفارەتەکان,,,,,,,,,,,ھەدىيە ۋە كاپارەت,,Giết tế và các hình thức chuộc lỗi khi sai phạm,,sacrificial-animals-and-expiations-en
551,138,الأضحية,Sacrifice,কুরবানি,Udhiyah - Schlachtopfer,Animales de sacrificio.,Le sacrifice rituel du jour de l'Aîd (Al Udhiyah),Hewan Kurban,ഉദ്ഹിയ്യഃ,Al-uzhiyat,Жертвенный скот для заклания по случаю Праздника Жертвоприношения,,Kurbanlık Hayvan,قربانی,宰牲,क़ुरबानी,,قربانى,ኡዹሒያ (የዒደል አዽሓ እርድ),Qurban kəsmək,Kurbani,Oběť(Udhíja),Layya,قوربانی کردن,Het offerdier (offer voor Eid al-Adha),قرباني,Sacrificarea unui animal,උල්හියියා සත්ව කැපය,,,Offerdjur under Eid al-Ad'ha,Vichinjwa.,,อุฎฮียะห์ ( การเชือดสัตว์ทำกุรบาน ),قۇربانلىق,,Giết tế,,sacrifice-en
552,138,أخطاء وبدع في الحج,,,,,,,,,,,,,,,,,,,,,,,,,,,,,,,,,,,,,category-552
554,138,أحكام ومسائل الحج والعمرة,Rulings and Issues of Hajj and ‘Umrah,হজ ও ‘উমরার মাসআলা ও বিধানাবলি,Rulings and Issues of Hajj and ‘Umrah,Normas y cuestiones del Hayy y al-‘Umrah.,Jugements et questions relatifs au pèlerinage et à la 'Umrah,Hukum-Hukum dan Permasalahan Seputar Haji dan Umrah,"ഹജ്ജ്, ഉംറ എന്നിവയുമായി ബന്ധപ്പെട്ട വിഷയങ്ങളും വിധിവിലക്കുകളും",Regras e assuntos de hajj e umrah,"Законоположения и вопросы, связанные с хаджем и умрой",ஹஜ் மற்றும் உம்ராவின் சட்டங்களும் பிரச்சினைகளும்,Hac ve Umreye Dair Hükümler ve Meseleler,حج اور عمرہ کے احکام اور مسائل,正朝和副朝的律例和问题,हज तथा उमरा के अहकाम एवं मसायल,,احكام و مسائل حج و عمره,የሐጅና ዑምራ ህግጋትና ጉዳዮች,,Propisi i pitanja vezana za hadž i umru,,Hukunce Hukunce da Ma'alolin Hajji da Umra,حوکمەکان ومەسەلەکانی حەج وعومرە کردن,Voorschriften en kwesties met betrekking tot de bedevaart (Hadj) en de kleine bedevaart (Oemrah),د حج او عمرې حکمونه او مسائل,Reglementări și chestiuni legate Hajj și Omra,හජ් සහ උම්රා පිළිබද නීතිරීති,,,,Hukumu na Mambo ya Hijjah na Umra.,,บทบัญญัติและประเด็นปัญหาต่าง ๆเกี่ยวกับการประกอบพิธีฮัจย์และอุมเราะฮ์,ھەج-ئۆمرىگە ئالاقىدار مەسىلىلەر ۋە ھۆكۈملەر,,"Giáo luật hành hương Hajj, 'Umrah và các vấn đề liên quan",,rulings-and-issues-of-hajj-and-‘umrah-en
555,139,حكم الجهاد,Ruling of Jihad,জিহাদের বিধান,Ruling of Jihad,Ruling of Jihad,Le jugement de la guerre sainte (Al Jihâd),Hukum Jihad,ജിഹാദിൻ്റെ വിധി,Classificação do Al-jihad:,Шариатское законоположение о джихаде,,Cihadın Hükmü,جہاد کا حکم,圣战的律例,जिहाद का हुक्म,,حكم جهاد,የጂሃድ ብይን,,Propis džihada,,Hukunci Jahadi,حوکمەکانی جیهاد کردن,De regels van Jihad (inspanning op de weg van Allah),د جهاد حکم,Reglementarea Jihadului (încadrarea juridică),අරගල කිරීමේ නීතිය,,,Jihads bestämmelse,Hukumu ya Jihadi.,,บทบัญญัติว่าด้วยเรื่องญิฮาด (การต่อสู้ในหนทางของอัลลอฮฺ),,,Giáo luật đấu tranh vì chính nghĩa của Allah,,ruling-of-jihad-en
556,139,فضل الجهاد,Excellence of Jihad,জিহাদের ফযীলত,Die besondere Bedeutung des Jihad,La importancia de la Yihad.,Le mérite du Jihâd,Keutamaan Jihad,ജിഹാദിൻ്റെ ശ്രേഷ്ഠത,Virtudes do jihad,Достоинство джихада,போரின் சிறப்பு,Cihadın Fazileti,جہاد کی فضیلت,圣战的尊贵,जिहाद की फ़ज़ीलत,Il merito del Jihad,فضيلت جهاد,የጂሃድ ትሩፋት,Cihadın fəziləti,Vrijednost džihada,Přednosti (užitek) Džihádu,Falalar Jahadi,فەزڵی جیهاد کردن,De deugd van de jihad,د جهاد فضیلت,Excelența Jihadului,අරගල කිරීමේ මහිමය,Fadliga Jihaadka,Vlera e xhihadit,Jihads förträfflighet,Fadhila za Jihadi.,Фазилати ҷиҳод,ความประเสริฐของการญิฮาด,جىھادنىڭ پەزىلىتى,Жиҳоднинг фазли,Ân phúc đấu tranh vì chính nghĩa của Allah,‏Ọla ti o n bẹ fun jijagun soju ọna Ọlọhun,excellence-of-jihad-en
557,139,أقسام الجهاد,Categories of Jihad,জিহাদের প্রকারসমূহ,Die Arten des Jihad,Las secciones de la Yihad.,Les types de Jihâd,Macam-macam Jihad,ജിഹാദുമായി ബന്ധപ്പെട്ട വിധിവിലക്കുകൾ,Tipos de Al-jihad:,Виды джихада,,Cihadın Kısımları,جہاد کی اقسام,圣战的种类,जिहाद की क़िस्में,,اقسام جهاد,የጂሃድ ክፍሎች,,Vrste džihada,,Kashe kashen Jahadi,بەشەکانی جیهاد کردن,Categorieën van de jihad,د جهاد ډولونه,Categoriile Jihadului,අරගල කොටස්,,,Jihads typer,Aina zaJihadi.,,ประเภทต่าง ๆของการญิฮาด,جىھادنىڭ تۈرلىرى,,Các dạng đấu tranh vì chính nghĩa của Allah,,categories-of-jihad-en
558,139,أحكام ومسائل الجهاد,Rulings and Issues of Jihad,জিহাদের বিবিধ বিধান ও মাসআলা,Rulings and Issues of Jihad,Normas y cuestiones de la Yihad.,Jugements et questions relatifs au Jihâd,Berbagai Hukum dan Perkara Jihad,ജിഹാദുമായി ബന്ധപ്പെട്ട വിഷയങ്ങളും വിധിവിലക്കുകളും,Regras e assuntos do jihad,"Закоположения и вопросы, касающиеся джихада",போரின் சட்டங்களும் பிரச்சினைகளும்,Cihada Dair Hükümler ve Meseleler,جہاد کے احکام اور مسائل,圣战的律例和问题,जिहाद के अहकाम तथा मसायल,,احكام و مسائل جهاد,,,Propisi i pitanja vezana za džihad,,Hukunce Hukunce da Mas'alolin Jahadi,حوکمەکان ومەسەلەکانی جیهاد,De regels van jihad (inspanning op de weg van Allah),,,අරගල කිරීම පිළිබඳ නීතිරීති,,,,,,บทบัญญัติและประเด็นปัญหาต่าง ๆที่เกี่ยวข้องกับการญิฮาด,جىھادقا ئالاقىدار مەسىلىلەر ۋە ھۆكۈملەر,,Giáo luật đấu tranh vì chính nghĩa của Allah và các vấn đề liên quan,,rulings-and-issues-of-jihad-en
559,139,آداب الجهاد,Manners of Jihad,জিহাদের আদব,Wie man sich beim Jihad verhalten sollte,Las etiquetas de la Yihad.,La bienséance dans le Jihâd,Adab-adab Jihad,ജിഹാദിൽ പാലിക്കേണ്ട മര്യാദകൾ,Etiquetas do jihad,Этикет ведения джихада,,Cihat Adabı,جہاد کے آداب,圣战的礼节,जिहाद के आदाब,,آداب جهاد,የጂሃድ ስነ-ስርዓት,Cihadın ədəbləri,Pravila ponašanja tokom džihada,Správné chování při Džihádu,Ladaban Jihadi,ئادابەکانی جیهاد کردن,De etiquette van jihad,د جهاد آداب,Manierele Jihadului,අරගල කිරීමේ ආචාරධර්ම,Aadaabta Jihaadka,,Uppförande under Jihad,Adabu za Jihadi.,,มารยาทในการญิฮาด,جىھادنىڭ ئەدەپلىرى,Жиҳод одоблари,Phép tắc đấu tranh vì chính nghĩa của Allah,Awọn ẹkọ jijagun soju ọna Ọlọhun,manners-of-jihad-en
560,139,أحكام أهل الذمة,Rulings of Non-Muslims Living in Muslim Country,যিম্মীদের বিধানাবলি,Vorschriften zu den Rechten und Pflichten der nicht islamischen Minderheit in einem islamischen Land - Ahl al-Thimmah,Las normas sobre los no musulmanes bajo protección (los dimmi).,Les jugements relatifs aux personnes à qui la protectection a été accordée (Ahl Ad Dhimmah),Hukum Seputar Ahli Żimmah,അഹ്ലുദ്ദിമ്മതിൻ്റെ വിധികൾ,Regras dos não musslims que vivem dentro do comando Islâmico,"Законоположения о немусульманах, живущих под покровительством мусульман",இஸ்லாமிய ஆட்சியில் வாழும் முஸ்லிமல்லாத நாட்டின் குடிமக்கள்,Anlaşmalı Gayrı Müslimlere Dair Hükümler,ذميوں کے احکام,欠债者的律例,ज़िम्मियों के अहकाम,Le norme riguardanti i non musulmani sotto protezione nei territori islamici,احكام اهل ذمت,የዚሚዮች (ግብር እየከፈሉ በሙስሊም ሀግር የሚኖሩ) ህግጋት,Zimmə əhlinin əhkamları,Propisi vezane za nemuslimane koji uživaju zaštitu muslimanske države,Pravidla nemuslimů žijících v islámské zemi,Hukunce hukuncen Kafiran Amana,حوکمەکانی ئەهلی زیمە,Voorschriften voor mensen van het Dhimma-statuut (niet-moslims die onder islamitische heerschappij leven),د اهل ذمه و احکام,Reglementări privind nemusulmanii care trăiesc în țări musulmane,ඉස්ලාමීය රජය යටතේ ආරක්ෂාව ලබන්නන්ගේ නීති,Axkaanta Gaalada Dimiyiinta ah,Normat që kanë të bëjnë me jobesimtarët që jetojnë ne vende islame (ehlu dhimmeh),Bestämmelser om icke-muslimer i muslimska länder,Hukumu za waliokuwa kwenye Dhimma- Mkataba-,,บทบัญญัติว่าด้วยเรื่องของบุคคลที่ได้รับการรับรองความปลอดภัยจากรัฐอิสลาม,زىممىيلارغا ئالاقىدار ھۆكۈملەر(مۇسۇلمان ئەللىرىدە قوغدىلىنىدىغان ۋە ئامانلىققا ئېرىشكەن غەيرى مۇسۇلمانلار),Зиммийларга оид аҳкомлар,Giáo luật về người ngoại đạo sống trong đất nước Islam,‏Awọn idajọ awọn ti wọn gbe ilu Isilaamu ti wọn o ki n ṣe musulumi,rulings-of-non-muslims-living-in-muslim-country-en
561,139,أحكام الهدنة والأمان,Rulings of Truce and Security,,Rulings of Truce and Security,Rulings of Truce and Security,Les jugements de la trêve (Al Hudnah) et du droit de laisser-passer (Al Amâne),Hukum Seputar Perjanjian Damai dan Suaka,,,Законоположения о перемирии и гарантиях безопасности,,Rulings of Truce and Security,صلح و امان کے احکام,休战和和平的律例,सुलह तथा शांति संधि के अहकाम,,احكام صلح مؤقت و امان دادن,,,Propisi vezani za primirje i mirnodopske uslove,,,حوکمەکانی ئاگربەستی وئاسایش,,,,,,,,,,,,,,,rulings-of-truce-and-security-en
562,139,أحكام الإرهاب والاغتيالات والتفجيرات,"Rulings of Terrorism, Assassinations, and Explosions","সন্ত্রাস, গুপ্তহত্যা ও বিস্ফোরণের বিধানাবলি",Rulings of Terrorism; Assassinations; and Explosions,Rulings of Terrorism; Assassinations; and Explosions,Rulings of Terrorism; Assassinations; and Explosions,"Rulings of Terrorism, Assassinations, and Explosions",,,Rulings of Terrorism; Assassinations; and Explosions,,Rulings of Terrorism; Assassinations; and Explosions,Rulings of Terrorism; Assassinations; and Explosions,,,,Rulings of Terrorism; Assassinations; and Explosions,"Rulings of Terrorism, Assassinations, and Explosions",,,,,,"Rulings of Terrorism, Assassinations, and Explosions",,"Rulings of Terrorism, Assassinations, and Explosions",,,,,,,,,,,,"rulings-of-terrorism,-assassinations,-and-explosions-en"
564,140,البيوع المحرمة,Forbidden Sales,হারাম বেচাকেনা,Forbidden Sales,Las ventas prohibidas.,Les ventes interdites,Jual Beli yang Diharamkan,,As transações ilicitas,Запретные торговые сделки,,Haram Olan Satışlar,بیع کی حرام صورتیں,禁止的出售,क्रय-विक्रय की हराम सूरतें,,معاملات حرام شده,,,Zabranjeni vidovi kupoprodaje,,Kasuwancin da aka haramta,فرۆشتنە حەرامکراوەکان,,,,තහනම් ව්යාපාර,,,,,,,چەكلەنگەن ئىلىم-سىتىملار,,,,forbidden-sales-en
566,169,الأيمان,Oaths,কসম,Oaths,Juramento.,Les serments (Al Aymân),Sumpah,,,Клятвы,,Yeminler,قسمیں,信用,क़समें,,قسم ها,,,Zakletve,,Rantsuwa,سوێند خواردن,,,,දිවුරුම්,,,,,,,قەسەم,,,,oaths-en
567,169,النذور,Vows,মান্নত,Vows,Promesas religiosas.,Les voeux pieux (An Nudhûr),Nazar,,,Обеты,,Adaklar,نذریں,许愿,मन्नतें,,نذرها,,,Zavjeti,,,نەزرکردنەکان,,,,භාරහාර,,,,,,,نەزىر,,,,vows-en
570,191,فضل النكاح,Excellence of Marriage,বিবাহের ফযীলত,Die besondere Bedeutung der Ehe,La virtud del casamiento.,Le mérite du mariage,Keutamaan Menikah,വിവാഹത്തിൻ്റെ ശ്രേഷ്ഠത,Virtude do casamento,Достоинство брака,,Nikahın Fazileti,نکاح کی فضیلت,结婚的尊贵,निकाह की फ़जीलत,,فضيلت ازدواج,የጋብቻ ትሩፋት,Nikahın fəziləti,Vrijednost braka,Užitek manželství,Falalar Aure,فەزڵی مارەبڕین,De deugd van het huwelijk,د نکاح فضیلت,Excelența căsătoriei,විවාහයේ මහිමය,,,Äktenskapets förträffligheter,Fadhila za Ndoa .,,ความประเสริฐของการแต่งงาน,نىكاھنىڭ پەزىلىتى,,Ân phúc của kết hôn,,excellence-of-marriage-en
571,191,آداب النكاح,Manners of Marriage,বিবাহের আদব,Manners of Marriage,Las etiquetas del casamiento.,La bienséance quand on se marie,Adab-adab Menikah,വിവാഹവുമായി ബന്ധപ്പെട്ട മര്യാദകൾ,Etiquetas do nikah,Этикет бракосочетания,,Nikahın Adabı,نکاح کے آداب,结婚的礼节,निकाह के आदाब,,آداب ازدواج,የጋብቻ ስነ ስርዓት,,Pravila i principi braka,,Ladaban Aure,ئادابەکانی مارەبڕین,Etiquette van het huwelijk,د نکاح اداب,Manierele căsătoriei,විවාහයේ ආචාරධර්ම,,,Etiketter vid äktenskap,Adabu za Ndoa.,,มารยาทในการแต่งงาน,نىكاھنىڭ ئەدەپلىرى,,Lễ nghĩa kết hôn,,manners-of-marriage-en
572,191,أحكام وشروط النكاح,Rulings and Conditions of Marriage,বিবাহের বিধান ও শর্তাবলি,Vorschriften und Voraussetzungen beim Eheschluss,Las normas y términos del casamiento.,Les jugements et les conditions du mariage,Rulings and Conditions of Marriage,വിവാഹത്തിൻ്റെ വിധികളും നിബന്ധനകളും,Regras e condições para o nikah,Законоположения и условия бракосочетания,திருமணத்தின் சட்டங்களும் நிபந்தனைகளும்,Nikahın Hükümleri ve Şartları,نکاح کے احکام اور اس کی شرائط,结婚的律例和条件,निकाह के अहकाम तथा शर्तें,Le norme e i requisiti del matrimonio,احكام و شرط هاى ازدواج,የጋብቻ መስፈርቶችና ህግጋት,Nikahın əhkamları və şərtləri,Propisi i uslovi braka,Pravidla a podmínky manželství,Hukunce Hukunce da Sharaxan Aure,حوکمەکان ومەرجەکانی مارەبڕین,Voorschriften en voorwaarden voor het huwelijk,د نکاح شرطونه او احکام,Reglementări și condiții privind căsătoria,විවාහයේ කොන්දේසි හා නීති,Axkaanta iyo Shuruuda Guurka,Normat dhe kushtet e martesës,Bestämmelser om äktenskap och dess villkor,Hukumu na Masharti ya Ndoa.,Аҳком ва шартҳои никоҳ,บทบัญญัติและเงื่อนไขต่าง ๆ เกี่ยวกับการแต่งงาน,نىكاھنىڭ شەرتلىرى ۋە ھۆكۈملىرى,Никоҳнинг шарт ва аҳкомлари,Giáo luật và điều khoản kết hôn,‏Awọn idajọ ati majẹmu igbeyewo,rulings-and-conditions-of-marriage-en
573,191,المحرمات في النكاح,Women Unlawful to Marry,বিবাহের ক্ষেত্রে হারাম নারীগণ,Women Unlawful to Marry,Los elementos que están prohibidos en el casamiento.,Les interdits du mariage,Wanita-wanita Yang Haram Dinikahi,,As coisas proibidas no casamento,"Категории женщин, на которых запрещено жениться",,Evlenilmesi Haram Olan Kadınlar,وہ امور جو نکاح میں حرام ہیں,结婚的禁忌,वह स्त्रियाँ जिनसे निकाह हराम है,,محرمات در ازدواج,,,Bračne zabrane,,Waxanda aka haramta a Aura,حەرامکراوەکانی مارەبڕین,,,,,,,,,,,نىكاھلىنىش چەكلەنگەن ئاياللار,,,,women-unlawful-to-marry-en
574,191,الشروط في النكاح,Conditions of Marriage,বিবাহের শর্তসমূহ,Bedingungen in Eheverträgen,Los términos del casamiento.,Les conditions dans le mariage,Syarat-syarat Dalam Pernikahan,വിവാഹത്തിൻ്റെ നിബന്ധനകൾ,Condições dentro do contrato de compra e venda (comércio,Условия при заключении брака,திருமணத்தில் இடப்படும் நிபந்தனைகள்,Nikahta Bulunan Şartlar,نکاح میں رکھی جانے والی شرائط,结婚时的条件,निकाह के समय रखी जाने वाली शर्तें,I requisiti del matrimonio,شرط ها در ازدواج,የጋብቻ መስፈርቶች,Nikahda şərtlər,Uslovi u braku,Podmínky při uzavírání manželství,Shaxi a cikin Aure,مەرجەکانی مارەبڕین,Voorwaarden in het huwelijk,په نکاح کې شرطونه,Condițiile căsătoriei,විවාහයේ කොන්දේසි,Shuruuda Guurka,Kushtet në martesë,Äktenskapets villkor,Masharti ya Ndoa,Шартҳо дар никоҳ,เงื่อนในการแต่งงาน,نىكاھتىكى شەرتلەر,Никоҳнинг шартлари,Các điều khoản trong hôn nhân,‏Awọn majẹmu nibi igbeyawo,conditions-of-marriage-en
576,191,نكاح الكفار,Marrying the Disbelievers,,Marrying the Disbelievers,Marrying the Disbelievers,Le mariage des mécréants,Menikahi Kafir,,,Бракосочетание с неверующими,,Kâfirlerin Nikahı,کفار سے نکاح,异教徒的结婚,काफ़िरों का निकाह,,ازدواج با كافران,,,Brak nevjernika,,,,,,,,,,,,,,كاپىرنىڭ نىكاھى,,,,marrying-the-disbelievers-en
577,191,الأنكحة المحرمة,Forbidden Marriages,হারাম বিবাহ,Forbidden Marriages,Los casamientos prohibidos.,Les mariages interdits,Pernikahan yang Diharamkan,,Casamentos proibidos,Запрещённые виды брака,,Haram Olan Nikahlar,نکاح کی حرام صورتیں,禁止的婚姻,निकाह की हराम सूरतें,,ازدواج هاى حرام شده,,,Zabranjene bračne veze,,Auren da aka haramta,مارەبڕینە حەرامکراوەکان,,,,,,,,,,,توي قىلىش چەكلەنگەن ئاياللارنىڭ نىكاھى,,,,forbidden-marriages-en
579,191,الصداق,Dowry,মাহর,Dowry,Al-sadaqa (caridad; donación; limosna).,La dot (As Sadâq),Mahar,,O dote,Предбрачный дар невесте,,Mehir,حق مہر,聘礼,महर,,مهريه,,,Vjenčani dar,,Sadaki,مارەیی,,,,,,,,,,,تويلۇق,,,,dowry-en
580,191,وليمة العرس,Wedding Banquet,বিবাহের ওলীমা,Wedding Banquet,Banquete que se ofrece en una boda.,Le repas de noces,Walimatul 'Urs,,Walimah,Свадебное торжество,,Düğün Yemeği,ولیمہ,喜宴,शादी का वलीमा,,غذايى عروسى,,,Svadbena gozba,,Walimar Aure,داوەتکردنی هاوسەرگیری (وەلیمە),,,,,,,,,,,توي زىياپىتى,,,,wedding-banquet-en
581,191,العشرة بين الزوجين,Marital Relations,স্বামী-স্ত্রীর দাম্পত্য জীবন,Das Eheleben,La convivencia entre los cónyuges.,Les rapports conjugaux entre les époux,Pergaulan Antara Suami Istri,ദാമ്പത്യബന്ധം,a convivência familiar,Гармония супружеской жизни,தம்பதியர்களுக்கிடையிலான உறவு,Karı-Koca Arasındaki Aile Hayatı,ازدواجی زندگی,夫妻间的交往,पति-पत्नी का रहन-सहन,La convivenza tra i due sposi,معاشرت ميان زن و شوهر,በትዳር ጥንዶች መካከል መኗኗር,Ər ilə qadın arasındakı münasibət,Lijep odnos među supružnicima,Soužití mezi manžely,kyawawan Halayya tsakanin Ma'aurata,مامەڵەکردن لە نێوان هاوسەرەکان,De relatie tussen echtgenoten,د ښځې او خاوند تر منځ ژوند,Relațiile maritale,අඹුසැමි ජීවිතය,Wada noolaashaha Lamaanaha,Jeta bashkëshortore,Samliv,muamala wa wanyumba wawili.,Муошират миёни зану шавҳар,การอยู่ร่วมกันฉันสามีภรรยา,ئەر-ئايال ئارىسىدىكى مۇناسىۋەت,Эри-хотин алоқалари,Đời sống vợ chồng,‏Ibalopọ laarin lọkọ laya,marital-relations-en
582,191,النشوز وعلاجه,,,,,,,,,,,,,,,,,,,,,,,,,,,,,,,,,,,,,category-582
584,192,ألفاظ الطلاق,Words of Divorce,তালাকের শব্দসমূহ,"Die Worte, mit denen man eine Scheidung auspricht",Words of Divorce,Les termes de la répudiation,Ungkapan-ungkapan Talak,ത്വലാഖിൻ്റെ വചനങ്ങൾ,Palavras que indicam divórcio,Словесные формы развода,,Talak Lafızları,طلاق کے الفاظ,离婚的词语,तलाक़ के शब्द,,الفاظ طلاق,የፍቺ ቃላቶች,Talaqın sözləri,Izrazi kojima se označava razvod braka,Jazykové výrazy rozvodu,Lafazan Saki,دەستەواژەکانی تەڵاقدان,Uitspraken van echtscheiding,د طلاق الفاظ,Formula de divorțare,දික්කසාදය ඇති කරවන වදන්,,Termat që kanë të bëjnë me shkurorëzimin,Skilsmässans formuleringar,Matamko ya Talaka.,,ถ้อยคำที่ใช้ในการหย่า,,,Lời lẽ li hôn,,words-of-divorce-en
585,192,الطلاق السني والطلاق البدعي,Sunnah Divorce and Innovative Divorce,সুন্নী তালাক ও বিদ‘আতি তালাক,Sunnah Divorce and Innovative Divorce,El divorcio de la Sunnah y el divorcio de la innovación (al-bid’i).,La répudiation conforme à la tradition prophétique (At Talâq As Sunni) et la répudiation innovée (At Talâq Al Bid'i),Talak Sunah dan Talak Bidah,,Talac sunni e bid'i,Развод в соответствии с Сунной и еретический развод,,Sünnet Olan Talak ve Bidat Olan Talak,طلاقِ سنت اور طلاقِ بدعت,圣行的离婚和异端的离婚,तलाक़-ए-सुन्नत तथा तलाक़-ए-बिदअत,,طلاق مستحب و طلاق بدعتى,,,Sunnetski i novotarski razvod braka,,,,,,,,,,,,,,سۈننەتكە ئۇيغۇن بولغان تالاق ۋە بىدئەت تالاق,,,,sunnah-divorce-and-innovative-divorce-en
586,192,الطلاق الرجعي والبائن,Revocable and Irrevocable Divorce,রাজ‘ঈ ও বায়েন তালাক,Revocable and Irrevocable Divorce,El divorcio irreversible y el divorcio revocable.,La répudiation avec possibilité de reprise (At Talâq Ar Raj'i) ou sans possibilité de reprise (At Talâq Al Bâ' ine),Talak Raj'i dan Talak Bain,,Talac raj'i e baain,Неокончательный и окончательный развод,,Ric'î ve Bain Talak,طلاق رجعی اور طلاقِ بائنہ,离婚、复婚和离弃,तलाक़-ए-रजई तथा तलाक़-ए-बाइन,,طلاق قابل رجوع و طلاق دائمى,,,Opozivi i neopozivi razvod braka,,,,,,,,,,,,,,قايتا يىنىشىۋالغىلى بولىدىغان ۋە بولمايدىغان تالاقلار,,Li hôn được phép quay lại và ly hôn mãi mãi,,revocable-and-irrevocable-divorce-en
587,192,أحكام ومسائل الطلاق,Rulings and Issues of Divorce,তালাকের মাসআলা ও বিধানাবলি,Rulings and Issues of Divorce,Las normas y cuestiones del divorcio.,Jugements et questions sur la répudiation,Berbagai Hukum dan Perkara Seputar Talak,,Regras e assuntos do divórcio,"Законоположения и вопросы, касающиеся развода",,Talağa Dair Hükümler ve Meseleler,طلاق کے احکام اور مسائل,离婚的律例和问题,तलाक़ के अहकाम व मसायल,,احكام و مسائل طلاق,,,Propisi i pitanja vezana za razvod,,Hukunce Hukunce da Mas'alolin Saki,حوکمەکان ومەسەلەکانی تەڵاقدان,,,,,,,,,,,تالاققا ئالاقىدار مەسىلىلەر ۋە ھۆكۈملەر,,,,rulings-and-issues-of-divorce-en
588,198,أحكام العدة,Rulings of the Waiting Period,,Rulings of the Waiting Period,Rulings of the Waiting Period,Les règles de la période de retraite (Ahkâm Al 'Iddah),Hukum-Hukum Seputar Idah,,,Законоположения о выжидании,,İddete Dair Hükümleri,عدت سے متعلق احکام,守制的律例,इद्दत के अहकाम,,احكام عِدّه,,,Propisi vezani za idet,,,,,,,,,,,,,,,,,,rulings-of-the-waiting-period-en
590,198,عدة المطلقة,The Divorced Woman's Waiting Period,,The Divorced Woman's Waiting Period,The Divorced Woman's Waiting Period,La période de retraite de la femme repudiée,Idah Wanita yang Diceraikan,,,Выжидание по причине развода с мужем,,Boşanan Kadının İddeti,مطلقہ عورت کی عدت,离婚妇女的守制,तलाक़शुदा स्त्री की इद्दत,,عِدّه مطلقه,,,Priček raspuštenice,,,,,,,,,,,,,,تالاق قىلىنغان ئايالنىڭ ئىددىتى,,,,the-divorced-woman's-waiting-period-en
591,198,عدة المفقود زوجها,Waiting Period of the Lost Husband's Wife,,Waiting Period of the Lost Husband's Wife,Waiting Period of the Lost Husband's Wife,La période de retraite de l'épouse du disparu,Waiting Period of the Lost Husband's Wife,,,Выжидание в случае пропажи мужа без вести,,Waiting Period of the Lost Husband's Wife,Waiting Period of the Lost Husband's Wife,为失踪丈夫的守制,"ऐसी स्त्री की इद्दत, जिसका पति गुम हो",,عِدّه همسر مفقود الاثر,,,Priček žene čiji se muž izgubio,,,,,,,,,,,,,,يولدىشى يوقاپ كەتكەن ئايالنىڭ ئىددىتى,,,,waiting-period-of-the-lost-husband's-wife-en
593,198,الاستبراء,Ascertaining Non-Pregnancy,,Ascertaining Non-Pregnancy,Ascertaining Non-Pregnancy,La période de viduité (Al Istibrâ'),Istibrā`,,,Установление отсутствия беременности,,İstibrâ (Dul Kadının ya da Cariyenin Rahmi Boş Olmadıkça Onunla Cinsel İlişkiye Girmemek),استبراءِ رحم,解脱,गर्भाशय के खाली होने का यक़ीन हासिल करना,,برائت رحم,,,Kraj postrazvodnog čekanja,,,,,,,,,,,,,,رەھمىنى پاكلاش,,,,ascertaining-non-pregnancy-en
594,199,حكم الرضاع,Ruling of Breastfeeding,দুগ্ধদানের বিধান,Ruling of Breastfeeding,La norma de la lactancia.,Le jugement de l'allaitement,Hukum Menyusui,,Regras de amamentação,Шариатское законоположение о молочном родстве,,Emzirmenin Hükmü,رضاعت کا حکم,哺乳的律例,स्तनपान कराने का हुक्म,,حكم شیرخوارگی,,,Status dojenja,,hukuncin Shayarwa,حوکمی شیردان,,,,,,,,,,,,,,,ruling-of-breastfeeding-en
596,199,شروط الرضاع,Conditions of Breastfeeding,,Conditions of Breastfeeding,Conditions of Breastfeeding,Les conditions de l'allaitement,Syarat-syarat Penyusuan,,,Условия молочного родства,,Emzirmenin Şartları,رضاعت کی شرائط,哺乳的条件,स्तनपान की शर्तें,,شرط هاى شیرخوارگی,,,Uslovi dojenja,,,مەرجەکانی شیردان,,,,,,,,,,,,,,,conditions-of-breastfeeding-en
597,199,آثار الرضاع,Consequences of Breastfeeding,,Consequences of Breastfeeding,Consequences of Breastfeeding,Les conséquences de l'allaitement,Pengaruh Penyusuan,,,Последствия молочного родства,,Emzirmenin Etkileri,رضاعت پر مرتب ہونے والے آثار,哺乳的影响,स्तनपान के प्रभाव,,آثار شیرخوارگی,,,Posljedice dojenja,,,,,,,,,,,,,,,,,,consequences-of-breastfeeding-en
600,205,المرأة في الإسلام,,,,,,,,,,,,,,,,,,,,,,,,,,,,,,,,,,,,,category-600
601,205,الفقه المرأة المسلمة,,মুসলিম নারীর ফিকহ,,,,Jurisprudence for Muslim Women,,,,,,,,,,,,,,,,,Jurisprudence for Muslim Women,,,,,,,,,,,,,,category-601
603,205,حجاب المرأة المسلمة,,,,,,,,,,,,,,,,,,,,,,,,,,,,,,,,,,,,,category-603
604,205,الاختلاط,Intermixing,,Intermixing,Intermixing,La mixité (Al Ikhtilât),Intermixing,,,Смешение полов,,Intermixing,Intermixing,混杂,स्त्री-पुरुष का मेलजोल,,اختلاط زن و مرد نامحرم,,,Miješanje,,,,,,,,,,,,,,,,,,intermixing-en
605,205,تعدد الزوجات,Polygamy,একাধিক স্ত্রী,Polygamy,Poligamia.,La polygamie,Poligami,,,Многоженство,,Çok Eşlilik,تعدد ازواج,多妻,एक से अधिक पत्नियाँ रखना,,چند همسری,,,Poligamija,,AurenMace Sama da xaya,فرە ژنی,,,,,,,,,,,كۆپ ئاياللىق بولۇش,,,,polygamy-en
607,205,العلاقة بين الرجل والمرأة,Men-Women Relationships,নারী ও পুরুষের সম্পর্ক,Men-Women Relationships,La relación entre el hombre y la mujer.,Les relations entre hommes et femmes,Relasi Antara Laki-laki dan Wanita,പുരുഷനും സ്ത്രീയും തമ്മിലുള്ള ബന്ധങ്ങൾ,A relação entre homem e mulher,Взаимоотношения между мужчиной и женщиной,ஆண் பெண் தொடர்பு,Erkek ve Kadın Arasındaki İlişki,مرد و زن کا باہمی تعلق,男女之间的关系,स्त्री तथा पुरुष के बीच संबंध,,روابط ميان زن و مرد,በወንድና በሴት መካከል የሚኖር ግንኙነት,,Muško-ženski odnosi,,Dangantaka tsankanin Mace da Namiji,پەیوەندی نێوان پیاو وئافرەت,De relatie tussen man en vrouw,,Relația bărbat - femeie,පිරිමියෙකු හා කාන්තාවක අතර සම්බන්ධතාවය,,,,Mahusiano kati ya mwanaume namwanamke.,,ความสัมพันธ์ระหว่างชายหญิง,ئەر-ئايال ئارىسىدىكى ئالاقە,,Mối quan hệ giữa nam và nữ,,men-women-relationships-en
608,206,تسمية المولود وتكنيته,Naming the Newborn,,Naming the Newborn,Naming the Newborn,L'appellation du nouveau-né et lui donner un surnom,Memberi Nama dan Gelar Anak,,A nomeação do recém nascido e a colocação de tamara na sua boca,Имянаречение новорождённого и взятие куньи,,Naming the Newborn,نومولود کا نام اور کنیت رکھنا,为新生婴儿起名并以某人之子称谓,नवजात शिशु का नाम तथा कुनयत रखना,,نام گذارى فرزند و تعيين كنيه براى آن,,,Davanje imena novorođenčetu,,Raxawa Yaro suna da kuma yi Masa Al-kunya,ناو ونازناو دانان بۆ منداڵی لەدایکبوو,,,,,,,,,,,بوۋاققا ئىسىم قويۇش ۋە كۈنىيەت قىلىش,,,,naming-the-newborn-en
609,206,العقيقة,Sacrificing for the Newborn,,Sacrificing for the Newborn,Sacrificing for the Newborn,Le sacrifice lié à une naissance (Al 'Âqîqah),Akikah,,Al-aquiqat,Жертвоприношение по случаю рождения ребёнка,,Sacrificing for the Newborn,عقیقہ,为新生婴儿宰牲,अक़ीक़ा,,قربانى براى نوزاد,,,Akika,,,گوێزەبانە (عەقیقە),,,,,,,,,,,ئەقىيقە قىلىش,,,,sacrificing-for-the-newborn-en
610,206,النفقة على الأولاد,Providing for Children,সন্তানদের ভরণ-পোষণ,Providing for Children,La manutención de los hijos.,Les dépenses pour les enfants,Nafkah Untuk Anak,,O despendimento para os filhos,Материальное содержание детей,,Çocukların Nafakası,اولاد پر خرچ کرنا,为新生婴儿施舍,बाल-बच्चों पर ख़र्च करना,,نفقه فرزندان,ለልጆች ቀለብ ማውጣት,,Izdržavanje djece,,Ciyarw da 'Ya'ya,خەرجیکردن بۆ منداڵەکان,Onderhoudsplicht voor kinderen,,Cheltuielile pentru întreținerea copiilor,දරුවන් සඳහා වියදම් කිරීම,,,,Matumizikwa ajili ya watoto.,,การให้ค่าเลี้ยงดูลูก ๆ,ئەۋلادلارغا خىراجەت قىلىش,,Cấp dưỡng cho con cái,,providing-for-children-en
611,206,تربية الأولاد,Raising Children,সন্তানদের লালন-পালন,Kindeserziehung,Educar a los hijos.,L'éducation des enfants,Mendidik Anak,കുട്ടികളെ വളർത്തൽ,A educação dos filhos,Воспитание детей,,Çocukların Yetiştirilmesi,اولاد کی تربیت,教育孩子,बच्चों का पालन-पोषण,L'educazione dei figli,تربيت فرزندان,ልጆችን ማነፅ,Uşaqların tərbiyəsi,Odgoj djece,Výchova dětí,Tarbiyyara Yara,پەروەردەکردنی منداڵان,Opvoeding van de kinderen,د اولادونو روزنه,Educarea copiilor,දරුවන් හදාවඩා ගැනීම,Tarbiyada Caruurta,Edukimi i fëmijëve,Att uppfostra barnen,Kuwalea watoto.,,การอบรมเลี้ยงดูลูก ๆ,ئەۋلادلارنى تەربىيلەش,Фарзанд тарбияси,Giáo dục con cái,‏Rire ọmọ,raising-children-en
612,211,أحكام الرقية,Rulings of Ruqyah (protective and healing supplications),ঝাঁড়-ফুকের বিধান,Rulings of Ruqyah (protective and healing supplications),Las normas de ruqyah.,Jugements relatifs au traitement par incantation (Ahkâm Ar Ruqyah),Hukum Seputar Ruqyah,,,Шариатские законоположения о заклинаниях,,Rukyeye Dair Hükümler,جھاڑ پھونک کے احکام,鲁格叶的律例,झाड़-फूँक के अहकाम,,احكام رقيه شرعى,,,Propisi vezani za rukju,,Hukunce Hukuncen Ruqiyya,,,,,ආරක්ෂාව පතා මැතිරීමේ නීති,,,,,,,,,,,rulings-of-ruqyah-(protective-and-healing-supplications)-en
629,270,فضل العلم وأهميته,Merit and Significance of Knowledge,ইলমের ফযীলত ও গুরুত্ব,Merit and Significance of Knowledge,La virtud del conocimiento y su importancia.,Le mérite de la science et son importance,Merit and Significance of Knowledge,,,Достоинство шариатского знания и его значимость,,İlmin Fazileti ve Önemi,علم کی فضیلت اور اس کی اہمیت,知识的尊贵和重要性,,Merit and Significance of Knowledge,فضيلت علم و اهميت آن,Merit and Significance of Knowledge,Merit and Significance of Knowledge,Vrijednost i važnost znanja,Merit and Significance of Knowledge,,,Merit and Significance of Knowledge,,Merit and Significance of Knowledge,,Merit and Significance of Knowledge,,Merit and Significance of Knowledge,,Merit and Significance of Knowledge,,,Merit and Significance of Knowledge,,Merit and Significance of Knowledge,merit-and-significance-of-knowledge-en
631,276,فضائل الخلفاء الراشدين رضي الله عنهم,Merits of the Rightly Guided Caliphs,খোলাফায়ে রাশেদীন-রাদিয়াল্লাহু আনহুম-এর ফযীলতসমূহ,Merits of the Rightly Guided Caliphs,"Las virtudes de los Julafa al-Rashidin, que Al-lah esté complacido de ellos.",Les mérites des Califes bien guidés (qu'Allah les agrée),Merits of the Rightly Guided Caliphs,,,Достоинства четырёх праведных халифов,,Raşit Halifelerin -radıyallahu anhum- Faziletleri,خلفاء راشدین کے فضائل,正统哈里发-愿主喜悦 之-尊贵,,,فضيلت هاى خلفايى راشدين رضى الله عنهم,Merits of the Rightly Guided Caliphs,Merits of the Rightly Guided Caliphs,Odlike pravednih halifa,Merits of the Rightly Guided Caliphs,,,Merits of the Rightly Guided Caliphs,,Merits of the Rightly Guided Caliphs,,Merits of the Rightly Guided Caliphs,,Merits of the Rightly Guided Caliphs,,Merits of the Rightly Guided Caliphs,,,Merits of the Rightly Guided Caliphs,,Merits of the Rightly Guided Caliphs,merits-of-the-rightly-guided-caliphs-en
636,287,المناهي اللفظية وآفات اللسان,Forbidden Utterances and Tongue Evils,শব্দগত নিষিদ্ধ বিষয়সমূহ ও জিহ্বার আপদ,Verbotene Worte und unangemessene Ausdrücke,Los elementos dialécticos prohibidos y los vicios de la lengua.,Les expressions interdites et les dégâts de la langue,Ucapan-ucapan Terlarang dan Penyakit Lidah,നിഷിദ്ധമായ പദങ്ങളും നാവിൻ്റെ അപകടങ്ങളും,Palavras proibidas e o perigo da lingua,Запретные выражения и бедствия языка,தடைசெய்யப்பட்ட வார்த்தைகளும் நாவின் விபரீதங்களும்,Yasaklanan Lafızlar ve Dilden Kaynaklanan Musibetler,گفتگو میں ممنوعہ امور اور زبان کی تباہ کاریاں,文字和语言的禁忌,शाब्दिक प्रतिबंध तथा ज़बान की विनाशकारियाँ,,الفاظ نهى شده و آفت هاى زبان,የተከለከሉ ቃላቶችና የምላስ ወለምታ,Qadağan olunan sözlər və dilin bəlaları,Zabranjeni izrazi i štetnost jezika,Zakázané výrazy a katastrofy jazyka,Abubuwan da aka hana furtawa da kuma Illar Harshe,وتە نەهی لێکراوەکان وکارەساتەکانی زمان,Verbale verboden en de schadelijke gevolgen van de tong.,لفظي ممانعتونه او د ژبې آفتونه,Vorbe interzise și rele,තහනම් වදන් හා දිවෙහි ආන්ත්රාවන්,,Fjalët e ndaluar dhe sëmundjet e gjuhës,Förbjudna uttryck och tungans synder,Matamshi yaliyokatazwa na makosa ya ulimi.,Лафзҳои наҳйишуда ва офатҳои забон,คำพูดต้องห้ามและโรคลิ้น,چەكلەنگەن سۆزلەر ۋە تىلنىڭ ئاپەتلىرى,Тил офатлари ва қайтарилган сўзлар,Các lời nói bị cấm và việc gây tổn thương bằng chiếc lưỡi,,forbidden-utterances-and-tongue-evils-en
637,401,هجرته صلى الله عليه وسلم,,,,,,,,,,,,,,,,,,,,,,,,,,,,,,,,,,,,,category-637
638,401,هجرة الصحابة رضي الله عنهم,,,,,,,,,,,,,,,,,,,,,,,,,,,,,,,,,,,,,category-638
639,406,الصفات الخَلْقية,Physical Attributes,সৃষ্টিগত বৈশিষ্ট্যসমূহ,Physical Attributes,Las cualidad congénitas.,Ses caractéristiques physiques,Sifat-sifat Fisik,നബി -ﷺ- യുടെ സൃഷ്ടിപരമായ വിശേഷണങ്ങൾ,As caracteristicas comportamentais,Внешний вид Пророка ﷺ,,Bedensel Özellikler,پیدائشی صفات,美德,शारीरिक विशेषताएँ,,صفت هاى جسمى پيامبر صلى الله عليه و سلم,አካላዊ ባህሪያቸው,,Prirodna svojstva,,Siffarsa ta Halitta,سیفاتەکانی ڕووکەش (لاشە),De fysieke eigenschappen,,Atribute fizice,ශාරීරික ගුණාංග,,,,Sifa za kimaumbile,,คุณลักษณะทางกายภาพ,,,Đặc điểm ngoại hình,,physical-attributes-en
640,406,لباسه صلى الله عليه وسلم,Prophet's Dress Code,নবী সাল্লাল্লাহু আলাইহি ওয়াসাল্লামের পোশাক-পরিচ্ছদ,Wie sich der Prophet kleidete,"La vestimenta del Profeta, que Al-lah le bendiga y le dé paz.",Son habillement (paix et salut sur lui),Pakaian Rasulullah -ṣallallāhu 'alaihi wa sallam-,നബി -ﷺ- യുടെ വസ്ത്രം,A roupa do profeta - Que a paz e bençãos de Allah estejam sobre ele -.,Одежда Пророка ﷺ,,Peygamber -sallallahu aleyhi ve sellem-'in Elbisesi,آپ ﷺ کا لباس,先知-愿主福安之-的衣着,आप सल्लल्लाहु अलैहि व सल्लम का परिधान,,پوشش پيامبر صلى الله عليه و سلم,የነቢዩ (ሶለላሁ ዐለይሂ ወሰለም) የአላህ ሶላትና ሰላም በእርሳቸው ላይ ይስፈንና ልብስ,Peyğəmbərin (sallallahu aleyhi və səlləm) libası,"Odjeća Allahova Poslanika, sallallahu alejhi ve sellem",Oblečení Proroka(ať mu Bůh žehná a dá mír),Tufafinsa SAW,پۆشاکی -جلەکانی- پێغەمبەر ﷺ,Zijn kleding (vrede zij met hem),د رسول صلی الله عليه وسلم لباس,Îmbrăcămintea Profetului,නබිතුමාගේ වස්ත්රය (එතුමා කෙරෙහි අල්ලාහ්ගේ ශාන්තිය හා සමාදානය අත් වේවා!),,,Hans klädsel,Mavazi yake Mtume Rehma na za Mwenyezi Mungu ziwe juu yake amani:,,เครื่องนุ่งห่มของท่านนบี ศ็อลลัลลอฮุอะลัยฮิวะสัลลัม,پەيغەمبەرئەلەيھىسسالامنىڭ كىيىملىرى,,Trang phục của Thiên Sứ Muhammad - cầu xin Allah ban bình an và phúc lành cho Người -,,prophet's-dress-code-en
641,406,أثاثه ومتاعه وسلاحه صلى الله عليه وسلم,"Prophet's Furniture, Stuff, and Arms","রাসূলুল্লাহ্ সাল্লাল্লাহু আলাইহি ওয়াসাল্লামের আসবাবপত্র, ব্যবহৃত সামগ্রী ও অস্ত্র-শস্ত্র",Prophet's Furniture; Stuff; and Arms,"Mensajes, enseres y armas del Profeta, que Al-lah le bendiga y le dé paz.","Ses meubles , ses biens et ses armes (paix et salut sur lui)","Perabotan, Barang dan Senjata Rasulullah -ṣallallāhu 'alaihi wa sallam-",,,"Мебель, вещи и оружие Пророка ﷺ",,"Peygamber -sallallahu aleyhi ve sellem-'in Ev Eşyası, Malı ve Silahı",آپ ﷺ کا گھریلو سامان اور اسلحہ,先知-愿主福安之-的家具、行李和武器,"आप सल्लल्लाहु अलैहि के घर के सामान, अन्य वस्तुएँ तथा हथियार",,وسايل و لوازم و اسلحه پيامبر صلى الله عليه و سلم,,,"Namještaj, stvari i oružje Božijeg Poslanika, sallallahu alejhi ve sellem",,Kayan Gidansa SAW,کەلوپەلەکان وشتومەکەکان وچەکەکانی پێغەمبەر ﷺ,,,,,,,,,,,,,,,"prophet's-furniture,-stuff,-and-arms-en"
642,406,طعامه وشرابه صلى الله عليه وسلم,Prophet's Food and Drink,নবী সাল্লাল্লাহু আলাইহি ওয়াসাল্লামের খাদ্য ও পানীয়,Prophet's Food and Drink,"Los alimentos y bebidas del Profeta, que Al-lah le bendiga y le dé paz.",Sa nourriture et sa boisson (paix et salut sur lui),Makanan dan Minuman Nabi -ṣallallāhu 'alaihi wa sallam-,നബി -ﷺ- യുടെ ഭക്ഷണപാനീയങ്ങൾ,A COMIDA DO MENSAGEIRO (QUE A PAZ E BÊNÇÃOS DE ALLAH ESTEJAM SOBRE ELE),Пища и питьё Пророка ﷺ,,Peygamber -sallallahu aleyhi ve sellem-'in Yemeği ve İçeceği,آپ ﷺ کا کھانا پینا,先知-愿主福安之-的饮食,आप सल्लल्लाहु अलैहि व सल्लम का खाना तथा पीना,,غذا و نوشيدنى پيامبر صلى الله عليه و سلم,,,"Hrana i piće Allahova Vjerovjesnika, sallallahu alejhi ve sellem",,Abincinsa SAW,خواردن وخواردنەوەی پێغەمبەر ﷺ,,,,නබිතුමාගේ ආහාරපාන (එතුමා කෙරෙහි අල්ලාහ්ගේ ශාන්තිය හා සමාදානය අත් වේවා!),,,,,,,پەيغەمبەرئەلەيھىسسالامنىڭ يىمەك-ئېچمەكلىرى,,"Thức ăn, đồ uống của Thiên Sứ Muhammad - cầu xin Allah ban bình an và phúc lành cho Người -",,prophet's-food-and-drink-en
645,406,سفره صلى الله عليه وسلم,Prophet's Travel,রাসূলুল্লাহ সাল্লাল্লাহু আলাইহি ওয়াসাল্লামের সফর,Prophet's Travel,"El viaje del Profeta, que Al-lah le bendiga y le dé paz.",Ses voyages (paix et salut sur lui),Safar Rasulullah -ṣallallāhu 'alaihi wa sallam-,നബി -ﷺ- യുടെ യാത്രകൾ,A viagem do profeta - Que a paz e bençãos de Allah estejam sobre ele -.,Поездки Пророка ﷺ,,Peygamber -sallallahu aleyhi ve sellem-'in Yolculuğu,آپ ﷺ کا سفر,先知-愿主福安之-的旅行,आप सल्लल्लाहु अलैहि व सल्लम की यात्रा,,مسافرت پيامبر صلى الله عليه و سلم,,,"Putovanja Allahova Poslanika, sallallahu alejhi ve sellem",,Tafiyarsa SAW,سەفەر وکۆچکردنی پێغەمبەر ﷺ,,,,නබිතුමාගේ ගමන් බිමන් (එතුමා කෙරෙහි අල්ලාහ්ගේ ශාන්තිය හා සමාදානය අත් වේවා!),,,,Safari zake Mtume Rehma na za Mwenyezi Mungu ziwe juu yake amani:,,,پەيغەمبەرئەلەيھىسسالامنىڭ سەپەرلىرى,,Các chuyến đi xa của Thiên Sứ Muhammad - cầu xin Allah ban bình an và phúc lành cho Người -,,prophet's-travel-en
646,406,الصفات الخُلُقية,Moral Attributes,চারিত্রিক বৈশিষ্ট্যসমূহ,Welche Charaktereigenschaften der Prophet besaß,Cualidades adquiridas.,Son caractère,Sifat-sifat Akhlak,നബി -ﷺ- യുടെ സ്വഭാവപരമായ വിശേഷണങ്ങൾ,As caracteristicas comportamentais,Нравственные качества Пророка ﷺ,பண்பாடு,Ahlakî Özellikleri,اخلاقی صفات,美德,आचरण संबंधी विशेषताएँ,Le qualità morali,صفت هاى اخلاقى پيامبر صلى الله عليه و سلم,ስነ-ምግባሪያዊ ባህሪያቸው,Əxlaqi sifətlər,Način ponašanja i svojstva,Mravní vlastnosti,Siffarsa ta Halayya,سیفەتە ڕەوشتییەکان,Morele eigenschappen,أخلاقي صفتونه,Atributele morale,සදාචාරාත්මක ගුණාංග,Sifooyinka Akhlaaqda ah,Tiparet morale,Uppförande,Sifa za kitabia.,Сифатҳои ахлоқии Паёмбар (салому дуруди Аллоҳ бар ӯ бод),คุณลักษณะนิสัย,پەيغەمبەرئەلەيھىسسالامنىڭ ئەخلاقىغا مۇناسىۋەتلىك سۈپەتلەر,Муҳаммад соллаллоҳу алайҳи ва салламнинг аҳлоқлари,Nhân cách và đạo đức,‏Awọn iroyin ti iwa,moral-attributes-en
647,406,الهدي النبوي,Prophet's Guidance,নববী আদর্শ,Die Lehren des Propheten,La guía profética.,La guidée prophétique,Petunjuk Nabi -ṣallallāhu 'alaihi wa sallam-,നബി -ﷺ- യുടെ ജീവിതചര്യ,A orientação profética,Руководство Пророка ﷺ,நபி வழி,Peygamber'in Sünneti,نبوی طریقہ,先知的指引,नबवी तरीक़ा,La guida profetica,راه و منش نبوى,ነቢያዊ መመሪያ,Peyğəmbərin (sallallahu aleyhi və səlləm) yolu,Vjerovjesnička uputstva,Prorokovo vedení,Shiryarawar Annabi,ڕێبازی پێغەمبەر ﷺ,De leidraad van de profeet (vrede zij met hem),نبوي لارښوونې,Călăuzirea profetică,නබිතුමාගේ මඟපෙන්වීම,Hadiyagii Nabiga scw.,Udhëzimi profetik,Den profetiska vägledningen,Muongozo wa Mtume.,,แบบอย่างของท่านนบี ศ็อลลัลลอฮฺอะลัยฮิวะสัลลัม,پەيغەمبەرئەلەيھىسسالامنىڭ تۇتقان يولى,Набавий юриш туриш,Đường lối của Nabi Muhammad - cầu xin Allah ban bình an và phúc lành cho Người -,‏Ilana Anabi,prophet's-guidance-en
648,646,كرمه صلى الله عليه وسلم,Prophet's Generosity,রাসূলুল্লাহ সাল্লাল্লাহু আলাইহি ওয়াসাল্লামের বদান্যতা,Die Großzügigkeit des Propheten,"La generosidad del Profeta, que Al-lah le bendiga y le dé paz.",Sa noblesse (paix et salut sur lui),Kedermawanan Rasulullah -ṣallallāhu 'alaihi wa sallam-,നബി -ﷺ- യുടെ ഉദാരത,A generosidade do profeta - Que a paz e bençãos de Allah estejam sobre ele -.,Щедрость Пророка ﷺ,நபி ஸல்லல்லாஹு அலைஹிவஸல்லம் அவர்களின் கொடை,Peygamber -sallallahu aleyhi ve sellem-'in Cömertliği,آپ ﷺ کی گرم گستری,先知-愿主福安之-的尊贵,आप सल्लल्लाहु अलैहि व सल्लम की दानशीलता तथा उदारता,,سخاوتمندى پيامبر صلى الله عليه و سلم,የነቢዩ (ሶለላሁ ዐለይሂ ወሰለም) የአላህ ሶላትና ሰላም በእርሳቸው ላይ ይስፈንና ቸርነት,Peyğəmbərin (sallallahu aleyhi və səlləm) səxavəti,"Plemenitost Allahova Poslanika, sallallahu alejhi ve sellem",Štědrost Proroka(ať mu Bůh žehná a dá mír),Karamcinsa SAW,ڕێزداری وبەخشندەیی پێغەمبەر ﷺ,Zijn vrijgevigheid (vrede zij met hem),د رسول صلی الله عليه وسلم سخاوت,Generozitatea Profetului,නබිතුමාගේ ත්යාගශීලිත්වය (එතුමා කෙරෙහි අල්ලාහ්ගේ ශාන්තිය හා සමාදානය අත් වේවා!),,,Hans generositet,Ukarimu wake Mtume rehma na amani za Allah ziwe juu yake:,,ความใจบุญของท่านนบี ศ็อลลัลลอฮุอะลัยฮิวะสัลลัม,پەيغەمبەرئەلەيھىسسالامنىڭ سېخىلىقى,,Sự rộng lượng của Thiên Sứ Muhammad - cầu xin Allah ban bình an và phúc lành cho Người -,,prophet's-generosity-en
649,646,حياؤه صلى الله عليه وسلم,Prophet's Modesty,নবী সাল্লাল্লাহু আলাইহি ওয়াসাল্লামের লজ্জা,Die Schamhaftigkeit des Propheten,"El pudor del Profeta, que Al-lah le bendiga y le dé paz.",Sa pudeur (paix et salut sur lui),Sifat Malu Rasulullah -ṣallallāhu 'alaihi wa sallam-,നബി -ﷺ- യുടെ ലജ്ജ,A vergonha do profeta - Que a paz e bençãos de Allah estejam sobre ele -.,Стыдливость Пророка ﷺ,,Peygamber -sallallahu aleyhi ve sellem-'in Hayası,آپ ﷺ کی شرم و حیاء,先知-愿主福安之-的生平,आप सल्लल्लाहु अलैहि व सल्लम की हया,,شرم و حيايى پيامبر صلى الله عليه و سلم,የነቢዩ (ሶለላሁ ዐለይሂ ወሰለም) የአላህ ሶላትና ሰላም በእርሳቸው ላይ ይስፈንና አይነ አፋርነት,Peyğəmbərin (sallallahu aleyhi və səlləm) həyası,"Stid Allahova Poslanika, sallallahu alejhi ve sellem",Stydlivost Proroka(ať mu Bůh žehná a dá mír),Kunyarsa SAW,شەرم کردنی پێغەمبەر ﷺ,Zijn verlegenheid (vrede zij met hem),د رسول صلی الله عليه وسلم حیاء,Modestia Profetului,නබිතුමාගේ ලැජ්ජාව (එතුමා කෙරෙහි අල්ලාහ්ගේ ශාන්තිය හා සමාදානය අත් වේවා!),,,Hans blygsamhet,Haya zake Mtume Rehma na za Mwenyezi Mungu ziwe juu yake amani:,,ความอายของท่านนบี ศ็อลลัลลอฮุอะลัยฮิวะสัลลัม,پەيغەمبەرئەلەيھىسسالامنىڭ ھايالىقى,,Cuộc sống của Thiên Sứ Muhammad - cầu xin Allah ban bình an và phúc lành cho Người -,,prophet's-modesty-en
650,646,تواضعه صلى الله عليه وسلم,Prophet's Humility,রাসূলুল্লাহ সাল্লাল্লাহু আলাইহি ওয়াসাল্লামের বিনয়,Prophet's Humility,"La modestia del Profeta, que Al-lah le bendiga y le dé paz.",Son humilité (paix et salut sur lui),Kerendahan Hati Rasulullah -ṣallallāhu 'alaihi wa sallam-,,HUMILDADE DO MENSAGEIRO (QUE A PAZ E BÊNÇÃOS DE ALLAH ESTEJA SOBRE ELE),Скромность Пророка ﷺ,,Peygamber -sallallahu aleyhi ve sellem-'in Tevazusu,آپ ﷺ کی انکساری,先知-愿主福安之-的谦逊,आप सल्लल्लाहु अलैहि व सल्लम की विनम्रता,,متواضع بودن پيامبر صلى الله عليه و سلم,,,"Skromnost Allahova Poslanika, sallallahu alejhi ve sellem",,Qanqan da kansa SAW,سادە بوونی -تواضعی- پێغەمبەر ﷺ,,,,නබිතුමාගේ නිහතමානිකම (එතුමා කෙරෙහි අල්ලාහ්ගේ ශාන්තිය හා සමාදානය අත් වේවා!),,,,,,,پەيغەمبەرئەلەيھىسسالامنىڭ كەمتەرلىكى,,,,prophet's-humility-en
651,646,شجاعته صلى الله عليه وسلم,Prophet's Courage,রাসূলুল্লাহ সাল্লাল্লাহু আলাইহি ওয়াসাল্লামের বীরত্ব,Prophet's Courage,"La valentía del Profeta, que Al-lah le bendiga y le dé paz.",Son courage (paix et salut sur lui),Keberanian Rasulullah -ṣallallāhu 'alaihi wa sallam-,നബി -ﷺ- യുടെ ധൈര്യം,A bravura do profeta - Que a paz e bençãos de Allah estejam sobre ele -.,Храбрость Пророка ﷺ,,Peygamber -sallallahu aleyhi ve sellem-'in Cesareti,آپ ﷺ کی بہادری,先知-愿主福安之-的果敢,आप सल्लल्लाहु अलैहि व सल्लम की बहादुरी,,شجاعت پيامبر صلى الله عليه و سلم,የነቢዩ (ሶለላሁ ዐለይሂ ወሰለም) የአላህ ሶላትና ሰላም በእርሳቸው ላይ ይስፈንና ጀግንነት,,"Hrabrost Allahova Poslanika, sallallahu alejhi ve sellem",,Sadaukantakarsa SAW,ئازایەتی پێغەمبەر ﷺ,Zijn moed (vrede zij met hem),د رسول صلی الله عليه وسلم زړورتیا,Curajul Profetului,නබිතුමාගේ වීරත්වය (එතුමා කෙරෙහි අල්ලාහ්ගේ ශාන්තිය හා සමාදානය අත් වේවා!),,,Hans mod,Safari zake Mtume Rehma na za Mwenyezi Mungu ziwe juu yake amani:,,ความกล้าหาญของท่านนบี ศ็อลลัลลอฮุอะลัยฮิวะสัลลัม,,,Sự gan dạ và dũng cảm của Thiên Sứ Muhammad - cầu xin Allah ban bình an và phúc lành cho Người -,,prophet's-courage-en
652,646,رفقه صلى الله عليه وسلم,Prophet's Gentleness,রাসূলুল্লাহ সাল্লাল্লাহু আলাইহি ওয়াসাল্লামের কামলতা,Prophet's Gentleness,"La indulgencia del Profeta, que Al-lah le bendiga y le dé paz.",Sa douceur (paix et salut sur lui),Kelemah-lembutan Rasulullah -ṣallallāhu 'alaihi wa sallam-,,,Мягкость Пророка ﷺ,நபி ஸல்லல்லாஹு அலைஹிவஸல்லம் அவர்களின் மென்மை,Peygamber -sallallahu aleyhi ve sellem-'in Hoşgörüsü,آپ ﷺ کی نرمی,先知-愿主福安之-的温和,आप सल्लल्लाहु अलैहि व सल्लम की नर्मी,,نرم خو بودن پيامبر صلى الله عليه و سلم,,,"Blagost Allahova Poslanika, sallallahu alejhi ve sellem",,Tausasawarsa SAW,نەرم ونیانی پێغەمبەر ﷺ,,,,නබිතුමාගේ මෘදුභාවය (එතුමා කෙරෙහි අල්ලාහ්ගේ ශාන්තිය හා සමාදානය අත් වේවා!),,,,,,,پەيغەمبەرئەلەيھىسسالامنىڭ مۇلايىملىقى,,Sự dịu dàng của Thiên Sứ Muhammad - cầu xin Allah ban bình an và phúc lành cho Người -,,prophet's-gentleness-en
653,646,عفوه صلى الله عليه وسلم,Prophet's Forgiveness,রাসূলুল্লাহ সাল্লাল্লাহু আলাইহি ওয়াসাল্লামের ক্ষমা,Prophet's Forgiveness,"El perdón del Profeta, que Al-lah le bendiga y le dé paz.",Son pardon (paix et salut sur lui),Sifat Pemaaf Rasulullah -ṣallallāhu 'alaihi wa sallam-,,O perdão do profeta - Que a paz e bençãos de Allah estejam sobre ele -.,Снисходительность Пророка ﷺ,,Peygamber -sallallahu aleyhi ve sellem-'in Bağışlaması,آپ ﷺ کا عفو و درگزر,先知-愿主福安之-的宽容,आप सल्लल्लाहु अलैहि व सल्लम की क्षमा,,گذشت پيامبر صلى الله عليه و سلم,የነቢዩ (ሶለላሁ ዐለይሂ ወሰለም) የአላህ ሶላትና ሰላም በእርሳቸው ላይ ይስፈንና ይቅር ባይነት,,"Praštanje Božijeg Poslanika, sallallahu alejhi ve sellem",,Afuwarsa SAW,لێبووردەیی پێغەمبەر ﷺ,Zijn vergevingsgezindheid (vrede zij met hem),,Iertarea Profetului,නබිතුමාගේ සමාව (එතුමා කෙරෙහි අල්ලාහ්ගේ ශාන්තිය හා සමාදානය අත් වේවා!),,,,Haya zake Mtume Rehma na za Mwenyezi Mungu ziwe juu yake amani:,,การให้อภัยของท่านนบี ศ็อลลัลลอฮุอะลัยฮิวะสัลลัม,پەيغەمبەرئەلەيھىسسالامنىڭ ئەپۇچانلىقى,,Sự tha thứ của Thiên Sứ Muhammad - cầu xin Allah ban bình an và phúc lành cho Người -,,prophet's-forgiveness-en
654,646,رحمته صلى الله عليه وسلم,Prophet's Mercy,রাসূলুল্লাহ সাল্লাল্লাহু আলাইহি ওয়াসাল্লামের দয়া,Die Barmherzigkeit des Propheten,"La clemencia del Profeta, que Al-lah le bendiga y le dé paz.",Sa clémence (paix et salut sur lui),Kasih Sayang Rasulullah -ṣallallāhu 'alaihi wa sallam-,നബി -ﷺ- യുടെ കാരുണ്യം,A misericórdia do profeta- Que a paz e bençãos de Allah estejam sobre ele -.,Милосердие Пророка ﷺ,நபி ஸல்லல்லாஹு அலைஹிவஸல்லம் அவர்களின் கருணை,Peygamber -sallallahu aleyhi ve sellem-'in Rahmeti,آپ ﷺ کی رحمدلی,先知-愿主福安之-的怜悯,आप सल्लल्लाहु अलैहि व सल्लम की कृपा,,مهربان بودن پيامبر صلى الله عليه و سلم,የነቢዩ (ሶለላሁ ዐለይሂ ወሰለም) የአላህ ሶላትና ሰላም በእርሳቸው ላይ ይስፈንና እዝነት,Peyğəmbərin (sallallahu aleyhi və səlləm) rəhməti,"Samilost Allahova Poslanika, sallallahu alejhi ve sellem",Milosrdenství Proroka(ať mu Bůh žehná a dá mír),Rahamarsa SAW,ڕەحمەتی پێغەمبەر ﷺ,Zijn genade (vrede zij met hem),د رسول صلی الله عليه وسلم ترحم,Mila Profetului,නබිතුමාගේ දයාව (එතුමා කෙරෙහි අල්ලාහ්ගේ ශාන්තිය හා සමාදානය අත් වේවා!),Naxariistii Nabiga scw.,Mëshira e Profetit Muhamed ﷺ,Hans barmhärtighet,Huruma zake Mtume Rehma na za Mwenyezi Mungu ziwe juu yake amani:,,ความเมตตาของท่านนบี ศ็อลลัลลอฮุอะลัยฮิวะสัลลัม,پەيغەمبەرئەلەيھىسسالامنىڭ مېھرىبانلىقى,Меҳрлари,Lòng nhân từ của Thiên Sứ Muhammad - cầu xin Allah ban bình an và phúc lành cho Người -,Ikẹ rẹ- ki ikẹ Ọlọhun ati ọla Rẹ maa ba a-,prophet's-mercy-en
655,646,كلامه صلى الله عليه وسلم,Prophet's Speech,রাসূলুল্লাহ সাল্লাল্লাহু আলাইহি ওয়াসাল্লামের কথা,Prophet's Speech,"Las palabras del Profeta, que Al-lah le bendiga y le dé paz.",Ses paroles (paix et salut sur lui),Tutur Kata Rasulullah -ṣallallāhu 'alaihi wa sallam-,,A comunicação do profeta - Que a paz e bençãos de Allah estejam sobre ele -.,Речь Пророка ﷺ,,Peygamber -sallallahu aleyhi ve sellem-'in Konuşması,آپ ﷺ کی گفتگو,先知-愿主福安之-的语言,आप सल्लल्लाहु अलैहि व सल्लम की बातचीत,,سخنان پيامبر صلى الله عليه و سلم,,,"Govor Allahova Poslanika, sallallahu alejhi ve sellem",,Maganarsa SAW,قسەکردنی پێغەمبەر ﷺ,,,,නබිතුමාගේ කථනය (එතුමා කෙරෙහි අල්ලාහ්ගේ ශාන්තිය හා සමාදානය අත් වේවා!),,,,Maneno yake Mtume Rehma na za Mwenyezi Mungu ziwe juu yake amani:,,,,,Lời nói của Thiên Sứ Muhammad - cầu xin Allah ban bình an và phúc lành cho Người -,,prophet's-speech-en
656,646,ضحكه صلى الله عليه وسلم,Prophet's Laughing,রাসূলুল্লাহ সাল্লাল্লাহু আলাইহি ওয়াসাল্লামের হাসি,Prophet's Laughing,"La risa del Profeta, que Al-lah le bendiga y le dé paz.",Ses rires (paix et salut sur lui),Tertawa Rasulullah -ṣallallāhu 'alaihi wa sallam-,നബി -ﷺ- യുടെ ചിരി,A riso do profeta - Que a paz e bençãos de Allah estejam sobre ele -.,Смех Пророка ﷺ,,Peygamber -sallallahu aleyhi ve sellem-'in Gülüşü,آپ ﷺ کا ہنسنا,先知-愿主福安之-的笑容,आप सल्लल्लाहु अलैहि व सल्लम का हँसना,,خنديدن پيامبر صلى الله عليه و سلم,የነቢዩ (ሶለላሁ ዐለይሂ ወሰለም) የአላህ ሶላትና ሰላም በእርሳቸው ላይ ይስፈንና ሳቅ,,"Smijeh Allahova Poslanika, sallallahu alejhi ve sellem",,Dariyarsa SAW,پێکەنینی پێغەمبەر ﷺ,Zijn lach (vrede zij met hem),د رسول صلی الله عليه وسلم خندا,Râsul Profetului,නබිතුමාගේ සිනහව (එතුමා කෙරෙහි අල්ලාහ්ගේ ශාන්තිය හා සමාදානය අත් වේවා!),,,Hans skratt,Kucheka kwake Mtume Rehma na za Mwenyezi Mungu ziwe juu yake amani:,,การหัวเราะของท่านนบี ศ็อลลัลลอฮุอะลัยฮิวะสัลลัม,,,Cách cười của Thiên Sứ Muhammad - cầu xin Allah ban bình an và phúc lành cho Người -,Ẹrin rẹ- ki ikẹ Ọlọhun ati ọla Rẹ maa ba a-,prophet's-laughing-en
657,646,بكاؤه صلى الله عليه وسلم,Prophet's Crying,রাসূলুল্লাহ সাল্লাল্লাহু আলাইহি ওয়াসাল্লামের কান্না,Prophet's Crying,"El lloro del Profeta, que Al-lah le bendiga y le dé paz.",Ses pleurs ( paix et salut sur lui ),Tangis Rasulullah -ṣallallāhu 'alaihi wa sallam-,,,Плач Пророка ﷺ,,Peygamber -sallallahu aleyhi ve sellem-'in Ağlaması,آپ ﷺ کا رونا,先知-愿主福安之-的哭泣,आप सल्लल्लाहु अलैहि व सल्लम का रोना,,گريستن پيامبر صلى الله عليه و سلم,,,"Plač Allahova Poslanika, sallallahu alejhi ve sellem",,Kukansa SAW,گریانی پێغەمبەر ﷺ,,,,,,,,,,,,,,,prophet's-crying-en
659,646,شفقته صلى الله عليه وسلم,Prophet's Compassion,রাসূলুল্লাহ সাল্লাল্লাহু আলাইহি ওয়াসাল্লামের স্নেহ,Das Mitgefühl des Propheten,"La compasión del Profeta, que Al-lah le bendiga y le dé paz.",Sa compassion (paix et salut sur lui),Belas Kasih Rasulullah -ṣallallāhu 'alaihi wa sallam-,നബി -ﷺ- യുടെ അനുകമ്പ,A compaixão do profeta - Que a paz e bençãos de Allah estejam sobre ele -.,Сострадание Пророка ﷺ,நபி ஸல்லல்லாஹு அலைஹிவஸல்லம் அவர்களின் இரக்கம்,Peygamber -sallallahu aleyhi ve sellem-'in Şefkati,آپ ﷺ کی شفقت,先知-愿主福安之-的同情,आप सल्लल्लाहु अलैहि व सल्लम की मेहरबानी,La compassione del Profeta ﷺ,دلسوزى پيامبر صلى الله عليه و سلم,የነቢዩ (ሶለላሁ ዐለይሂ ወሰለም) የአላህ ሶላትና ሰላም በእርሳቸው ላይ ይስፈንና ርህራሄ,Peyğəmbərin (sallallahu aleyhi və səlləm) şəfqəti,"Saosjećanje Božijeg Poslanika, sallallahu alejhi ve sellem",Soucit Proroka(ať mu Bůh žehná a dá mír),Tausayinsa SAW,بەزەیی پێغەمبەر ﷺ,Zijn medeleven (vrede zij met hem),د رسول صلی الله عليه وسلم شفقت,Compasiunea Profetului,නබිතුමාගේ අනුකම්පාව (එතුමා කෙරෙහි අල්ලාහ්ගේ ශාන්තිය හා සමාදානය අත් වේවා!),Beer jileecii Nabiga scw.,Dhembshuria e Profetit Muhamed ﷺ,Hans omtänksamhet,Usamehevu wake Mtume Rehma na za Mwenyezi Mungu ziwe juu yake amani:,Дилсӯзии Паёмбар (салому дуруди Аллоҳ бар ӯ бод),การให้การคุ้มครองของท่านนบี ศ็อลลัลลอฮุอะลัยฮิวะสัลลัม,پەيغەمبەرئەلەيھىسسالامنىڭ ھېسداشلىقى,Шафқатлари,Lòng thương người của Thiên Sứ Muhammad - cầu xin Allah ban bình an và phúc lành cho Người -,‏Aanu rẹ - ki ikẹ ati ọla Ọlọhun maa ba a-,prophet's-compassion-en
660,646,زهده صلى الله عليه وسلم,Prophet's Asceticism,রাসূলুল্লাহ সাল্লাল্লাহু আলাইহি ওয়াসাল্লামের দুনিয়াবিমুখতা,Prophet's Asceticism,"El ascetismo del Profeta, que Al-lah le bendiga y le dé paz.",Son ascétisme (paix et salut sur lui),Zuhud Rasulullah -ṣallallāhu 'alaihi wa sallam-,,,Аскетизм Пророка ﷺ,,Peygamber -sallallahu aleyhi ve sellem-'in Zühdü,آپ ﷺ کا زہد,先知-愿主福安之-的修行,आप सल्लल्लाहु अलैहि व सल्लम का दुनिया के माया-मोह से दूर होना,,زهد پيامبر صلى الله عليه و سلم,,,"Jednostavnost života koji je vodio Poslanik, sallallahu alejhi ve sellem",,Gudun Duniyarsa SAW,زوهدی پێغەمبەر ﷺ,,,,,,,,,,,پەيغەمبەرئەلەيھىسسالامنىڭ زاھىدلىقى,,,,prophet's-asceticism-en
661,646,عدله صلى الله عليه وسلم,Prophet's Justice,,Prophet's Justice,Prophet's Justice,Son équité (paix et salut sur lui),Keadilan Rasulullah -ṣallallāhu 'alaihi wa sallam-,,,Справедливость Пророка ﷺ,,Peygamber -sallallahu aleyhi ve sellem-'in Adaleti,آپ ﷺ کا عدل,先知-愿主福安之-的公正,आप सल्लल्लाहु अलैहि व सल्लम का न्याय,,عدالت پيامبر صلى الله عليه و سلم,,,"Pravednost Allahova Poslanika, sallallahu alejhi ve sellem",,,دادپەروەری پێغەمبەر ﷺ,,,,,,,,,,,,,,,prophet's-justice-en
662,646,حلمه صلى الله عليه وسلم,Prophet's Forbearance,রাসূলুল্লাহ সাল্লাল্লাহু আলাইহি ওয়াসাল্লামের সহনশীলতা,Prophet's Forbearance,"El sueño del Profeta, que Al-lah le bendiga y le dé paz.",Sa mansuétude (paix et salut sur lui),Kesantunan Rasulullah -ṣallallāhu 'alaihi wa sallam-,നബി -ﷺ- യുടെ സഹനശക്തി,A tolerãncia do profeta - Que a paz e bençãos de Allah estejam sobre ele -.,Кротость Пророка ﷺ,,Peygamber -sallallahu aleyhi ve sellem-'in Yumuşak Başlılığı,آپ ﷺ کی بردباری,先知-愿主福安之-的慎重,आप सल्लल्लाहु अलैहि व सल्लम की सहनशीलता,,بردبارى پيامبر صلى الله عليه و سلم,የነቢዩ (ሶለላሁ ዐለይሂ ወሰለም) የአላህ ሶላትና ሰላም በእርሳቸው ላይ ይስፈንና ቻይነታቸው,,"Blagost Allahova Poslanika, sallallahu alejhi ve sellem",,Haqurinsa SAW,خۆڕاگری ولەسەرخۆیی پێغەمبەر ﷺ,Zijn geduld (vrede zij met hem),د رسول صلی الله عليه وسلم زغم,Toleranța Profetului,නබිතුමාගේ අසීමිත ඉවසීම (එතුමා කෙරෙහි අල්ලාහ්ගේ ශාන්තිය හා සමාදානය අත් වේවා!),,,Hans överseende med andra,Upole wake Mtume Rehma na za Mwenyezi Mungu ziwe juu yake amani:,,การฝันของท่านนบี ศ็อลลัลลอฮุอะลัยฮิวะสัลลัม,پەيغەمبەرئەلەيھىسسالامنىڭ كەڭ قورساقلىقى,,Lòng nhẫn nại của Thiên Sứ Muhammad - cầu xin Allah ban bình an và phúc lành cho Người -,,prophet's-forbearance-en
666,647,هديه صلى الله عليه وسلم في خطبه,Prophet's Guidance on Public Speaking,খুতবার ক্ষেত্রে নবী সাল্লাল্লাহ আলাইহি ওয়াসাল্লাম-এর আদর্শ,Prophet's Guidance on Public Speaking,"La guía del Profeta, que Al-lah le bendiga y le dé paz, en su sermón.",Sa guidée (paix et salut sur lui) lors de son sermon,Petunjuk Nabi -ṣallallāhu 'alaihi wa sallam- Dalam Berkhutbah,,,Руководство Пророка ﷺ при произнесении проповеди,உரை நிகழ்த்துவதில் நபியவர்களின் வழிகாட்டல்,Peygamber -sallallahu aleyhi ve sellem-'in Hutbedeki Sünneti,خطبات میں آپ ﷺ کا طریقہ,先知-愿主福安之-在宣讲中的指引,आप सल्लल्लाहु अलैहि व सल्लम का ख़ुतबा देने का तरीक़ा,,منش پيامبر صلى الله عليه و سلم در خطبه هايش,,,Poslanikova uputstva vezana za hutbe i obraćanja,,Koyarwarsa SAW a Huxuba,ڕێبازی پێغەمبەر ﷺ لە وتارداندا,,,,නබිතුමාගේ දේශනයන්හි එතුමාගේ මඟපෙන්වීම (එතුමා කෙරෙහි අල්ලාහ්ගේ ශාන්තිය හා සමාදානය අත් වේවා!),,,,,,,پەيغەمبەرئەلەيھىسسالامنىڭ خۇتبىدىكى يولى,,Sự hướng dẫn của Thiên Sứ Muhammad - cầu xin Allah ban bình an và phúc lành cho Người - trong thuyết giảng,,prophet's-guidance-on-public-speaking-en
667,647,هديه صلى الله عليه وسلم في التطهر,Prophet's Guidance on Purification,পবিত্রতা অর্জনের ক্ষেত্রে নবী সাল্লাল্লাহ আলাইহি ওয়াসাল্লাম-এর আদর্শ,Wie der Prophet sich reinigte,"La guía del Profeta, que Al-lah le bendiga y le dé paz, hacia la purificación.",Sa guidée (paix et salut sur lui) lors de la purification,Petunjuk Nabi -ṣallallāhu 'alaihi wa sallam- Dalam bersuci,ശുദ്ധീകരിക്കുന്നതിലെ നബി -ﷺ- യുടെ മാർഗം,A orientação do profeta (QUE A PAZ E BÊNÇÃOS DE DEUS ESTEJA SOBRE ELE) na purificação,Руководство Пророка ﷺ при совершении ритуального очищения,,Peygamber -sallallahu aleyhi ve sellem-'in Taharetindeki Sünneti,حصولِ طہارت میں آپ ﷺ کا طریقہ,先知-愿主福安之-关于洁净的指引,आप सल्लल्लाहु अलैहि व सल्लम का पाकी हासिल करने का तरीक़ा,,منش پيامبر صلى الله عليه و سلم در پاكيزگى,ነቢዩ (ሶለላሁ ዐለይሂ ወሰለም) የአላህ ሶላትና ሰላም በእርሳቸው ላይ ይስፈንና በመፀዳዳት ወቅት የነበራቸው መመሪያ,Peyğəmbərin (sallallahu aleyhi və səlləm) təharətdə olan yolu,Poslanikova uputstva vezana za čišćenje,Vedení Proroka(ať mu Bůh žehná a dá mír) v očišťování,Koyarwarsa SAW a wajen tsarki,ڕێبازی پێغەمبەر ﷺ لە خۆشۆردن ودەستنوێژگرتندا (خۆ پاککردنەوەدا),Zijn leiding (vrede zij met hem) in reinheid,په پاکوالي کې د پیغمبر - صلی الله علیه وسلم - لارښوونه,Călăuzirea Profetului în purificare,පිරිසිදුකමෙහි නබිතුමාගේ මඟපෙන්වීම (එතුමා කෙරෙහි අල්ලාහ්ගේ ශාන්තිය හා සමාදානය අත් වේවා!),,,Hans sätt att rena sig på,Muongozo wa Mtume Mtume Rehma na za Mwenyezi Mungu ziwe juu yake amani katika kujitwaharisha.,,แบบอย่างของท่านนบีศ็อลลัลลอฮุอะลัยฮิวะสัลลัม ในการทำความสะอาด,پەيغەمبەرئەلەيھىسسالامنىڭ پاكلىنىشتىكى يولى,,Đường lối của Thiên Sứ Muhammad - cầu xin Allah ban bình an và phúc lành cho Người - trong việc tẩy rửa,,prophet's-guidance-on-purification-en
668,647,هديه صلى الله عليه وسلم في الصلاة,Prophet's Guidance on Prayer,সালাতের ক্ষেত্রে নবী সাল্লাল্লাহ আলাইহি ওয়াসাল্লাম-এর আদর্শ,Wie der Prophet betete,"La guía del Profeta, que Al-lah le bendiga y le dé paz, hacia as-salat.",Sa guidée (paix et salut sur lui) lors de la prière,Petunjuk Nabi -ṣallallāhu 'alaihi wa sallam- Terkait Salat,നിസ്കാരത്തിലെ നബി -ﷺ- യുടെ മാർഗം,A orientação do profeta (QUE A PAZ E BÊNÇÃOS DE DEUS ESTEJA SOBRE ELE) no salah,Руководство Пророка ﷺ при совершении молитвы,தொழுகையில் நபியவர்களின் வழிகாட்டல்,Peygamber -sallallahu aleyhi ve sellem-'in Namazdaki Sünneti,نماز میں آپ ﷺ کا طریقہ,先知-愿主福安之-关于礼拜的指引,आप सल्लल्लाहु अलैहि व सल्लम का नमाज़ पढ़ने का तरीक़ा,,منش پيامبر صلى الله عليه و سلم در نماز,ነቢዩ (ሶለላሁ ዐለይሂ ወሰለም) የአላህ ሶላትና ሰላም በእርሳቸው ላይ ይስፈንና በሶላት ዙሪያ የነበራቸው መመሪያ,Peyğəmbərin (sallallahu aleyhi və səlləm) namazda olan yolu,Poslanikova uputstva vezana za namaz,Vedení Proroka(ať mu Bůh žehná a dá mír) v modlitbě,Koyarwarsa SAW a Sallah,ڕێبازی پێغەمبەر ﷺ لە نوێژکردندا,Zijn leiding (vrede zij met hem) in zijn gebed,په لمانځه کې د پیغمبر - صلی الله علیه وسلم - لارښوونه,Călăuzirea Profetului în rugăciune,සලාතයෙහි නබිතුමාගේ මඟපෙන්වීම (එතුමා කෙරෙහි අල්ලාහ්ගේ ශාන්තිය හා සමාදානය අත් වේවා!),Siduu u Takan jiray Nabigu scw.,Udhëzimi i Profetit Muhamed ﷺ lidhur me namazin,Hans sätt att be,Muongozo wake Mtume Mtume Rehma na za Mwenyezi Mungu ziwe juu yake amani katika swala,,แบบอย่างของท่านนบีศ็อลลัลลอฮุอะลัยฮิวะสัลลัม ในการละหมาด,پەيغەمبەرئەلەيھىسسالامنىڭ نامازدىكى يولى,Намоздаги суннатлари,Sự hướng dẫn của Thiên Sứ Muhammad - cầu xin Allah ban bình an và phúc lành cho Người - trong lễ nguyện Salah,Ilana rẹ- ki ikẹ Ọlọhun ati ọla Rẹ maa ba a- nibi irun,prophet's-guidance-on-prayer-en
669,647,هديه صلى الله عليه وسلم في الصوم,Prophet's Guidance on Fasting,সিয়ামের ক্ষেত্রে নবী সাল্লাল্লাহ আলাইহি ওয়াসাল্লাম-এর আদর্শ,Prophet's Guidance on Fasting,"La guía del Profeta, que Al-lah le bendiga y le dé paz, hacia saum.",Sa guidée (paix et salut sur lui) lors du jeûne,Petunjuk Nabi -ṣallallāhu 'alaihi wa sallam- Terkait Puasa,,A orientação do profeta (QUE A PAZ E BÊNÇÃOS DE DEUS ESTEJA SOBRE ELE) no jejum,Руководство Пророка ﷺ при соблюдении поста,,Peygamber -sallallahu aleyhi ve sellem-'in Oruç Tutarken Tutumu,روزے میں آپ ﷺ کا طریقہ,先知-愿主福安之-关于斋戒的指引,आप सल्लल्लाहु अलैहि व सल्लम का रोज़ा रखने का तरीक़ा,,منش پيامبر صلى الله عليه و سلم در روزه دارى,,,Poslanikova uputstva vezana za post,,Koyarwarsa SAW a Azumi,ڕێبازی پێغەمبەر ﷺ لە ڕۆژووگرتندا,,,,,,,,,,,پەيغەمبەرئەلەيھىسسالامنىڭ روزىدىكى يولى,,,,prophet's-guidance-on-fasting-en
671,647,هديه صلى الله عليه وسلم في الجنائز,Prophet's Guidance on Funerals,,Prophet's Guidance on Funerals,"La guía del Profeta, que Al-lah le bendiga y le dé paz, hacia los funerales.",Sa guidée (paix et salut sur lui) lors des funérailles,Petunjuk Nabi -ṣallallāhu 'alaihi wa sallam- Terkait Jenazah,,A orientação do profeta (QUE A PAZ E BÊNÇÃOS DE DEUS ESTEJA SOBRE ELE) no cortejo fúnebre,Руководство Пророка ﷺ при погребении,,Peygamber -sallallahu aleyhi ve sellem-'in Cenazelerdeki Sünneti,جنازوں میں آپ ﷺ کا طریقہ,先知-愿主福安之-关于殡礼的指引,आप सल्लल्लाहु अलैहि व सल्लम का जनाज़े की नमाज़ पढ़ने का तरीक़ा,,منش پيامبر صلى الله عليه و سلم در امور جنازه ها,,,Poslanikova uputstva vezana za dženaze,,Koyarwarsa SAW a Jana'iza,ڕێبازی پێغەمبەر ﷺ لە جەنازەدا,,,,මරනයකදී නබිතුමාගේ මඟපෙන්වීම (එතුමා කෙරෙහි අල්ලාහ්ගේ ශාන්තිය හා සමාදානය අත් වේවා!),,,,,,,پەيغەمبەرئەلەيھىسسالامنىڭ ماتەم مۇراسىمىدىكى يولى,,,,prophet's-guidance-on-funerals-en
678,647,هديه صلى الله عليه وسلم في النكاح ومعاشرته أهله,Prophet's Guidance on Marriage and Treating One's Wife,বিবাহ ও পরিবারের সাথে আচার-আচরণের ক্ষেত্রে নবী সাল্লাল্লাহ আলাইহি ওয়াসাল্লাম-এর আদর্শ,Wie der Prophet heiratete und wie er mit seinen Ehefrauen umging,"La guía del Profeta, que Al-lah le bendiga y le dé paz, en el casamiento y la convivencia con su familia.",Sa guidée (paix et salut sur lui) lors du mariage et des rapports conjugaux,Petunjuk Nabi -ṣallallāhu 'alaihi wa sallam- Terkait Pernikahan dan Bergaul dengan Istri,"വിവാഹം, ദാമ്പത്യബന്ധം എന്നിവയിൽ നബി -ﷺ- യുടെ മാർഗം",A orientação do profeta (QUE A PAZ E BÊNÇÃOS DE DEUS ESTEJA SOBRE ELE) e a sua convivência com a familia,Руководство Пророка ﷺ относительно вступления в брак и супружеской жизни,திருமணம் குடும்ப வாழ்வு என்பவற்றில் நபியவர்களின் வழிகாட்டல்,Peygamber -sallallahu aleyhi ve sellem-'in Nikâhta ve Ailesiyle Geçinmedeki Sünneti,نکاح اور اپنے اہلِ خانہ سے معاشرت میں آپ ﷺ کا طریقہ,先知-愿主福安之-关于婚姻和与家人相处的指引,आप सल्लल्लाहु अलैहि व सल्लम का निकाह तथा परिवार के साथ जीवन व्यतीत करने का तरीक़ा,La guida del Profeta ﷺ nel matrimonio e nella sua vita familiare,منش پيامبر صلى الله عليه و سلم در ازدواج و معاشرت با همسرانش,ነቢዩ (ሶለላሁ ዐለይሂ ወሰለም) የአላህ ሶላትና ሰላም በእርሳቸው ላይ ይስፈንና በጋብቻና ከቤተሰባቸው ጋር ባለ አኗኗር ዙሪያ የነበራቸው መመሪያ,Peyğəmbərin (sallallahu aleyhi və səlləm) nikahda və ailəsi ilə davranışda olan yolu,Poslanikova uputstva vezana za brak i lijep odnos prema porodici,Vedení Proroka(ať mu Bůh žehná a dá mír) v uzavírání sňatku a manželském soužití,Koyarwarsa SAW a cikin Aure da rayuwar Iyali,ڕێبازی پێغەمبەر ﷺ لە مارەیی کردن ومامەڵەکردنی لەگەڵ خێزانەکانى,Zijn leiding (vrede zij met hem) in huwelijk en omgang met zijn familie,په نکاح او خپلې کورنۍ سره په ژوند تېرولو کې د پیغمبر - صلی الله علیه وسلم - لارښوونه,Călăuzirea Profetului în căsătorie și tratarea soției,විවාහය හා පවුල් ජීවතයේ නබිතුමාගේ මඟපෙන්වීම (එතුමා කෙරෙහි අල්ලාහ්ගේ ශාන්තිය හා සමාදානය අත් වේවා!),Nabigu scw siduu u Guursan jiray oo ula dhaqmi jiray xaaskiisa,Udhëzimi i Profetit Muhamed ﷺ lidhur me martesën dhe jetën bashkëshortore,Hans vägledning i äktenskap och samlevnad med familjen,Muongozo wake Mtume Rehma na za Mwenyezi Mungu ziwe juu yake amani katika Ndoa na kuamiliana na wake zake.,,แบบอย่างของท่านนบีศ็อลลัลลอฮุอะลัยฮิวะสัลลัม ในการแต่งงานและอยู่ร่วมกันกับครอบครัวของท่าน,پەيغەمبەرئەلەيھىسسالامنىڭ نىكاھ ۋە ئائىلە تۇرمۇشى,Никоҳ ва оилага муносабатдаги суннатлари,Sự hướng dẫn của Thiên Sứ Muhammad - cầu xin Allah ban bình an và phúc lành cho Người - về hôn nhân và cuộc sống gia đình,Ilana rẹ- ki ikẹ Ọlọhun ati ọla Rẹ maa ba a- nibi igbeyawo ati ibasepo pẹlu awọn ara ile rẹ,prophet's-guidance-on-marriage-and-treating-one's-wife-en
679,409,معركة اليمامة,The Battle of Yamaamah,,The Battle of Yamaamah,The Battle of Yamaamah,La bataille d'Al Yamâmah,Perang Yamamah,,,Битва при Ямаме,,Yemame Savaşı,جنگِ یمامہ,亚麦迈战役,यमामा युद्ध,,نبرد يمامه,,,Bitka na Jemami,,,,,,,,,,,,,,,,,,the-battle-of-yamaamah-en
694,410,الدول والممالك بعد الإسلام,,,,,,,,,,,,,,,,,,,,,,,,,,,,,,,,,,,,,category-694
703,694,الخلافة الراشدة,,,,,,,,,,,,,,,,,,,,,,,,,,,,,,,,,,,,,category-703
709,414,أماكن مقدسة,,,,,,,,,,,,,,,,,,,,,,,,,,,,,,,,,,,,,category-709
721,415,أحكام وآداب العيد,Rulings and Manners of Eid,ঈদের বিবিধ বিধান ও আদব,Rulings and Manners of Eid,Las normas y las etiquetas de los ‘id.,Jugements et bienséance relatifs à l'Aïd,Hukum dan Adab Berlebaran,,,"Шариатские законоположения и нормы, касающиеся праздников",,Bayramlara Dair Hüküm ve Adaplar,عید کے احکام اور آداب,节日的律例和礼节,ईद के अहकाम तथा आदाब,,احكام و آداب عيد,,,Propisi i pravila vezana za bajram,,Hukunce Hukunce da Ladaban Idi,حوکمەکان وئادابەکانی جەژن,,,,,,,,,,,,,Các giáo luật và lễ nghĩa 'Eid,,rulings-and-manners-of-eid-en
725,134,أحكام المساجد,The rulings of mosques,মসজিদের বিধানসমূহ,Vorschriften zu den Moscheen,Las Reglas de las Mezquitas,Les jugements liés aux mosquées,Hukum-hukum Terkait Mesjid,മസ്ജിദുകളുമായി ബന്ധപ്പെട്ട വിധിവിലക്കുകൾ,Regras relacionadas com os Masságid,Законоположения связанные с мечетью,பள்ளிவாயிலின் சட்டங்கள்,Cami Ahkamı,مساجد کے احکام,清真寺的律例,मस्जिदों के आदाब,Le norme riguardanti le moschee,The rulings of mosques,የመስጊዶች ህግጋት,Məscidlərə aid əhkamlar,Propisi vezani za džamije,Pravidla týkající se mešit,Hukunce Hukuncen Masallaci,حوکمەکانی مزگەوت,Voorschriften voor moskeeën,د جوماتونو آداب,Reglementări privind moscheea,මස්ජිද් පිළිබඳ නීතිරීති,Axkaanta Masaajida,Normat që kanë të bëjnë me xhaminë,Bestämmelser om moskén,Hukumu za Misikiti.,Аҳкоми масҷидҳо,ข้อชี้ขาดในเรื่องมัสยิด,مەسجىدلەر ھۆكمى,Масжидларга оид ахкомлар,Các giáo luật về Masjid,Awọn idajọ awọn mọsalasi,the-rulings-of-mosques-en
726,137,رمضان,Ramadan,রমাধান,Der Ramadan,Ramadán,Le Ramadan,رَمَضَان - Ramaḍān (Ramadan),റമദാൻ,Ramadan,Рамадан,,Ramazan,رمضان,伊历九月,रमज़ान,,Ramadan,ረመዿን,Ramazan,Ramazan,Ramadán,Ramadan,ڕەمەزان,Ramadan,رمضان,Ramadan,රමළාන්,,,Ramadan,Ramadhani.,,เดือนรอมฎอน,رامىزان,,Ramadan,,ramadan-en
727,133,المسح على الخفين ونحوهما,Wiping Over Leather Socks and the like,মোজা ও মোজার মত বস্তুতে মাছেহ করা,"Das Streichen über Lederstrümpfe, etc.","Pasar las manos húmedas por el calzado, los calcetines y los similares",L'essuiement sur les chaussettes ou autres,Mengusap Sepatu dan Semacamnya,ഖുഫ്ഫകളുടെയും മറ്റും മേൽ തടവൽ,acto de fazer passar as mãos molhadas sobre as peúgas de couro e/ou pele e gesso,Протирание кожанных носков и им подобного,காலுரையில் தடவுதல்,Mesh ve benzeri şeylerin üzerine mesh,موزوں وغیرہ پر مسح كرنا,删除隐藏部分及连带内容,मोज़ों आदि पर मसह,,Wiping Over Leather Socks and the like,በሁለት ኹፎች ላይ ማበስና የመሳሰሉት,Xoşlara və ona bənzər şeylər üzərinə məsh,Potiranje po mestvama i sl.,Přetírání Al-chuf(ponožek) a jim podobných,Shafa a kan Huffi da waninsa,مەسح کردن لەسەر گۆرەوی پێستی وهاوشێوەکانی,Het vegen over de kousen en dergelijke,پر دواړو موزو اوداسې نورو مسح کول,Ștergerea peste ciorapi și altele asemenea,මේස් සපත්තු හෝ එයට සමාන ආවරණික පැලදුම් මත පිරිමැදීම.,Masaxida laba Khuf iyo wixii la mida,Mes'hu (fërkimi) mbi meste dhe çorapë,Att stryka över lädersockor och liknande,Kupaka juu ya Khofu mbili au soksi mbili,,การลูบบนรองเท้าหนังและอื่น ๆ,ئۆتۈك ۋە شۇنىڭغا ئوخشاش نەرسىلەرگە مەسىھ قىلىش,Икки махсига масҳ тортиш ва шу кабилар,"Lau vuốt lên giày, vớ",‏Pipa ibọsẹ-alawọ mejeeji  ati nnkan ti o jọ wọn,wiping-over-leather-socks-and-the-like-en
735,367,الخصائص النبوية,Prophetic characteristics,নববী বৈশিষ্ট্যসমূহ,Besonderheiten des Propheten,Las Características proféticas,Les spécificités prophétiques,Kekhususan Nabi,നബി -ﷺ- യുടെ സവിശേഷതകൾ,As especificidades proféticas,Пророческие качества,,Nebevi özellikler,نبوی خصائص,圣品的特殊性,नबी सल्लल्लाहु अलैहि व सल्लम की विशेषताएँ,,Prophetic characteristics,የነቢዩ መለዮዎች,,Poslanikove karakteristike,,Abubuwan da Annabi ya kevanta da su,تایبەتمەندییەکانی پێغەمبەر ﷺ,De bijzondere eigenschappen van de profeet,نبوي ځانګړتیاوې,Atribute profetice,නබිත්වයේ විශේෂාංගයන්,,,Profetskapets särprägel,Vilivyo maalumu kwa Mtume.,,คุณลักษณะเฉพาะของท่านนบี ศ็อลลัลลอฮุอะลัยฮิวะสัลลัม,پەيغەمبەرلىك خۇسۇسىيەت,,Đặc điểm của Thiên Sứ Muhammad,,prophetic-characteristics-en
738,10,تفسير الآيات,Interpretation of verses,আয়াতসমূহের তাফসীর,Tafsir - Auslegung der Verses des Koran,La Exégesis de los versículos,L'exégèse des versets,Tarsir Ayat,ആയത്തുകളുടെ തഫ്സീർ,Tafsir do versículo,Толкование аятов,வசனங்களின் விரிவுரை,Ayet Tefsirleri,آیتوں کی تفسیر,经注,आयतों की तफ़सीर,L'esegesi dei versetti coranici,Interpretation of verses,የአንቀፆች ተፍሲር (ማብራሪያ),Ayələrin təfsiri,Tefsir ajeta,Výklad veršů,Tafsirin Ayoyi,ڕاڤەکردنی -تەفسیرکردنی- ئایەتەکان,Interpretatie van de verzen,د ايتونو تفسير,Interpretarea versetelor,වාක්ය වල අර්ථ විවරණය,Tafsiirka Aayaatka,Tefsiri i ajeteve,Förklaring av verser,Tafsiri za Aya,Тафсири оятҳо,ตัฟสีรอายะฮฺ,ئايەتلەرنىڭ تەپسىرى,Оятлар тафсири,Giảng giải ý nghĩa nội dung các câu Kinh,Alaye awọn aayah,interpretation-of-verses-en
739,,القرآن الكريم وعلومه,The Noble Qur'an and Qur'anic Sciences,,The Noble Qur'an and Qur'anic Sciences,The Noble Qur'an and Qur'anic Sciences,The Noble Qur'an and Qur'anic Sciences,The Noble Qur'an and Qur'anic Sciences,,,The Noble Qur'an and Qur'anic Sciences,,The Noble Qur'an and Qur'anic Sciences,The Noble Qur'an and Qur'anic Sciences,,,,The Noble Qur'an and Qur'anic Sciences,,,,,,,,,,,,,,,,,,,,,the-noble-quran-and-quranic-sciences
740,,الحديث وعلومه,The Hadith and Hadith Sciences,,The Hadith and Hadith Sciences,The Hadith and Hadith Sciences,The Hadith and Hadith Sciences,The Hadith and Hadith Sciences,,,The Hadith and Hadith Sciences,,The Hadith and Hadith Sciences,The Hadith and Hadith Sciences,,,,The Hadith and Hadith Sciences,,,,,,,,,,,,,,,,,,,,,the-hadith-and-hadith-sciences
741,,العقيدة,The Creed,,The Creed,The Creed,The Creed,The Creed,,,The Creed,,The Creed,The Creed,,,,The Creed,,,,,,,,,,,,,,,,,,,,,the-creed
742,,الفقه وأصوله,Jurisprudence and Juristic Principles,,Jurisprudence and Juristic Principles,Jurisprudence and Juristic Principles,Jurisprudence and Juristic Principles,Jurisprudence and Juristic Principles,,,Jurisprudence and Juristic Principles,,Jurisprudence and Juristic Principles,Jurisprudence and Juristic Principles,,,,Jurisprudence and Juristic Principles,,,,,,,,,,,,,,,,,,,,,jurisprudence-and-juristic-principles
743,,الفضائل والآداب,Virtues and Manners,,Virtues and Manners,Virtues and Manners,Virtues and Manners,Virtues and Manners,,,Virtues and Manners,,Virtues and Manners,Virtues and Manners,,,,Virtues and Manners,,,,,,,,,,,,,,,,,,,,,virtues-and-manners
744,,الدعوة والحسبة,Da‘wah and Hisbah,,Da‘wah and Hisbah,Da‘wah and Hisbah,Da‘wah and Hisbah,Da‘wah and Hisbah,,,Da‘wah and Hisbah,,Da‘wah and Hisbah,Da‘wah and Hisbah,,,,Da‘wah and Hisbah,,,,,,,,,,,,,,,,,,,,,da‘wah-and-hisbah
745,,السيرة والتاريخ,Seerah and History,,Seerah and History,Seerah and History,Seerah and History,Seerah and History,,,Seerah and History,,Seerah and History,Seerah and History,,,,Seerah and History,,,,,,,,,,,,,,,,,,,,,seerah-and-history
746,1,نزول القرآن وجمعه,Revelation and Collection of the Qur'an,,Revelation and Collection of the Qur'an,Revelation and Collection of the Qur'an,Revelation and Collection of the Qur'an,Revelation and Collection of the Qur'an,,,Revelation and Collection of the Qur'an,,Revelation and Collection of the Qur'an,Revelation and Collection of the Qur'an,,,,Revelation and Collection of the Qur'an,,,,,,,,,,,,,,,,,,,,,revelation-and-collection-of-the-quran
747,1,القراءات والتجويد,Modes of Qur'anic Recitation and Tajweed,,Modes of Qur'anic Recitation and Tajweed,Modes of Qur'anic Recitation and Tajweed,Modes of Qur'anic Recitation and Tajweed,Modes of Qur'anic Recitation and Tajweed,,,Modes of Qur'anic Recitation and Tajweed,,Modes of Qur'anic Recitation and Tajweed,Modes of Qur'anic Recitation and Tajweed,,,,Modes of Qur'anic Recitation and Tajweed,,,,,,,,,,,,,,,,,,,,,modes-of-quranic-recitation-and-tajweed
748,1,تفسير القرآن,Qur'anic Exegesis,,Qur'anic Exegesis,Qur'anic Exegesis,Qur'anic Exegesis,Qur'anic Exegesis,,,Qur'anic Exegesis,,Qur'anic Exegesis,Qur'anic Exegesis,,,,Qur'anic Exegesis,,,,,,,,,,,,,,,,,,,,,quranic-exegesis
749,1,مباحث قرآنية عامة,General Qur'anic Topics,,General Qur'anic Topics,General Qur'anic Topics,General Qur'anic Topics,General Qur'anic Topics,,,General Qur'anic Topics,,General Qur'anic Topics,General Qur'anic Topics,,,,General Qur'anic Topics,,,,,,,,,,,,,,,,,,,,,general-quranic-topics
750,1,فضائل القرآن,Excellence of the Qur'an,,Excellence of the Qur'an,Excellence of the Qur'an,Excellence of the Qur'an,Excellence of the Qur'an,,,Excellence of the Qur'an,,Excellence of the Qur'an,Excellence of the Qur'an,,,,Excellence of the Qur'an,,,,,,,,,,,,,,,,,,,,,excellence-of-the-quran
751,8,أسباب النزول,Occasions of Revelation,,Occasions of Revelation,Occasions of Revelation,Occasions of Revelation,Occasions of Revelation,,,Occasions of Revelation,,Occasions of Revelation,Occasions of Revelation,,,,Occasions of Revelation,,,,,,,,,,,,,,,,,,,,,occasions-of-revelation
752,8,الناسخ والمنسوخ,Abrogating and Abrogated Verses,,Abrogating and Abrogated Verses,Abrogating and Abrogated Verses,Abrogating and Abrogated Verses,Abrogating and Abrogated Verses,,,Abrogating and Abrogated Verses,,Abrogating and Abrogated Verses,Abrogating and Abrogated Verses,,,,Abrogating and Abrogated Verses,,,,,,,,,,,,,,,,,,,,,abrogating-and-abrogated-verses
753,8,جمع القرآن,Collecting the Qur'an,,Collecting the Qur'an,Collecting the Qur'an,Collecting the Qur'an,Collecting the Qur'an,,,Collecting the Qur'an,,Collecting the Qur'an,Collecting the Qur'an,,,,Collecting the Qur'an,,,,,,,,,,,,,,,,,,,,,collecting-the-quran
754,9,الأحرف السبعة,Seven Modes of the Qur'anic Revelation,,Seven Modes of the Qur'anic Revelation,Seven Modes of the Qur'anic Revelation,Seven Modes of the Qur'anic Revelation,Seven Modes of the Qur'anic Revelation,,,Seven Modes of the Qur'anic Revelation,,Seven Modes of the Qur'anic Revelation,Seven Modes of the Qur'anic Revelation,,,,Seven Modes of the Qur'anic Revelation,,,,,,,,,,,,,,,,,,,,,seven-modes-of-the-quranic-revelation
755,9,علم التجويد,Science of Tajweed,,Science of Tajweed,Science of Tajweed,Science of Tajweed,Science of Tajweed,,,Science of Tajweed,,Science of Tajweed,Science of Tajweed,,,,Science of Tajweed,,,,,,,,,,,,,,,,,,,,,science-of-tajweed
756,9,الوقف والابتداء,Stops and Starts,,Stops and Starts,Stops and Starts,Stops and Starts,Stops and Starts,,,Stops and Starts,,Stops and Starts,Stops and Starts,,,,Stops and Starts,,,,,,,,,,,,,,,,,,,,,stops-and-starts
757,10,أصول التفسير وقواعده,Rules and Principles of Exegesis,,Rules and Principles of Exegesis,Rules and Principles of Exegesis,Rules and Principles of Exegesis,Rules and Principles of Exegesis,,,Rules and Principles of Exegesis,,Rules and Principles of Exegesis,Rules and Principles of Exegesis,,,,Rules and Principles of Exegesis,,,,,,,,,,,,,,,,,,,,,rules-and-principles-of-exegesis
758,11,أحكام القرآن والمصاحف,Rulings of the Qur'an and Codices,,Rulings of the Qur'an and Codices,Rulings of the Qur'an and Codices,Rulings of the Qur'an and Codices,Rulings of the Qur'an and Codices,,,Rulings of the Qur'an and Codices,,Rulings of the Qur'an and Codices,Rulings of the Qur'an and Codices,,,,Rulings of the Qur'an and Codices,,,,,,,,,,,,,,,,,,,,,rulings-of-the-quran-and-codices
759,11,آداب قراءة القرآن وحملته,Manners of Reading and Memorizing the Qur'an,,Manners of Reading and Memorizing the Qur'an,Manners of Reading and Memorizing the Qur'an,Manners of Reading and Memorizing the Qur'an,Manners of Reading and Memorizing the Qur'an,,,Manners of Reading and Memorizing the Qur'an,,Manners of Reading and Memorizing the Qur'an,Manners of Reading and Memorizing the Qur'an,,,,Manners of Reading and Memorizing the Qur'an,,,,,,,,,,,,,,,,,,,,,manners-of-reading-and-memorizing-the-quran
760,11,رد الشبهات حول القرآن,Refuting Allegations against the Qur'an,,Refuting Allegations against the Qur'an,Refuting Allegations against the Qur'an,Refuting Allegations against the Qur'an,Refuting Allegations against the Qur'an,,,Refuting Allegations against the Qur'an,,Refuting Allegations against the Qur'an,Refuting Allegations against the Qur'an,,,,Refuting Allegations against the Qur'an,,,,,,,,,,,,,,,,,,,,,refuting-allegations-against-the-quran
761,11,الاستنباط من القرآن,Inference from the Qur'an,,Inference from the Qur'an,Inference from the Qur'an,Inference from the Qur'an,Inference from the Qur'an,,,Inference from the Qur'an,,Inference from the Qur'an,Inference from the Qur'an,,,,Inference from the Qur'an,,,,,,,,,,,,,,,,,,,,,inference-from-the-quran
762,12,فضل العناية بالقرآن,Merit of Taking Care of the Qur'an,,Merit of Taking Care of the Qur'an,Merit of Taking Care of the Qur'an,Merit of Taking Care of the Qur'an,Merit of Taking Care of the Qur'an,,,Merit of Taking Care of the Qur'an,,Merit of Taking Care of the Qur'an,Merit of Taking Care of the Qur'an,,,,Merit of Taking Care of the Qur'an,,,,,,,,,,,,,,,,,,,,,merit-of-taking-care-of-the-quran
763,12,فضائل السور والآيات,Virtues of Surahs and Verses,,Virtues of Surahs and Verses,Virtues of Surahs and Verses,Virtues of Surahs and Verses,Virtues of Surahs and Verses,,,Virtues of Surahs and Verses,,Virtues of Surahs and Verses,Virtues of Surahs and Verses,,,,Virtues of Surahs and Verses,,,,,,,,,,,,,,,,,,,,,virtues-of-surahs-and-verses
764,2,مباحث عامة في السنة,General Sunnah Topics,,General Sunnah Topics,General Sunnah Topics,General Sunnah Topics,General Sunnah Topics,,,General Sunnah Topics,,General Sunnah Topics,General Sunnah Topics,,,,General Sunnah Topics,,,,,,,,,,,,,,,,,,,,,general-sunnah-topics
765,44,أهمية السنة ومكانتها,Significance and Status of the Sunnah,,Significance and Status of the Sunnah,Significance and Status of the Sunnah,Significance and Status of the Sunnah,Significance and Status of the Sunnah,,,Significance and Status of the Sunnah,,Significance and Status of the Sunnah,Significance and Status of the Sunnah,,,,Significance and Status of the Sunnah,,,,,,,,,,,,,,,,,,,,,significance-and-status-of-the-sunnah
766,44,تدوين السنة النبوية,Writing the Sunnah,,Writing the Sunnah,Writing the Sunnah,Writing the Sunnah,Writing the Sunnah,,,Writing the Sunnah,,Writing the Sunnah,Writing the Sunnah,,,,Writing the Sunnah,,,,,,,,,,,,,,,,,,,,,writing-the-sunnah
767,3,الإيمان بالله عز وجل,Belief in Allah the Mighty and Majestic,,Belief in Allah the Mighty and Majestic,Belief in Allah the Mighty and Majestic,Belief in Allah the Mighty and Majestic,Belief in Allah the Mighty and Majestic,,,Belief in Allah the Mighty and Majestic,,Belief in Allah the Mighty and Majestic,Belief in Allah the Mighty and Majestic,,,,Belief in Allah the Mighty and Majestic,,,,,,,,,,,,,,,,,,,,,belief-in-allah-the-mighty-and-majestic
768,3,الإيمان بالملائكة,Belief in the Angels,,Belief in the Angels,Belief in the Angels,Belief in the Angels,Belief in the Angels,,,Belief in the Angels,,Belief in the Angels,Belief in the Angels,,,,Belief in the Angels,,,,,,,,,,,,,,,,,,,,,belief-in-the-angels
769,3,الإيمان بالكتب,Belief in the Revealed Books,,Belief in the Revealed Books,Belief in the Revealed Books,Belief in the Revealed Books,Belief in the Revealed Books,,,Belief in the Revealed Books,,Belief in the Revealed Books,Belief in the Revealed Books,,,,Belief in the Revealed Books,,,,,,,,,,,,,,,,,,,,,belief-in-the-revealed-books
770,3,الإيمان بالرسل,Belief in the Messengers,,Belief in the Messengers,Belief in the Messengers,Belief in the Messengers,Belief in the Messengers,,,Belief in the Messengers,,Belief in the Messengers,Belief in the Messengers,,,,Belief in the Messengers,,,,,,,,,,,,,,,,,,,,,belief-in-the-messengers
771,3,الإيمان باليوم الآخر,Belief in the Last Day,,Belief in the Last Day,Belief in the Last Day,Belief in the Last Day,Belief in the Last Day,,,Belief in the Last Day,,Belief in the Last Day,Belief in the Last Day,,,,Belief in the Last Day,,,,,,,,,,,,,,,,,,,,,belief-in-the-last-day
772,3,الإيمان بالقضاء والقدر,Belief in the Divine Decree and Fate,,Belief in the Divine Decree and Fate,Belief in the Divine Decree and Fate,Belief in the Divine Decree and Fate,Belief in the Divine Decree and Fate,,,Belief in the Divine Decree and Fate,,Belief in the Divine Decree and Fate,Belief in the Divine Decree and Fate,,,,Belief in the Divine Decree and Fate,,,,,,,,,,,,,,,,,,,,,belief-in-the-divine-decree-and-fate
773,3,الأسماء والأحكام,Names and Rulings,,Names and Rulings,Names and Rulings,Names and Rulings,Names and Rulings,,,Names and Rulings,,Names and Rulings,Names and Rulings,,,,Names and Rulings,,,,,,,,,,,,,,,,,,,,,names-and-rulings
774,3,الصحابة,The Companions,,The Companions,The Companions,The Companions,The Companions,,,The Companions,,The Companions,The Companions,,,,The Companions,,,,,,,,,,,,,,,,,,,,,the-companions
775,3,آل البيت,The Prophet's Family,,The Prophet's Family,The Prophet's Family,The Prophet's Family,The Prophet's Family,,,The Prophet's Family,,The Prophet's Family,The Prophet's Family,,,,The Prophet's Family,,,,,,,,,,,,,,,,,,,,,the-prophets-family
776,3,الولاء والبراء,Allegiance and Dissociation,,Allegiance and Dissociation,Allegiance and Dissociation,Allegiance and Dissociation,Allegiance and Dissociation,,,Allegiance and Dissociation,,Allegiance and Dissociation,Allegiance and Dissociation,,,,Allegiance and Dissociation,,,,,,,,,,,,,,,,,,,,,allegiance-and-dissociation
777,3,أهل السنة والجماعة,People of the Sunnah and the Community,,People of the Sunnah and the Community,People of the Sunnah and the Community,People of the Sunnah and the Community,People of the Sunnah and the Community,,,People of the Sunnah and the Community,,People of the Sunnah and the Community,People of the Sunnah and the Community,,,,People of the Sunnah and the Community,,,,,,,,,,,,,,,,,,,,,people-of-the-sunnah-and-the-community
778,3,الفرق والمذاهب,Sects and Schools,,Sects and Schools,Sects and Schools,Sects and Schools,Sects and Schools,,,Sects and Schools,,Sects and Schools,Sects and Schools,,,,Sects and Schools,,,,,,,,,,,,,,,,,,,,,sects-and-schools
779,59,توحيد الربوبية,Oneness of Allah's Lordship,,Oneness of Allah's Lordship,Oneness of Allah's Lordship,Oneness of Allah's Lordship,Oneness of Allah's Lordship,,,Oneness of Allah's Lordship,,Oneness of Allah's Lordship,Oneness of Allah's Lordship,,,,Oneness of Allah's Lordship,,,,,,,,,,,,,,,,,,,,,oneness-of-allahs-lordship
780,59,توحيد الألوهية,Oneness of Allah's Worship,,Oneness of Allah's Worship,Oneness of Allah's Worship,Oneness of Allah's Worship,Oneness of Allah's Worship,,,Oneness of Allah's Worship,,Oneness of Allah's Worship,Oneness of Allah's Worship,,,,Oneness of Allah's Worship,,,,,,,,,,,,,,,,,,,,,oneness-of-allahs-worship
781,59,توحيد الأسماء والصفات,Oneness of Allah's Names and Attributes,,Oneness of Allah's Names and Attributes,Oneness of Allah's Names and Attributes,Oneness of Allah's Names and Attributes,Oneness of Allah's Names and Attributes,,,Oneness of Allah's Names and Attributes,,Oneness of Allah's Names and Attributes,Oneness of Allah's Names and Attributes,,,,Oneness of Allah's Names and Attributes,,,,,,,,,,,,,,,,,,,,,oneness-of-allahs-names-and-attributes
782,60,الملائكة,The Angels,,The Angels,The Angels,The Angels,The Angels,,,The Angels,,The Angels,The Angels,,,,The Angels,,,,,,,,,,,,,,,,,,,,,the-angels
783,60,الجن,The Jinn,,The Jinn,The Jinn,The Jinn,The Jinn,,,The Jinn,,The Jinn,The Jinn,,,,The Jinn,,,,,,,,,,,,,,,,,,,,,the-jinn
784,61,الكتب السابقة,Pre-Islamic Scriptures,,Pre-Islamic Scriptures,Pre-Islamic Scriptures,Pre-Islamic Scriptures,Pre-Islamic Scriptures,,,Pre-Islamic Scriptures,,Pre-Islamic Scriptures,Pre-Islamic Scriptures,,,,Pre-Islamic Scriptures,,,,,,,,,,,,,,,,,,,,,pre-islamic-scriptures
785,61,القرآن,The Qur'an,,The Qur'an,The Qur'an,The Qur'an,The Qur'an,,,The Qur'an,,The Qur'an,The Qur'an,,,,The Qur'an,,,,,,,,,,,,,,,,,,,,,the-quran
786,62,النبوة,Prophethood,,Prophethood,Prophethood,Prophethood,Prophethood,,,Prophethood,,Prophethood,Prophethood,,,,Prophethood,,,,,,,,,,,,,,,,,,,,,prophethood
787,62,الأنبياء والرسل السابقين عليهم السلام,Pre-Islamic Prophets and Messengers; peace be upon them,,Pre-Islamic Prophets and Messengers; peace be upon them,Pre-Islamic Prophets and Messengers; peace be upon them,Pre-Islamic Prophets and Messengers; peace be upon them,Pre-Islamic Prophets and Messengers; peace be upon them,,,Pre-Islamic Prophets and Messengers; peace be upon them,,Pre-Islamic Prophets and Messengers; peace be upon them,Pre-Islamic Prophets and Messengers; peace be upon them,,,,Pre-Islamic Prophets and Messengers; peace be upon them,,,,,,,,,,,,,,,,,,,,,pre-islamic-prophets-and-messengers;-peace-be-upon-them
788,62,نبينا محمد صلى الله عليه وسلم,Our Prophet Muhammad; may Allah's peace and blessings be upon him,,Our Prophet Muhammad; may Allah's peace and blessings be upon him,Our Prophet Muhammad; may Allah's peace and blessings be upon him,Our Prophet Muhammad; may Allah's peace and blessings be upon him,Our Prophet Muhammad; may Allah's peace and blessings be upon him,,,Our Prophet Muhammad; may Allah's peace and blessings be upon him,,Our Prophet Muhammad; may Allah's peace and blessings be upon him,Our Prophet Muhammad; may Allah's peace and blessings be upon him,,,,Our Prophet Muhammad; may Allah's peace and blessings be upon him,,,,,,,,,,,,,,,,,,,,,our-prophet-muhammad;-may-allahs-peace-and-blessings-be-upon-him
789,62,كرامات الأولياء,Miracles of the Pious Allies of Allah,,Miracles of the Pious Allies of Allah,Miracles of the Pious Allies of Allah,Miracles of the Pious Allies of Allah,Miracles of the Pious Allies of Allah,,,Miracles of the Pious Allies of Allah,,Miracles of the Pious Allies of Allah,Miracles of the Pious Allies of Allah,,,,Miracles of the Pious Allies of Allah,,,,,,,,,,,,,,,,,,,,,miracles-of-the-pious-allies-of-allah
790,63,الحياة البرزخية,The Barzakh Life (After death Period),,The Barzakh Life (After death Period),The Barzakh Life (After death Period),The Barzakh Life (After death Period),The Barzakh Life (After death Period),,,The Barzakh Life (After death Period),,The Barzakh Life (After death Period),The Barzakh Life (After death Period),,,,The Barzakh Life (After death Period),,,,,,,,,,,,,,,,,,,,,the-barzakh-life-after-death-period
791,63,أشراط الساعة,Portents of the Hour,,Portents of the Hour,Portents of the Hour,Portents of the Hour,Portents of the Hour,,,Portents of the Hour,,Portents of the Hour,Portents of the Hour,,,,Portents of the Hour,,,,,,,,,,,,,,,,,,,,,portents-of-the-hour
792,63,الحياة الآخرة,The Hereafter Life,,The Hereafter Life,The Hereafter Life,The Hereafter Life,The Hereafter Life,,,The Hereafter Life,,The Hereafter Life,The Hereafter Life,,,,The Hereafter Life,,,,,,,,,,,,,,,,,,,,,the-hereafter-life
793,64,مراتب القضاء والقدر,Levels of Divine Decree and Fate,,Levels of Divine Decree and Fate,Levels of Divine Decree and Fate,Levels of Divine Decree and Fate,Levels of Divine Decree and Fate,,,Levels of Divine Decree and Fate,,Levels of Divine Decree and Fate,Levels of Divine Decree and Fate,,,,Levels of Divine Decree and Fate,,,,,,,,,,,,,,,,,,,,,levels-of-divine-decree-and-fate
794,64,مسائل القضاء والقدر,Issues of Divine Decree and Fate,,Issues of Divine Decree and Fate,Issues of Divine Decree and Fate,Issues of Divine Decree and Fate,Issues of Divine Decree and Fate,,,Issues of Divine Decree and Fate,,Issues of Divine Decree and Fate,Issues of Divine Decree and Fate,,,,Issues of Divine Decree and Fate,,,,,,,,,,,,,,,,,,,,,issues-of-divine-decree-and-fate
795,65,الإسلام,Islam,,Islam,Islam,Islam,Islam,,,Islam,,Islam,Islam,,,,Islam,,,,,,,,,,,,,,,,,,,,,islam
796,65,نواقض الإسلام,Nullifiers of Islam,,Nullifiers of Islam,Nullifiers of Islam,Nullifiers of Islam,Nullifiers of Islam,,,Nullifiers of Islam,,Nullifiers of Islam,Nullifiers of Islam,,,,Nullifiers of Islam,,,,,,,,,,,,,,,,,,,,,nullifiers-of-islam
797,65,مسائل الجاهلية,Issues of Pre-Islamic Era,,Issues of Pre-Islamic Era,Issues of Pre-Islamic Era,Issues of Pre-Islamic Era,Issues of Pre-Islamic Era,,,Issues of Pre-Islamic Era,,Issues of Pre-Islamic Era,Issues of Pre-Islamic Era,,,,Issues of Pre-Islamic Era,,,,,,,,,,,,,,,,,,,,,issues-of-pre-islamic-era
798,65,زيادة الإيمان ونقصانه,Increase and Decrease of Faith,,Increase and Decrease of Faith,Increase and Decrease of Faith,Increase and Decrease of Faith,Increase and Decrease of Faith,,,Increase and Decrease of Faith,,Increase and Decrease of Faith,Increase and Decrease of Faith,,,,Increase and Decrease of Faith,,,,,,,,,,,,,,,,,,,,,increase-and-decrease-of-faith
799,65,شعب الإيمان,Branches of Faith,,Branches of Faith,Branches of Faith,Branches of Faith,Branches of Faith,,,Branches of Faith,,Branches of Faith,Branches of Faith,,,,Branches of Faith,,,,,,,,,,,,,,,,,,,,,branches-of-faith
800,65,الكفر,Disbelief,,Disbelief,Disbelief,Disbelief,Disbelief,,,Disbelief,,Disbelief,Disbelief,,,,Disbelief,,,,,,,,,,,,,,,,,,,,,disbelief
801,65,الشرك,Polytheism,,Polytheism,Polytheism,Polytheism,Polytheism,,,Polytheism,,Polytheism,Polytheism,,,,Polytheism,,,,,,,,,,,,,,,,,,,,,polytheism
802,65,النفاق,Hypocrisy,,Hypocrisy,Hypocrisy,Hypocrisy,Hypocrisy,,,Hypocrisy,,Hypocrisy,Hypocrisy,,,,Hypocrisy,,,,,,,,,,,,,,,,,,,,,hypocrisy
803,65,الفسق,Immorality,,Immorality,Immorality,Immorality,Immorality,,,Immorality,,Immorality,Immorality,,,,Immorality,,,,,,,,,,,,,,,,,,,,,immorality
804,65,البدعة,Religious Innovation,,Religious Innovation,Religious Innovation,Religious Innovation,Religious Innovation,,,Religious Innovation,,Religious Innovation,Religious Innovation,,,,Religious Innovation,,,,,,,,,,,,,,,,,,,,,religious-innovation
805,66,فضل الصحابة رضي الله عنهم,Merit of the Companions,,Merit of the Companions,Merit of the Companions,Merit of the Companions,Merit of the Companions,,,Merit of the Companions,,Merit of the Companions,Merit of the Companions,,,,Merit of the Companions,,,,,,,,,,,,,,,,,,,,,merit-of-the-companions
806,66,الاعتقاد في الصحابة رضي الله عنهم,Belief in the the Companions,,Belief in the the Companions,Belief in the the Companions,Belief in the the Companions,Belief in the the Companions,,,Belief in the the Companions,,Belief in the the Companions,Belief in the the Companions,,,,Belief in the the Companions,,,,,,,,,,,,,,,,,,,,,belief-in-the-the-companions
807,66,درجات الصحابة رضي الله عنهم,Degrees of the Companions,,Degrees of the Companions,Degrees of the Companions,Degrees of the Companions,Degrees of the Companions,,,Degrees of the Companions,,Degrees of the Companions,Degrees of the Companions,,,,Degrees of the Companions,,,,,,,,,,,,,,,,,,,,,degrees-of-the-companions
808,67,فضل آل البيت,Merit of the Prophet's Family,,Merit of the Prophet's Family,Merit of the Prophet's Family,Merit of the Prophet's Family,Merit of the Prophet's Family,,,Merit of the Prophet's Family,,Merit of the Prophet's Family,Merit of the Prophet's Family,,,,Merit of the Prophet's Family,,,,,,,,,,,,,,,,,,,,,merit-of-the-prophets-family
809,67,فضل أمهات المؤمنين,Merit of the Mothers of the Believers,,Merit of the Mothers of the Believers,Merit of the Mothers of the Believers,Merit of the Mothers of the Believers,Merit of the Mothers of the Believers,,,Merit of the Mothers of the Believers,,Merit of the Mothers of the Believers,Merit of the Mothers of the Believers,,,,Merit of the Mothers of the Believers,,,,,,,,,,,,,,,,,,,,,merit-of-the-mothers-of-the-believers
810,67,الاعتقاد في آل البيت,Belief in the Prophet's Family,,Belief in the Prophet's Family,Belief in the Prophet's Family,Belief in the Prophet's Family,Belief in the Prophet's Family,,,Belief in the Prophet's Family,,Belief in the Prophet's Family,Belief in the Prophet's Family,,,,Belief in the Prophet's Family,,,,,,,,,,,,,,,,,,,,,belief-in-the-prophets-family
811,67,حقوق آل البيت,Rights of the Prophet's Family,,Rights of the Prophet's Family,Rights of the Prophet's Family,Rights of the Prophet's Family,Rights of the Prophet's Family,,,Rights of the Prophet's Family,,Rights of the Prophet's Family,Rights of the Prophet's Family,,,,Rights of the Prophet's Family,,,,,,,,,,,,,,,,,,,,,rights-of-the-prophets-family
812,68,أحكام الولاء والبراء,Rulings of Allegiance and Dissociation,,Rulings of Allegiance and Dissociation,Rulings of Allegiance and Dissociation,Rulings of Allegiance and Dissociation,Rulings of Allegiance and Dissociation,,,Rulings of Allegiance and Dissociation,,Rulings of Allegiance and Dissociation,Rulings of Allegiance and Dissociation,,,,Rulings of Allegiance and Dissociation,,,,,,,,,,,,,,,,,,,,,rulings-of-allegiance-and-dissociation
813,68,التشبه المنهي عنه,Forbidden Emulation,,Forbidden Emulation,Forbidden Emulation,Forbidden Emulation,Forbidden Emulation,,,Forbidden Emulation,,Forbidden Emulation,Forbidden Emulation,,,,Forbidden Emulation,,,,,,,,,,,,,,,,,,,,,forbidden-emulation
814,68,الهجرة وأحكامها,Emigration and its Rulings,,Emigration and its Rulings,Emigration and its Rulings,Emigration and its Rulings,Emigration and its Rulings,,,Emigration and its Rulings,,Emigration and its Rulings,Emigration and its Rulings,,,,Emigration and its Rulings,,,,,,,,,,,,,,,,,,,,,emigration-and-its-rulings
815,68,الهجر وشروطه,Desertion and its Conditions,,Desertion and its Conditions,Desertion and its Conditions,Desertion and its Conditions,Desertion and its Conditions,,,Desertion and its Conditions,,Desertion and its Conditions,Desertion and its Conditions,,,,Desertion and its Conditions,,,,,,,,,,,,,,,,,,,,,desertion-and-its-conditions
816,69,خصائص أهل السنة والجماعة,Characteristics of the People of the Sunnah and the Community,,Characteristics of the People of the Sunnah and the Community,Characteristics of the People of the Sunnah and the Community,Characteristics of the People of the Sunnah and the Community,Characteristics of the People of the Sunnah and the Community,,,Characteristics of the People of the Sunnah and the Community,,Characteristics of the People of the Sunnah and the Community,Characteristics of the People of the Sunnah and the Community,,,,Characteristics of the People of the Sunnah and the Community,,,,,,,,,,,,,,,,,,,,,characteristics-of-the-people-of-the-sunnah-and-the-community
817,71,الفرق والمذاهب القديمة النشأة,Old Sects and Schools,,Old Sects and Schools,Old Sects and Schools,Old Sects and Schools,Old Sects and Schools,,,Old Sects and Schools,,Old Sects and Schools,Old Sects and Schools,,,,Old Sects and Schools,,,,,,,,,,,,,,,,,,,,,old-sects-and-schools
818,4,فقه العبادات,Jurisprudence of Acts of Worship,,Jurisprudence of Acts of Worship,Jurisprudence of Acts of Worship,Jurisprudence of Acts of Worship,Jurisprudence of Acts of Worship,,,Jurisprudence of Acts of Worship,,Jurisprudence of Acts of Worship,Jurisprudence of Acts of Worship,,,,Jurisprudence of Acts of Worship,,,,,,,,,,,,,,,,,,,,,jurisprudence-of-acts-of-worship
819,4,فقه المعاملات,Jurisprudence of Transactions,,Jurisprudence of Transactions,Jurisprudence of Transactions,Jurisprudence of Transactions,Jurisprudence of Transactions,,,Jurisprudence of Transactions,,Jurisprudence of Transactions,Jurisprudence of Transactions,,,,Jurisprudence of Transactions,,,,,,,,,,,,,,,,,,,,,jurisprudence-of-transactions
820,4,الفرائض,Religious Obligations,,Religious Obligations,Religious Obligations,Religious Obligations,Religious Obligations,,,Religious Obligations,,Religious Obligations,Religious Obligations,,,,Religious Obligations,,,,,,,,,,,,,,,,,,,,,religious-obligations
821,4,فقه الأسرة,Family Jurisprudence,,Family Jurisprudence,Family Jurisprudence,Family Jurisprudence,Family Jurisprudence,,,Family Jurisprudence,,Family Jurisprudence,Family Jurisprudence,,,,Family Jurisprudence,,,,,,,,,,,,,,,,,,,,,family-jurisprudence
822,4,الطب والتداوي والرقية الشرعية,Spiritual and Physical Therapy,,Spiritual and Physical Therapy,Spiritual and Physical Therapy,Spiritual and Physical Therapy,Spiritual and Physical Therapy,,,Spiritual and Physical Therapy,,Spiritual and Physical Therapy,Spiritual and Physical Therapy,,,,Spiritual and Physical Therapy,,,,,,,,,,,,,,,,,,,,,spiritual-and-physical-therapy
823,4,الأطعمة والأشربة,Foods and Drinks,,Foods and Drinks,Foods and Drinks,Foods and Drinks,Foods and Drinks,,,Foods and Drinks,,Foods and Drinks,Foods and Drinks,,,,Foods and Drinks,,,,,,,,,,,,,,,,,,,,,foods-and-drinks
824,4,الجنايات,Crimes,,Crimes,Crimes,Crimes,Crimes,,,Crimes,,Crimes,Crimes,,,,Crimes,,,,,,,,,,,,,,,,,,,,,crimes
825,4,الحدود,Prescribed Punishments,,Prescribed Punishments,Prescribed Punishments,Prescribed Punishments,Prescribed Punishments,,,Prescribed Punishments,,Prescribed Punishments,Prescribed Punishments,,,,Prescribed Punishments,,,,,,,,,,,,,,,,,,,,,prescribed-punishments
826,4,القضاء,Judiciary,,Judiciary,Judiciary,Judiciary,Judiciary,,,Judiciary,,Judiciary,Judiciary,,,,Judiciary,,,,,,,,,,,,,,,,,,,,,judiciary
827,4,أصول الفقه,Principles of Islamic Jurisprudence,,Principles of Islamic Jurisprudence,Principles of Islamic Jurisprudence,Principles of Islamic Jurisprudence,Principles of Islamic Jurisprudence,,,Principles of Islamic Jurisprudence,,Principles of Islamic Jurisprudence,Principles of Islamic Jurisprudence,,,,Principles of Islamic Jurisprudence,,,,,,,,,,,,,,,,,,,,,principles-of-islamic-jurisprudence
828,121,الطهارة,Purification,,Purification,Purification,Purification,Purification,,,Purification,,Purification,Purification,,,,Purification,,,,,,,,,,,,,,,,,,,,,purification
829,121,الصلاة,Prayer,,Prayer,Prayer,Prayer,Prayer,,,Prayer,,Prayer,Prayer,,,,Prayer,,,,,,,,,,,,,,,,,,,,,prayer
830,121,الجنائز,Funerals,,Funerals,Funerals,Funerals,Funerals,,,Funerals,,Funerals,Funerals,,,,Funerals,,,,,,,,,,,,,,,,,,,,,funerals
831,121,الزكاة,Zakah,,Zakah,Zakah,Zakah,Zakah,,,Zakah,,Zakah,Zakah,,,,Zakah,,,,,,,,,,,,,,,,,,,,,zakah
832,121,الصيام,Fasting,,Fasting,Fasting,Fasting,Fasting,,,Fasting,,Fasting,Fasting,,,,Fasting,,,,,,,,,,,,,,,,,,,,,fasting
833,121,الحج والعمرة,Hajj and ‘Umrah,,Hajj and ‘Umrah,Hajj and ‘Umrah,Hajj and ‘Umrah,Hajj and ‘Umrah,,,Hajj and ‘Umrah,,Hajj and ‘Umrah,Hajj and ‘Umrah,,,,Hajj and ‘Umrah,,,,,,,,,,,,,,,,,,,,,hajj-and-‘umrah
834,121,الجهاد,Jihad,,Jihad,Jihad,Jihad,Jihad,,,Jihad,,Jihad,Jihad,,,,Jihad,,,,,,,,,,,,,,,,,,,,,jihad
835,122,البيوع,Sales,,Sales,Sales,Sales,Sales,,,Sales,,Sales,Sales,,,,Sales,,,,,,,,,,,,,,,,,,,,,sales
836,140,شروط البيع,Conditions of Sale,,Conditions of Sale,Conditions of Sale,Conditions of Sale,Conditions of Sale,,,Conditions of Sale,,Conditions of Sale,Conditions of Sale,,,,Conditions of Sale,,,,,,,,,,,,,,,,,,,,,conditions-of-sale
837,140,الشروط في البيع,Sale-Related Stipulations,,Sale-Related Stipulations,Sale-Related Stipulations,Sale-Related Stipulations,Sale-Related Stipulations,,,Sale-Related Stipulations,,Sale-Related Stipulations,Sale-Related Stipulations,,,,Sale-Related Stipulations,,,,,,,,,,,,,,,,,,,,,sale-related-stipulations
838,140,بيع الأصول والثمار,Selling Assets and Fruits,,Selling Assets and Fruits,Selling Assets and Fruits,Selling Assets and Fruits,Selling Assets and Fruits,,,Selling Assets and Fruits,,Selling Assets and Fruits,Selling Assets and Fruits,,,,Selling Assets and Fruits,,,,,,,,,,,,,,,,,,,,,selling-assets-and-fruits
839,122,السلم,Advance Payment,,Advance Payment,Advance Payment,Advance Payment,Advance Payment,,,Advance Payment,,Advance Payment,Advance Payment,,,,Advance Payment,,,,,,,,,,,,,,,,,,,,,advance-payment
840,122,الربا,Usury,,Usury,Usury,Usury,Usury,,,Usury,,Usury,Usury,,,,Usury,,,,,,,,,,,,,,,,,,,,,usury
841,122,القرض,Loan,,Loan,Loan,Loan,Loan,,,Loan,,Loan,Loan,,,,Loan,,,,,,,,,,,,,,,,,,,,,loan
842,122,الرهن,Mortgage,,Mortgage,Mortgage,Mortgage,Mortgage,,,Mortgage,,Mortgage,Mortgage,,,,Mortgage,,,,,,,,,,,,,,,,,,,,,mortgage
843,122,الضمان والكفالة,Collateral and Surety,,Collateral and Surety,Collateral and Surety,Collateral and Surety,Collateral and Surety,,,Collateral and Surety,,Collateral and Surety,Collateral and Surety,,,,Collateral and Surety,,,,,,,,,,,,,,,,,,,,,collateral-and-surety
844,122,الصلح وأحكام الجوار,Conciliation and Neighborhood Rulings,,Conciliation and Neighborhood Rulings,Conciliation and Neighborhood Rulings,Conciliation and Neighborhood Rulings,Conciliation and Neighborhood Rulings,,,Conciliation and Neighborhood Rulings,,Conciliation and Neighborhood Rulings,Conciliation and Neighborhood Rulings,,,,Conciliation and Neighborhood Rulings,,,,,,,,,,,,,,,,,,,,,conciliation-and-neighborhood-rulings
845,122,الحَجْر,Interdiction,,Interdiction,Interdiction,Interdiction,Interdiction,,,Interdiction,,Interdiction,Interdiction,,,,Interdiction,,,,,,,,,,,,,,,,,,,,,interdiction
846,122,الشركة,Partnership,,Partnership,Partnership,Partnership,Partnership,,,Partnership,,Partnership,Partnership,,,,Partnership,,,,,,,,,,,,,,,,,,,,,partnership
847,122,المساقاة والمزارعة,Sharecropping,,Sharecropping,Sharecropping,Sharecropping,Sharecropping,,,Sharecropping,,Sharecropping,Sharecropping,,,,Sharecropping,,,,,,,,,,,,,,,,,,,,,sharecropping
848,122,السبق والقمار والميسر,Racing and Gambling,,Racing and Gambling,Racing and Gambling,Racing and Gambling,Racing and Gambling,,,Racing and Gambling,,Racing and Gambling,Racing and Gambling,,,,Racing and Gambling,,,,,,,,,,,,,,,,,,,,,racing-and-gambling
849,122,الغصب,Usurpation,,Usurpation,Usurpation,Usurpation,Usurpation,,,Usurpation,,Usurpation,Usurpation,,,,Usurpation,,,,,,,,,,,,,,,,,,,,,usurpation
850,122,الشفعة,Preemption,,Preemption,Preemption,Preemption,Preemption,,,Preemption,,Preemption,Preemption,,,,Preemption,,,,,,,,,,,,,,,,,,,,,preemption
851,122,اللقطة واللقيط,Found Item and Foundling,,Found Item and Foundling,Found Item and Foundling,Found Item and Foundling,Found Item and Foundling,,,Found Item and Foundling,,Found Item and Foundling,Found Item and Foundling,,,,Found Item and Foundling,,,,,,,,,,,,,,,,,,,,,found-item-and-foundling
852,122,الوقف,Endowment,,Endowment,Endowment,Endowment,Endowment,,,Endowment,,Endowment,Endowment,,,,Endowment,,,,,,,,,,,,,,,,,,,,,endowment
853,122,الهبة والعطية,Gift,,Gift,Gift,Gift,Gift,,,Gift,,Gift,Gift,,,,Gift,,,,,,,,,,,,,,,,,,,,,gift
854,122,الوصية,Bequest,,Bequest,Bequest,Bequest,Bequest,,,Bequest,,Bequest,Bequest,,,,Bequest,,,,,,,,,,,,,,,,,,,,,bequest
855,122,العتق,Manumission,,Manumission,Manumission,Manumission,Manumission,,,Manumission,,Manumission,Manumission,,,,Manumission,,,,,,,,,,,,,,,,,,,,,manumission
856,122,الأيمان والنذور,Oaths and Vows,,Oaths and Vows,Oaths and Vows,Oaths and Vows,Oaths and Vows,,,Oaths and Vows,,Oaths and Vows,Oaths and Vows,,,,Oaths and Vows,,,,,,,,,,,,,,,,,,,,,oaths-and-vows
857,123,شروط الإرث,Conditions of Inheritance,,Conditions of Inheritance,Conditions of Inheritance,Conditions of Inheritance,Conditions of Inheritance,,,Conditions of Inheritance,,Conditions of Inheritance,Conditions of Inheritance,,,,Conditions of Inheritance,,,,,,,,,,,,,,,,,,,,,conditions-of-inheritance
858,123,موانع الإرث,Impediments of Inheritance,,Impediments of Inheritance,Impediments of Inheritance,Impediments of Inheritance,Impediments of Inheritance,,,Impediments of Inheritance,,Impediments of Inheritance,Impediments of Inheritance,,,,Impediments of Inheritance,,,,,,,,,,,,,,,,,,,,,impediments-of-inheritance
859,123,العـصبة,Agnates,,Agnates,Agnates,Agnates,Agnates,,,Agnates,,Agnates,Agnates,,,,Agnates,,,,,,,,,,,,,,,,,,,,,agnates
860,123,ميراث ذوي الأرحام,Inheritance Shares of Blood Relatives,,Inheritance Shares of Blood Relatives,Inheritance Shares of Blood Relatives,Inheritance Shares of Blood Relatives,Inheritance Shares of Blood Relatives,,,Inheritance Shares of Blood Relatives,,Inheritance Shares of Blood Relatives,Inheritance Shares of Blood Relatives,,,,Inheritance Shares of Blood Relatives,,,,,,,,,,,,,,,,,,,,,inheritance-shares-of-blood-relatives
861,123,ميراث الحمل,Inheritance Shares of Embryos,,Inheritance Shares of Embryos,Inheritance Shares of Embryos,Inheritance Shares of Embryos,Inheritance Shares of Embryos,,,Inheritance Shares of Embryos,,Inheritance Shares of Embryos,Inheritance Shares of Embryos,,,,Inheritance Shares of Embryos,,,,,,,,,,,,,,,,,,,,,inheritance-shares-of-embryos
862,124,النكاح,Marriage,,Marriage,Marriage,Marriage,Marriage,,,Marriage,,Marriage,Marriage,,,,Marriage,,,,,,,,,,,,,,,,,,,,,marriage
863,124,الطلاق,Divorce,,Divorce,Divorce,Divorce,Divorce,,,Divorce,,Divorce,Divorce,,,,Divorce,,,,,,,,,,,,,,,,,,,,,divorce
864,124,الرجعة,Remarriage with One's Divorcee,,Remarriage with One's Divorcee,Remarriage with One's Divorcee,Remarriage with One's Divorcee,Remarriage with One's Divorcee,,,Remarriage with One's Divorcee,,Remarriage with One's Divorcee,Remarriage with One's Divorcee,,,,Remarriage with One's Divorcee,,,,,,,,,,,,,,,,,,,,,remarriage-with-ones-divorcee
865,124,الخلع,Wife-Initiated Divorce,,Wife-Initiated Divorce,Wife-Initiated Divorce,Wife-Initiated Divorce,Wife-Initiated Divorce,,,Wife-Initiated Divorce,,Wife-Initiated Divorce,Wife-Initiated Divorce,,,,Wife-Initiated Divorce,,,,,,,,,,,,,,,,,,,,,wife-initiated-divorce
866,124,الإيلاء,Oath to Abstain from Intercourse with One's Wife,,Oath to Abstain from Intercourse with One's Wife,Oath to Abstain from Intercourse with One's Wife,Oath to Abstain from Intercourse with One's Wife,Oath to Abstain from Intercourse with One's Wife,,,Oath to Abstain from Intercourse with One's Wife,,Oath to Abstain from Intercourse with One's Wife,Oath to Abstain from Intercourse with One's Wife,,,,Oath to Abstain from Intercourse with One's Wife,,,,,,,,,,,,,,,,,,,,,oath-to-abstain-from-intercourse-with-ones-wife
867,124,الظهار,Zihaar (Likening one's wife to an unmarrriagble woman),,Zihaar (Likening one's wife to an unmarrriagble woman),Zihaar (Likening one's wife to an unmarrriagble woman),Zihaar (Likening one's wife to an unmarrriagble woman),Zihaar (Likening one's wife to an unmarrriagble woman),,,Zihaar (Likening one's wife to an unmarrriagble woman),,Zihaar (Likening one's wife to an unmarrriagble woman),Zihaar (Likening one's wife to an unmarrriagble woman),,,,Zihaar (Likening one's wife to an unmarrriagble woman),,,,,,,,,,,,,,,,,,,,,zihaar-likening-ones-wife-to-an-unmarrriagble-woman
868,124,اللعان,Oath of Condemnation,,Oath of Condemnation,Oath of Condemnation,Oath of Condemnation,Oath of Condemnation,,,Oath of Condemnation,,Oath of Condemnation,Oath of Condemnation,,,,Oath of Condemnation,,,,,,,,,,,,,,,,,,,,,oath-of-condemnation
869,124,العدة,Waiting Period,,Waiting Period,Waiting Period,Waiting Period,Waiting Period,,,Waiting Period,,Waiting Period,Waiting Period,,,,Waiting Period,,,,,,,,,,,,,,,,,,,,,waiting-period
870,124,الرضاع,Breastfeeding,,Breastfeeding,Breastfeeding,Breastfeeding,Breastfeeding,,,Breastfeeding,,Breastfeeding,Breastfeeding,,,,Breastfeeding,,,,,,,,,,,,,,,,,,,,,breastfeeding
871,124,الحضانة,Custody,,Custody,Custody,Custody,Custody,,,Custody,,Custody,Custody,,,,Custody,,,,,,,,,,,,,,,,,,,,,custody
872,124,النفقات,Expenses,,Expenses,Expenses,Expenses,Expenses,,,Expenses,,Expenses,Expenses,,,,Expenses,,,,,,,,,,,,,,,,,,,,,expenses
873,124,اللباس والزينة,Clothing and Adornment,,Clothing and Adornment,Clothing and Adornment,Clothing and Adornment,Clothing and Adornment,,,Clothing and Adornment,,Clothing and Adornment,Clothing and Adornment,,,,Clothing and Adornment,,,,,,,,,,,,,,,,,,,,,clothing-and-adornment
874,124,المجتمع المسلم,Muslim Society,,Muslim Society,Muslim Society,Muslim Society,Muslim Society,,,Muslim Society,,Muslim Society,Muslim Society,,,,Muslim Society,,,,,,,,,,,,,,,,,,,,,muslim-society
875,124,أحكام النساء,Rulings of Women,,Rulings of Women,Rulings of Women,Rulings of Women,Rulings of Women,,,Rulings of Women,,Rulings of Women,Rulings of Women,,,,Rulings of Women,,,,,,,,,,,,,,,,,,,,,rulings-of-women
876,124,أحكام المولود,Rulings of Newborns,,Rulings of Newborns,Rulings of Newborns,Rulings of Newborns,Rulings of Newborns,,,Rulings of Newborns,,Rulings of Newborns,Rulings of Newborns,,,,Rulings of Newborns,,,,,,,,,,,,,,,,,,,,,rulings-of-newborns
877,125,الطب النبوي,Prophetic Medicine,,Prophetic Medicine,Prophetic Medicine,Prophetic Medicine,Prophetic Medicine,,,Prophetic Medicine,,Prophetic Medicine,Prophetic Medicine,,,,Prophetic Medicine,,,,,,,,,,,,,,,,,,,,,prophetic-medicine
878,125,أحكام التداوي,Rulings of Medication,,Rulings of Medication,Rulings of Medication,Rulings of Medication,Rulings of Medication,,,Rulings of Medication,,Rulings of Medication,Rulings of Medication,,,,Rulings of Medication,,,,,,,,,,,,,,,,,,,,,rulings-of-medication
879,125,الرقية الشرعية,Ruqyah (Healing and Protective Supplications),,Ruqyah (Healing and Protective Supplications),Ruqyah (Healing and Protective Supplications),Ruqyah (Healing and Protective Supplications),Ruqyah (Healing and Protective Supplications),,,Ruqyah (Healing and Protective Supplications),,Ruqyah (Healing and Protective Supplications),Ruqyah (Healing and Protective Supplications),,,,Ruqyah (Healing and Protective Supplications),,,,,,,,,,,,,,,,,,,,,ruqyah-healing-and-protective-supplications
880,126,أحكام الأطعمة والأشربة,Rulings of Foods and Drinks,,Rulings of Foods and Drinks,Rulings of Foods and Drinks,Rulings of Foods and Drinks,Rulings of Foods and Drinks,,,Rulings of Foods and Drinks,,Rulings of Foods and Drinks,Rulings of Foods and Drinks,,,,Rulings of Foods and Drinks,,,,,,,,,,,,,,,,,,,,,rulings-of-foods-and-drinks
881,126,ما يحل ويحرم من الحيوانات والطيور,Lawful and Unlawful Animals and Birds,,Lawful and Unlawful Animals and Birds,Lawful and Unlawful Animals and Birds,Lawful and Unlawful Animals and Birds,Lawful and Unlawful Animals and Birds,,,Lawful and Unlawful Animals and Birds,,Lawful and Unlawful Animals and Birds,Lawful and Unlawful Animals and Birds,,,,Lawful and Unlawful Animals and Birds,,,,,,,,,,,,,,,,,,,,,lawful-and-unlawful-animals-and-birds
882,126,التذكية,Slaughtering,,Slaughtering,Slaughtering,Slaughtering,Slaughtering,,,Slaughtering,,Slaughtering,Slaughtering,,,,Slaughtering,,,,,,,,,,,,,,,,,,,,,slaughtering
883,126,الصيد,Hunting,,Hunting,Hunting,Hunting,Hunting,,,Hunting,,Hunting,Hunting,,,,Hunting,,,,,,,,,,,,,,,,,,,,,hunting
884,126,الأشربة المحرمة,Forbidden Drinks,,Forbidden Drinks,Forbidden Drinks,Forbidden Drinks,Forbidden Drinks,,,Forbidden Drinks,,Forbidden Drinks,Forbidden Drinks,,,,Forbidden Drinks,,,,,,,,,,,,,,,,,,,,,forbidden-drinks
885,127,القصاص,Retribution,,Retribution,Retribution,Retribution,Retribution,,,Retribution,,Retribution,Retribution,,,,Retribution,,,,,,,,,,,,,,,,,,,,,retribution
886,127,الديات,Blood Money,,Blood Money,Blood Money,Blood Money,Blood Money,,,Blood Money,,Blood Money,Blood Money,,,,Blood Money,,,,,,,,,,,,,,,,,,,,,blood-money
887,128,أحكام الحدود,Rulings of Prescribed Punishments,,Rulings of Prescribed Punishments,Rulings of Prescribed Punishments,Rulings of Prescribed Punishments,Rulings of Prescribed Punishments,,,Rulings of Prescribed Punishments,,Rulings of Prescribed Punishments,Rulings of Prescribed Punishments,,,,Rulings of Prescribed Punishments,,,,,,,,,,,,,,,,,,,,,rulings-of-prescribed-punishments
888,128,شروط إقامة الحدود,Conditions of implementing Prescribed Punishments,,Conditions of implementing Prescribed Punishments,Conditions of implementing Prescribed Punishments,Conditions of implementing Prescribed Punishments,Conditions of implementing Prescribed Punishments,,,Conditions of implementing Prescribed Punishments,,Conditions of implementing Prescribed Punishments,Conditions of implementing Prescribed Punishments,,,,Conditions of implementing Prescribed Punishments,,,,,,,,,,,,,,,,,,,,,conditions-of-implementing-prescribed-punishments
889,128,حد الزنا,Prescribed Punishment for Adultery,,Prescribed Punishment for Adultery,Prescribed Punishment for Adultery,Prescribed Punishment for Adultery,Prescribed Punishment for Adultery,,,Prescribed Punishment for Adultery,,Prescribed Punishment for Adultery,Prescribed Punishment for Adultery,,,,Prescribed Punishment for Adultery,,,,,,,,,,,,,,,,,,,,,prescribed-punishment-for-adultery
890,128,حد القذف,Prescribed Punishment for Calumny,,Prescribed Punishment for Calumny,Prescribed Punishment for Calumny,Prescribed Punishment for Calumny,Prescribed Punishment for Calumny,,,Prescribed Punishment for Calumny,,Prescribed Punishment for Calumny,Prescribed Punishment for Calumny,,,,Prescribed Punishment for Calumny,,,,,,,,,,,,,,,,,,,,,prescribed-punishment-for-calumny
891,128,حد الخمر,Prescribed Punishment for Drinking Alcohol,,Prescribed Punishment for Drinking Alcohol,Prescribed Punishment for Drinking Alcohol,Prescribed Punishment for Drinking Alcohol,Prescribed Punishment for Drinking Alcohol,,,Prescribed Punishment for Drinking Alcohol,,Prescribed Punishment for Drinking Alcohol,Prescribed Punishment for Drinking Alcohol,,,,Prescribed Punishment for Drinking Alcohol,,,,,,,,,,,,,,,,,,,,,prescribed-punishment-for-drinking-alcohol
892,128,حد السرقة,Prescribed Punishment for Theft,,Prescribed Punishment for Theft,Prescribed Punishment for Theft,Prescribed Punishment for Theft,Prescribed Punishment for Theft,,,Prescribed Punishment for Theft,,Prescribed Punishment for Theft,Prescribed Punishment for Theft,,,,Prescribed Punishment for Theft,,,,,,,,,,,,,,,,,,,,,prescribed-punishment-for-theft
893,128,حد قطاع الطريق,Prescribed Punishment for Highway Robbery,,Prescribed Punishment for Highway Robbery,Prescribed Punishment for Highway Robbery,Prescribed Punishment for Highway Robbery,Prescribed Punishment for Highway Robbery,,,Prescribed Punishment for Highway Robbery,,Prescribed Punishment for Highway Robbery,Prescribed Punishment for Highway Robbery,,,,Prescribed Punishment for Highway Robbery,,,,,,,,,,,,,,,,,,,,,prescribed-punishment-for-highway-robbery
894,128,حد الردة,Prescribed Punishment for Apostasy,,Prescribed Punishment for Apostasy,Prescribed Punishment for Apostasy,Prescribed Punishment for Apostasy,Prescribed Punishment for Apostasy,,,Prescribed Punishment for Apostasy,,Prescribed Punishment for Apostasy,Prescribed Punishment for Apostasy,,,,Prescribed Punishment for Apostasy,,,,,,,,,,,,,,,,,,,,,prescribed-punishment-for-apostasy
895,128,أحكام التعزير,Rulings of Discretionary Punishments,,Rulings of Discretionary Punishments,Rulings of Discretionary Punishments,Rulings of Discretionary Punishments,Rulings of Discretionary Punishments,,,Rulings of Discretionary Punishments,,Rulings of Discretionary Punishments,Rulings of Discretionary Punishments,,,,Rulings of Discretionary Punishments,,,,,,,,,,,,,,,,,,,,,rulings-of-discretionary-punishments
896,129,حكم القضاء وفضله وخطره,Judiciary: Its Ruling; Merit; and Significance,,Judiciary: Its Ruling; Merit; and Significance,Judiciary: Its Ruling; Merit; and Significance,Judiciary: Its Ruling; Merit; and Significance,Judiciary: Its Ruling; Merit; and Significance,,,Judiciary: Its Ruling; Merit; and Significance,,Judiciary: Its Ruling; Merit; and Significance,Judiciary: Its Ruling; Merit; and Significance,,,,Judiciary: Its Ruling; Merit; and Significance,,,,,,,,,,,,,,,,,,,,,judiciary:-its-ruling;-merit;-and-significance
897,129,آداب القاضي,Manners of Judges,,Manners of Judges,Manners of Judges,Manners of Judges,Manners of Judges,,,Manners of Judges,,Manners of Judges,Manners of Judges,,,,Manners of Judges,,,,,,,,,,,,,,,,,,,,,manners-of-judges
898,129,الدعاوى والبيِّنات,Claims and Proofs,,Claims and Proofs,Claims and Proofs,Claims and Proofs,Claims and Proofs,,,Claims and Proofs,,Claims and Proofs,Claims and Proofs,,,,Claims and Proofs,,,,,,,,,,,,,,,,,,,,,claims-and-proofs
899,129,الشهادات,Testimonies,,Testimonies,Testimonies,Testimonies,Testimonies,,,Testimonies,,Testimonies,Testimonies,,,,Testimonies,,,,,,,,,,,,,,,,,,,,,testimonies
900,132,الحكم الشرعي,Shariah Ruling,,Shariah Ruling,Shariah Ruling,Shariah Ruling,Shariah Ruling,,,Shariah Ruling,,Shariah Ruling,Shariah Ruling,,,,Shariah Ruling,,,,,,,,,,,,,,,,,,,,,shariah-ruling
901,132,القواعد الفقهية والأصولية,Juristic and Usooli (Juristic Priciples) Rules,,Juristic and Usooli (Juristic Priciples) Rules,Juristic and Usooli (Juristic Priciples) Rules,Juristic and Usooli (Juristic Priciples) Rules,Juristic and Usooli (Juristic Priciples) Rules,,,Juristic and Usooli (Juristic Priciples) Rules,,Juristic and Usooli (Juristic Priciples) Rules,Juristic and Usooli (Juristic Priciples) Rules,,,,Juristic and Usooli (Juristic Priciples) Rules,,,,,,,,,,,,,,,,,,,,,juristic-and-usooli-juristic-priciples-rules
902,132,التكليف وشروطه,Religious Assignment and its Conditions,,Religious Assignment and its Conditions,Religious Assignment and its Conditions,Religious Assignment and its Conditions,Religious Assignment and its Conditions,,,Religious Assignment and its Conditions,,Religious Assignment and its Conditions,Religious Assignment and its Conditions,,,,Religious Assignment and its Conditions,,,,,,,,,,,,,,,,,,,,,religious-assignment-and-its-conditions
903,132,الكتاب (القرآن),The Book (the Qur'an),,The Book (the Qur'an),The Book (the Qur'an),The Book (the Qur'an),The Book (the Qur'an),,,The Book (the Qur'an),,The Book (the Qur'an),The Book (the Qur'an),,,,The Book (the Qur'an),,,,,,,,,,,,,,,,,,,,,the-book-the-quran
904,132,النسخ,Abrogation,,Abrogation,Abrogation,Abrogation,Abrogation,,,Abrogation,,Abrogation,Abrogation,,,,Abrogation,,,,,,,,,,,,,,,,,,,,,abrogation
905,132,دلالات الألفاظ وكيفية الاستنباط,Significations and Inference,,Significations and Inference,Significations and Inference,Significations and Inference,Significations and Inference,,,Significations and Inference,,Significations and Inference,Significations and Inference,,,,Significations and Inference,,,,,,,,,,,,,,,,,,,,,significations-and-inference
906,132,الاجتهاد والتقليد,Personal Reasoning and Imitation,,Personal Reasoning and Imitation,Personal Reasoning and Imitation,Personal Reasoning and Imitation,Personal Reasoning and Imitation,,,Personal Reasoning and Imitation,,Personal Reasoning and Imitation,Personal Reasoning and Imitation,,,,Personal Reasoning and Imitation,,,,,,,,,,,,,,,,,,,,,personal-reasoning-and-imitation
907,132,التعارض والترجيح,Divergence and Preponderance,,Divergence and Preponderance,Divergence and Preponderance,Divergence and Preponderance,Divergence and Preponderance,,,Divergence and Preponderance,,Divergence and Preponderance,Divergence and Preponderance,,,,Divergence and Preponderance,,,,,,,,,,,,,,,,,,,,,divergence-and-preponderance
908,132,مقاصد الشريعة,Shariah Objectives,,Shariah Objectives,Shariah Objectives,Shariah Objectives,Shariah Objectives,,,Shariah Objectives,,Shariah Objectives,Shariah Objectives,,,,Shariah Objectives,,,,,,,,,,,,,,,,,,,,,shariah-objectives
909,5,الفضائل,Virtues,,Virtues,Virtues,Virtues,Virtues,,,Virtues,,Virtues,Virtues,,,,Virtues,,,,,,,,,,,,,,,,,,,,,virtues
910,5,فقه الأخلاق,Jurisprudence of Ethics,,Jurisprudence of Ethics,Jurisprudence of Ethics,Jurisprudence of Ethics,Jurisprudence of Ethics,,,Jurisprudence of Ethics,,Jurisprudence of Ethics,Jurisprudence of Ethics,,,,Jurisprudence of Ethics,,,,,,,,,,,,,,,,,,,,,jurisprudence-of-ethics
911,5,الآداب الشرعية,Shariah-approved Manners,,Shariah-approved Manners,Shariah-approved Manners,Shariah-approved Manners,Shariah-approved Manners,,,Shariah-approved Manners,,Shariah-approved Manners,Shariah-approved Manners,,,,Shariah-approved Manners,,,,,,,,,,,,,,,,,,,,,shariah-approved-manners
912,5,فقه الأدعية والأذكار,Jurisprudence of Supplications and Remembrance of Allah,,Jurisprudence of Supplications and Remembrance of Allah,Jurisprudence of Supplications and Remembrance of Allah,Jurisprudence of Supplications and Remembrance of Allah,Jurisprudence of Supplications and Remembrance of Allah,,,Jurisprudence of Supplications and Remembrance of Allah,,Jurisprudence of Supplications and Remembrance of Allah,Jurisprudence of Supplications and Remembrance of Allah,,,,Jurisprudence of Supplications and Remembrance of Allah,,,,,,,,,,,,,,,,,,,,,jurisprudence-of-supplications-and-remembrance-of-allah
913,5,الرقائق والمواعظ,Heart-Softeners and Sermons,,Heart-Softeners and Sermons,Heart-Softeners and Sermons,Heart-Softeners and Sermons,Heart-Softeners and Sermons,,,Heart-Softeners and Sermons,,Heart-Softeners and Sermons,Heart-Softeners and Sermons,,,,Heart-Softeners and Sermons,,,,,,,,,,,,,,,,,,,,,heart-softeners-and-sermons
914,265,فضل العلم,Excellence of Knowledge,,Excellence of Knowledge,Excellence of Knowledge,Excellence of Knowledge,Excellence of Knowledge,,,Excellence of Knowledge,,Excellence of Knowledge,Excellence of Knowledge,,,,Excellence of Knowledge,,,,,,,,,,,,,,,,,,,,,excellence-of-knowledge
915,265,فضائل التوحيد,Excellence of Monotheism,,Excellence of Monotheism,Excellence of Monotheism,Excellence of Monotheism,Excellence of Monotheism,,,Excellence of Monotheism,,Excellence of Monotheism,Excellence of Monotheism,,,,Excellence of Monotheism,,,,,,,,,,,,,,,,,,,,,excellence-of-monotheism
916,265,فضائل القرآن الكريم,Merits of the Noble Qur'an,,Merits of the Noble Qur'an,Merits of the Noble Qur'an,Merits of the Noble Qur'an,Merits of the Noble Qur'an,,,Merits of the Noble Qur'an,,Merits of the Noble Qur'an,Merits of the Noble Qur'an,,,,Merits of the Noble Qur'an,,,,,,,,,,,,,,,,,,,,,merits-of-the-noble-quran
917,265,فضائل بر الوالدين,Merits of Being Dutiful to One's Parents,,Merits of Being Dutiful to One's Parents,Merits of Being Dutiful to One's Parents,Merits of Being Dutiful to One's Parents,Merits of Being Dutiful to One's Parents,,,Merits of Being Dutiful to One's Parents,,Merits of Being Dutiful to One's Parents,Merits of Being Dutiful to One's Parents,,,,Merits of Being Dutiful to One's Parents,,,,,,,,,,,,,,,,,,,,,merits-of-being-dutiful-to-ones-parents
918,265,فضائل صلة الأرحام,Merits of Maintaining Kinship Ties,,Merits of Maintaining Kinship Ties,Merits of Maintaining Kinship Ties,Merits of Maintaining Kinship Ties,Merits of Maintaining Kinship Ties,,,Merits of Maintaining Kinship Ties,,Merits of Maintaining Kinship Ties,Merits of Maintaining Kinship Ties,,,,Merits of Maintaining Kinship Ties,,,,,,,,,,,,,,,,,,,,,merits-of-maintaining-kinship-ties
919,265,فضائل آل البيت رضي الله عنهم,Merits of Prophet's Family,,Merits of Prophet's Family,Merits of Prophet's Family,Merits of Prophet's Family,Merits of Prophet's Family,,,Merits of Prophet's Family,,Merits of Prophet's Family,Merits of Prophet's Family,,,,Merits of Prophet's Family,,,,,,,,,,,,,,,,,,,,,merits-of-prophets-family
920,265,فضائل الصحابة رضي الله عنهم,Merits of the Companions,,Merits of the Companions,Merits of the Companions,Merits of the Companions,Merits of the Companions,,,Merits of the Companions,,Merits of the Companions,Merits of the Companions,,,,Merits of the Companions,,,,,,,,,,,,,,,,,,,,,merits-of-the-companions
921,265,فضائل الأعمال الصالحة,Merits of Good Deeds,,Merits of Good Deeds,Merits of Good Deeds,Merits of Good Deeds,Merits of Good Deeds,,,Merits of Good Deeds,,Merits of Good Deeds,Merits of Good Deeds,,,,Merits of Good Deeds,,,,,,,,,,,,,,,,,,,,,merits-of-good-deeds
922,265,فضائل الذكر,Merits of Remembering Allah,,Merits of Remembering Allah,Merits of Remembering Allah,Merits of Remembering Allah,Merits of Remembering Allah,,,Merits of Remembering Allah,,Merits of Remembering Allah,Merits of Remembering Allah,,,,Merits of Remembering Allah,,,,,,,,,,,,,,,,,,,,,merits-of-remembering-allah
923,265,فضل الدعاء,Merits of Supplication,,Merits of Supplication,Merits of Supplication,Merits of Supplication,Merits of Supplication,,,Merits of Supplication,,Merits of Supplication,Merits of Supplication,,,,Merits of Supplication,,,,,,,,,,,,,,,,,,,,,merits-of-supplication
924,265,فضائل أعمال القلوب,Merits of Heart Acts,,Merits of Heart Acts,Merits of Heart Acts,Merits of Heart Acts,Merits of Heart Acts,,,Merits of Heart Acts,,Merits of Heart Acts,Merits of Heart Acts,,,,Merits of Heart Acts,,,,,,,,,,,,,,,,,,,,,merits-of-heart-acts
925,265,فضائل أعمال الجوارح,Merits of Organs' Acts,,Merits of Organs' Acts,Merits of Organs' Acts,Merits of Organs' Acts,Merits of Organs' Acts,,,Merits of Organs' Acts,,Merits of Organs' Acts,Merits of Organs' Acts,,,,Merits of Organs' Acts,,,,,,,,,,,,,,,,,,,,,merits-of-organs-acts
926,266,الأخلاق الحميدة,Praiseworthy Morals,,Praiseworthy Morals,Praiseworthy Morals,Praiseworthy Morals,Praiseworthy Morals,,,Praiseworthy Morals,,Praiseworthy Morals,Praiseworthy Morals,,,,Praiseworthy Morals,,,,,,,,,,,,,,,,,,,,,praiseworthy-morals
927,266,الأخلاق الذميمة,Blameworthy Morals,,Blameworthy Morals,Blameworthy Morals,Blameworthy Morals,Blameworthy Morals,,,Blameworthy Morals,,Blameworthy Morals,Blameworthy Morals,,,,Blameworthy Morals,,,,,,,,,,,,,,,,,,,,,blameworthy-morals
928,267,آداب العالم والمتعلم,Manners of Scholars and Learners,,Manners of Scholars and Learners,Manners of Scholars and Learners,Manners of Scholars and Learners,Manners of Scholars and Learners,,,Manners of Scholars and Learners,,Manners of Scholars and Learners,Manners of Scholars and Learners,,,,Manners of Scholars and Learners,,,,,,,,,,,,,,,,,,,,,manners-of-scholars-and-learners
929,267,آداب تلاوة القرآن الكريم,Etiquettes of Reciting the Noble Qur’an,,Etiquettes of Reciting the Noble Qur’an,Etiquettes of Reciting the Noble Qur’an,Etiquettes of Reciting the Noble Qur’an,Etiquettes of Reciting the Noble Qur’an,,,Etiquettes of Reciting the Noble Qur’an,,Etiquettes of Reciting the Noble Qur’an,Etiquettes of Reciting the Noble Qur’an,,,,Etiquettes of Reciting the Noble Qur’an,,,,,,,,,,,,,,,,,,,,,etiquettes-of-reciting-the-noble-qur’an
930,267,آداب السلام والاستئذان,Manners of Greeting and Seeking Permission,,Manners of Greeting and Seeking Permission,Manners of Greeting and Seeking Permission,Manners of Greeting and Seeking Permission,Manners of Greeting and Seeking Permission,,,Manners of Greeting and Seeking Permission,,Manners of Greeting and Seeking Permission,Manners of Greeting and Seeking Permission,,,,Manners of Greeting and Seeking Permission,,,,,,,,,,,,,,,,,,,,,manners-of-greeting-and-seeking-permission
931,267,آداب الكلام والصمت,Manners of Speaking and Keeping Silent,,Manners of Speaking and Keeping Silent,Manners of Speaking and Keeping Silent,Manners of Speaking and Keeping Silent,Manners of Speaking and Keeping Silent,,,Manners of Speaking and Keeping Silent,,Manners of Speaking and Keeping Silent,Manners of Speaking and Keeping Silent,,,,Manners of Speaking and Keeping Silent,,,,,,,,,,,,,,,,,,,,,manners-of-speaking-and-keeping-silent
932,267,آداب الخلاف,Manners of Divergence,,Manners of Divergence,Manners of Divergence,Manners of Divergence,Manners of Divergence,,,Manners of Divergence,,Manners of Divergence,Manners of Divergence,,,,Manners of Divergence,,,,,,,,,,,,,,,,,,,,,manners-of-divergence
933,267,آداب المناظرة,Manners of Debate,,Manners of Debate,Manners of Debate,Manners of Debate,Manners of Debate,,,Manners of Debate,,Manners of Debate,Manners of Debate,,,,Manners of Debate,,,,,,,,,,,,,,,,,,,,,manners-of-debate
934,267,آداب الأكل والشرب,Manners of Eating and Drinking,,Manners of Eating and Drinking,Manners of Eating and Drinking,Manners of Eating and Drinking,Manners of Eating and Drinking,,,Manners of Eating and Drinking,,Manners of Eating and Drinking,Manners of Eating and Drinking,,,,Manners of Eating and Drinking,,,,,,,,,,,,,,,,,,,,,manners-of-eating-and-drinking
935,267,آداب الطريق والسوق,Manners of the Road and the Market,,Manners of the Road and the Market,Manners of the Road and the Market,Manners of the Road and the Market,Manners of the Road and the Market,,,Manners of the Road and the Market,,Manners of the Road and the Market,Manners of the Road and the Market,,,,Manners of the Road and the Market,,,,,,,,,,,,,,,,,,,,,manners-of-the-road-and-the-market
936,267,آداب وأحكام السفر,Manners and Rulings of Travel,,Manners and Rulings of Travel,Manners and Rulings of Travel,Manners and Rulings of Travel,Manners and Rulings of Travel,,,Manners and Rulings of Travel,,Manners and Rulings of Travel,Manners and Rulings of Travel,,,,Manners and Rulings of Travel,,,,,,,,,,,,,,,,,,,,,manners-and-rulings-of-travel
937,267,آداب النوم والاستيقاظ,Manners of Sleeping and Waking Up,,Manners of Sleeping and Waking Up,Manners of Sleeping and Waking Up,Manners of Sleeping and Waking Up,Manners of Sleeping and Waking Up,,,Manners of Sleeping and Waking Up,,Manners of Sleeping and Waking Up,Manners of Sleeping and Waking Up,,,,Manners of Sleeping and Waking Up,,,,,,,,,,,,,,,,,,,,,manners-of-sleeping-and-waking-up
938,267,آداب الرؤيا,Manners of Visions,,Manners of Visions,Manners of Visions,Manners of Visions,Manners of Visions,,,Manners of Visions,,Manners of Visions,Manners of Visions,,,,Manners of Visions,,,,,,,,,,,,,,,,,,,,,manners-of-visions
939,267,آداب الزيارة والاستئذان,Manners of Visiting and Seeking Permission,,Manners of Visiting and Seeking Permission,Manners of Visiting and Seeking Permission,Manners of Visiting and Seeking Permission,Manners of Visiting and Seeking Permission,,,Manners of Visiting and Seeking Permission,,Manners of Visiting and Seeking Permission,Manners of Visiting and Seeking Permission,,,,Manners of Visiting and Seeking Permission,,,,,,,,,,,,,,,,,,,,,manners-of-visiting-and-seeking-permission
940,267,آداب العطاس والتثاؤب,Manners of Sneezing and Yawning,,Manners of Sneezing and Yawning,Manners of Sneezing and Yawning,Manners of Sneezing and Yawning,Manners of Sneezing and Yawning,,,Manners of Sneezing and Yawning,,Manners of Sneezing and Yawning,Manners of Sneezing and Yawning,,,,Manners of Sneezing and Yawning,,,,,,,,,,,,,,,,,,,,,manners-of-sneezing-and-yawning
941,267,آداب عيادة المريض,Manners of Visiting the Sick,,Manners of Visiting the Sick,Manners of Visiting the Sick,Manners of Visiting the Sick,Manners of Visiting the Sick,,,Manners of Visiting the Sick,,Manners of Visiting the Sick,Manners of Visiting the Sick,,,,Manners of Visiting the Sick,,,,,,,,,,,,,,,,,,,,,manners-of-visiting-the-sick
942,267,آداب اللباس,Manners of Dressing,,Manners of Dressing,Manners of Dressing,Manners of Dressing,Manners of Dressing,,,Manners of Dressing,,Manners of Dressing,Manners of Dressing,,,,Manners of Dressing,,,,,,,,,,,,,,,,,,,,,manners-of-dressing
943,268,هدي النبي صلى الله عليه وسلم في الذكر,Prophetic Guidance on Remembering Allah,,Prophetic Guidance on Remembering Allah,Prophetic Guidance on Remembering Allah,Prophetic Guidance on Remembering Allah,Prophetic Guidance on Remembering Allah,,,Prophetic Guidance on Remembering Allah,,Prophetic Guidance on Remembering Allah,Prophetic Guidance on Remembering Allah,,,,Prophetic Guidance on Remembering Allah,,,,,,,,,,,,,,,,,,,,,prophetic-guidance-on-remembering-allah
944,268,فوائد ذكر الله عز وجل,Benefits of Remembering Allah,,Benefits of Remembering Allah,Benefits of Remembering Allah,Benefits of Remembering Allah,Benefits of Remembering Allah,,,Benefits of Remembering Allah,,Benefits of Remembering Allah,Benefits of Remembering Allah,,,,Benefits of Remembering Allah,,,,,,,,,,,,,,,,,,,,,benefits-of-remembering-allah
945,268,أذكار الصباح والمساء,Morning and Evening Dhikr,,Morning and Evening Dhikr,Morning and Evening Dhikr,Morning and Evening Dhikr,Morning and Evening Dhikr,,,Morning and Evening Dhikr,,Morning and Evening Dhikr,Morning and Evening Dhikr,,,,Morning and Evening Dhikr,,,,,,,,,,,,,,,,,,,,,morning-and-evening-dhikr
946,268,الأذكار المطلقة,Timeless Dhikr,,Timeless Dhikr,Timeless Dhikr,Timeless Dhikr,Timeless Dhikr,,,Timeless Dhikr,,Timeless Dhikr,Timeless Dhikr,,,,Timeless Dhikr,,,,,,,,,,,,,,,,,,,,,timeless-dhikr
947,268,أذكار الدخول والخروج من المنزل,Dhikr on Entering and Leaving the House,,Dhikr on Entering and Leaving the House,Dhikr on Entering and Leaving the House,Dhikr on Entering and Leaving the House,Dhikr on Entering and Leaving the House,,,Dhikr on Entering and Leaving the House,,Dhikr on Entering and Leaving the House,Dhikr on Entering and Leaving the House,,,,Dhikr on Entering and Leaving the House,,,,,,,,,,,,,,,,,,,,,dhikr-on-entering-and-leaving-the-house
948,268,أذكار الدخول والخروج من الخلاء,Dhikr on Entering and Leaving the Bathroom,,Dhikr on Entering and Leaving the Bathroom,Dhikr on Entering and Leaving the Bathroom,Dhikr on Entering and Leaving the Bathroom,Dhikr on Entering and Leaving the Bathroom,,,Dhikr on Entering and Leaving the Bathroom,,Dhikr on Entering and Leaving the Bathroom,Dhikr on Entering and Leaving the Bathroom,,,,Dhikr on Entering and Leaving the Bathroom,,,,,,,,,,,,,,,,,,,,,dhikr-on-entering-and-leaving-the-bathroom
949,268,أذكار الدخول والخروج من المسجد,Dhikr on Entering and Leaving the Mosque,,Dhikr on Entering and Leaving the Mosque,Dhikr on Entering and Leaving the Mosque,Dhikr on Entering and Leaving the Mosque,Dhikr on Entering and Leaving the Mosque,,,Dhikr on Entering and Leaving the Mosque,,Dhikr on Entering and Leaving the Mosque,Dhikr on Entering and Leaving the Mosque,,,,Dhikr on Entering and Leaving the Mosque,,,,,,,,,,,,,,,,,,,,,dhikr-on-entering-and-leaving-the-mosque
950,268,الأذكار التي تقال في أوقات الشدة,Hard Times Dhikr,,Hard Times Dhikr,Hard Times Dhikr,Hard Times Dhikr,Hard Times Dhikr,,,Hard Times Dhikr,,Hard Times Dhikr,Hard Times Dhikr,,,,Hard Times Dhikr,,,,,,,,,,,,,,,,,,,,,hard-times-dhikr
951,268,الأذكار للأمور العارضة,Dhikr on Special Occasions,,Dhikr on Special Occasions,Dhikr on Special Occasions,Dhikr on Special Occasions,Dhikr on Special Occasions,,,Dhikr on Special Occasions,,Dhikr on Special Occasions,Dhikr on Special Occasions,,,,Dhikr on Special Occasions,,,,,,,,,,,,,,,,,,,,,dhikr-on-special-occasions
952,268,أحكام الدعاء,Rulings of Supplication,,Rulings of Supplication,Rulings of Supplication,Rulings of Supplication,Rulings of Supplication,,,Rulings of Supplication,,Rulings of Supplication,Rulings of Supplication,,,,Rulings of Supplication,,,,,,,,,,,,,,,,,,,,,rulings-of-supplication
953,268,أنواع الدعاء,Types of Supplication,,Types of Supplication,Types of Supplication,Types of Supplication,Types of Supplication,,,Types of Supplication,,Types of Supplication,Types of Supplication,,,,Types of Supplication,,,,,,,,,,,,,,,,,,,,,types-of-supplication
954,268,آداب الدعاء,Manners of Supplication,,Manners of Supplication,Manners of Supplication,Manners of Supplication,Manners of Supplication,,,Manners of Supplication,,Manners of Supplication,Manners of Supplication,,,,Manners of Supplication,,,,,,,,,,,,,,,,,,,,,manners-of-supplication
955,268,أسباب إجابة الدعاء وموانعه,Causes for Answering or not Answering Supplications,,Causes for Answering or not Answering Supplications,Causes for Answering or not Answering Supplications,Causes for Answering or not Answering Supplications,Causes for Answering or not Answering Supplications,,,Causes for Answering or not Answering Supplications,,Causes for Answering or not Answering Supplications,Causes for Answering or not Answering Supplications,,,,Causes for Answering or not Answering Supplications,,,,,,,,,,,,,,,,,,,,,causes-for-answering-or-not-answering-supplications
956,268,الأدعية المأثورة,Reported Supplications,,Reported Supplications,Reported Supplications,Reported Supplications,Reported Supplications,,,Reported Supplications,,Reported Supplications,Reported Supplications,,,,Reported Supplications,,,,,,,,,,,,,,,,,,,,,reported-supplications
957,269,أعمال القلوب,Acts of Heart,,Acts of Heart,Acts of Heart,Acts of Heart,Acts of Heart,,,Acts of Heart,,Acts of Heart,Acts of Heart,,,,Acts of Heart,,,,,,,,,,,,,,,,,,,,,acts-of-heart
958,269,أمراض القلوب,Heart Diseases,,Heart Diseases,Heart Diseases,Heart Diseases,Heart Diseases,,,Heart Diseases,,Heart Diseases,Heart Diseases,,,,Heart Diseases,,,,,,,,,,,,,,,,,,,,,heart-diseases
959,269,الزهد والورع,Asceticism and Piety,,Asceticism and Piety,Asceticism and Piety,Asceticism and Piety,Asceticism and Piety,,,Asceticism and Piety,,Asceticism and Piety,Asceticism and Piety,,,,Asceticism and Piety,,,,,,,,,,,,,,,,,,,,,asceticism-and-piety
960,269,أحوال الصالحين,States of the Righteous Believers,,States of the Righteous Believers,States of the Righteous Believers,States of the Righteous Believers,States of the Righteous Believers,,,States of the Righteous Believers,,States of the Righteous Believers,States of the Righteous Believers,,,,States of the Righteous Believers,,,,,,,,,,,,,,,,,,,,,states-of-the-righteous-believers
961,269,ذم المعاصي,Condemning Sins,,Condemning Sins,Condemning Sins,Condemning Sins,Condemning Sins,,,Condemning Sins,,Condemning Sins,Condemning Sins,,,,Condemning Sins,,,,,,,,,,,,,,,,,,,,,condemning-sins
962,269,ذم حب الدنيا,Condemning Love of the World,,Condemning Love of the World,Condemning Love of the World,Condemning Love of the World,Condemning Love of the World,,,Condemning Love of the World,,Condemning Love of the World,Condemning Love of the World,,,,Condemning Love of the World,,,,,,,,,,,,,,,,,,,,,condemning-love-of-the-world
963,269,ذَمُّ الهوى والشَّهوات,Condemning Whims and Desires,,Condemning Whims and Desires,Condemning Whims and Desires,Condemning Whims and Desires,Condemning Whims and Desires,,,Condemning Whims and Desires,,Condemning Whims and Desires,Condemning Whims and Desires,,,,Condemning Whims and Desires,,,,,,,,,,,,,,,,,,,,,condemning-whims-and-desires
964,269,التوبة,Repentance,,Repentance,Repentance,Repentance,Repentance,,,Repentance,,Repentance,Repentance,,,,Repentance,,,,,,,,,,,,,,,,,,,,,repentance
965,269,تزكية النفوس,Purification of Souls,,Purification of Souls,Purification of Souls,Purification of Souls,Purification of Souls,,,Purification of Souls,,Purification of Souls,Purification of Souls,,,,Purification of Souls,,,,,,,,,,,,,,,,,,,,,purification-of-souls
966,269,أهوال القبور,Terrors of the Graves,,Terrors of the Graves,Terrors of the Graves,Terrors of the Graves,Terrors of the Graves,,,Terrors of the Graves,,Terrors of the Graves,Terrors of the Graves,,,,Terrors of the Graves,,,,,,,,,,,,,,,,,,,,,terrors-of-the-graves
967,269,صفات الجنة والنار,Descriptions of Paradise and Hell,,Descriptions of Paradise and Hell,Descriptions of Paradise and Hell,Descriptions of Paradise and Hell,Descriptions of Paradise and Hell,,,Descriptions of Paradise and Hell,,Descriptions of Paradise and Hell,Descriptions of Paradise and Hell,,,,Descriptions of Paradise and Hell,,,,,,,,,,,,,,,,,,,,,descriptions-of-paradise-and-hell
968,6,الدعوة إلى الله,Calling to Allah (Da‘wah),,Calling to Allah (Da‘wah),Calling to Allah (Da‘wah),Calling to Allah (Da‘wah),Calling to Allah (Da‘wah),,,Calling to Allah (Da‘wah),,Calling to Allah (Da‘wah),Calling to Allah (Da‘wah),,,,Calling to Allah (Da‘wah),,,,,,,,,,,,,,,,,,,,,calling-to-allah-da‘wah
969,6,الأمر بالمعروف والنهي عن المنكر,Enjoining Good and Forbidding Evil,,Enjoining Good and Forbidding Evil,Enjoining Good and Forbidding Evil,Enjoining Good and Forbidding Evil,Enjoining Good and Forbidding Evil,,,Enjoining Good and Forbidding Evil,,Enjoining Good and Forbidding Evil,Enjoining Good and Forbidding Evil,,,,Enjoining Good and Forbidding Evil,,,,,,,,,,,,,,,,,,,,,enjoining-good-and-forbidding-evil
970,6,السياسة الشرعية,Shariah-approved Politics,,Shariah-approved Politics,Shariah-approved Politics,Shariah-approved Politics,Shariah-approved Politics,,,Shariah-approved Politics,,Shariah-approved Politics,Shariah-approved Politics,,,,Shariah-approved Politics,,,,,,,,,,,,,,,,,,,,,shariah-approved-politics
971,6,الثقافة الإسلامية,Islamic Culture,,Islamic Culture,Islamic Culture,Islamic Culture,Islamic Culture,,,Islamic Culture,,Islamic Culture,Islamic Culture,,,,Islamic Culture,,,,,,,,,,,,,,,,,,,,,islamic-culture
972,325,حكم الدعوة إلى الله,Ruling of Calling to Allah,,Ruling of Calling to Allah,Ruling of Calling to Allah,Ruling of Calling to Allah,Ruling of Calling to Allah,,,Ruling of Calling to Allah,,Ruling of Calling to Allah,Ruling of Calling to Allah,,,,Ruling of Calling to Allah,,,,,,,,,,,,,,,,,,,,,ruling-of-calling-to-allah
973,325,آداب الدعوة إلى الله,Manners of Calling to Allah,,Manners of Calling to Allah,Manners of Calling to Allah,Manners of Calling to Allah,Manners of Calling to Allah,,,Manners of Calling to Allah,,Manners of Calling to Allah,Manners of Calling to Allah,,,,Manners of Calling to Allah,,,,,,,,,,,,,,,,,,,,,manners-of-calling-to-allah
974,325,سير الدعاة وواجباتهم,Backgrounds and Duties of the Callers to Allah,,Backgrounds and Duties of the Callers to Allah,Backgrounds and Duties of the Callers to Allah,Backgrounds and Duties of the Callers to Allah,Backgrounds and Duties of the Callers to Allah,,,Backgrounds and Duties of the Callers to Allah,,Backgrounds and Duties of the Callers to Allah,Backgrounds and Duties of the Callers to Allah,,,,Backgrounds and Duties of the Callers to Allah,,,,,,,,,,,,,,,,,,,,,backgrounds-and-duties-of-the-callers-to-allah
975,325,فضل الإسلام ومحاسنه,Excellence and Merits of Islam,,Excellence and Merits of Islam,Excellence and Merits of Islam,Excellence and Merits of Islam,Excellence and Merits of Islam,,,Excellence and Merits of Islam,,Excellence and Merits of Islam,Excellence and Merits of Islam,,,,Excellence and Merits of Islam,,,,,,,,,,,,,,,,,,,,,excellence-and-merits-of-islam
976,325,عموم الدين الإسلامي,Universality of Islam,,Universality of Islam,Universality of Islam,Universality of Islam,Universality of Islam,,,Universality of Islam,,Universality of Islam,Universality of Islam,,,,Universality of Islam,,,,,,,,,,,,,,,,,,,,,universality-of-islam
977,325,حقوق الإنسان في الإسلام,Human Rights in Islam,,Human Rights in Islam,Human Rights in Islam,Human Rights in Islam,Human Rights in Islam,,,Human Rights in Islam,,Human Rights in Islam,Human Rights in Islam,,,,Human Rights in Islam,,,,,,,,,,,,,,,,,,,,,human-rights-in-islam
978,325,حقوق الحيوان في الإسلام,Animal Rights in Islam,,Animal Rights in Islam,Animal Rights in Islam,Animal Rights in Islam,Animal Rights in Islam,,,Animal Rights in Islam,,Animal Rights in Islam,Animal Rights in Islam,,,,Animal Rights in Islam,,,,,,,,,,,,,,,,,,,,,animal-rights-in-islam
979,326,حكم الأمر بالمعروف والنهي عن المنكر,Ruling of Enjoining Good and Forbidding Evil,,Ruling of Enjoining Good and Forbidding Evil,Ruling of Enjoining Good and Forbidding Evil,Ruling of Enjoining Good and Forbidding Evil,Ruling of Enjoining Good and Forbidding Evil,,,Ruling of Enjoining Good and Forbidding Evil,,Ruling of Enjoining Good and Forbidding Evil,Ruling of Enjoining Good and Forbidding Evil,,,,Ruling of Enjoining Good and Forbidding Evil,,,,,,,,,,,,,,,,,,,,,ruling-of-enjoining-good-and-forbidding-evil
980,326,فضل الأمر بالمعروف والنهي عن المنكر,Excellence of Enjoining Good and Forbidding Evil,,Excellence of Enjoining Good and Forbidding Evil,Excellence of Enjoining Good and Forbidding Evil,Excellence of Enjoining Good and Forbidding Evil,Excellence of Enjoining Good and Forbidding Evil,,,Excellence of Enjoining Good and Forbidding Evil,,Excellence of Enjoining Good and Forbidding Evil,Excellence of Enjoining Good and Forbidding Evil,,,,Excellence of Enjoining Good and Forbidding Evil,,,,,,,,,,,,,,,,,,,,,excellence-of-enjoining-good-and-forbidding-evil
981,326,آداب الأمر بالمعروف والنهي عن المنكر,Manners of Enjoining Good and Forbidding Evil,,Manners of Enjoining Good and Forbidding Evil,Manners of Enjoining Good and Forbidding Evil,Manners of Enjoining Good and Forbidding Evil,Manners of Enjoining Good and Forbidding Evil,,,Manners of Enjoining Good and Forbidding Evil,,Manners of Enjoining Good and Forbidding Evil,Manners of Enjoining Good and Forbidding Evil,,,,Manners of Enjoining Good and Forbidding Evil,,,,,,,,,,,,,,,,,,,,,manners-of-enjoining-good-and-forbidding-evil
982,326,أصول الأمر بالمعروف والنهي عن المنكر,Principles of Enjoining Good and Forbidding Evil,,Principles of Enjoining Good and Forbidding Evil,Principles of Enjoining Good and Forbidding Evil,Principles of Enjoining Good and Forbidding Evil,Principles of Enjoining Good and Forbidding Evil,,,Principles of Enjoining Good and Forbidding Evil,,Principles of Enjoining Good and Forbidding Evil,Principles of Enjoining Good and Forbidding Evil,,,,Principles of Enjoining Good and Forbidding Evil,,,,,,,,,,,,,,,,,,,,,principles-of-enjoining-good-and-forbidding-evil
983,326,شروط الأمر بالمعروف والنهي عن المنكر,Requirements of Enjoining Good and Forbidding Evil,,Requirements of Enjoining Good and Forbidding Evil,Requirements of Enjoining Good and Forbidding Evil,Requirements of Enjoining Good and Forbidding Evil,Requirements of Enjoining Good and Forbidding Evil,,,Requirements of Enjoining Good and Forbidding Evil,,Requirements of Enjoining Good and Forbidding Evil,Requirements of Enjoining Good and Forbidding Evil,,,,Requirements of Enjoining Good and Forbidding Evil,,,,,,,,,,,,,,,,,,,,,requirements-of-enjoining-good-and-forbidding-evil
984,326,أحكام ومسائل متعلقة بالأمر بالمعروف والنهي عن المنكر,Rulings and Issues of Enjoining Good and Forbidding Evil,,Rulings and Issues of Enjoining Good and Forbidding Evil,Rulings and Issues of Enjoining Good and Forbidding Evil,Rulings and Issues of Enjoining Good and Forbidding Evil,Rulings and Issues of Enjoining Good and Forbidding Evil,,,Rulings and Issues of Enjoining Good and Forbidding Evil,,Rulings and Issues of Enjoining Good and Forbidding Evil,Rulings and Issues of Enjoining Good and Forbidding Evil,,,,Rulings and Issues of Enjoining Good and Forbidding Evil,,,,,,,,,,,,,,,,,,,,,rulings-and-issues-of-enjoining-good-and-forbidding-evil
985,327,طرق اختيار الإمام للإمامة الكبرى,Ways of Electing the Supreme Muslim Imam (Ruler),,Ways of Electing the Supreme Muslim Imam (Ruler),Ways of Electing the Supreme Muslim Imam (Ruler),Ways of Electing the Supreme Muslim Imam (Ruler),Ways of Electing the Supreme Muslim Imam (Ruler),,,Ways of Electing the Supreme Muslim Imam (Ruler),,Ways of Electing the Supreme Muslim Imam (Ruler),Ways of Electing the Supreme Muslim Imam (Ruler),,,,Ways of Electing the Supreme Muslim Imam (Ruler),,,,,,,,,,,,,,,,,,,,,ways-of-electing-the-supreme-muslim-imam-ruler
986,327,شروط الإمامة العظمى,Requirements of the Supreme Imamate (Leadership),,Requirements of the Supreme Imamate (Leadership),Requirements of the Supreme Imamate (Leadership),Requirements of the Supreme Imamate (Leadership),Requirements of the Supreme Imamate (Leadership),,,Requirements of the Supreme Imamate (Leadership),,Requirements of the Supreme Imamate (Leadership),Requirements of the Supreme Imamate (Leadership),,,,Requirements of the Supreme Imamate (Leadership),,,,,,,,,,,,,,,,,,,,,requirements-of-the-supreme-imamate-leadership
987,327,واجبات الإمام,Duties of the Imam,,Duties of the Imam,Duties of the Imam,Duties of the Imam,Duties of the Imam,,,Duties of the Imam,,Duties of the Imam,Duties of the Imam,,,,Duties of the Imam,,,,,,,,,,,,,,,,,,,,,duties-of-the-imam
988,327,حق الإمام على الرعية,Imam's Rights over the Subjects,,Imam's Rights over the Subjects,Imam's Rights over the Subjects,Imam's Rights over the Subjects,Imam's Rights over the Subjects,,,Imam's Rights over the Subjects,,Imam's Rights over the Subjects,Imam's Rights over the Subjects,,,,Imam's Rights over the Subjects,,,,,,,,,,,,,,,,,,,,,imams-rights-over-the-subjects
989,327,الخروج على الإمام,Rebelling against the Muslim Ruler,,Rebelling against the Muslim Ruler,Rebelling against the Muslim Ruler,Rebelling against the Muslim Ruler,Rebelling against the Muslim Ruler,,,Rebelling against the Muslim Ruler,,Rebelling against the Muslim Ruler,Rebelling against the Muslim Ruler,,,,Rebelling against the Muslim Ruler,,,,,,,,,,,,,,,,,,,,,rebelling-against-the-muslim-ruler
990,327,العلاقات الدولية في الإسلام,International Relations in Islam,,International Relations in Islam,International Relations in Islam,International Relations in Islam,International Relations in Islam,,,International Relations in Islam,,International Relations in Islam,International Relations in Islam,,,,International Relations in Islam,,,,,,,,,,,,,,,,,,,,,international-relations-in-islam
991,327,نظام الشورى في الإسلام,Consultation System in Islam,,Consultation System in Islam,Consultation System in Islam,Consultation System in Islam,Consultation System in Islam,,,Consultation System in Islam,,Consultation System in Islam,Consultation System in Islam,,,,Consultation System in Islam,,,,,,,,,,,,,,,,,,,,,consultation-system-in-islam
992,328,الحضارة الإسلامية,Islamic Civilization,,Islamic Civilization,Islamic Civilization,Islamic Civilization,Islamic Civilization,,,Islamic Civilization,,Islamic Civilization,Islamic Civilization,,,,Islamic Civilization,,,,,,,,,,,,,,,,,,,,,islamic-civilization
993,7,السيرة النبوية,Prophet's Biography,,Prophet's Biography,Prophet's Biography,Prophet's Biography,Prophet's Biography,,,Prophet's Biography,,Prophet's Biography,Prophet's Biography,,,,Prophet's Biography,,,,,,,,,,,,,,,,,,,,,prophets-biography
994,7,التاريخ,History,,History,History,History,History,,,History,,History,History,,,,History,,,,,,,,,,,,,,,,,,,,,history
995,367,نسبه صلى الله عليه وسلم,Prophet's Lineage,,Prophet's Lineage,Prophet's Lineage,Prophet's Lineage,Prophet's Lineage,,,Prophet's Lineage,,Prophet's Lineage,Prophet's Lineage,,,,Prophet's Lineage,,,,,,,,,,,,,,,,,,,,,prophets-lineage
996,367,زوجاته صلى الله عليه وسلم وأحوال بيت النبوة,Prophet's Wives and Family Issues,,Prophet's Wives and Family Issues,Prophet's Wives and Family Issues,Prophet's Wives and Family Issues,Prophet's Wives and Family Issues,,,Prophet's Wives and Family Issues,,Prophet's Wives and Family Issues,Prophet's Wives and Family Issues,,,,Prophet's Wives and Family Issues,,,,,,,,,,,,,,,,,,,,,prophets-wives-and-family-issues
997,367,أولاده صلى الله عليه وسلم,Prophet's Children,,Prophet's Children,Prophet's Children,Prophet's Children,Prophet's Children,,,Prophet's Children,,Prophet's Children,Prophet's Children,,,,Prophet's Children,,,,,,,,,,,,,,,,,,,,,prophets-children
998,367,خدمه صلى الله عليه وسلم,Prophet's Servants,,Prophet's Servants,Prophet's Servants,Prophet's Servants,Prophet's Servants,,,Prophet's Servants,,Prophet's Servants,Prophet's Servants,,,,Prophet's Servants,,,,,,,,,,,,,,,,,,,,,prophets-servants
999,367,حياته قبل البعثة صلى الله عليه وسلم,Prophet's Life before Mission,,Prophet's Life before Mission,Prophet's Life before Mission,Prophet's Life before Mission,Prophet's Life before Mission,,,Prophet's Life before Mission,,Prophet's Life before Mission,Prophet's Life before Mission,,,,Prophet's Life before Mission,,,,,,,,,,,,,,,,,,,,,prophets-life-before-mission
1000,367,مبعثه صلى الله عليه وسلم,Prophet's Mission,,Prophet's Mission,Prophet's Mission,Prophet's Mission,Prophet's Mission,,,Prophet's Mission,,Prophet's Mission,Prophet's Mission,,,,Prophet's Mission,,,,,,,,,,,,,,,,,,,,,prophets-mission
1001,367,العهد المكي,The Makkan Period,,The Makkan Period,The Makkan Period,The Makkan Period,The Makkan Period,,,The Makkan Period,,The Makkan Period,The Makkan Period,,,,The Makkan Period,,,,,,,,,,,,,,,,,,,,,the-makkan-period
1002,367,الهجرة,The Emigration (Hijrah),,The Emigration (Hijrah),The Emigration (Hijrah),The Emigration (Hijrah),The Emigration (Hijrah),,,The Emigration (Hijrah),,The Emigration (Hijrah),The Emigration (Hijrah),,,,The Emigration (Hijrah),,,,,,,,,,,,,,,,,,,,,the-emigration-hijrah
1003,367,العهد المدني,The Madinan Period,,The Madinan Period,The Madinan Period,The Madinan Period,The Madinan Period,,,The Madinan Period,,The Madinan Period,The Madinan Period,,,,The Madinan Period,,,,,,,,,,,,,,,,,,,,,the-madinan-period
1004,367,غزواته وسراياه صلى الله عليه وسلم,Prophet's Battles and Expeditions,,Prophet's Battles and Expeditions,Prophet's Battles and Expeditions,Prophet's Battles and Expeditions,Prophet's Battles and Expeditions,,,Prophet's Battles and Expeditions,,Prophet's Battles and Expeditions,Prophet's Battles and Expeditions,,,,Prophet's Battles and Expeditions,,,,,,,,,,,,,,,,,,,,,prophets-battles-and-expeditions
1005,367,مكاتباته ومراسلاته صلى الله عليه وسلم,Prophet's Correspondences,,Prophet's Correspondences,Prophet's Correspondences,Prophet's Correspondences,Prophet's Correspondences,,,Prophet's Correspondences,,Prophet's Correspondences,Prophet's Correspondences,,,,Prophet's Correspondences,,,,,,,,,,,,,,,,,,,,,prophets-correspondences
1006,367,وفاته صلى الله عليه وسلم,Prophet's Death,,Prophet's Death,Prophet's Death,Prophet's Death,Prophet's Death,,,Prophet's Death,,Prophet's Death,Prophet's Death,,,,Prophet's Death,,,,,,,,,,,,,,,,,,,,,prophets-death
1007,367,الشمائل المحمدية,Muhammadan Qualities,,Muhammadan Qualities,Muhammadan Qualities,Muhammadan Qualities,Muhammadan Qualities,,,Muhammadan Qualities,,Muhammadan Qualities,Muhammadan Qualities,,,,Muhammadan Qualities,,,,,,,,,,,,,,,,,,,,,muhammadan-qualities
1008,368,قصص وأحوال الأمم السابقة,Stories and Conditions of Pre-Islamic Nations,,Stories and Conditions of Pre-Islamic Nations,Stories and Conditions of Pre-Islamic Nations,Stories and Conditions of Pre-Islamic Nations,Stories and Conditions of Pre-Islamic Nations,,,Stories and Conditions of Pre-Islamic Nations,,Stories and Conditions of Pre-Islamic Nations,Stories and Conditions of Pre-Islamic Nations,,,,Stories and Conditions of Pre-Islamic Nations,,,,,,,,,,,,,,,,,,,,,stories-and-conditions-of-pre-islamic-nations
1009,368,تاريخ مكة والمدينة والأقصى,History of Makkah; Madinah; and the Aqsa (Jerusalem),,History of Makkah; Madinah; and the Aqsa (Jerusalem),History of Makkah; Madinah; and the Aqsa (Jerusalem),History of Makkah; Madinah; and the Aqsa (Jerusalem),History of Makkah; Madinah; and the Aqsa (Jerusalem),,,History of Makkah; Madinah; and the Aqsa (Jerusalem),,History of Makkah; Madinah; and the Aqsa (Jerusalem),History of Makkah; Madinah; and the Aqsa (Jerusalem),,,,History of Makkah; Madinah; and the Aqsa (Jerusalem),,,,,,,,,,,,,,,,,,,,,history-of-makkah;-madinah;-and-the-aqsa-jerusalem
1010,368,الحروب والغزوات,Wars and Battles,,Wars and Battles,Wars and Battles,Wars and Battles,Wars and Battles,,,Wars and Battles,,Wars and Battles,Wars and Battles,,,,Wars and Battles,,,,,,,,,,,,,,,,,,,,,wars-and-battles
1011,368,التراجم وسير الأعلام,Biographies (of Famous Figures),,Biographies (of Famous Figures),Biographies (of Famous Figures),Biographies (of Famous Figures),Biographies (of Famous Figures),,,Biographies (of Famous Figures),,Biographies (of Famous Figures),Biographies (of Famous Figures),,,,Biographies (of Famous Figures),,,,,,,,,,,,,,,,,,,,,biographies-of-famous-figures
1012,368,البلدان والأعلام,Countries and Figures,,Countries and Figures,Countries and Figures,Countries and Figures,Countries and Figures,,,Countries and Figures,,Countries and Figures,Countries and Figures,,,,Countries and Figures,,,,,,,,,,,,,,,,,,,,,countries-and-figures
1013,368,مناسبات دورية,Periodical Occasions,,Periodical Occasions,Periodical Occasions,Periodical Occasions,Periodical Occasions,,,Periodical Occasions,,Periodical Occasions,Periodical Occasions,,,,Periodical Occasions,,,,,,,,,,,,,,,,,,,,,periodical-occasions
1014,100,موقف أهل السنة من أهل البدع,Ahl-us-Sunnah's (Sunni) Stance on Religious Innovators,,Ahl-us-Sunnah's (Sunni) Stance on Religious Innovators,Ahl-us-Sunnah's (Sunni) Stance on Religious Innovators,Ahl-us-Sunnah's (Sunni) Stance on Religious Innovators,Ahl-us-Sunnah's (Sunni) Stance on Religious Innovators,,,Ahl-us-Sunnah's (Sunni) Stance on Religious Innovators,,Ahl-us-Sunnah's (Sunni) Stance on Religious Innovators,Ahl-us-Sunnah's (Sunni) Stance on Religious Innovators,,,,Ahl-us-Sunnah's (Sunni) Stance on Religious Innovators,,,,,,,,,,,,,,,,,,,,,ahl-us-sunnahs-sunni-stance-on-religious-innovators
1015,133,أحكام المياه,Rulings of Water,,Rulings of Water,Rulings of Water,Rulings of Water,Rulings of Water,,,Rulings of Water,,Rulings of Water,Rulings of Water,,,,Rulings of Water,,,,,,,,,,,,,,,,,,,,,rulings-of-water
1016,133,إزالة النجاسات,Removing Impurities,,Removing Impurities,Removing Impurities,Removing Impurities,Removing Impurities,,,Removing Impurities,,Removing Impurities,Removing Impurities,,,,Removing Impurities,,,,,,,,,,,,,,,,,,,,,removing-impurities
1017,133,الآنية,Utensils,,Utensils,Utensils,Utensils,Utensils,,,Utensils,,Utensils,Utensils,,,,Utensils,,,,,,,,,,,,,,,,,,,,,utensils
1018,133,آداب قضاء الحاجة,Toilet Manners,,Toilet Manners,Toilet Manners,Toilet Manners,Toilet Manners,,,Toilet Manners,,Toilet Manners,Toilet Manners,,,,Toilet Manners,,,,,,,,,,,,,,,,,,,,,toilet-manners
1019,133,سنن الفطرة,Natural Cleanliness Practices,,Natural Cleanliness Practices,Natural Cleanliness Practices,Natural Cleanliness Practices,Natural Cleanliness Practices,,,Natural Cleanliness Practices,,Natural Cleanliness Practices,Natural Cleanliness Practices,,,,Natural Cleanliness Practices,,,,,,,,,,,,,,,,,,,,,natural-cleanliness-practices
1020,133,الوضوء,Ablution,,Ablution,Ablution,Ablution,Ablution,,,Ablution,,Ablution,Ablution,,,,Ablution,,,,,,,,,,,,,,,,,,,,,ablution
1021,133,الغسل,Ritual Bath,,Ritual Bath,Ritual Bath,Ritual Bath,Ritual Bath,,,Ritual Bath,,Ritual Bath,Ritual Bath,,,,Ritual Bath,,,,,,,,,,,,,,,,,,,,,ritual-bath
1022,133,التيمم,Dry Ablution,,Dry Ablution,Dry Ablution,Dry Ablution,Dry Ablution,,,Dry Ablution,,Dry Ablution,Dry Ablution,,,,Dry Ablution,,,,,,,,,,,,,,,,,,,,,dry-ablution
1023,133,الحيض والنفاس والاستحاضة,Menses; Postpartum Bleeding; Extra-Menses Bleeding,,Menses; Postpartum Bleeding; Extra-Menses Bleeding,Menses; Postpartum Bleeding; Extra-Menses Bleeding,Menses; Postpartum Bleeding; Extra-Menses Bleeding,Menses; Postpartum Bleeding; Extra-Menses Bleeding,,,Menses; Postpartum Bleeding; Extra-Menses Bleeding,,Menses; Postpartum Bleeding; Extra-Menses Bleeding,Menses; Postpartum Bleeding; Extra-Menses Bleeding,,,,Menses; Postpartum Bleeding; Extra-Menses Bleeding,,,,,,,,,,,,,,,,,,,,,menses;-postpartum-bleeding;-extra-menses-bleeding
1024,437,فضل الوضوء,Excellence of Ablution,,Excellence of Ablution,Excellence of Ablution,Excellence of Ablution,Excellence of Ablution,,,Excellence of Ablution,,Excellence of Ablution,Excellence of Ablution,,,,Excellence of Ablution,,,,,,,,,,,,,,,,,,,,,excellence-of-ablution
1025,437,أركان الوضوء,Pillars of Ablution,,Pillars of Ablution,Pillars of Ablution,Pillars of Ablution,Pillars of Ablution,,,Pillars of Ablution,,Pillars of Ablution,Pillars of Ablution,,,,Pillars of Ablution,,,,,,,,,,,,,,,,,,,,,pillars-of-ablution
1026,437,سنن وآداب الوضوء,Recommended Acts and Manners of Ablution,,Recommended Acts and Manners of Ablution,Recommended Acts and Manners of Ablution,Recommended Acts and Manners of Ablution,Recommended Acts and Manners of Ablution,,,Recommended Acts and Manners of Ablution,,Recommended Acts and Manners of Ablution,Recommended Acts and Manners of Ablution,,,,Recommended Acts and Manners of Ablution,,,,,,,,,,,,,,,,,,,,,recommended-acts-and-manners-of-ablution
1027,437,صفة الوضوء,Method of Ablution,,Method of Ablution,Method of Ablution,Method of Ablution,Method of Ablution,,,Method of Ablution,,Method of Ablution,Method of Ablution,,,,Method of Ablution,,,,,,,,,,,,,,,,,,,,,method-of-ablution
1028,437,نواقض الوضوء,Nullifiers of Ablution,,Nullifiers of Ablution,Nullifiers of Ablution,Nullifiers of Ablution,Nullifiers of Ablution,,,Nullifiers of Ablution,,Nullifiers of Ablution,Nullifiers of Ablution,,,,Nullifiers of Ablution,,,,,,,,,,,,,,,,,,,,,nullifiers-of-ablution
1029,438,أحكام الغسل,Rulings of the Ritual Bath,,Rulings of the Ritual Bath,Rulings of the Ritual Bath,Rulings of the Ritual Bath,Rulings of the Ritual Bath,,,Rulings of the Ritual Bath,,Rulings of the Ritual Bath,Rulings of the Ritual Bath,,,,Rulings of the Ritual Bath,,,,,,,,,,,,,,,,,,,,,rulings-of-the-ritual-bath
1030,438,موجبات الغسل,Causes of Obligatory Ritual Bath,,Causes of Obligatory Ritual Bath,Causes of Obligatory Ritual Bath,Causes of Obligatory Ritual Bath,Causes of Obligatory Ritual Bath,,,Causes of Obligatory Ritual Bath,,Causes of Obligatory Ritual Bath,Causes of Obligatory Ritual Bath,,,,Causes of Obligatory Ritual Bath,,,,,,,,,,,,,,,,,,,,,causes-of-obligatory-ritual-bath
1031,438,سنن وآداب الغسل,Recommended Manners of the Ritual Bath,,Recommended Manners of the Ritual Bath,Recommended Manners of the Ritual Bath,Recommended Manners of the Ritual Bath,Recommended Manners of the Ritual Bath,,,Recommended Manners of the Ritual Bath,,Recommended Manners of the Ritual Bath,Recommended Manners of the Ritual Bath,,,,Recommended Manners of the Ritual Bath,,,,,,,,,,,,,,,,,,,,,recommended-manners-of-the-ritual-bath
1032,134,وجوب الصلاة وحكم تاركها,Obligation of Prayer and Ruling on Its Abandoner,,Obligation of Prayer and Ruling on Its Abandoner,Obligation of Prayer and Ruling on Its Abandoner,Obligation of Prayer and Ruling on Its Abandoner,Obligation of Prayer and Ruling on Its Abandoner,,,Obligation of Prayer and Ruling on Its Abandoner,,Obligation of Prayer and Ruling on Its Abandoner,Obligation of Prayer and Ruling on Its Abandoner,,,,Obligation of Prayer and Ruling on Its Abandoner,,,,,,,,,,,,,,,,,,,,,obligation-of-prayer-and-ruling-on-its-abandoner
1033,134,فضل الصلاة,Virtue of Prayer,,Virtue of Prayer,Virtue of Prayer,Virtue of Prayer,Virtue of Prayer,,,Virtue of Prayer,,Virtue of Prayer,Virtue of Prayer,,,,Virtue of Prayer,,,,,,,,,,,,,,,,,,,,,virtue-of-prayer
1034,134,الأذان والإقامة,The Azan and Iqaamah,,The Azan and Iqaamah,The Azan and Iqaamah,The Azan and Iqaamah,The Azan and Iqaamah,,,The Azan and Iqaamah,,The Azan and Iqaamah,The Azan and Iqaamah,,,,The Azan and Iqaamah,,,,,,,,,,,,,,,,,,,,,the-azan-and-iqaamah
1035,134,أوقات النهي عن الصلاة,Times Not to Pray,,Times Not to Pray,Times Not to Pray,Times Not to Pray,Times Not to Pray,,,Times Not to Pray,,Times Not to Pray,Times Not to Pray,,,,Times Not to Pray,,,,,,,,,,,,,,,,,,,,,times-not-to-pray
1036,134,شروط الصلاة,Conditions of Prayer,,Conditions of Prayer,Conditions of Prayer,Conditions of Prayer,Conditions of Prayer,,,Conditions of Prayer,,Conditions of Prayer,Conditions of Prayer,,,,Conditions of Prayer,,,,,,,,,,,,,,,,,,,,,conditions-of-prayer
1037,134,أركان الصلاة,Pillars of Prayer,,Pillars of Prayer,Pillars of Prayer,Pillars of Prayer,Pillars of Prayer,,,Pillars of Prayer,,Pillars of Prayer,Pillars of Prayer,,,,Pillars of Prayer,,,,,,,,,,,,,,,,,,,,,pillars-of-prayer
1038,134,واجبات الصلاة,Obligatory Acts of Prayer,,Obligatory Acts of Prayer,Obligatory Acts of Prayer,Obligatory Acts of Prayer,Obligatory Acts of Prayer,,,Obligatory Acts of Prayer,,Obligatory Acts of Prayer,Obligatory Acts of Prayer,,,,Obligatory Acts of Prayer,,,,,,,,,,,,,,,,,,,,,obligatory-acts-of-prayer
1039,134,سنن الصلاة,Recommended Acts of Prayer,,Recommended Acts of Prayer,Recommended Acts of Prayer,Recommended Acts of Prayer,Recommended Acts of Prayer,,,Recommended Acts of Prayer,,Recommended Acts of Prayer,Recommended Acts of Prayer,,,,Recommended Acts of Prayer,,,,,,,,,,,,,,,,,,,,,recommended-acts-of-prayer
1040,134,صفة الصلاة,Method of Prayer,,Method of Prayer,Method of Prayer,Method of Prayer,Method of Prayer,,,Method of Prayer,,Method of Prayer,Method of Prayer,,,,Method of Prayer,,,,,,,,,,,,,,,,,,,,,method-of-prayer
1041,134,أذكار الصلاة,Dhikr (Invocation) during Prayer,,Dhikr (Invocation) during Prayer,Dhikr (Invocation) during Prayer,Dhikr (Invocation) during Prayer,Dhikr (Invocation) during Prayer,,,Dhikr (Invocation) during Prayer,,Dhikr (Invocation) during Prayer,Dhikr (Invocation) during Prayer,,,,Dhikr (Invocation) during Prayer,,,,,,,,,,,,,,,,,,,,,dhikr-invocation-during-prayer
1042,134,مبطلات الصلاة,Nullifiers of Prayer,,Nullifiers of Prayer,Nullifiers of Prayer,Nullifiers of Prayer,Nullifiers of Prayer,,,Nullifiers of Prayer,,Nullifiers of Prayer,Nullifiers of Prayer,,,,Nullifiers of Prayer,,,,,,,,,,,,,,,,,,,,,nullifiers-of-prayer
1043,134,أخطاء المصلين,Mistakes during Prayer,,Mistakes during Prayer,Mistakes during Prayer,Mistakes during Prayer,Mistakes during Prayer,,,Mistakes during Prayer,,Mistakes during Prayer,Mistakes during Prayer,,,,Mistakes during Prayer,,,,,,,,,,,,,,,,,,,,,mistakes-during-prayer
1044,134,سجود السهو والتلاوة والشكر,Prostration of Forgetfulness; Recitation; Gratitude,,Prostration of Forgetfulness; Recitation; Gratitude,Prostration of Forgetfulness; Recitation; Gratitude,Prostration of Forgetfulness; Recitation; Gratitude,Prostration of Forgetfulness; Recitation; Gratitude,,,Prostration of Forgetfulness; Recitation; Gratitude,,Prostration of Forgetfulness; Recitation; Gratitude,Prostration of Forgetfulness; Recitation; Gratitude,,,,Prostration of Forgetfulness; Recitation; Gratitude,,,,,,,,,,,,,,,,,,,,,prostration-of-forgetfulness;-recitation;-gratitude
1045,134,فضل صلاة الجماعة وأحكامها,Virtue and Rulings of Congregational Prayer,,Virtue and Rulings of Congregational Prayer,Virtue and Rulings of Congregational Prayer,Virtue and Rulings of Congregational Prayer,Virtue and Rulings of Congregational Prayer,,,Virtue and Rulings of Congregational Prayer,,Virtue and Rulings of Congregational Prayer,Virtue and Rulings of Congregational Prayer,,,,Virtue and Rulings of Congregational Prayer,,,,,,,,,,,,,,,,,,,,,virtue-and-rulings-of-congregational-prayer
1046,134,أحكام الإمام والمأموم,Rulings of the Imam and Followers in Prayer,,Rulings of the Imam and Followers in Prayer,Rulings of the Imam and Followers in Prayer,Rulings of the Imam and Followers in Prayer,Rulings of the Imam and Followers in Prayer,,,Rulings of the Imam and Followers in Prayer,,Rulings of the Imam and Followers in Prayer,Rulings of the Imam and Followers in Prayer,,,,Rulings of the Imam and Followers in Prayer,,,,,,,,,,,,,,,,,,,,,rulings-of-the-imam-and-followers-in-prayer
1047,134,صلاة أهل الأعذار,Prayer of the People with Excuses,,Prayer of the People with Excuses,Prayer of the People with Excuses,Prayer of the People with Excuses,Prayer of the People with Excuses,,,Prayer of the People with Excuses,,Prayer of the People with Excuses,Prayer of the People with Excuses,,,,Prayer of the People with Excuses,,,,,,,,,,,,,,,,,,,,,prayer-of-the-people-with-excuses
1048,134,صلاة الجمعة,Jumu‘ah (Friday) Prayer,,Jumu‘ah (Friday) Prayer,Jumu‘ah (Friday) Prayer,Jumu‘ah (Friday) Prayer,Jumu‘ah (Friday) Prayer,,,Jumu‘ah (Friday) Prayer,,Jumu‘ah (Friday) Prayer,Jumu‘ah (Friday) Prayer,,,,Jumu‘ah (Friday) Prayer,,,,,,,,,,,,,,,,,,,,,jumu‘ah-friday-prayer
1049,134,صلاة التطوع,Voluntary Prayer,,Voluntary Prayer,Voluntary Prayer,Voluntary Prayer,Voluntary Prayer,,,Voluntary Prayer,,Voluntary Prayer,Voluntary Prayer,,,,Voluntary Prayer,,,,,,,,,,,,,,,,,,,,,voluntary-prayer
1050,134,صلاة الخوف,Prayer of Fear,,Prayer of Fear,Prayer of Fear,Prayer of Fear,Prayer of Fear,,,Prayer of Fear,,Prayer of Fear,Prayer of Fear,,,,Prayer of Fear,,,,,,,,,,,,,,,,,,,,,prayer-of-fear
1051,472,فضل يوم الجمعة,Virtue of Friday,,Virtue of Friday,Virtue of Friday,Virtue of Friday,Virtue of Friday,,,Virtue of Friday,,Virtue of Friday,Virtue of Friday,,,,Virtue of Friday,,,,,,,,,,,,,,,,,,,,,virtue-of-friday
1052,472,فضل صلاة الجمعة,Merit of Jumu‘ah Prayer,,Merit of Jumu‘ah Prayer,Merit of Jumu‘ah Prayer,Merit of Jumu‘ah Prayer,Merit of Jumu‘ah Prayer,,,Merit of Jumu‘ah Prayer,,Merit of Jumu‘ah Prayer,Merit of Jumu‘ah Prayer,,,,Merit of Jumu‘ah Prayer,,,,,,,,,,,,,,,,,,,,,merit-of-jumu‘ah-prayer
1053,472,أحكام صلاة الجمعة,Rulings of Jumu‘ah Prayer,,Rulings of Jumu‘ah Prayer,Rulings of Jumu‘ah Prayer,Rulings of Jumu‘ah Prayer,Rulings of Jumu‘ah Prayer,,,Rulings of Jumu‘ah Prayer,,Rulings of Jumu‘ah Prayer,Rulings of Jumu‘ah Prayer,,,,Rulings of Jumu‘ah Prayer,,,,,,,,,,,,,,,,,,,,,rulings-of-jumu‘ah-prayer
1054,472,أحكام خطبة الجمعة,Rulings of Jumu‘ah Sermon,,Rulings of Jumu‘ah Sermon,Rulings of Jumu‘ah Sermon,Rulings of Jumu‘ah Sermon,Rulings of Jumu‘ah Sermon,,,Rulings of Jumu‘ah Sermon,,Rulings of Jumu‘ah Sermon,Rulings of Jumu‘ah Sermon,,,,Rulings of Jumu‘ah Sermon,,,,,,,,,,,,,,,,,,,,,rulings-of-jumu‘ah-sermon
1055,473,فضل صلاة التطوع,Virtue of Voluntary Prayer,,Virtue of Voluntary Prayer,Virtue of Voluntary Prayer,Virtue of Voluntary Prayer,Virtue of Voluntary Prayer,,,Virtue of Voluntary Prayer,,Virtue of Voluntary Prayer,Virtue of Voluntary Prayer,,,,Virtue of Voluntary Prayer,,,,,,,,,,,,,,,,,,,,,virtue-of-voluntary-prayer
1056,473,السنن الرواتب,Regular Sunnah (Recommended) Prayers,,Regular Sunnah (Recommended) Prayers,Regular Sunnah (Recommended) Prayers,Regular Sunnah (Recommended) Prayers,Regular Sunnah (Recommended) Prayers,,,Regular Sunnah (Recommended) Prayers,,Regular Sunnah (Recommended) Prayers,Regular Sunnah (Recommended) Prayers,,,,Regular Sunnah (Recommended) Prayers,,,,,,,,,,,,,,,,,,,,,regular-sunnah-recommended-prayers
1057,473,قيام الليل,Voluntary Night Prayer (Qiyaam),,Voluntary Night Prayer (Qiyaam),Voluntary Night Prayer (Qiyaam),Voluntary Night Prayer (Qiyaam),Voluntary Night Prayer (Qiyaam),,,Voluntary Night Prayer (Qiyaam),,Voluntary Night Prayer (Qiyaam),Voluntary Night Prayer (Qiyaam),,,,Voluntary Night Prayer (Qiyaam),,,,,,,,,,,,,,,,,,,,,voluntary-night-prayer-qiyaam
1058,473,صلاة العيدين,Prayer of the Two Eids,,Prayer of the Two Eids,Prayer of the Two Eids,Prayer of the Two Eids,Prayer of the Two Eids,,,Prayer of the Two Eids,,Prayer of the Two Eids,Prayer of the Two Eids,,,,Prayer of the Two Eids,,,,,,,,,,,,,,,,,,,,,prayer-of-the-two-eids
1059,134,صلاة الكسوف والخسوف,Prayer of the Solar and Lunar Eclipse,,Prayer of the Solar and Lunar Eclipse,Prayer of the Solar and Lunar Eclipse,Prayer of the Solar and Lunar Eclipse,Prayer of the Solar and Lunar Eclipse,,,Prayer of the Solar and Lunar Eclipse,,Prayer of the Solar and Lunar Eclipse,Prayer of the Solar and Lunar Eclipse,,,,Prayer of the Solar and Lunar Eclipse,,,,,,,,,,,,,,,,,,,,,prayer-of-the-solar-and-lunar-eclipse
1060,134,صلاة الاستسقاء,Rain-Seeking Prayer,,Rain-Seeking Prayer,Rain-Seeking Prayer,Rain-Seeking Prayer,Rain-Seeking Prayer,,,Rain-Seeking Prayer,,Rain-Seeking Prayer,Rain-Seeking Prayer,,,,Rain-Seeking Prayer,,,,,,,,,,,,,,,,,,,,,rain-seeking-prayer
1061,473,صلاة الضحى,Forenoon Prayer,,Forenoon Prayer,Forenoon Prayer,Forenoon Prayer,Forenoon Prayer,,,Forenoon Prayer,,Forenoon Prayer,Forenoon Prayer,,,,Forenoon Prayer,,,,,,,,,,,,,,,,,,,,,forenoon-prayer
1062,473,صلاة الاستخارة,Guidance-Seeking Prayer,,Guidance-Seeking Prayer,Guidance-Seeking Prayer,Guidance-Seeking Prayer,Guidance-Seeking Prayer,,,Guidance-Seeking Prayer,,Guidance-Seeking Prayer,Guidance-Seeking Prayer,,,,Guidance-Seeking Prayer,,,,,,,,,,,,,,,,,,,,,guidance-seeking-prayer
1063,135,الموت وأحكامه,Death and Its Rulings,,Death and Its Rulings,Death and Its Rulings,Death and Its Rulings,Death and Its Rulings,,,Death and Its Rulings,,Death and Its Rulings,Death and Its Rulings,,,,Death and Its Rulings,,,,,,,,,,,,,,,,,,,,,death-and-its-rulings
1064,135,غسل الميت,Washing the Dead,,Washing the Dead,Washing the Dead,Washing the Dead,Washing the Dead,,,Washing the Dead,,Washing the Dead,Washing the Dead,,,,Washing the Dead,,,,,,,,,,,,,,,,,,,,,washing-the-dead
1065,135,صفة الصلاة على الميت,Method of Praying over the Dead,,Method of Praying over the Dead,Method of Praying over the Dead,Method of Praying over the Dead,Method of Praying over the Dead,,,Method of Praying over the Dead,,Method of Praying over the Dead,Method of Praying over the Dead,,,,Method of Praying over the Dead,,,,,,,,,,,,,,,,,,,,,method-of-praying-over-the-dead
1066,135,حمل الميت ودفنه,Carrying and Burying the Dead,,Carrying and Burying the Dead,Carrying and Burying the Dead,Carrying and Burying the Dead,Carrying and Burying the Dead,,,Carrying and Burying the Dead,,Carrying and Burying the Dead,Carrying and Burying the Dead,,,,Carrying and Burying the Dead,,,,,,,,,,,,,,,,,,,,,carrying-and-burying-the-dead
1067,135,التعزية,Consolation,,Consolation,Consolation,Consolation,Consolation,,,Consolation,,Consolation,Consolation,,,,Consolation,,,,,,,,,,,,,,,,,,,,,consolation
1068,135,زيارة القبور,Visiting the Graves,,Visiting the Graves,Visiting the Graves,Visiting the Graves,Visiting the Graves,,,Visiting the Graves,,Visiting the Graves,Visiting the Graves,,,,Visiting the Graves,,,,,,,,,,,,,,,,,,,,,visiting-the-graves
1069,135,الأعمال الصالحة عن الميت وإهداء الثواب له,Doing Good Deeds on behalf of the Deceased and Gifting them the Reward,,Doing Good Deeds on behalf of the Deceased and Gifting them the Reward,Doing Good Deeds on behalf of the Deceased and Gifting them the Reward,Doing Good Deeds on behalf of the Deceased and Gifting them the Reward,Doing Good Deeds on behalf of the Deceased and Gifting them the Reward,,,Doing Good Deeds on behalf of the Deceased and Gifting them the Reward,,Doing Good Deeds on behalf of the Deceased and Gifting them the Reward,Doing Good Deeds on behalf of the Deceased and Gifting them the Reward,,,,Doing Good Deeds on behalf of the Deceased and Gifting them the Reward,,,,,,,,,,,,,,,,,,,,,doing-good-deeds-on-behalf-of-the-deceased-and-gifting-them-the-reward
1070,136,وجوب الزكاة وحكم تاركها,Obligation of Zakah and Ruling of Its Abandoning,,Obligation of Zakah and Ruling of Its Abandoning,Obligation of Zakah and Ruling of Its Abandoning,Obligation of Zakah and Ruling of Its Abandoning,Obligation of Zakah and Ruling of Its Abandoning,,,Obligation of Zakah and Ruling of Its Abandoning,,Obligation of Zakah and Ruling of Its Abandoning,Obligation of Zakah and Ruling of Its Abandoning,,,,Obligation of Zakah and Ruling of Its Abandoning,,,,,,,,,,,,,,,,,,,,,obligation-of-zakah-and-ruling-of-its-abandoning
1071,136,أحكام ومسائل الزكاة,Rulings and Issues of Zakah,,Rulings and Issues of Zakah,Rulings and Issues of Zakah,Rulings and Issues of Zakah,Rulings and Issues of Zakah,,,Rulings and Issues of Zakah,,Rulings and Issues of Zakah,Rulings and Issues of Zakah,,,,Rulings and Issues of Zakah,,,,,,,,,,,,,,,,,,,,,rulings-and-issues-of-zakah
1072,136,زكاة النقدين,Zakah of Gold and Silver,,Zakah of Gold and Silver,Zakah of Gold and Silver,Zakah of Gold and Silver,Zakah of Gold and Silver,,,Zakah of Gold and Silver,,Zakah of Gold and Silver,Zakah of Gold and Silver,,,,Zakah of Gold and Silver,,,,,,,,,,,,,,,,,,,,,zakah-of-gold-and-silver
1073,136,زكاة بهيمة الأنعام,Zakah of Livestock,,Zakah of Livestock,Zakah of Livestock,Zakah of Livestock,Zakah of Livestock,,,Zakah of Livestock,,Zakah of Livestock,Zakah of Livestock,,,,Zakah of Livestock,,,,,,,,,,,,,,,,,,,,,zakah-of-livestock
1074,136,زكاة الخارج من الأرض,Zakah of Land Produce,,Zakah of Land Produce,Zakah of Land Produce,Zakah of Land Produce,Zakah of Land Produce,,,Zakah of Land Produce,,Zakah of Land Produce,Zakah of Land Produce,,,,Zakah of Land Produce,,,,,,,,,,,,,,,,,,,,,zakah-of-land-produce
1075,136,زكاة الفطر,Zakat-ul-Fitr (Minor-Eid Charity),,Zakat-ul-Fitr (Minor-Eid Charity),Zakat-ul-Fitr (Minor-Eid Charity),Zakat-ul-Fitr (Minor-Eid Charity),Zakat-ul-Fitr (Minor-Eid Charity),,,Zakat-ul-Fitr (Minor-Eid Charity),,Zakat-ul-Fitr (Minor-Eid Charity),Zakat-ul-Fitr (Minor-Eid Charity),,,,Zakat-ul-Fitr (Minor-Eid Charity),,,,,,,,,,,,,,,,,,,,,zakat-ul-fitr-minor-eid-charity
1076,136,مصارف الزكاة,Channels of Zakah (People Who Receive Zakah),,Channels of Zakah (People Who Receive Zakah),Channels of Zakah (People Who Receive Zakah),Channels of Zakah (People Who Receive Zakah),Channels of Zakah (People Who Receive Zakah),,,Channels of Zakah (People Who Receive Zakah),,Channels of Zakah (People Who Receive Zakah),Channels of Zakah (People Who Receive Zakah),,,,Channels of Zakah (People Who Receive Zakah),,,,,,,,,,,,,,,,,,,,,channels-of-zakah-people-who-receive-zakah
1077,136,صدقة التطوع,Voluntary Charity,,Voluntary Charity,Voluntary Charity,Voluntary Charity,Voluntary Charity,,,Voluntary Charity,,Voluntary Charity,Voluntary Charity,,,,Voluntary Charity,,,,,,,,,,,,,,,,,,,,,voluntary-charity
1078,137,وجوب الصيام وحكم تاركه,Obligation of Fasting and Ruling of Its Abandoning,,Obligation of Fasting and Ruling of Its Abandoning,Obligation of Fasting and Ruling of Its Abandoning,Obligation of Fasting and Ruling of Its Abandoning,Obligation of Fasting and Ruling of Its Abandoning,,,Obligation of Fasting and Ruling of Its Abandoning,,Obligation of Fasting and Ruling of Its Abandoning,Obligation of Fasting and Ruling of Its Abandoning,,,,Obligation of Fasting and Ruling of Its Abandoning,,,,,,,,,,,,,,,,,,,,,obligation-of-fasting-and-ruling-of-its-abandoning
1079,137,فضل الصيام,Virtue of Fasting,,Virtue of Fasting,Virtue of Fasting,Virtue of Fasting,Virtue of Fasting,,,Virtue of Fasting,,Virtue of Fasting,Virtue of Fasting,,,,Virtue of Fasting,,,,,,,,,,,,,,,,,,,,,virtue-of-fasting
1080,137,سنن الصيام,Recommended Acts of Fasting,,Recommended Acts of Fasting,Recommended Acts of Fasting,Recommended Acts of Fasting,Recommended Acts of Fasting,,,Recommended Acts of Fasting,,Recommended Acts of Fasting,Recommended Acts of Fasting,,,,Recommended Acts of Fasting,,,,,,,,,,,,,,,,,,,,,recommended-acts-of-fasting
1081,137,رؤية الهلال,Sighting the Crescent,,Sighting the Crescent,Sighting the Crescent,Sighting the Crescent,Sighting the Crescent,,,Sighting the Crescent,,Sighting the Crescent,Sighting the Crescent,,,,Sighting the Crescent,,,,,,,,,,,,,,,,,,,,,sighting-the-crescent
1082,137,صيام يوم الشك,Fasting on the Day of Doubt,,Fasting on the Day of Doubt,Fasting on the Day of Doubt,Fasting on the Day of Doubt,Fasting on the Day of Doubt,,,Fasting on the Day of Doubt,,Fasting on the Day of Doubt,Fasting on the Day of Doubt,,,,Fasting on the Day of Doubt,,,,,,,,,,,,,,,,,,,,,fasting-on-the-day-of-doubt
1083,137,قضاء الصيام,Fasting Missed Days of Ramadaan,,Fasting Missed Days of Ramadaan,Fasting Missed Days of Ramadaan,Fasting Missed Days of Ramadaan,Fasting Missed Days of Ramadaan,,,Fasting Missed Days of Ramadaan,,Fasting Missed Days of Ramadaan,Fasting Missed Days of Ramadaan,,,,Fasting Missed Days of Ramadaan,,,,,,,,,,,,,,,,,,,,,fasting-missed-days-of-ramadaan
1084,137,صيام أهل الأعذار,Fasting of People with Excuses,,Fasting of People with Excuses,Fasting of People with Excuses,Fasting of People with Excuses,Fasting of People with Excuses,,,Fasting of People with Excuses,,Fasting of People with Excuses,Fasting of People with Excuses,,,,Fasting of People with Excuses,,,,,,,,,,,,,,,,,,,,,fasting-of-people-with-excuses
1085,137,مفسدات الصيام,Nullifiers of Fasting,,Nullifiers of Fasting,Nullifiers of Fasting,Nullifiers of Fasting,Nullifiers of Fasting,,,Nullifiers of Fasting,,Nullifiers of Fasting,Nullifiers of Fasting,,,,Nullifiers of Fasting,,,,,,,,,,,,,,,,,,,,,nullifiers-of-fasting
1086,137,ما يجب على الصائم,Fasting Obligations,,Fasting Obligations,Fasting Obligations,Fasting Obligations,Fasting Obligations,,,Fasting Obligations,,Fasting Obligations,Fasting Obligations,,,,Fasting Obligations,,,,,,,,,,,,,,,,,,,,,fasting-obligations
1087,137,ما يجوز للصائم,What is Permissible for the Fasting Person,,What is Permissible for the Fasting Person,What is Permissible for the Fasting Person,What is Permissible for the Fasting Person,What is Permissible for the Fasting Person,,,What is Permissible for the Fasting Person,,What is Permissible for the Fasting Person,What is Permissible for the Fasting Person,,,,What is Permissible for the Fasting Person,,,,,,,,,,,,,,,,,,,,,what-is-permissible-for-the-fasting-person
1088,137,ما يحرم على الصائم,Fasting Prohibitions,,Fasting Prohibitions,Fasting Prohibitions,Fasting Prohibitions,Fasting Prohibitions,,,Fasting Prohibitions,,Fasting Prohibitions,Fasting Prohibitions,,,,Fasting Prohibitions,,,,,,,,,,,,,,,,,,,,,fasting-prohibitions
1089,137,ما يكره للصائم,What is Disliked for the Fasting Person,,What is Disliked for the Fasting Person,What is Disliked for the Fasting Person,What is Disliked for the Fasting Person,What is Disliked for the Fasting Person,,,What is Disliked for the Fasting Person,,What is Disliked for the Fasting Person,What is Disliked for the Fasting Person,,,,What is Disliked for the Fasting Person,,,,,,,,,,,,,,,,,,,,,what-is-disliked-for-the-fasting-person
1090,137,صيام التطوع,Voluntary Fasting,,Voluntary Fasting,Voluntary Fasting,Voluntary Fasting,Voluntary Fasting,,,Voluntary Fasting,,Voluntary Fasting,Voluntary Fasting,,,,Voluntary Fasting,,,,,,,,,,,,,,,,,,,,,voluntary-fasting
1091,137,الاعتكاف,Seclusion for Worship in Ramadaan (I‘tikaaf),,Seclusion for Worship in Ramadaan (I‘tikaaf),Seclusion for Worship in Ramadaan (I‘tikaaf),Seclusion for Worship in Ramadaan (I‘tikaaf),Seclusion for Worship in Ramadaan (I‘tikaaf),,,Seclusion for Worship in Ramadaan (I‘tikaaf),,Seclusion for Worship in Ramadaan (I‘tikaaf),Seclusion for Worship in Ramadaan (I‘tikaaf),,,,Seclusion for Worship in Ramadaan (I‘tikaaf),,,,,,,,,,,,,,,,,,,,,seclusion-for-worship-in-ramadaan-i‘tikaaf
1092,137,العشر الأواخر من رمضان,Last Ten Days of Ramadaan,,Last Ten Days of Ramadaan,Last Ten Days of Ramadaan,Last Ten Days of Ramadaan,Last Ten Days of Ramadaan,,,Last Ten Days of Ramadaan,,Last Ten Days of Ramadaan,Last Ten Days of Ramadaan,,,,Last Ten Days of Ramadaan,,,,,,,,,,,,,,,,,,,,,last-ten-days-of-ramadaan
1093,138,وجوب الحج والعمرة وحكم تاركهما,Obligation of Hajj and ‘Umrah and Ruling of Its Abandoner,,Obligation of Hajj and ‘Umrah and Ruling of Its Abandoner,Obligation of Hajj and ‘Umrah and Ruling of Its Abandoner,Obligation of Hajj and ‘Umrah and Ruling of Its Abandoner,Obligation of Hajj and ‘Umrah and Ruling of Its Abandoner,,,Obligation of Hajj and ‘Umrah and Ruling of Its Abandoner,,Obligation of Hajj and ‘Umrah and Ruling of Its Abandoner,Obligation of Hajj and ‘Umrah and Ruling of Its Abandoner,,,,Obligation of Hajj and ‘Umrah and Ruling of Its Abandoner,,,,,,,,,,,,,,,,,,,,,obligation-of-hajj-and-‘umrah-and-ruling-of-its-abandoner
1094,138,فضل الحج والعمرة,Virtue of Hajj and Umrah,,Virtue of Hajj and Umrah,Virtue of Hajj and Umrah,Virtue of Hajj and Umrah,Virtue of Hajj and Umrah,,,Virtue of Hajj and Umrah,,Virtue of Hajj and Umrah,Virtue of Hajj and Umrah,,,,Virtue of Hajj and Umrah,,,,,,,,,,,,,,,,,,,,,virtue-of-hajj-and-umrah
1095,138,العشر من ذي الحجة,First Ten Days of Dhul Hijjah (Twelfth Lunar Month),,First Ten Days of Dhul Hijjah (Twelfth Lunar Month),First Ten Days of Dhul Hijjah (Twelfth Lunar Month),First Ten Days of Dhul Hijjah (Twelfth Lunar Month),First Ten Days of Dhul Hijjah (Twelfth Lunar Month),,,First Ten Days of Dhul Hijjah (Twelfth Lunar Month),,First Ten Days of Dhul Hijjah (Twelfth Lunar Month),First Ten Days of Dhul Hijjah (Twelfth Lunar Month),,,,First Ten Days of Dhul Hijjah (Twelfth Lunar Month),,,,,,,,,,,,,,,,,,,,,first-ten-days-of-dhul-hijjah-twelfth-lunar-month
1096,138,أحكام المسجد الحرام والمسجد النبوي وبيت المقدس,Rulings of Al-Masjid Al-Haraam; the Prophet's Mosque; and the Aqsa Mosque,,Rulings of Al-Masjid Al-Haraam; the Prophet's Mosque; and the Aqsa Mosque,Rulings of Al-Masjid Al-Haraam; the Prophet's Mosque; and the Aqsa Mosque,Rulings of Al-Masjid Al-Haraam; the Prophet's Mosque; and the Aqsa Mosque,Rulings of Al-Masjid Al-Haraam; the Prophet's Mosque; and the Aqsa Mosque,,,Rulings of Al-Masjid Al-Haraam; the Prophet's Mosque; and the Aqsa Mosque,,Rulings of Al-Masjid Al-Haraam; the Prophet's Mosque; and the Aqsa Mosque,Rulings of Al-Masjid Al-Haraam; the Prophet's Mosque; and the Aqsa Mosque,,,,Rulings of Al-Masjid Al-Haraam; the Prophet's Mosque; and the Aqsa Mosque,,,,,,,,,,,,,,,,,,,,,rulings-of-al-masjid-al-haraam;-the-prophets-mosque;-and-the-aqsa-mosque
1097,138,أحكام الإحرام,Rulings of Ihraam (the Ritual State of Consecration),,Rulings of Ihraam (the Ritual State of Consecration),Rulings of Ihraam (the Ritual State of Consecration),Rulings of Ihraam (the Ritual State of Consecration),Rulings of Ihraam (the Ritual State of Consecration),,,Rulings of Ihraam (the Ritual State of Consecration),,Rulings of Ihraam (the Ritual State of Consecration),Rulings of Ihraam (the Ritual State of Consecration),,,,Rulings of Ihraam (the Ritual State of Consecration),,,,,,,,,,,,,,,,,,,,,rulings-of-ihraam-the-ritual-state-of-consecration
1098,138,محظورات الإحرام,Prohibitions of Ihraam,,Prohibitions of Ihraam,Prohibitions of Ihraam,Prohibitions of Ihraam,Prohibitions of Ihraam,,,Prohibitions of Ihraam,,Prohibitions of Ihraam,Prohibitions of Ihraam,,,,Prohibitions of Ihraam,,,,,,,,,,,,,,,,,,,,,prohibitions-of-ihraam
1099,138,الفدية وجزاء الصيد,Ransom and Hunting Expiation,,Ransom and Hunting Expiation,Ransom and Hunting Expiation,Ransom and Hunting Expiation,Ransom and Hunting Expiation,,,Ransom and Hunting Expiation,,Ransom and Hunting Expiation,Ransom and Hunting Expiation,,,,Ransom and Hunting Expiation,,,,,,,,,,,,,,,,,,,,,ransom-and-hunting-expiation
1100,138,أنواع النسك,Types of Rituals (Pilgrimage),,Types of Rituals (Pilgrimage),Types of Rituals (Pilgrimage),Types of Rituals (Pilgrimage),Types of Rituals (Pilgrimage),,,Types of Rituals (Pilgrimage),,Types of Rituals (Pilgrimage),Types of Rituals (Pilgrimage),,,,Types of Rituals (Pilgrimage),,,,,,,,,,,,,,,,,,,,,types-of-rituals-pilgrimage
1101,138,واجبات العمرة,Obligations of ‘Umrah,,Obligations of ‘Umrah,Obligations of ‘Umrah,Obligations of ‘Umrah,Obligations of ‘Umrah,,,Obligations of ‘Umrah,,Obligations of ‘Umrah,Obligations of ‘Umrah,,,,Obligations of ‘Umrah,,,,,,,,,,,,,,,,,,,,,obligations-of-‘umrah
1102,138,صفة الحج,How to Make Hajj (Pilgrimage),,How to Make Hajj (Pilgrimage),How to Make Hajj (Pilgrimage),How to Make Hajj (Pilgrimage),How to Make Hajj (Pilgrimage),,,How to Make Hajj (Pilgrimage),,How to Make Hajj (Pilgrimage),How to Make Hajj (Pilgrimage),,,,How to Make Hajj (Pilgrimage),,,,,,,,,,,,,,,,,,,,,how-to-make-hajj-pilgrimage
1103,138,أركان الحج,Pillars of Hajj (Pilgrimage),,Pillars of Hajj (Pilgrimage),Pillars of Hajj (Pilgrimage),Pillars of Hajj (Pilgrimage),Pillars of Hajj (Pilgrimage),,,Pillars of Hajj (Pilgrimage),,Pillars of Hajj (Pilgrimage),Pillars of Hajj (Pilgrimage),,,,Pillars of Hajj (Pilgrimage),,,,,,,,,,,,,,,,,,,,,pillars-of-hajj-pilgrimage
1104,138,واجبات الحج,Obligations of Hajj (Pilgrimage),,Obligations of Hajj (Pilgrimage),Obligations of Hajj (Pilgrimage),Obligations of Hajj (Pilgrimage),Obligations of Hajj (Pilgrimage),,,Obligations of Hajj (Pilgrimage),,Obligations of Hajj (Pilgrimage),Obligations of Hajj (Pilgrimage),,,,Obligations of Hajj (Pilgrimage),,,,,,,,,,,,,,,,,,,,,obligations-of-hajj-pilgrimage
1105,138,أحكام المسجد النبوي,Rulings of the Prophet's Mosque,,Rulings of the Prophet's Mosque,Rulings of the Prophet's Mosque,Rulings of the Prophet's Mosque,Rulings of the Prophet's Mosque,,,Rulings of the Prophet's Mosque,,Rulings of the Prophet's Mosque,Rulings of the Prophet's Mosque,,,,Rulings of the Prophet's Mosque,,,,,,,,,,,,,,,,,,,,,rulings-of-the-prophets-mosque
1106,138,الهدي والكفارات,Sacrificial Animals and Expiations,,Sacrificial Animals and Expiations,Sacrificial Animals and Expiations,Sacrificial Animals and Expiations,Sacrificial Animals and Expiations,,,Sacrificial Animals and Expiations,,Sacrificial Animals and Expiations,Sacrificial Animals and Expiations,,,,Sacrificial Animals and Expiations,,,,,,,,,,,,,,,,,,,,,sacrificial-animals-and-expiations
1107,138,الأضحية,Sacrifice,,Sacrifice,Sacrifice,Sacrifice,Sacrifice,,,Sacrifice,,Sacrifice,Sacrifice,,,,Sacrifice,,,,,,,,,,,,,,,,,,,,,sacrifice
1108,138,أحكام ومسائل الحج والعمرة,Rulings and Issues of Hajj and ‘Umrah,,Rulings and Issues of Hajj and ‘Umrah,Rulings and Issues of Hajj and ‘Umrah,Rulings and Issues of Hajj and ‘Umrah,Rulings and Issues of Hajj and ‘Umrah,,,Rulings and Issues of Hajj and ‘Umrah,,Rulings and Issues of Hajj and ‘Umrah,Rulings and Issues of Hajj and ‘Umrah,,,,Rulings and Issues of Hajj and ‘Umrah,,,,,,,,,,,,,,,,,,,,,rulings-and-issues-of-hajj-and-‘umrah
1109,139,حكم الجهاد,Ruling of Jihad,,Ruling of Jihad,Ruling of Jihad,Ruling of Jihad,Ruling of Jihad,,,Ruling of Jihad,,Ruling of Jihad,Ruling of Jihad,,,,Ruling of Jihad,,,,,,,,,,,,,,,,,,,,,ruling-of-jihad
1110,139,فضل الجهاد,Excellence of Jihad,,Excellence of Jihad,Excellence of Jihad,Excellence of Jihad,Excellence of Jihad,,,Excellence of Jihad,,Excellence of Jihad,Excellence of Jihad,,,,Excellence of Jihad,,,,,,,,,,,,,,,,,,,,,excellence-of-jihad
1111,139,أقسام الجهاد,Categories of Jihad,,Categories of Jihad,Categories of Jihad,Categories of Jihad,Categories of Jihad,,,Categories of Jihad,,Categories of Jihad,Categories of Jihad,,,,Categories of Jihad,,,,,,,,,,,,,,,,,,,,,categories-of-jihad
1112,139,أحكام ومسائل الجهاد,Rulings and Issues of Jihad,,Rulings and Issues of Jihad,Rulings and Issues of Jihad,Rulings and Issues of Jihad,Rulings and Issues of Jihad,,,Rulings and Issues of Jihad,,Rulings and Issues of Jihad,Rulings and Issues of Jihad,,,,Rulings and Issues of Jihad,,,,,,,,,,,,,,,,,,,,,rulings-and-issues-of-jihad
1113,139,آداب الجهاد,Manners of Jihad,,Manners of Jihad,Manners of Jihad,Manners of Jihad,Manners of Jihad,,,Manners of Jihad,,Manners of Jihad,Manners of Jihad,,,,Manners of Jihad,,,,,,,,,,,,,,,,,,,,,manners-of-jihad
1114,139,أحكام أهل الذمة,Rulings of Non-Muslims Living in Muslim Country,,Rulings of Non-Muslims Living in Muslim Country,Rulings of Non-Muslims Living in Muslim Country,Rulings of Non-Muslims Living in Muslim Country,Rulings of Non-Muslims Living in Muslim Country,,,Rulings of Non-Muslims Living in Muslim Country,,Rulings of Non-Muslims Living in Muslim Country,Rulings of Non-Muslims Living in Muslim Country,,,,Rulings of Non-Muslims Living in Muslim Country,,,,,,,,,,,,,,,,,,,,,rulings-of-non-muslims-living-in-muslim-country
1115,139,أحكام الهدنة والأمان,Rulings of Truce and Security,,Rulings of Truce and Security,Rulings of Truce and Security,Rulings of Truce and Security,Rulings of Truce and Security,,,Rulings of Truce and Security,,Rulings of Truce and Security,Rulings of Truce and Security,,,,Rulings of Truce and Security,,,,,,,,,,,,,,,,,,,,,rulings-of-truce-and-security
1116,139,أحكام الإرهاب والاغتيالات والتفجيرات,Rulings of Terrorism; Assassinations; and Explosions,,Rulings of Terrorism; Assassinations; and Explosions,Rulings of Terrorism; Assassinations; and Explosions,Rulings of Terrorism; Assassinations; and Explosions,Rulings of Terrorism; Assassinations; and Explosions,,,Rulings of Terrorism; Assassinations; and Explosions,,Rulings of Terrorism; Assassinations; and Explosions,Rulings of Terrorism; Assassinations; and Explosions,,,,Rulings of Terrorism; Assassinations; and Explosions,,,,,,,,,,,,,,,,,,,,,rulings-of-terrorism;-assassinations;-and-explosions
1117,140,البيوع المحرمة,Forbidden Sales,,Forbidden Sales,Forbidden Sales,Forbidden Sales,Forbidden Sales,,,Forbidden Sales,,Forbidden Sales,Forbidden Sales,,,,Forbidden Sales,,,,,,,,,,,,,,,,,,,,,forbidden-sales
1118,169,الأيمان,Oaths,,Oaths,Oaths,Oaths,Oaths,,,Oaths,,Oaths,Oaths,,,,Oaths,,,,,,,,,,,,,,,,,,,,,oaths
1119,169,النذور,Vows,,Vows,Vows,Vows,Vows,,,Vows,,Vows,Vows,,,,Vows,,,,,,,,,,,,,,,,,,,,,vows
1120,191,فضل النكاح,Excellence of Marriage,,Excellence of Marriage,Excellence of Marriage,Excellence of Marriage,Excellence of Marriage,,,Excellence of Marriage,,Excellence of Marriage,Excellence of Marriage,,,,Excellence of Marriage,,,,,,,,,,,,,,,,,,,,,excellence-of-marriage
1121,191,آداب النكاح,Manners of Marriage,,Manners of Marriage,Manners of Marriage,Manners of Marriage,Manners of Marriage,,,Manners of Marriage,,Manners of Marriage,Manners of Marriage,,,,Manners of Marriage,,,,,,,,,,,,,,,,,,,,,manners-of-marriage
1122,191,أحكام وشروط النكاح,Rulings and Conditions of Marriage,,Rulings and Conditions of Marriage,Rulings and Conditions of Marriage,Rulings and Conditions of Marriage,Rulings and Conditions of Marriage,,,Rulings and Conditions of Marriage,,Rulings and Conditions of Marriage,Rulings and Conditions of Marriage,,,,Rulings and Conditions of Marriage,,,,,,,,,,,,,,,,,,,,,rulings-and-conditions-of-marriage
1123,191,المحرمات في النكاح,Women Unlawful to Marry,,Women Unlawful to Marry,Women Unlawful to Marry,Women Unlawful to Marry,Women Unlawful to Marry,,,Women Unlawful to Marry,,Women Unlawful to Marry,Women Unlawful to Marry,,,,Women Unlawful to Marry,,,,,,,,,,,,,,,,,,,,,women-unlawful-to-marry
1124,191,الشروط في النكاح,Conditions of Marriage,,Conditions of Marriage,Conditions of Marriage,Conditions of Marriage,Conditions of Marriage,,,Conditions of Marriage,,Conditions of Marriage,Conditions of Marriage,,,,Conditions of Marriage,,,,,,,,,,,,,,,,,,,,,conditions-of-marriage
1125,191,نكاح الكفار,Marrying the Disbelievers,,Marrying the Disbelievers,Marrying the Disbelievers,Marrying the Disbelievers,Marrying the Disbelievers,,,Marrying the Disbelievers,,Marrying the Disbelievers,Marrying the Disbelievers,,,,Marrying the Disbelievers,,,,,,,,,,,,,,,,,,,,,marrying-the-disbelievers
1126,191,الأنكحة المحرمة,Forbidden Marriages,,Forbidden Marriages,Forbidden Marriages,Forbidden Marriages,Forbidden Marriages,,,Forbidden Marriages,,Forbidden Marriages,Forbidden Marriages,,,,Forbidden Marriages,,,,,,,,,,,,,,,,,,,,,forbidden-marriages
1127,191,الصداق,Dowry,,Dowry,Dowry,Dowry,Dowry,,,Dowry,,Dowry,Dowry,,,,Dowry,,,,,,,,,,,,,,,,,,,,,dowry
1128,191,وليمة العرس,Wedding Banquet,,Wedding Banquet,Wedding Banquet,Wedding Banquet,Wedding Banquet,,,Wedding Banquet,,Wedding Banquet,Wedding Banquet,,,,Wedding Banquet,,,,,,,,,,,,,,,,,,,,,wedding-banquet
1129,191,العشرة بين الزوجين,Marital Relations,,Marital Relations,Marital Relations,Marital Relations,Marital Relations,,,Marital Relations,,Marital Relations,Marital Relations,,,,Marital Relations,,,,,,,,,,,,,,,,,,,,,marital-relations
1130,192,ألفاظ الطلاق,Words of Divorce,,Words of Divorce,Words of Divorce,Words of Divorce,Words of Divorce,,,Words of Divorce,,Words of Divorce,Words of Divorce,,,,Words of Divorce,,,,,,,,,,,,,,,,,,,,,words-of-divorce
1131,192,الطلاق السني والطلاق البدعي,Sunnah Divorce and Innovative Divorce,,Sunnah Divorce and Innovative Divorce,Sunnah Divorce and Innovative Divorce,Sunnah Divorce and Innovative Divorce,Sunnah Divorce and Innovative Divorce,,,Sunnah Divorce and Innovative Divorce,,Sunnah Divorce and Innovative Divorce,Sunnah Divorce and Innovative Divorce,,,,Sunnah Divorce and Innovative Divorce,,,,,,,,,,,,,,,,,,,,,sunnah-divorce-and-innovative-divorce
1132,192,الطلاق الرجعي والبائن,Revocable and Irrevocable Divorce,,Revocable and Irrevocable Divorce,Revocable and Irrevocable Divorce,Revocable and Irrevocable Divorce,Revocable and Irrevocable Divorce,,,Revocable and Irrevocable Divorce,,Revocable and Irrevocable Divorce,Revocable and Irrevocable Divorce,,,,Revocable and Irrevocable Divorce,,,,,,,,,,,,,,,,,,,,,revocable-and-irrevocable-divorce
1133,192,أحكام ومسائل الطلاق,Rulings and Issues of Divorce,,Rulings and Issues of Divorce,Rulings and Issues of Divorce,Rulings and Issues of Divorce,Rulings and Issues of Divorce,,,Rulings and Issues of Divorce,,Rulings and Issues of Divorce,Rulings and Issues of Divorce,,,,Rulings and Issues of Divorce,,,,,,,,,,,,,,,,,,,,,rulings-and-issues-of-divorce
1134,198,أحكام العدة,Rulings of the Waiting Period,,Rulings of the Waiting Period,Rulings of the Waiting Period,Rulings of the Waiting Period,Rulings of the Waiting Period,,,Rulings of the Waiting Period,,Rulings of the Waiting Period,Rulings of the Waiting Period,,,,Rulings of the Waiting Period,,,,,,,,,,,,,,,,,,,,,rulings-of-the-waiting-period
1135,198,عدة المطلقة,The Divorced Woman's Waiting Period,,The Divorced Woman's Waiting Period,The Divorced Woman's Waiting Period,The Divorced Woman's Waiting Period,The Divorced Woman's Waiting Period,,,The Divorced Woman's Waiting Period,,The Divorced Woman's Waiting Period,The Divorced Woman's Waiting Period,,,,The Divorced Woman's Waiting Period,,,,,,,,,,,,,,,,,,,,,the-divorced-womans-waiting-period
1136,198,عدة المفقود زوجها,Waiting Period of the Lost Husband's Wife,,Waiting Period of the Lost Husband's Wife,Waiting Period of the Lost Husband's Wife,Waiting Period of the Lost Husband's Wife,Waiting Period of the Lost Husband's Wife,,,Waiting Period of the Lost Husband's Wife,,Waiting Period of the Lost Husband's Wife,Waiting Period of the Lost Husband's Wife,,,,Waiting Period of the Lost Husband's Wife,,,,,,,,,,,,,,,,,,,,,waiting-period-of-the-lost-husbands-wife
1137,198,الاستبراء,Ascertaining Non-Pregnancy,,Ascertaining Non-Pregnancy,Ascertaining Non-Pregnancy,Ascertaining Non-Pregnancy,Ascertaining Non-Pregnancy,,,Ascertaining Non-Pregnancy,,Ascertaining Non-Pregnancy,Ascertaining Non-Pregnancy,,,,Ascertaining Non-Pregnancy,,,,,,,,,,,,,,,,,,,,,ascertaining-non-pregnancy
1138,199,حكم الرضاع,Ruling of Breastfeeding,,Ruling of Breastfeeding,Ruling of Breastfeeding,Ruling of Breastfeeding,Ruling of Breastfeeding,,,Ruling of Breastfeeding,,Ruling of Breastfeeding,Ruling of Breastfeeding,,,,Ruling of Breastfeeding,,,,,,,,,,,,,,,,,,,,,ruling-of-breastfeeding
1139,199,شروط الرضاع,Conditions of Breastfeeding,,Conditions of Breastfeeding,Conditions of Breastfeeding,Conditions of Breastfeeding,Conditions of Breastfeeding,,,Conditions of Breastfeeding,,Conditions of Breastfeeding,Conditions of Breastfeeding,,,,Conditions of Breastfeeding,,,,,,,,,,,,,,,,,,,,,conditions-of-breastfeeding
1140,199,آثار الرضاع,Consequences of Breastfeeding,,Consequences of Breastfeeding,Consequences of Breastfeeding,Consequences of Breastfeeding,Consequences of Breastfeeding,,,Consequences of Breastfeeding,,Consequences of Breastfeeding,Consequences of Breastfeeding,,,,Consequences of Breastfeeding,,,,,,,,,,,,,,,,,,,,,consequences-of-breastfeeding
1141,205,الاختلاط,Intermixing,,Intermixing,Intermixing,Intermixing,Intermixing,,,Intermixing,,Intermixing,Intermixing,,,,Intermixing,,,,,,,,,,,,,,,,,,,,,intermixing
1142,205,تعدد الزوجات,Polygamy,,Polygamy,Polygamy,Polygamy,Polygamy,,,Polygamy,,Polygamy,Polygamy,,,,Polygamy,,,,,,,,,,,,,,,,,,,,,polygamy
1143,205,العلاقة بين الرجل والمرأة,Men-Women Relationships,,Men-Women Relationships,Men-Women Relationships,Men-Women Relationships,Men-Women Relationships,,,Men-Women Relationships,,Men-Women Relationships,Men-Women Relationships,,,,Men-Women Relationships,,,,,,,,,,,,,,,,,,,,,men-women-relationships
1144,206,تسمية المولود وتكنيته,Naming the Newborn,,Naming the Newborn,Naming the Newborn,Naming the Newborn,Naming the Newborn,,,Naming the Newborn,,Naming the Newborn,Naming the Newborn,,,,Naming the Newborn,,,,,,,,,,,,,,,,,,,,,naming-the-newborn
1145,206,العقيقة,Sacrificing for the Newborn,,Sacrificing for the Newborn,Sacrificing for the Newborn,Sacrificing for the Newborn,Sacrificing for the Newborn,,,Sacrificing for the Newborn,,Sacrificing for the Newborn,Sacrificing for the Newborn,,,,Sacrificing for the Newborn,,,,,,,,,,,,,,,,,,,,,sacrificing-for-the-newborn
1146,206,النفقة على الأولاد,Providing for Children,,Providing for Children,Providing for Children,Providing for Children,Providing for Children,,,Providing for Children,,Providing for Children,Providing for Children,,,,Providing for Children,,,,,,,,,,,,,,,,,,,,,providing-for-children
1147,206,تربية الأولاد,Raising Children,,Raising Children,Raising Children,Raising Children,Raising Children,,,Raising Children,,Raising Children,Raising Children,,,,Raising Children,,,,,,,,,,,,,,,,,,,,,raising-children
1148,211,أحكام الرقية,Rulings of Ruqyah (protective and healing supplications),,Rulings of Ruqyah (protective and healing supplications),Rulings of Ruqyah (protective and healing supplications),Rulings of Ruqyah (protective and healing supplications),Rulings of Ruqyah (protective and healing supplications),,,Rulings of Ruqyah (protective and healing supplications),,Rulings of Ruqyah (protective and healing supplications),Rulings of Ruqyah (protective and healing supplications),,,,Rulings of Ruqyah (protective and healing supplications),,,,,,,,,,,,,,,,,,,,,rulings-of-ruqyah-protective-and-healing-supplications
1149,270,فضل العلم وأهميته,Merit and Significance of Knowledge,,Merit and Significance of Knowledge,Merit and Significance of Knowledge,Merit and Significance of Knowledge,Merit and Significance of Knowledge,,,Merit and Significance of Knowledge,,Merit and Significance of Knowledge,Merit and Significance of Knowledge,,,,Merit and Significance of Knowledge,,,,,,,,,,,,,,,,,,,,,merit-and-significance-of-knowledge
1150,276,فضائل الخلفاء الراشدين رضي الله عنهم,Merits of the Rightly Guided Caliphs,,Merits of the Rightly Guided Caliphs,Merits of the Rightly Guided Caliphs,Merits of the Rightly Guided Caliphs,Merits of the Rightly Guided Caliphs,,,Merits of the Rightly Guided Caliphs,,Merits of the Rightly Guided Caliphs,Merits of the Rightly Guided Caliphs,,,,Merits of the Rightly Guided Caliphs,,,,,,,,,,,,,,,,,,,,,merits-of-the-rightly-guided-caliphs
1151,287,المناهي اللفظية وآفات اللسان,Forbidden Utterances and Tongue Evils,,Forbidden Utterances and Tongue Evils,Forbidden Utterances and Tongue Evils,Forbidden Utterances and Tongue Evils,Forbidden Utterances and Tongue Evils,,,Forbidden Utterances and Tongue Evils,,Forbidden Utterances and Tongue Evils,Forbidden Utterances and Tongue Evils,,,,Forbidden Utterances and Tongue Evils,,,,,,,,,,,,,,,,,,,,,forbidden-utterances-and-tongue-evils
1152,406,الصفات الخَلْقية,Physical Attributes,,Physical Attributes,Physical Attributes,Physical Attributes,Physical Attributes,,,Physical Attributes,,Physical Attributes,Physical Attributes,,,,Physical Attributes,,,,,,,,,,,,,,,,,,,,,physical-attributes
1153,406,لباسه صلى الله عليه وسلم,Prophet's Dress Code,,Prophet's Dress Code,Prophet's Dress Code,Prophet's Dress Code,Prophet's Dress Code,,,Prophet's Dress Code,,Prophet's Dress Code,Prophet's Dress Code,,,,Prophet's Dress Code,,,,,,,,,,,,,,,,,,,,,prophets-dress-code
1154,406,أثاثه ومتاعه وسلاحه صلى الله عليه وسلم,Prophet's Furniture; Stuff; and Arms,,Prophet's Furniture; Stuff; and Arms,Prophet's Furniture; Stuff; and Arms,Prophet's Furniture; Stuff; and Arms,Prophet's Furniture; Stuff; and Arms,,,Prophet's Furniture; Stuff; and Arms,,Prophet's Furniture; Stuff; and Arms,Prophet's Furniture; Stuff; and Arms,,,,Prophet's Furniture; Stuff; and Arms,,,,,,,,,,,,,,,,,,,,,prophets-furniture;-stuff;-and-arms
1155,406,طعامه وشرابه صلى الله عليه وسلم,Prophet's Food and Drink,,Prophet's Food and Drink,Prophet's Food and Drink,Prophet's Food and Drink,Prophet's Food and Drink,,,Prophet's Food and Drink,,Prophet's Food and Drink,Prophet's Food and Drink,,,,Prophet's Food and Drink,,,,,,,,,,,,,,,,,,,,,prophets-food-and-drink
1156,406,سفره صلى الله عليه وسلم,Prophet's Travel,,Prophet's Travel,Prophet's Travel,Prophet's Travel,Prophet's Travel,,,Prophet's Travel,,Prophet's Travel,Prophet's Travel,,,,Prophet's Travel,,,,,,,,,,,,,,,,,,,,,prophets-travel
1157,406,الصفات الخُلُقية,Moral Attributes,,Moral Attributes,Moral Attributes,Moral Attributes,Moral Attributes,,,Moral Attributes,,Moral Attributes,Moral Attributes,,,,Moral Attributes,,,,,,,,,,,,,,,,,,,,,moral-attributes
1158,406,الهدي النبوي,Prophet's Guidance,,Prophet's Guidance,Prophet's Guidance,Prophet's Guidance,Prophet's Guidance,,,Prophet's Guidance,,Prophet's Guidance,Prophet's Guidance,,,,Prophet's Guidance,,,,,,,,,,,,,,,,,,,,,prophets-guidance
1159,646,كرمه صلى الله عليه وسلم,Prophet's Generosity,,Prophet's Generosity,Prophet's Generosity,Prophet's Generosity,Prophet's Generosity,,,Prophet's Generosity,,Prophet's Generosity,Prophet's Generosity,,,,Prophet's Generosity,,,,,,,,,,,,,,,,,,,,,prophets-generosity
1160,646,حياؤه صلى الله عليه وسلم,Prophet's Modesty,,Prophet's Modesty,Prophet's Modesty,Prophet's Modesty,Prophet's Modesty,,,Prophet's Modesty,,Prophet's Modesty,Prophet's Modesty,,,,Prophet's Modesty,,,,,,,,,,,,,,,,,,,,,prophets-modesty
1161,646,تواضعه صلى الله عليه وسلم,Prophet's Humility,,Prophet's Humility,Prophet's Humility,Prophet's Humility,Prophet's Humility,,,Prophet's Humility,,Prophet's Humility,Prophet's Humility,,,,Prophet's Humility,,,,,,,,,,,,,,,,,,,,,prophets-humility
1162,646,شجاعته صلى الله عليه وسلم,Prophet's Courage,,Prophet's Courage,Prophet's Courage,Prophet's Courage,Prophet's Courage,,,Prophet's Courage,,Prophet's Courage,Prophet's Courage,,,,Prophet's Courage,,,,,,,,,,,,,,,,,,,,,prophets-courage
1163,646,رفقه صلى الله عليه وسلم,Prophet's Gentleness,,Prophet's Gentleness,Prophet's Gentleness,Prophet's Gentleness,Prophet's Gentleness,,,Prophet's Gentleness,,Prophet's Gentleness,Prophet's Gentleness,,,,Prophet's Gentleness,,,,,,,,,,,,,,,,,,,,,prophets-gentleness
1164,646,عفوه صلى الله عليه وسلم,Prophet's Forgiveness,,Prophet's Forgiveness,Prophet's Forgiveness,Prophet's Forgiveness,Prophet's Forgiveness,,,Prophet's Forgiveness,,Prophet's Forgiveness,Prophet's Forgiveness,,,,Prophet's Forgiveness,,,,,,,,,,,,,,,,,,,,,prophets-forgiveness
1165,646,رحمته صلى الله عليه وسلم,Prophet's Mercy,,Prophet's Mercy,Prophet's Mercy,Prophet's Mercy,Prophet's Mercy,,,Prophet's Mercy,,Prophet's Mercy,Prophet's Mercy,,,,Prophet's Mercy,,,,,,,,,,,,,,,,,,,,,prophets-mercy
1166,646,كلامه صلى الله عليه وسلم,Prophet's Speech,,Prophet's Speech,Prophet's Speech,Prophet's Speech,Prophet's Speech,,,Prophet's Speech,,Prophet's Speech,Prophet's Speech,,,,Prophet's Speech,,,,,,,,,,,,,,,,,,,,,prophets-speech
1167,646,ضحكه صلى الله عليه وسلم,Prophet's Laughing,,Prophet's Laughing,Prophet's Laughing,Prophet's Laughing,Prophet's Laughing,,,Prophet's Laughing,,Prophet's Laughing,Prophet's Laughing,,,,Prophet's Laughing,,,,,,,,,,,,,,,,,,,,,prophets-laughing
1168,646,بكاؤه صلى الله عليه وسلم,Prophet's Crying,,Prophet's Crying,Prophet's Crying,Prophet's Crying,Prophet's Crying,,,Prophet's Crying,,Prophet's Crying,Prophet's Crying,,,,Prophet's Crying,,,,,,,,,,,,,,,,,,,,,prophets-crying
1169,646,شفقته صلى الله عليه وسلم,Prophet's Compassion,,Prophet's Compassion,Prophet's Compassion,Prophet's Compassion,Prophet's Compassion,,,Prophet's Compassion,,Prophet's Compassion,Prophet's Compassion,,,,Prophet's Compassion,,,,,,,,,,,,,,,,,,,,,prophets-compassion
1170,646,زهده صلى الله عليه وسلم,Prophet's Asceticism,,Prophet's Asceticism,Prophet's Asceticism,Prophet's Asceticism,Prophet's Asceticism,,,Prophet's Asceticism,,Prophet's Asceticism,Prophet's Asceticism,,,,Prophet's Asceticism,,,,,,,,,,,,,,,,,,,,,prophets-asceticism
1171,646,عدله صلى الله عليه وسلم,Prophet's Justice,,Prophet's Justice,Prophet's Justice,Prophet's Justice,Prophet's Justice,,,Prophet's Justice,,Prophet's Justice,Prophet's Justice,,,,Prophet's Justice,,,,,,,,,,,,,,,,,,,,,prophets-justice
1172,646,حلمه صلى الله عليه وسلم,Prophet's Forbearance,,Prophet's Forbearance,Prophet's Forbearance,Prophet's Forbearance,Prophet's Forbearance,,,Prophet's Forbearance,,Prophet's Forbearance,Prophet's Forbearance,,,,Prophet's Forbearance,,,,,,,,,,,,,,,,,,,,,prophets-forbearance
1173,647,هديه صلى الله عليه وسلم في خطبه,Prophet's Guidance on Public Speaking,,Prophet's Guidance on Public Speaking,Prophet's Guidance on Public Speaking,Prophet's Guidance on Public Speaking,Prophet's Guidance on Public Speaking,,,Prophet's Guidance on Public Speaking,,Prophet's Guidance on Public Speaking,Prophet's Guidance on Public Speaking,,,,Prophet's Guidance on Public Speaking,,,,,,,,,,,,,,,,,,,,,prophets-guidance-on-public-speaking
1174,647,هديه صلى الله عليه وسلم في التطهر,Prophet's Guidance on Purification,,Prophet's Guidance on Purification,Prophet's Guidance on Purification,Prophet's Guidance on Purification,Prophet's Guidance on Purification,,,Prophet's Guidance on Purification,,Prophet's Guidance on Purification,Prophet's Guidance on Purification,,,,Prophet's Guidance on Purification,,,,,,,,,,,,,,,,,,,,,prophets-guidance-on-purification
1175,647,هديه صلى الله عليه وسلم في الصلاة,Prophet's Guidance on Prayer,,Prophet's Guidance on Prayer,Prophet's Guidance on Prayer,Prophet's Guidance on Prayer,Prophet's Guidance on Prayer,,,Prophet's Guidance on Prayer,,Prophet's Guidance on Prayer,Prophet's Guidance on Prayer,,,,Prophet's Guidance on Prayer,,,,,,,,,,,,,,,,,,,,,prophets-guidance-on-prayer
1176,647,هديه صلى الله عليه وسلم في الصوم,Prophet's Guidance on Fasting,,Prophet's Guidance on Fasting,Prophet's Guidance on Fasting,Prophet's Guidance on Fasting,Prophet's Guidance on Fasting,,,Prophet's Guidance on Fasting,,Prophet's Guidance on Fasting,Prophet's Guidance on Fasting,,,,Prophet's Guidance on Fasting,,,,,,,,,,,,,,,,,,,,,prophets-guidance-on-fasting
1177,647,هديه صلى الله عليه وسلم في الجنائز,Prophet's Guidance on Funerals,,Prophet's Guidance on Funerals,Prophet's Guidance on Funerals,Prophet's Guidance on Funerals,Prophet's Guidance on Funerals,,,Prophet's Guidance on Funerals,,Prophet's Guidance on Funerals,Prophet's Guidance on Funerals,,,,Prophet's Guidance on Funerals,,,,,,,,,,,,,,,,,,,,,prophets-guidance-on-funerals
1178,647,هديه صلى الله عليه وسلم في النكاح ومعاشرته أهله,Prophet's Guidance on Marriage and Treating One's Wife,,Prophet's Guidance on Marriage and Treating One's Wife,Prophet's Guidance on Marriage and Treating One's Wife,Prophet's Guidance on Marriage and Treating One's Wife,Prophet's Guidance on Marriage and Treating One's Wife,,,Prophet's Guidance on Marriage and Treating One's Wife,,Prophet's Guidance on Marriage and Treating One's Wife,Prophet's Guidance on Marriage and Treating One's Wife,,,,Prophet's Guidance on Marriage and Treating One's Wife,,,,,,,,,,,,,,,,,,,,,prophets-guidance-on-marriage-and-treating-ones-wife
1179,409,معركة اليمامة,The Battle of Yamaamah,,The Battle of Yamaamah,The Battle of Yamaamah,The Battle of Yamaamah,The Battle of Yamaamah,,,The Battle of Yamaamah,,The Battle of Yamaamah,The Battle of Yamaamah,,,,The Battle of Yamaamah,,,,,,,,,,,,,,,,,,,,,the-battle-of-yamaamah
1180,415,أحكام وآداب العيد,Rulings and Manners of Eid,,Rulings and Manners of Eid,Rulings and Manners of Eid,Rulings and Manners of Eid,Rulings and Manners of Eid,,,Rulings and Manners of Eid,,Rulings and Manners of Eid,Rulings and Manners of Eid,,,,Rulings and Manners of Eid,,,,,,,,,,,,,,,,,,,,,rulings-and-manners-of-eid
1181,134,أحكام المساجد,The rulings of mosques,,The rulings of mosques,The rulings of mosques,The rulings of mosques,The rulings of mosques,,,The rulings of mosques,,The rulings of mosques,The rulings of mosques,,,,The rulings of mosques,,,,,,,,,,,,,,,,,,,,,the-rulings-of-mosques
1182,137,رمضان,Ramadan,,Ramadan,Ramadan,Ramadan,Ramadan,,,Ramadan,,Ramadan,Ramadan,,,,Ramadan,,,,,,,,,,,,,,,,,,,,,ramadan
1183,133,المسح على الخفين ونحوهما,Wiping Over Leather Socks and the like,,Wiping Over Leather Socks and the like,Wiping Over Leather Socks and the like,Wiping Over Leather Socks and the like,Wiping Over Leather Socks and the like,,,Wiping Over Leather Socks and the like,,Wiping Over Leather Socks and the like,Wiping Over Leather Socks and the like,,,,Wiping Over Leather Socks and the like,,,,,,,,,,,,,,,,,,,,,wiping-over-leather-socks-and-the-like
1184,367,الخصائص النبوية,Prophetic characteristics,,Prophetic characteristics,Prophetic characteristics,Prophetic characteristics,Prophetic characteristics,,,Prophetic characteristics,,Prophetic characteristics,Prophetic characteristics,,,,Prophetic characteristics,,,,,,,,,,,,,,,,,,,,,prophetic-characteristics
1185,10,تفسير الآيات,Interpretation of verses,,Interpretation of verses,Interpretation of verses,Interpretation of verses,Interpretation of verses,,,Interpretation of verses,,Interpretation of verses,Interpretation of verses,,,,Interpretation of verses,,,,,,,,,,,,,,,,,,,,,interpretation-of-verses
1186,,القرآن الكريم وعلومه,The Noble Qur'an and Qur'anic Sciences,,The Noble Qur'an and Qur'anic Sciences,The Noble Qur'an and Qur'anic Sciences,The Noble Qur'an and Qur'anic Sciences,The Noble Qur'an and Qur'anic Sciences,,,The Noble Qur'an and Qur'anic Sciences,,The Noble Qur'an and Qur'anic Sciences,The Noble Qur'an and Qur'anic Sciences,,,,The Noble Qur'an and Qur'anic Sciences,,,,,,,,,,,,,,,,,,,,,the-noble-quran-and-quranic-sciences
1187,,الحديث وعلومه,The Hadith and Hadith Sciences,,The Hadith and Hadith Sciences,The Hadith and Hadith Sciences,The Hadith and Hadith Sciences,The Hadith and Hadith Sciences,,,The Hadith and Hadith Sciences,,The Hadith and Hadith Sciences,The Hadith and Hadith Sciences,,,,The Hadith and Hadith Sciences,,,,,,,,,,,,,,,,,,,,,the-hadith-and-hadith-sciences
1188,,العقيدة,The Creed,,The Creed,The Creed,The Creed,The Creed,,,The Creed,,The Creed,The Creed,,,,The Creed,,,,,,,,,,,,,,,,,,,,,the-creed
1189,,الفقه وأصوله,Jurisprudence and Juristic Principles,,Jurisprudence and Juristic Principles,Jurisprudence and Juristic Principles,Jurisprudence and Juristic Principles,Jurisprudence and Juristic Principles,,,Jurisprudence and Juristic Principles,,Jurisprudence and Juristic Principles,Jurisprudence and Juristic Principles,,,,Jurisprudence and Juristic Principles,,,,,,,,,,,,,,,,,,,,,jurisprudence-and-juristic-principles
1190,,الفضائل والآداب,Virtues and Manners,,Virtues and Manners,Virtues and Manners,Virtues and Manners,Virtues and Manners,,,Virtues and Manners,,Virtues and Manners,Virtues and Manners,,,,Virtues and Manners,,,,,,,,,,,,,,,,,,,,,virtues-and-manners
1191,,الدعوة والحسبة,Da‘wah and Hisbah,,Da‘wah and Hisbah,Da‘wah and Hisbah,Da‘wah and Hisbah,Da‘wah and Hisbah,,,Da‘wah and Hisbah,,Da‘wah and Hisbah,Da‘wah and Hisbah,,,,Da‘wah and Hisbah,,,,,,,,,,,,,,,,,,,,,da‘wah-and-hisbah
1192,,السيرة والتاريخ,Seerah and History,,Seerah and History,Seerah and History,Seerah and History,Seerah and History,,,Seerah and History,,Seerah and History,Seerah and History,,,,Seerah and History,,,,,,,,,,,,,,,,,,,,,seerah-and-history
1193,1,نزول القرآن وجمعه,Revelation and Collection of the Qur'an,,Revelation and Collection of the Qur'an,Revelation and Collection of the Qur'an,Revelation and Collection of the Qur'an,Revelation and Collection of the Qur'an,,,Revelation and Collection of the Qur'an,,Revelation and Collection of the Qur'an,Revelation and Collection of the Qur'an,,,,Revelation and Collection of the Qur'an,,,,,,,,,,,,,,,,,,,,,revelation-and-collection-of-the-quran
1194,1,القراءات والتجويد,Modes of Qur'anic Recitation and Tajweed,,Modes of Qur'anic Recitation and Tajweed,Modes of Qur'anic Recitation and Tajweed,Modes of Qur'anic Recitation and Tajweed,Modes of Qur'anic Recitation and Tajweed,,,Modes of Qur'anic Recitation and Tajweed,,Modes of Qur'anic Recitation and Tajweed,Modes of Qur'anic Recitation and Tajweed,,,,Modes of Qur'anic Recitation and Tajweed,,,,,,,,,,,,,,,,,,,,,modes-of-quranic-recitation-and-tajweed
1195,1,تفسير القرآن,Qur'anic Exegesis,,Qur'anic Exegesis,Qur'anic Exegesis,Qur'anic Exegesis,Qur'anic Exegesis,,,Qur'anic Exegesis,,Qur'anic Exegesis,Qur'anic Exegesis,,,,Qur'anic Exegesis,,,,,,,,,,,,,,,,,,,,,quranic-exegesis
1196,1,مباحث قرآنية عامة,General Qur'anic Topics,,General Qur'anic Topics,General Qur'anic Topics,General Qur'anic Topics,General Qur'anic Topics,,,General Qur'anic Topics,,General Qur'anic Topics,General Qur'anic Topics,,,,General Qur'anic Topics,,,,,,,,,,,,,,,,,,,,,general-quranic-topics
1197,1,فضائل القرآن,Excellence of the Qur'an,,Excellence of the Qur'an,Excellence of the Qur'an,Excellence of the Qur'an,Excellence of the Qur'an,,,Excellence of the Qur'an,,Excellence of the Qur'an,Excellence of the Qur'an,,,,Excellence of the Qur'an,,,,,,,,,,,,,,,,,,,,,excellence-of-the-quran
1198,8,أسباب النزول,Occasions of Revelation,,Occasions of Revelation,Occasions of Revelation,Occasions of Revelation,Occasions of Revelation,,,Occasions of Revelation,,Occasions of Revelation,Occasions of Revelation,,,,Occasions of Revelation,,,,,,,,,,,,,,,,,,,,,occasions-of-revelation
1199,8,الناسخ والمنسوخ,Abrogating and Abrogated Verses,,Abrogating and Abrogated Verses,Abrogating and Abrogated Verses,Abrogating and Abrogated Verses,Abrogating and Abrogated Verses,,,Abrogating and Abrogated Verses,,Abrogating and Abrogated Verses,Abrogating and Abrogated Verses,,,,Abrogating and Abrogated Verses,,,,,,,,,,,,,,,,,,,,,abrogating-and-abrogated-verses
1200,8,جمع القرآن,Collecting the Qur'an,,Collecting the Qur'an,Collecting the Qur'an,Collecting the Qur'an,Collecting the Qur'an,,,Collecting the Qur'an,,Collecting the Qur'an,Collecting the Qur'an,,,,Collecting the Qur'an,,,,,,,,,,,,,,,,,,,,,collecting-the-quran
1201,9,الأحرف السبعة,Seven Modes of the Qur'anic Revelation,,Seven Modes of the Qur'anic Revelation,Seven Modes of the Qur'anic Revelation,Seven Modes of the Qur'anic Revelation,Seven Modes of the Qur'anic Revelation,,,Seven Modes of the Qur'anic Revelation,,Seven Modes of the Qur'anic Revelation,Seven Modes of the Qur'anic Revelation,,,,Seven Modes of the Qur'anic Revelation,,,,,,,,,,,,,,,,,,,,,seven-modes-of-the-quranic-revelation
1202,9,علم التجويد,Science of Tajweed,,Science of Tajweed,Science of Tajweed,Science of Tajweed,Science of Tajweed,,,Science of Tajweed,,Science of Tajweed,Science of Tajweed,,,,Science of Tajweed,,,,,,,,,,,,,,,,,,,,,science-of-tajweed
1203,9,الوقف والابتداء,Stops and Starts,,Stops and Starts,Stops and Starts,Stops and Starts,Stops and Starts,,,Stops and Starts,,Stops and Starts,Stops and Starts,,,,Stops and Starts,,,,,,,,,,,,,,,,,,,,,stops-and-starts
1204,10,أصول التفسير وقواعده,Rules and Principles of Exegesis,,Rules and Principles of Exegesis,Rules and Principles of Exegesis,Rules and Principles of Exegesis,Rules and Principles of Exegesis,,,Rules and Principles of Exegesis,,Rules and Principles of Exegesis,Rules and Principles of Exegesis,,,,Rules and Principles of Exegesis,,,,,,,,,,,,,,,,,,,,,rules-and-principles-of-exegesis
1205,11,أحكام القرآن والمصاحف,Rulings of the Qur'an and Codices,,Rulings of the Qur'an and Codices,Rulings of the Qur'an and Codices,Rulings of the Qur'an and Codices,Rulings of the Qur'an and Codices,,,Rulings of the Qur'an and Codices,,Rulings of the Qur'an and Codices,Rulings of the Qur'an and Codices,,,,Rulings of the Qur'an and Codices,,,,,,,,,,,,,,,,,,,,,rulings-of-the-quran-and-codices
1206,11,آداب قراءة القرآن وحملته,Manners of Reading and Memorizing the Qur'an,,Manners of Reading and Memorizing the Qur'an,Manners of Reading and Memorizing the Qur'an,Manners of Reading and Memorizing the Qur'an,Manners of Reading and Memorizing the Qur'an,,,Manners of Reading and Memorizing the Qur'an,,Manners of Reading and Memorizing the Qur'an,Manners of Reading and Memorizing the Qur'an,,,,Manners of Reading and Memorizing the Qur'an,,,,,,,,,,,,,,,,,,,,,manners-of-reading-and-memorizing-the-quran
1207,11,رد الشبهات حول القرآن,Refuting Allegations against the Qur'an,,Refuting Allegations against the Qur'an,Refuting Allegations against the Qur'an,Refuting Allegations against the Qur'an,Refuting Allegations against the Qur'an,,,Refuting Allegations against the Qur'an,,Refuting Allegations against the Qur'an,Refuting Allegations against the Qur'an,,,,Refuting Allegations against the Qur'an,,,,,,,,,,,,,,,,,,,,,refuting-allegations-against-the-quran
1208,11,الاستنباط من القرآن,Inference from the Qur'an,,Inference from the Qur'an,Inference from the Qur'an,Inference from the Qur'an,Inference from the Qur'an,,,Inference from the Qur'an,,Inference from the Qur'an,Inference from the Qur'an,,,,Inference from the Qur'an,,,,,,,,,,,,,,,,,,,,,inference-from-the-quran
1209,12,فضل العناية بالقرآن,Merit of Taking Care of the Qur'an,,Merit of Taking Care of the Qur'an,Merit of Taking Care of the Qur'an,Merit of Taking Care of the Qur'an,Merit of Taking Care of the Qur'an,,,Merit of Taking Care of the Qur'an,,Merit of Taking Care of the Qur'an,Merit of Taking Care of the Qur'an,,,,Merit of Taking Care of the Qur'an,,,,,,,,,,,,,,,,,,,,,merit-of-taking-care-of-the-quran
1210,12,فضائل السور والآيات,Virtues of Surahs and Verses,,Virtues of Surahs and Verses,Virtues of Surahs and Verses,Virtues of Surahs and Verses,Virtues of Surahs and Verses,,,Virtues of Surahs and Verses,,Virtues of Surahs and Verses,Virtues of Surahs and Verses,,,,Virtues of Surahs and Verses,,,,,,,,,,,,,,,,,,,,,virtues-of-surahs-and-verses
1211,2,مباحث عامة في السنة,General Sunnah Topics,,General Sunnah Topics,General Sunnah Topics,General Sunnah Topics,General Sunnah Topics,,,General Sunnah Topics,,General Sunnah Topics,General Sunnah Topics,,,,General Sunnah Topics,,,,,,,,,,,,,,,,,,,,,general-sunnah-topics
1212,44,أهمية السنة ومكانتها,Significance and Status of the Sunnah,,Significance and Status of the Sunnah,Significance and Status of the Sunnah,Significance and Status of the Sunnah,Significance and Status of the Sunnah,,,Significance and Status of the Sunnah,,Significance and Status of the Sunnah,Significance and Status of the Sunnah,,,,Significance and Status of the Sunnah,,,,,,,,,,,,,,,,,,,,,significance-and-status-of-the-sunnah
1213,44,تدوين السنة النبوية,Writing the Sunnah,,Writing the Sunnah,Writing the Sunnah,Writing the Sunnah,Writing the Sunnah,,,Writing the Sunnah,,Writing the Sunnah,Writing the Sunnah,,,,Writing the Sunnah,,,,,,,,,,,,,,,,,,,,,writing-the-sunnah
1214,3,الإيمان بالله عز وجل,Belief in Allah the Mighty and Majestic,,Belief in Allah the Mighty and Majestic,Belief in Allah the Mighty and Majestic,Belief in Allah the Mighty and Majestic,Belief in Allah the Mighty and Majestic,,,Belief in Allah the Mighty and Majestic,,Belief in Allah the Mighty and Majestic,Belief in Allah the Mighty and Majestic,,,,Belief in Allah the Mighty and Majestic,,,,,,,,,,,,,,,,,,,,,belief-in-allah-the-mighty-and-majestic
1215,3,الإيمان بالملائكة,Belief in the Angels,,Belief in the Angels,Belief in the Angels,Belief in the Angels,Belief in the Angels,,,Belief in the Angels,,Belief in the Angels,Belief in the Angels,,,,Belief in the Angels,,,,,,,,,,,,,,,,,,,,,belief-in-the-angels
1216,3,الإيمان بالكتب,Belief in the Revealed Books,,Belief in the Revealed Books,Belief in the Revealed Books,Belief in the Revealed Books,Belief in the Revealed Books,,,Belief in the Revealed Books,,Belief in the Revealed Books,Belief in the Revealed Books,,,,Belief in the Revealed Books,,,,,,,,,,,,,,,,,,,,,belief-in-the-revealed-books
1217,3,الإيمان بالرسل,Belief in the Messengers,,Belief in the Messengers,Belief in the Messengers,Belief in the Messengers,Belief in the Messengers,,,Belief in the Messengers,,Belief in the Messengers,Belief in the Messengers,,,,Belief in the Messengers,,,,,,,,,,,,,,,,,,,,,belief-in-the-messengers
1218,3,الإيمان باليوم الآخر,Belief in the Last Day,,Belief in the Last Day,Belief in the Last Day,Belief in the Last Day,Belief in the Last Day,,,Belief in the Last Day,,Belief in the Last Day,Belief in the Last Day,,,,Belief in the Last Day,,,,,,,,,,,,,,,,,,,,,belief-in-the-last-day
1219,3,الإيمان بالقضاء والقدر,Belief in the Divine Decree and Fate,,Belief in the Divine Decree and Fate,Belief in the Divine Decree and Fate,Belief in the Divine Decree and Fate,Belief in the Divine Decree and Fate,,,Belief in the Divine Decree and Fate,,Belief in the Divine Decree and Fate,Belief in the Divine Decree and Fate,,,,Belief in the Divine Decree and Fate,,,,,,,,,,,,,,,,,,,,,belief-in-the-divine-decree-and-fate
1220,3,الأسماء والأحكام,Names and Rulings,,Names and Rulings,Names and Rulings,Names and Rulings,Names and Rulings,,,Names and Rulings,,Names and Rulings,Names and Rulings,,,,Names and Rulings,,,,,,,,,,,,,,,,,,,,,names-and-rulings
1221,3,الصحابة,The Companions,,The Companions,The Companions,The Companions,The Companions,,,The Companions,,The Companions,The Companions,,,,The Companions,,,,,,,,,,,,,,,,,,,,,the-companions
1222,3,آل البيت,The Prophet's Family,,The Prophet's Family,The Prophet's Family,The Prophet's Family,The Prophet's Family,,,The Prophet's Family,,The Prophet's Family,The Prophet's Family,,,,The Prophet's Family,,,,,,,,,,,,,,,,,,,,,the-prophets-family
1223,3,الولاء والبراء,Allegiance and Dissociation,,Allegiance and Dissociation,Allegiance and Dissociation,Allegiance and Dissociation,Allegiance and Dissociation,,,Allegiance and Dissociation,,Allegiance and Dissociation,Allegiance and Dissociation,,,,Allegiance and Dissociation,,,,,,,,,,,,,,,,,,,,,allegiance-and-dissociation
1224,3,أهل السنة والجماعة,People of the Sunnah and the Community,,People of the Sunnah and the Community,People of the Sunnah and the Community,People of the Sunnah and the Community,People of the Sunnah and the Community,,,People of the Sunnah and the Community,,People of the Sunnah and the Community,People of the Sunnah and the Community,,,,People of the Sunnah and the Community,,,,,,,,,,,,,,,,,,,,,people-of-the-sunnah-and-the-community
1225,3,الفرق والمذاهب,Sects and Schools,,Sects and Schools,Sects and Schools,Sects and Schools,Sects and Schools,,,Sects and Schools,,Sects and Schools,Sects and Schools,,,,Sects and Schools,,,,,,,,,,,,,,,,,,,,,sects-and-schools
1226,59,توحيد الربوبية,Oneness of Allah's Lordship,,Oneness of Allah's Lordship,Oneness of Allah's Lordship,Oneness of Allah's Lordship,Oneness of Allah's Lordship,,,Oneness of Allah's Lordship,,Oneness of Allah's Lordship,Oneness of Allah's Lordship,,,,Oneness of Allah's Lordship,,,,,,,,,,,,,,,,,,,,,oneness-of-allahs-lordship
1227,59,توحيد الألوهية,Oneness of Allah's Worship,,Oneness of Allah's Worship,Oneness of Allah's Worship,Oneness of Allah's Worship,Oneness of Allah's Worship,,,Oneness of Allah's Worship,,Oneness of Allah's Worship,Oneness of Allah's Worship,,,,Oneness of Allah's Worship,,,,,,,,,,,,,,,,,,,,,oneness-of-allahs-worship
1228,59,توحيد الأسماء والصفات,Oneness of Allah's Names and Attributes,,Oneness of Allah's Names and Attributes,Oneness of Allah's Names and Attributes,Oneness of Allah's Names and Attributes,Oneness of Allah's Names and Attributes,,,Oneness of Allah's Names and Attributes,,Oneness of Allah's Names and Attributes,Oneness of Allah's Names and Attributes,,,,Oneness of Allah's Names and Attributes,,,,,,,,,,,,,,,,,,,,,oneness-of-allahs-names-and-attributes
1229,60,الملائكة,The Angels,,The Angels,The Angels,The Angels,The Angels,,,The Angels,,The Angels,The Angels,,,,The Angels,,,,,,,,,,,,,,,,,,,,,the-angels
1230,60,الجن,The Jinn,,The Jinn,The Jinn,The Jinn,The Jinn,,,The Jinn,,The Jinn,The Jinn,,,,The Jinn,,,,,,,,,,,,,,,,,,,,,the-jinn
1231,61,الكتب السابقة,Pre-Islamic Scriptures,,Pre-Islamic Scriptures,Pre-Islamic Scriptures,Pre-Islamic Scriptures,Pre-Islamic Scriptures,,,Pre-Islamic Scriptures,,Pre-Islamic Scriptures,Pre-Islamic Scriptures,,,,Pre-Islamic Scriptures,,,,,,,,,,,,,,,,,,,,,pre-islamic-scriptures
1232,61,القرآن,The Qur'an,,The Qur'an,The Qur'an,The Qur'an,The Qur'an,,,The Qur'an,,The Qur'an,The Qur'an,,,,The Qur'an,,,,,,,,,,,,,,,,,,,,,the-quran
1233,62,النبوة,Prophethood,,Prophethood,Prophethood,Prophethood,Prophethood,,,Prophethood,,Prophethood,Prophethood,,,,Prophethood,,,,,,,,,,,,,,,,,,,,,prophethood
1234,62,الأنبياء والرسل السابقين عليهم السلام,Pre-Islamic Prophets and Messengers; peace be upon them,,Pre-Islamic Prophets and Messengers; peace be upon them,Pre-Islamic Prophets and Messengers; peace be upon them,Pre-Islamic Prophets and Messengers; peace be upon them,Pre-Islamic Prophets and Messengers; peace be upon them,,,Pre-Islamic Prophets and Messengers; peace be upon them,,Pre-Islamic Prophets and Messengers; peace be upon them,Pre-Islamic Prophets and Messengers; peace be upon them,,,,Pre-Islamic Prophets and Messengers; peace be upon them,,,,,,,,,,,,,,,,,,,,,pre-islamic-prophets-and-messengers;-peace-be-upon-them
1235,62,نبينا محمد صلى الله عليه وسلم,Our Prophet Muhammad; may Allah's peace and blessings be upon him,,Our Prophet Muhammad; may Allah's peace and blessings be upon him,Our Prophet Muhammad; may Allah's peace and blessings be upon him,Our Prophet Muhammad; may Allah's peace and blessings be upon him,Our Prophet Muhammad; may Allah's peace and blessings be upon him,,,Our Prophet Muhammad; may Allah's peace and blessings be upon him,,Our Prophet Muhammad; may Allah's peace and blessings be upon him,Our Prophet Muhammad; may Allah's peace and blessings be upon him,,,,Our Prophet Muhammad; may Allah's peace and blessings be upon him,,,,,,,,,,,,,,,,,,,,,our-prophet-muhammad;-may-allahs-peace-and-blessings-be-upon-him
1236,62,كرامات الأولياء,Miracles of the Pious Allies of Allah,,Miracles of the Pious Allies of Allah,Miracles of the Pious Allies of Allah,Miracles of the Pious Allies of Allah,Miracles of the Pious Allies of Allah,,,Miracles of the Pious Allies of Allah,,Miracles of the Pious Allies of Allah,Miracles of the Pious Allies of Allah,,,,Miracles of the Pious Allies of Allah,,,,,,,,,,,,,,,,,,,,,miracles-of-the-pious-allies-of-allah
1237,63,الحياة البرزخية,The Barzakh Life (After death Period),,The Barzakh Life (After death Period),The Barzakh Life (After death Period),The Barzakh Life (After death Period),The Barzakh Life (After death Period),,,The Barzakh Life (After death Period),,The Barzakh Life (After death Period),The Barzakh Life (After death Period),,,,The Barzakh Life (After death Period),,,,,,,,,,,,,,,,,,,,,the-barzakh-life-after-death-period
1238,63,أشراط الساعة,Portents of the Hour,,Portents of the Hour,Portents of the Hour,Portents of the Hour,Portents of the Hour,,,Portents of the Hour,,Portents of the Hour,Portents of the Hour,,,,Portents of the Hour,,,,,,,,,,,,,,,,,,,,,portents-of-the-hour
1239,63,الحياة الآخرة,The Hereafter Life,,The Hereafter Life,The Hereafter Life,The Hereafter Life,The Hereafter Life,,,The Hereafter Life,,The Hereafter Life,The Hereafter Life,,,,The Hereafter Life,,,,,,,,,,,,,,,,,,,,,the-hereafter-life
1240,64,مراتب القضاء والقدر,Levels of Divine Decree and Fate,,Levels of Divine Decree and Fate,Levels of Divine Decree and Fate,Levels of Divine Decree and Fate,Levels of Divine Decree and Fate,,,Levels of Divine Decree and Fate,,Levels of Divine Decree and Fate,Levels of Divine Decree and Fate,,,,Levels of Divine Decree and Fate,,,,,,,,,,,,,,,,,,,,,levels-of-divine-decree-and-fate
1241,64,مسائل القضاء والقدر,Issues of Divine Decree and Fate,,Issues of Divine Decree and Fate,Issues of Divine Decree and Fate,Issues of Divine Decree and Fate,Issues of Divine Decree and Fate,,,Issues of Divine Decree and Fate,,Issues of Divine Decree and Fate,Issues of Divine Decree and Fate,,,,Issues of Divine Decree and Fate,,,,,,,,,,,,,,,,,,,,,issues-of-divine-decree-and-fate
1242,65,الإسلام,Islam,,Islam,Islam,Islam,Islam,,,Islam,,Islam,Islam,,,,Islam,,,,,,,,,,,,,,,,,,,,,islam
1243,65,نواقض الإسلام,Nullifiers of Islam,,Nullifiers of Islam,Nullifiers of Islam,Nullifiers of Islam,Nullifiers of Islam,,,Nullifiers of Islam,,Nullifiers of Islam,Nullifiers of Islam,,,,Nullifiers of Islam,,,,,,,,,,,,,,,,,,,,,nullifiers-of-islam
1244,65,مسائل الجاهلية,Issues of Pre-Islamic Era,,Issues of Pre-Islamic Era,Issues of Pre-Islamic Era,Issues of Pre-Islamic Era,Issues of Pre-Islamic Era,,,Issues of Pre-Islamic Era,,Issues of Pre-Islamic Era,Issues of Pre-Islamic Era,,,,Issues of Pre-Islamic Era,,,,,,,,,,,,,,,,,,,,,issues-of-pre-islamic-era
1245,65,زيادة الإيمان ونقصانه,Increase and Decrease of Faith,,Increase and Decrease of Faith,Increase and Decrease of Faith,Increase and Decrease of Faith,Increase and Decrease of Faith,,,Increase and Decrease of Faith,,Increase and Decrease of Faith,Increase and Decrease of Faith,,,,Increase and Decrease of Faith,,,,,,,,,,,,,,,,,,,,,increase-and-decrease-of-faith
1246,65,شعب الإيمان,Branches of Faith,,Branches of Faith,Branches of Faith,Branches of Faith,Branches of Faith,,,Branches of Faith,,Branches of Faith,Branches of Faith,,,,Branches of Faith,,,,,,,,,,,,,,,,,,,,,branches-of-faith
1247,65,الكفر,Disbelief,,Disbelief,Disbelief,Disbelief,Disbelief,,,Disbelief,,Disbelief,Disbelief,,,,Disbelief,,,,,,,,,,,,,,,,,,,,,disbelief
1248,65,الشرك,Polytheism,,Polytheism,Polytheism,Polytheism,Polytheism,,,Polytheism,,Polytheism,Polytheism,,,,Polytheism,,,,,,,,,,,,,,,,,,,,,polytheism
1249,65,النفاق,Hypocrisy,,Hypocrisy,Hypocrisy,Hypocrisy,Hypocrisy,,,Hypocrisy,,Hypocrisy,Hypocrisy,,,,Hypocrisy,,,,,,,,,,,,,,,,,,,,,hypocrisy
1250,65,الفسق,Immorality,,Immorality,Immorality,Immorality,Immorality,,,Immorality,,Immorality,Immorality,,,,Immorality,,,,,,,,,,,,,,,,,,,,,immorality
1251,65,البدعة,Religious Innovation,,Religious Innovation,Religious Innovation,Religious Innovation,Religious Innovation,,,Religious Innovation,,Religious Innovation,Religious Innovation,,,,Religious Innovation,,,,,,,,,,,,,,,,,,,,,religious-innovation
1252,66,فضل الصحابة رضي الله عنهم,Merit of the Companions,,Merit of the Companions,Merit of the Companions,Merit of the Companions,Merit of the Companions,,,Merit of the Companions,,Merit of the Companions,Merit of the Companions,,,,Merit of the Companions,,,,,,,,,,,,,,,,,,,,,merit-of-the-companions
1253,66,الاعتقاد في الصحابة رضي الله عنهم,Belief in the the Companions,,Belief in the the Companions,Belief in the the Companions,Belief in the the Companions,Belief in the the Companions,,,Belief in the the Companions,,Belief in the the Companions,Belief in the the Companions,,,,Belief in the the Companions,,,,,,,,,,,,,,,,,,,,,belief-in-the-the-companions
1254,66,درجات الصحابة رضي الله عنهم,Degrees of the Companions,,Degrees of the Companions,Degrees of the Companions,Degrees of the Companions,Degrees of the Companions,,,Degrees of the Companions,,Degrees of the Companions,Degrees of the Companions,,,,Degrees of the Companions,,,,,,,,,,,,,,,,,,,,,degrees-of-the-companions
1255,67,فضل آل البيت,Merit of the Prophet's Family,,Merit of the Prophet's Family,Merit of the Prophet's Family,Merit of the Prophet's Family,Merit of the Prophet's Family,,,Merit of the Prophet's Family,,Merit of the Prophet's Family,Merit of the Prophet's Family,,,,Merit of the Prophet's Family,,,,,,,,,,,,,,,,,,,,,merit-of-the-prophets-family
1256,67,فضل أمهات المؤمنين,Merit of the Mothers of the Believers,,Merit of the Mothers of the Believers,Merit of the Mothers of the Believers,Merit of the Mothers of the Believers,Merit of the Mothers of the Believers,,,Merit of the Mothers of the Believers,,Merit of the Mothers of the Believers,Merit of the Mothers of the Believers,,,,Merit of the Mothers of the Believers,,,,,,,,,,,,,,,,,,,,,merit-of-the-mothers-of-the-believers
1257,67,الاعتقاد في آل البيت,Belief in the Prophet's Family,,Belief in the Prophet's Family,Belief in the Prophet's Family,Belief in the Prophet's Family,Belief in the Prophet's Family,,,Belief in the Prophet's Family,,Belief in the Prophet's Family,Belief in the Prophet's Family,,,,Belief in the Prophet's Family,,,,,,,,,,,,,,,,,,,,,belief-in-the-prophets-family
1258,67,حقوق آل البيت,Rights of the Prophet's Family,,Rights of the Prophet's Family,Rights of the Prophet's Family,Rights of the Prophet's Family,Rights of the Prophet's Family,,,Rights of the Prophet's Family,,Rights of the Prophet's Family,Rights of the Prophet's Family,,,,Rights of the Prophet's Family,,,,,,,,,,,,,,,,,,,,,rights-of-the-prophets-family
1259,68,أحكام الولاء والبراء,Rulings of Allegiance and Dissociation,,Rulings of Allegiance and Dissociation,Rulings of Allegiance and Dissociation,Rulings of Allegiance and Dissociation,Rulings of Allegiance and Dissociation,,,Rulings of Allegiance and Dissociation,,Rulings of Allegiance and Dissociation,Rulings of Allegiance and Dissociation,,,,Rulings of Allegiance and Dissociation,,,,,,,,,,,,,,,,,,,,,rulings-of-allegiance-and-dissociation
1260,68,التشبه المنهي عنه,Forbidden Emulation,,Forbidden Emulation,Forbidden Emulation,Forbidden Emulation,Forbidden Emulation,,,Forbidden Emulation,,Forbidden Emulation,Forbidden Emulation,,,,Forbidden Emulation,,,,,,,,,,,,,,,,,,,,,forbidden-emulation
1261,68,الهجرة وأحكامها,Emigration and its Rulings,,Emigration and its Rulings,Emigration and its Rulings,Emigration and its Rulings,Emigration and its Rulings,,,Emigration and its Rulings,,Emigration and its Rulings,Emigration and its Rulings,,,,Emigration and its Rulings,,,,,,,,,,,,,,,,,,,,,emigration-and-its-rulings
1262,68,الهجر وشروطه,Desertion and its Conditions,,Desertion and its Conditions,Desertion and its Conditions,Desertion and its Conditions,Desertion and its Conditions,,,Desertion and its Conditions,,Desertion and its Conditions,Desertion and its Conditions,,,,Desertion and its Conditions,,,,,,,,,,,,,,,,,,,,,desertion-and-its-conditions
1263,69,خصائص أهل السنة والجماعة,Characteristics of the People of the Sunnah and the Community,,Characteristics of the People of the Sunnah and the Community,Characteristics of the People of the Sunnah and the Community,Characteristics of the People of the Sunnah and the Community,Characteristics of the People of the Sunnah and the Community,,,Characteristics of the People of the Sunnah and the Community,,Characteristics of the People of the Sunnah and the Community,Characteristics of the People of the Sunnah and the Community,,,,Characteristics of the People of the Sunnah and the Community,,,,,,,,,,,,,,,,,,,,,characteristics-of-the-people-of-the-sunnah-and-the-community
1264,71,الفرق والمذاهب القديمة النشأة,Old Sects and Schools,,Old Sects and Schools,Old Sects and Schools,Old Sects and Schools,Old Sects and Schools,,,Old Sects and Schools,,Old Sects and Schools,Old Sects and Schools,,,,Old Sects and Schools,,,,,,,,,,,,,,,,,,,,,old-sects-and-schools
1265,4,فقه العبادات,Jurisprudence of Acts of Worship,,Jurisprudence of Acts of Worship,Jurisprudence of Acts of Worship,Jurisprudence of Acts of Worship,Jurisprudence of Acts of Worship,,,Jurisprudence of Acts of Worship,,Jurisprudence of Acts of Worship,Jurisprudence of Acts of Worship,,,,Jurisprudence of Acts of Worship,,,,,,,,,,,,,,,,,,,,,jurisprudence-of-acts-of-worship
1266,4,فقه المعاملات,Jurisprudence of Transactions,,Jurisprudence of Transactions,Jurisprudence of Transactions,Jurisprudence of Transactions,Jurisprudence of Transactions,,,Jurisprudence of Transactions,,Jurisprudence of Transactions,Jurisprudence of Transactions,,,,Jurisprudence of Transactions,,,,,,,,,,,,,,,,,,,,,jurisprudence-of-transactions
1267,4,الفرائض,Religious Obligations,,Religious Obligations,Religious Obligations,Religious Obligations,Religious Obligations,,,Religious Obligations,,Religious Obligations,Religious Obligations,,,,Religious Obligations,,,,,,,,,,,,,,,,,,,,,religious-obligations
1268,4,فقه الأسرة,Family Jurisprudence,,Family Jurisprudence,Family Jurisprudence,Family Jurisprudence,Family Jurisprudence,,,Family Jurisprudence,,Family Jurisprudence,Family Jurisprudence,,,,Family Jurisprudence,,,,,,,,,,,,,,,,,,,,,family-jurisprudence
1269,4,الطب والتداوي والرقية الشرعية,Spiritual and Physical Therapy,,Spiritual and Physical Therapy,Spiritual and Physical Therapy,Spiritual and Physical Therapy,Spiritual and Physical Therapy,,,Spiritual and Physical Therapy,,Spiritual and Physical Therapy,Spiritual and Physical Therapy,,,,Spiritual and Physical Therapy,,,,,,,,,,,,,,,,,,,,,spiritual-and-physical-therapy
1270,4,الأطعمة والأشربة,Foods and Drinks,,Foods and Drinks,Foods and Drinks,Foods and Drinks,Foods and Drinks,,,Foods and Drinks,,Foods and Drinks,Foods and Drinks,,,,Foods and Drinks,,,,,,,,,,,,,,,,,,,,,foods-and-drinks
1271,4,الجنايات,Crimes,,Crimes,Crimes,Crimes,Crimes,,,Crimes,,Crimes,Crimes,,,,Crimes,,,,,,,,,,,,,,,,,,,,,crimes
1272,4,الحدود,Prescribed Punishments,,Prescribed Punishments,Prescribed Punishments,Prescribed Punishments,Prescribed Punishments,,,Prescribed Punishments,,Prescribed Punishments,Prescribed Punishments,,,,Prescribed Punishments,,,,,,,,,,,,,,,,,,,,,prescribed-punishments
1273,4,القضاء,Judiciary,,Judiciary,Judiciary,Judiciary,Judiciary,,,Judiciary,,Judiciary,Judiciary,,,,Judiciary,,,,,,,,,,,,,,,,,,,,,judiciary
1274,4,أصول الفقه,Principles of Islamic Jurisprudence,,Principles of Islamic Jurisprudence,Principles of Islamic Jurisprudence,Principles of Islamic Jurisprudence,Principles of Islamic Jurisprudence,,,Principles of Islamic Jurisprudence,,Principles of Islamic Jurisprudence,Principles of Islamic Jurisprudence,,,,Principles of Islamic Jurisprudence,,,,,,,,,,,,,,,,,,,,,principles-of-islamic-jurisprudence
1275,121,الطهارة,Purification,,Purification,Purification,Purification,Purification,,,Purification,,Purification,Purification,,,,Purification,,,,,,,,,,,,,,,,,,,,,purification
1276,121,الصلاة,Prayer,,Prayer,Prayer,Prayer,Prayer,,,Prayer,,Prayer,Prayer,,,,Prayer,,,,,,,,,,,,,,,,,,,,,prayer
1277,121,الجنائز,Funerals,,Funerals,Funerals,Funerals,Funerals,,,Funerals,,Funerals,Funerals,,,,Funerals,,,,,,,,,,,,,,,,,,,,,funerals
1278,121,الزكاة,Zakah,,Zakah,Zakah,Zakah,Zakah,,,Zakah,,Zakah,Zakah,,,,Zakah,,,,,,,,,,,,,,,,,,,,,zakah
1279,121,الصيام,Fasting,,Fasting,Fasting,Fasting,Fasting,,,Fasting,,Fasting,Fasting,,,,Fasting,,,,,,,,,,,,,,,,,,,,,fasting
1280,121,الحج والعمرة,Hajj and ‘Umrah,,Hajj and ‘Umrah,Hajj and ‘Umrah,Hajj and ‘Umrah,Hajj and ‘Umrah,,,Hajj and ‘Umrah,,Hajj and ‘Umrah,Hajj and ‘Umrah,,,,Hajj and ‘Umrah,,,,,,,,,,,,,,,,,,,,,hajj-and-‘umrah
1281,121,الجهاد,Jihad,,Jihad,Jihad,Jihad,Jihad,,,Jihad,,Jihad,Jihad,,,,Jihad,,,,,,,,,,,,,,,,,,,,,jihad
1282,122,البيوع,Sales,,Sales,Sales,Sales,Sales,,,Sales,,Sales,Sales,,,,Sales,,,,,,,,,,,,,,,,,,,,,sales
1283,140,شروط البيع,Conditions of Sale,,Conditions of Sale,Conditions of Sale,Conditions of Sale,Conditions of Sale,,,Conditions of Sale,,Conditions of Sale,Conditions of Sale,,,,Conditions of Sale,,,,,,,,,,,,,,,,,,,,,conditions-of-sale
1284,140,الشروط في البيع,Sale-Related Stipulations,,Sale-Related Stipulations,Sale-Related Stipulations,Sale-Related Stipulations,Sale-Related Stipulations,,,Sale-Related Stipulations,,Sale-Related Stipulations,Sale-Related Stipulations,,,,Sale-Related Stipulations,,,,,,,,,,,,,,,,,,,,,sale-related-stipulations
1285,140,بيع الأصول والثمار,Selling Assets and Fruits,,Selling Assets and Fruits,Selling Assets and Fruits,Selling Assets and Fruits,Selling Assets and Fruits,,,Selling Assets and Fruits,,Selling Assets and Fruits,Selling Assets and Fruits,,,,Selling Assets and Fruits,,,,,,,,,,,,,,,,,,,,,selling-assets-and-fruits
1286,122,السلم,Advance Payment,,Advance Payment,Advance Payment,Advance Payment,Advance Payment,,,Advance Payment,,Advance Payment,Advance Payment,,,,Advance Payment,,,,,,,,,,,,,,,,,,,,,advance-payment
1287,122,الربا,Usury,,Usury,Usury,Usury,Usury,,,Usury,,Usury,Usury,,,,Usury,,,,,,,,,,,,,,,,,,,,,usury
1288,122,القرض,Loan,,Loan,Loan,Loan,Loan,,,Loan,,Loan,Loan,,,,Loan,,,,,,,,,,,,,,,,,,,,,loan
1289,122,الرهن,Mortgage,,Mortgage,Mortgage,Mortgage,Mortgage,,,Mortgage,,Mortgage,Mortgage,,,,Mortgage,,,,,,,,,,,,,,,,,,,,,mortgage
1290,122,الضمان والكفالة,Collateral and Surety,,Collateral and Surety,Collateral and Surety,Collateral and Surety,Collateral and Surety,,,Collateral and Surety,,Collateral and Surety,Collateral and Surety,,,,Collateral and Surety,,,,,,,,,,,,,,,,,,,,,collateral-and-surety
1291,122,الصلح وأحكام الجوار,Conciliation and Neighborhood Rulings,,Conciliation and Neighborhood Rulings,Conciliation and Neighborhood Rulings,Conciliation and Neighborhood Rulings,Conciliation and Neighborhood Rulings,,,Conciliation and Neighborhood Rulings,,Conciliation and Neighborhood Rulings,Conciliation and Neighborhood Rulings,,,,Conciliation and Neighborhood Rulings,,,,,,,,,,,,,,,,,,,,,conciliation-and-neighborhood-rulings
1292,122,الحَجْر,Interdiction,,Interdiction,Interdiction,Interdiction,Interdiction,,,Interdiction,,Interdiction,Interdiction,,,,Interdiction,,,,,,,,,,,,,,,,,,,,,interdiction
1293,122,الشركة,Partnership,,Partnership,Partnership,Partnership,Partnership,,,Partnership,,Partnership,Partnership,,,,Partnership,,,,,,,,,,,,,,,,,,,,,partnership
1294,122,المساقاة والمزارعة,Sharecropping,,Sharecropping,Sharecropping,Sharecropping,Sharecropping,,,Sharecropping,,Sharecropping,Sharecropping,,,,Sharecropping,,,,,,,,,,,,,,,,,,,,,sharecropping
1295,122,السبق والقمار والميسر,Racing and Gambling,,Racing and Gambling,Racing and Gambling,Racing and Gambling,Racing and Gambling,,,Racing and Gambling,,Racing and Gambling,Racing and Gambling,,,,Racing and Gambling,,,,,,,,,,,,,,,,,,,,,racing-and-gambling
1296,122,الغصب,Usurpation,,Usurpation,Usurpation,Usurpation,Usurpation,,,Usurpation,,Usurpation,Usurpation,,,,Usurpation,,,,,,,,,,,,,,,,,,,,,usurpation
1297,122,الشفعة,Preemption,,Preemption,Preemption,Preemption,Preemption,,,Preemption,,Preemption,Preemption,,,,Preemption,,,,,,,,,,,,,,,,,,,,,preemption
1298,122,اللقطة واللقيط,Found Item and Foundling,,Found Item and Foundling,Found Item and Foundling,Found Item and Foundling,Found Item and Foundling,,,Found Item and Foundling,,Found Item and Foundling,Found Item and Foundling,,,,Found Item and Foundling,,,,,,,,,,,,,,,,,,,,,found-item-and-foundling
1299,122,الوقف,Endowment,,Endowment,Endowment,Endowment,Endowment,,,Endowment,,Endowment,Endowment,,,,Endowment,,,,,,,,,,,,,,,,,,,,,endowment
1300,122,الهبة والعطية,Gift,,Gift,Gift,Gift,Gift,,,Gift,,Gift,Gift,,,,Gift,,,,,,,,,,,,,,,,,,,,,gift
1301,122,الوصية,Bequest,,Bequest,Bequest,Bequest,Bequest,,,Bequest,,Bequest,Bequest,,,,Bequest,,,,,,,,,,,,,,,,,,,,,bequest
1302,122,العتق,Manumission,,Manumission,Manumission,Manumission,Manumission,,,Manumission,,Manumission,Manumission,,,,Manumission,,,,,,,,,,,,,,,,,,,,,manumission
1303,122,الأيمان والنذور,Oaths and Vows,,Oaths and Vows,Oaths and Vows,Oaths and Vows,Oaths and Vows,,,Oaths and Vows,,Oaths and Vows,Oaths and Vows,,,,Oaths and Vows,,,,,,,,,,,,,,,,,,,,,oaths-and-vows
1304,123,شروط الإرث,Conditions of Inheritance,,Conditions of Inheritance,Conditions of Inheritance,Conditions of Inheritance,Conditions of Inheritance,,,Conditions of Inheritance,,Conditions of Inheritance,Conditions of Inheritance,,,,Conditions of Inheritance,,,,,,,,,,,,,,,,,,,,,conditions-of-inheritance
1305,123,موانع الإرث,Impediments of Inheritance,,Impediments of Inheritance,Impediments of Inheritance,Impediments of Inheritance,Impediments of Inheritance,,,Impediments of Inheritance,,Impediments of Inheritance,Impediments of Inheritance,,,,Impediments of Inheritance,,,,,,,,,,,,,,,,,,,,,impediments-of-inheritance
1306,123,العـصبة,Agnates,,Agnates,Agnates,Agnates,Agnates,,,Agnates,,Agnates,Agnates,,,,Agnates,,,,,,,,,,,,,,,,,,,,,agnates
1307,123,ميراث ذوي الأرحام,Inheritance Shares of Blood Relatives,,Inheritance Shares of Blood Relatives,Inheritance Shares of Blood Relatives,Inheritance Shares of Blood Relatives,Inheritance Shares of Blood Relatives,,,Inheritance Shares of Blood Relatives,,Inheritance Shares of Blood Relatives,Inheritance Shares of Blood Relatives,,,,Inheritance Shares of Blood Relatives,,,,,,,,,,,,,,,,,,,,,inheritance-shares-of-blood-relatives
1308,123,ميراث الحمل,Inheritance Shares of Embryos,,Inheritance Shares of Embryos,Inheritance Shares of Embryos,Inheritance Shares of Embryos,Inheritance Shares of Embryos,,,Inheritance Shares of Embryos,,Inheritance Shares of Embryos,Inheritance Shares of Embryos,,,,Inheritance Shares of Embryos,,,,,,,,,,,,,,,,,,,,,inheritance-shares-of-embryos
1309,124,النكاح,Marriage,,Marriage,Marriage,Marriage,Marriage,,,Marriage,,Marriage,Marriage,,,,Marriage,,,,,,,,,,,,,,,,,,,,,marriage
1310,124,الطلاق,Divorce,,Divorce,Divorce,Divorce,Divorce,,,Divorce,,Divorce,Divorce,,,,Divorce,,,,,,,,,,,,,,,,,,,,,divorce
1311,124,الرجعة,Remarriage with One's Divorcee,,Remarriage with One's Divorcee,Remarriage with One's Divorcee,Remarriage with One's Divorcee,Remarriage with One's Divorcee,,,Remarriage with One's Divorcee,,Remarriage with One's Divorcee,Remarriage with One's Divorcee,,,,Remarriage with One's Divorcee,,,,,,,,,,,,,,,,,,,,,remarriage-with-ones-divorcee
1312,124,الخلع,Wife-Initiated Divorce,,Wife-Initiated Divorce,Wife-Initiated Divorce,Wife-Initiated Divorce,Wife-Initiated Divorce,,,Wife-Initiated Divorce,,Wife-Initiated Divorce,Wife-Initiated Divorce,,,,Wife-Initiated Divorce,,,,,,,,,,,,,,,,,,,,,wife-initiated-divorce
1313,124,الإيلاء,Oath to Abstain from Intercourse with One's Wife,,Oath to Abstain from Intercourse with One's Wife,Oath to Abstain from Intercourse with One's Wife,Oath to Abstain from Intercourse with One's Wife,Oath to Abstain from Intercourse with One's Wife,,,Oath to Abstain from Intercourse with One's Wife,,Oath to Abstain from Intercourse with One's Wife,Oath to Abstain from Intercourse with One's Wife,,,,Oath to Abstain from Intercourse with One's Wife,,,,,,,,,,,,,,,,,,,,,oath-to-abstain-from-intercourse-with-ones-wife
1314,124,الظهار,Zihaar (Likening one's wife to an unmarrriagble woman),,Zihaar (Likening one's wife to an unmarrriagble woman),Zihaar (Likening one's wife to an unmarrriagble woman),Zihaar (Likening one's wife to an unmarrriagble woman),Zihaar (Likening one's wife to an unmarrriagble woman),,,Zihaar (Likening one's wife to an unmarrriagble woman),,Zihaar (Likening one's wife to an unmarrriagble woman),Zihaar (Likening one's wife to an unmarrriagble woman),,,,Zihaar (Likening one's wife to an unmarrriagble woman),,,,,,,,,,,,,,,,,,,,,zihaar-likening-ones-wife-to-an-unmarrriagble-woman
1315,124,اللعان,Oath of Condemnation,,Oath of Condemnation,Oath of Condemnation,Oath of Condemnation,Oath of Condemnation,,,Oath of Condemnation,,Oath of Condemnation,Oath of Condemnation,,,,Oath of Condemnation,,,,,,,,,,,,,,,,,,,,,oath-of-condemnation
1316,124,العدة,Waiting Period,,Waiting Period,Waiting Period,Waiting Period,Waiting Period,,,Waiting Period,,Waiting Period,Waiting Period,,,,Waiting Period,,,,,,,,,,,,,,,,,,,,,waiting-period
1317,124,الرضاع,Breastfeeding,,Breastfeeding,Breastfeeding,Breastfeeding,Breastfeeding,,,Breastfeeding,,Breastfeeding,Breastfeeding,,,,Breastfeeding,,,,,,,,,,,,,,,,,,,,,breastfeeding
1318,124,الحضانة,Custody,,Custody,Custody,Custody,Custody,,,Custody,,Custody,Custody,,,,Custody,,,,,,,,,,,,,,,,,,,,,custody
1319,124,النفقات,Expenses,,Expenses,Expenses,Expenses,Expenses,,,Expenses,,Expenses,Expenses,,,,Expenses,,,,,,,,,,,,,,,,,,,,,expenses
1320,124,اللباس والزينة,Clothing and Adornment,,Clothing and Adornment,Clothing and Adornment,Clothing and Adornment,Clothing and Adornment,,,Clothing and Adornment,,Clothing and Adornment,Clothing and Adornment,,,,Clothing and Adornment,,,,,,,,,,,,,,,,,,,,,clothing-and-adornment
1321,124,المجتمع المسلم,Muslim Society,,Muslim Society,Muslim Society,Muslim Society,Muslim Society,,,Muslim Society,,Muslim Society,Muslim Society,,,,Muslim Society,,,,,,,,,,,,,,,,,,,,,muslim-society
1322,124,أحكام النساء,Rulings of Women,,Rulings of Women,Rulings of Women,Rulings of Women,Rulings of Women,,,Rulings of Women,,Rulings of Women,Rulings of Women,,,,Rulings of Women,,,,,,,,,,,,,,,,,,,,,rulings-of-women
1323,124,أحكام المولود,Rulings of Newborns,,Rulings of Newborns,Rulings of Newborns,Rulings of Newborns,Rulings of Newborns,,,Rulings of Newborns,,Rulings of Newborns,Rulings of Newborns,,,,Rulings of Newborns,,,,,,,,,,,,,,,,,,,,,rulings-of-newborns
1324,125,الطب النبوي,Prophetic Medicine,,Prophetic Medicine,Prophetic Medicine,Prophetic Medicine,Prophetic Medicine,,,Prophetic Medicine,,Prophetic Medicine,Prophetic Medicine,,,,Prophetic Medicine,,,,,,,,,,,,,,,,,,,,,prophetic-medicine
1325,125,أحكام التداوي,Rulings of Medication,,Rulings of Medication,Rulings of Medication,Rulings of Medication,Rulings of Medication,,,Rulings of Medication,,Rulings of Medication,Rulings of Medication,,,,Rulings of Medication,,,,,,,,,,,,,,,,,,,,,rulings-of-medication
1326,125,الرقية الشرعية,Ruqyah (Healing and Protective Supplications),,Ruqyah (Healing and Protective Supplications),Ruqyah (Healing and Protective Supplications),Ruqyah (Healing and Protective Supplications),Ruqyah (Healing and Protective Supplications),,,Ruqyah (Healing and Protective Supplications),,Ruqyah (Healing and Protective Supplications),Ruqyah (Healing and Protective Supplications),,,,Ruqyah (Healing and Protective Supplications),,,,,,,,,,,,,,,,,,,,,ruqyah-healing-and-protective-supplications
1327,126,أحكام الأطعمة والأشربة,Rulings of Foods and Drinks,,Rulings of Foods and Drinks,Rulings of Foods and Drinks,Rulings of Foods and Drinks,Rulings of Foods and Drinks,,,Rulings of Foods and Drinks,,Rulings of Foods and Drinks,Rulings of Foods and Drinks,,,,Rulings of Foods and Drinks,,,,,,,,,,,,,,,,,,,,,rulings-of-foods-and-drinks
1328,126,ما يحل ويحرم من الحيوانات والطيور,Lawful and Unlawful Animals and Birds,,Lawful and Unlawful Animals and Birds,Lawful and Unlawful Animals and Birds,Lawful and Unlawful Animals and Birds,Lawful and Unlawful Animals and Birds,,,Lawful and Unlawful Animals and Birds,,Lawful and Unlawful Animals and Birds,Lawful and Unlawful Animals and Birds,,,,Lawful and Unlawful Animals and Birds,,,,,,,,,,,,,,,,,,,,,lawful-and-unlawful-animals-and-birds
1329,126,التذكية,Slaughtering,,Slaughtering,Slaughtering,Slaughtering,Slaughtering,,,Slaughtering,,Slaughtering,Slaughtering,,,,Slaughtering,,,,,,,,,,,,,,,,,,,,,slaughtering
1330,126,الصيد,Hunting,,Hunting,Hunting,Hunting,Hunting,,,Hunting,,Hunting,Hunting,,,,Hunting,,,,,,,,,,,,,,,,,,,,,hunting
1331,126,الأشربة المحرمة,Forbidden Drinks,,Forbidden Drinks,Forbidden Drinks,Forbidden Drinks,Forbidden Drinks,,,Forbidden Drinks,,Forbidden Drinks,Forbidden Drinks,,,,Forbidden Drinks,,,,,,,,,,,,,,,,,,,,,forbidden-drinks
1332,127,القصاص,Retribution,,Retribution,Retribution,Retribution,Retribution,,,Retribution,,Retribution,Retribution,,,,Retribution,,,,,,,,,,,,,,,,,,,,,retribution
1333,127,الديات,Blood Money,,Blood Money,Blood Money,Blood Money,Blood Money,,,Blood Money,,Blood Money,Blood Money,,,,Blood Money,,,,,,,,,,,,,,,,,,,,,blood-money
1334,128,أحكام الحدود,Rulings of Prescribed Punishments,,Rulings of Prescribed Punishments,Rulings of Prescribed Punishments,Rulings of Prescribed Punishments,Rulings of Prescribed Punishments,,,Rulings of Prescribed Punishments,,Rulings of Prescribed Punishments,Rulings of Prescribed Punishments,,,,Rulings of Prescribed Punishments,,,,,,,,,,,,,,,,,,,,,rulings-of-prescribed-punishments
1335,128,شروط إقامة الحدود,Conditions of implementing Prescribed Punishments,,Conditions of implementing Prescribed Punishments,Conditions of implementing Prescribed Punishments,Conditions of implementing Prescribed Punishments,Conditions of implementing Prescribed Punishments,,,Conditions of implementing Prescribed Punishments,,Conditions of implementing Prescribed Punishments,Conditions of implementing Prescribed Punishments,,,,Conditions of implementing Prescribed Punishments,,,,,,,,,,,,,,,,,,,,,conditions-of-implementing-prescribed-punishments
1336,128,حد الزنا,Prescribed Punishment for Adultery,,Prescribed Punishment for Adultery,Prescribed Punishment for Adultery,Prescribed Punishment for Adultery,Prescribed Punishment for Adultery,,,Prescribed Punishment for Adultery,,Prescribed Punishment for Adultery,Prescribed Punishment for Adultery,,,,Prescribed Punishment for Adultery,,,,,,,,,,,,,,,,,,,,,prescribed-punishment-for-adultery
1337,128,حد القذف,Prescribed Punishment for Calumny,,Prescribed Punishment for Calumny,Prescribed Punishment for Calumny,Prescribed Punishment for Calumny,Prescribed Punishment for Calumny,,,Prescribed Punishment for Calumny,,Prescribed Punishment for Calumny,Prescribed Punishment for Calumny,,,,Prescribed Punishment for Calumny,,,,,,,,,,,,,,,,,,,,,prescribed-punishment-for-calumny
1338,128,حد الخمر,Prescribed Punishment for Drinking Alcohol,,Prescribed Punishment for Drinking Alcohol,Prescribed Punishment for Drinking Alcohol,Prescribed Punishment for Drinking Alcohol,Prescribed Punishment for Drinking Alcohol,,,Prescribed Punishment for Drinking Alcohol,,Prescribed Punishment for Drinking Alcohol,Prescribed Punishment for Drinking Alcohol,,,,Prescribed Punishment for Drinking Alcohol,,,,,,,,,,,,,,,,,,,,,prescribed-punishment-for-drinking-alcohol
1339,128,حد السرقة,Prescribed Punishment for Theft,,Prescribed Punishment for Theft,Prescribed Punishment for Theft,Prescribed Punishment for Theft,Prescribed Punishment for Theft,,,Prescribed Punishment for Theft,,Prescribed Punishment for Theft,Prescribed Punishment for Theft,,,,Prescribed Punishment for Theft,,,,,,,,,,,,,,,,,,,,,prescribed-punishment-for-theft
1340,128,حد قطاع الطريق,Prescribed Punishment for Highway Robbery,,Prescribed Punishment for Highway Robbery,Prescribed Punishment for Highway Robbery,Prescribed Punishment for Highway Robbery,Prescribed Punishment for Highway Robbery,,,Prescribed Punishment for Highway Robbery,,Prescribed Punishment for Highway Robbery,Prescribed Punishment for Highway Robbery,,,,Prescribed Punishment for Highway Robbery,,,,,,,,,,,,,,,,,,,,,prescribed-punishment-for-highway-robbery
1341,128,حد الردة,Prescribed Punishment for Apostasy,,Prescribed Punishment for Apostasy,Prescribed Punishment for Apostasy,Prescribed Punishment for Apostasy,Prescribed Punishment for Apostasy,,,Prescribed Punishment for Apostasy,,Prescribed Punishment for Apostasy,Prescribed Punishment for Apostasy,,,,Prescribed Punishment for Apostasy,,,,,,,,,,,,,,,,,,,,,prescribed-punishment-for-apostasy
1342,128,أحكام التعزير,Rulings of Discretionary Punishments,,Rulings of Discretionary Punishments,Rulings of Discretionary Punishments,Rulings of Discretionary Punishments,Rulings of Discretionary Punishments,,,Rulings of Discretionary Punishments,,Rulings of Discretionary Punishments,Rulings of Discretionary Punishments,,,,Rulings of Discretionary Punishments,,,,,,,,,,,,,,,,,,,,,rulings-of-discretionary-punishments
1343,129,حكم القضاء وفضله وخطره,Judiciary: Its Ruling; Merit; and Significance,,Judiciary: Its Ruling; Merit; and Significance,Judiciary: Its Ruling; Merit; and Significance,Judiciary: Its Ruling; Merit; and Significance,Judiciary: Its Ruling; Merit; and Significance,,,Judiciary: Its Ruling; Merit; and Significance,,Judiciary: Its Ruling; Merit; and Significance,Judiciary: Its Ruling; Merit; and Significance,,,,Judiciary: Its Ruling; Merit; and Significance,,,,,,,,,,,,,,,,,,,,,judiciary:-its-ruling;-merit;-and-significance
1344,129,آداب القاضي,Manners of Judges,,Manners of Judges,Manners of Judges,Manners of Judges,Manners of Judges,,,Manners of Judges,,Manners of Judges,Manners of Judges,,,,Manners of Judges,,,,,,,,,,,,,,,,,,,,,manners-of-judges
1345,129,الدعاوى والبيِّنات,Claims and Proofs,,Claims and Proofs,Claims and Proofs,Claims and Proofs,Claims and Proofs,,,Claims and Proofs,,Claims and Proofs,Claims and Proofs,,,,Claims and Proofs,,,,,,,,,,,,,,,,,,,,,claims-and-proofs
1346,129,الشهادات,Testimonies,,Testimonies,Testimonies,Testimonies,Testimonies,,,Testimonies,,Testimonies,Testimonies,,,,Testimonies,,,,,,,,,,,,,,,,,,,,,testimonies
1347,132,الحكم الشرعي,Shariah Ruling,,Shariah Ruling,Shariah Ruling,Shariah Ruling,Shariah Ruling,,,Shariah Ruling,,Shariah Ruling,Shariah Ruling,,,,Shariah Ruling,,,,,,,,,,,,,,,,,,,,,shariah-ruling
1348,132,القواعد الفقهية والأصولية,Juristic and Usooli (Juristic Priciples) Rules,,Juristic and Usooli (Juristic Priciples) Rules,Juristic and Usooli (Juristic Priciples) Rules,Juristic and Usooli (Juristic Priciples) Rules,Juristic and Usooli (Juristic Priciples) Rules,,,Juristic and Usooli (Juristic Priciples) Rules,,Juristic and Usooli (Juristic Priciples) Rules,Juristic and Usooli (Juristic Priciples) Rules,,,,Juristic and Usooli (Juristic Priciples) Rules,,,,,,,,,,,,,,,,,,,,,juristic-and-usooli-juristic-priciples-rules
1349,132,التكليف وشروطه,Religious Assignment and its Conditions,,Religious Assignment and its Conditions,Religious Assignment and its Conditions,Religious Assignment and its Conditions,Religious Assignment and its Conditions,,,Religious Assignment and its Conditions,,Religious Assignment and its Conditions,Religious Assignment and its Conditions,,,,Religious Assignment and its Conditions,,,,,,,,,,,,,,,,,,,,,religious-assignment-and-its-conditions
1350,132,الكتاب (القرآن),The Book (the Qur'an),,The Book (the Qur'an),The Book (the Qur'an),The Book (the Qur'an),The Book (the Qur'an),,,The Book (the Qur'an),,The Book (the Qur'an),The Book (the Qur'an),,,,The Book (the Qur'an),,,,,,,,,,,,,,,,,,,,,the-book-the-quran
1351,132,النسخ,Abrogation,,Abrogation,Abrogation,Abrogation,Abrogation,,,Abrogation,,Abrogation,Abrogation,,,,Abrogation,,,,,,,,,,,,,,,,,,,,,abrogation
1352,132,دلالات الألفاظ وكيفية الاستنباط,Significations and Inference,,Significations and Inference,Significations and Inference,Significations and Inference,Significations and Inference,,,Significations and Inference,,Significations and Inference,Significations and Inference,,,,Significations and Inference,,,,,,,,,,,,,,,,,,,,,significations-and-inference
1353,132,الاجتهاد والتقليد,Personal Reasoning and Imitation,,Personal Reasoning and Imitation,Personal Reasoning and Imitation,Personal Reasoning and Imitation,Personal Reasoning and Imitation,,,Personal Reasoning and Imitation,,Personal Reasoning and Imitation,Personal Reasoning and Imitation,,,,Personal Reasoning and Imitation,,,,,,,,,,,,,,,,,,,,,personal-reasoning-and-imitation
1354,132,التعارض والترجيح,Divergence and Preponderance,,Divergence and Preponderance,Divergence and Preponderance,Divergence and Preponderance,Divergence and Preponderance,,,Divergence and Preponderance,,Divergence and Preponderance,Divergence and Preponderance,,,,Divergence and Preponderance,,,,,,,,,,,,,,,,,,,,,divergence-and-preponderance
1355,132,مقاصد الشريعة,Shariah Objectives,,Shariah Objectives,Shariah Objectives,Shariah Objectives,Shariah Objectives,,,Shariah Objectives,,Shariah Objectives,Shariah Objectives,,,,Shariah Objectives,,,,,,,,,,,,,,,,,,,,,shariah-objectives
1356,5,الفضائل,Virtues,,Virtues,Virtues,Virtues,Virtues,,,Virtues,,Virtues,Virtues,,,,Virtues,,,,,,,,,,,,,,,,,,,,,virtues
1357,5,فقه الأخلاق,Jurisprudence of Ethics,,Jurisprudence of Ethics,Jurisprudence of Ethics,Jurisprudence of Ethics,Jurisprudence of Ethics,,,Jurisprudence of Ethics,,Jurisprudence of Ethics,Jurisprudence of Ethics,,,,Jurisprudence of Ethics,,,,,,,,,,,,,,,,,,,,,jurisprudence-of-ethics
1358,5,الآداب الشرعية,Shariah-approved Manners,,Shariah-approved Manners,Shariah-approved Manners,Shariah-approved Manners,Shariah-approved Manners,,,Shariah-approved Manners,,Shariah-approved Manners,Shariah-approved Manners,,,,Shariah-approved Manners,,,,,,,,,,,,,,,,,,,,,shariah-approved-manners
1359,5,فقه الأدعية والأذكار,Jurisprudence of Supplications and Remembrance of Allah,,Jurisprudence of Supplications and Remembrance of Allah,Jurisprudence of Supplications and Remembrance of Allah,Jurisprudence of Supplications and Remembrance of Allah,Jurisprudence of Supplications and Remembrance of Allah,,,Jurisprudence of Supplications and Remembrance of Allah,,Jurisprudence of Supplications and Remembrance of Allah,Jurisprudence of Supplications and Remembrance of Allah,,,,Jurisprudence of Supplications and Remembrance of Allah,,,,,,,,,,,,,,,,,,,,,jurisprudence-of-supplications-and-remembrance-of-allah
1360,5,الرقائق والمواعظ,Heart-Softeners and Sermons,,Heart-Softeners and Sermons,Heart-Softeners and Sermons,Heart-Softeners and Sermons,Heart-Softeners and Sermons,,,Heart-Softeners and Sermons,,Heart-Softeners and Sermons,Heart-Softeners and Sermons,,,,Heart-Softeners and Sermons,,,,,,,,,,,,,,,,,,,,,heart-softeners-and-sermons
1361,265,فضل العلم,Excellence of Knowledge,,Excellence of Knowledge,Excellence of Knowledge,Excellence of Knowledge,Excellence of Knowledge,,,Excellence of Knowledge,,Excellence of Knowledge,Excellence of Knowledge,,,,Excellence of Knowledge,,,,,,,,,,,,,,,,,,,,,excellence-of-knowledge
1362,265,فضائل التوحيد,Excellence of Monotheism,,Excellence of Monotheism,Excellence of Monotheism,Excellence of Monotheism,Excellence of Monotheism,,,Excellence of Monotheism,,Excellence of Monotheism,Excellence of Monotheism,,,,Excellence of Monotheism,,,,,,,,,,,,,,,,,,,,,excellence-of-monotheism
1363,265,فضائل القرآن الكريم,Merits of the Noble Qur'an,,Merits of the Noble Qur'an,Merits of the Noble Qur'an,Merits of the Noble Qur'an,Merits of the Noble Qur'an,,,Merits of the Noble Qur'an,,Merits of the Noble Qur'an,Merits of the Noble Qur'an,,,,Merits of the Noble Qur'an,,,,,,,,,,,,,,,,,,,,,merits-of-the-noble-quran
1364,265,فضائل بر الوالدين,Merits of Being Dutiful to One's Parents,,Merits of Being Dutiful to One's Parents,Merits of Being Dutiful to One's Parents,Merits of Being Dutiful to One's Parents,Merits of Being Dutiful to One's Parents,,,Merits of Being Dutiful to One's Parents,,Merits of Being Dutiful to One's Parents,Merits of Being Dutiful to One's Parents,,,,Merits of Being Dutiful to One's Parents,,,,,,,,,,,,,,,,,,,,,merits-of-being-dutiful-to-ones-parents
1365,265,فضائل صلة الأرحام,Merits of Maintaining Kinship Ties,,Merits of Maintaining Kinship Ties,Merits of Maintaining Kinship Ties,Merits of Maintaining Kinship Ties,Merits of Maintaining Kinship Ties,,,Merits of Maintaining Kinship Ties,,Merits of Maintaining Kinship Ties,Merits of Maintaining Kinship Ties,,,,Merits of Maintaining Kinship Ties,,,,,,,,,,,,,,,,,,,,,merits-of-maintaining-kinship-ties
1366,265,فضائل آل البيت رضي الله عنهم,Merits of Prophet's Family,,Merits of Prophet's Family,Merits of Prophet's Family,Merits of Prophet's Family,Merits of Prophet's Family,,,Merits of Prophet's Family,,Merits of Prophet's Family,Merits of Prophet's Family,,,,Merits of Prophet's Family,,,,,,,,,,,,,,,,,,,,,merits-of-prophets-family
1367,265,فضائل الصحابة رضي الله عنهم,Merits of the Companions,,Merits of the Companions,Merits of the Companions,Merits of the Companions,Merits of the Companions,,,Merits of the Companions,,Merits of the Companions,Merits of the Companions,,,,Merits of the Companions,,,,,,,,,,,,,,,,,,,,,merits-of-the-companions
1368,265,فضائل الأعمال الصالحة,Merits of Good Deeds,,Merits of Good Deeds,Merits of Good Deeds,Merits of Good Deeds,Merits of Good Deeds,,,Merits of Good Deeds,,Merits of Good Deeds,Merits of Good Deeds,,,,Merits of Good Deeds,,,,,,,,,,,,,,,,,,,,,merits-of-good-deeds
1369,265,فضائل الذكر,Merits of Remembering Allah,,Merits of Remembering Allah,Merits of Remembering Allah,Merits of Remembering Allah,Merits of Remembering Allah,,,Merits of Remembering Allah,,Merits of Remembering Allah,Merits of Remembering Allah,,,,Merits of Remembering Allah,,,,,,,,,,,,,,,,,,,,,merits-of-remembering-allah
1370,265,فضل الدعاء,Merits of Supplication,,Merits of Supplication,Merits of Supplication,Merits of Supplication,Merits of Supplication,,,Merits of Supplication,,Merits of Supplication,Merits of Supplication,,,,Merits of Supplication,,,,,,,,,,,,,,,,,,,,,merits-of-supplication
1371,265,فضائل أعمال القلوب,Merits of Heart Acts,,Merits of Heart Acts,Merits of Heart Acts,Merits of Heart Acts,Merits of Heart Acts,,,Merits of Heart Acts,,Merits of Heart Acts,Merits of Heart Acts,,,,Merits of Heart Acts,,,,,,,,,,,,,,,,,,,,,merits-of-heart-acts
1372,265,فضائل أعمال الجوارح,Merits of Organs' Acts,,Merits of Organs' Acts,Merits of Organs' Acts,Merits of Organs' Acts,Merits of Organs' Acts,,,Merits of Organs' Acts,,Merits of Organs' Acts,Merits of Organs' Acts,,,,Merits of Organs' Acts,,,,,,,,,,,,,,,,,,,,,merits-of-organs-acts
1373,266,الأخلاق الحميدة,Praiseworthy Morals,,Praiseworthy Morals,Praiseworthy Morals,Praiseworthy Morals,Praiseworthy Morals,,,Praiseworthy Morals,,Praiseworthy Morals,Praiseworthy Morals,,,,Praiseworthy Morals,,,,,,,,,,,,,,,,,,,,,praiseworthy-morals
1374,266,الأخلاق الذميمة,Blameworthy Morals,,Blameworthy Morals,Blameworthy Morals,Blameworthy Morals,Blameworthy Morals,,,Blameworthy Morals,,Blameworthy Morals,Blameworthy Morals,,,,Blameworthy Morals,,,,,,,,,,,,,,,,,,,,,blameworthy-morals
1375,267,آداب العالم والمتعلم,Manners of Scholars and Learners,,Manners of Scholars and Learners,Manners of Scholars and Learners,Manners of Scholars and Learners,Manners of Scholars and Learners,,,Manners of Scholars and Learners,,Manners of Scholars and Learners,Manners of Scholars and Learners,,,,Manners of Scholars and Learners,,,,,,,,,,,,,,,,,,,,,manners-of-scholars-and-learners
1376,267,آداب تلاوة القرآن الكريم,Etiquettes of Reciting the Noble Qur’an,,Etiquettes of Reciting the Noble Qur’an,Etiquettes of Reciting the Noble Qur’an,Etiquettes of Reciting the Noble Qur’an,Etiquettes of Reciting the Noble Qur’an,,,Etiquettes of Reciting the Noble Qur’an,,Etiquettes of Reciting the Noble Qur’an,Etiquettes of Reciting the Noble Qur’an,,,,Etiquettes of Reciting the Noble Qur’an,,,,,,,,,,,,,,,,,,,,,etiquettes-of-reciting-the-noble-qur’an
1377,267,آداب السلام والاستئذان,Manners of Greeting and Seeking Permission,,Manners of Greeting and Seeking Permission,Manners of Greeting and Seeking Permission,Manners of Greeting and Seeking Permission,Manners of Greeting and Seeking Permission,,,Manners of Greeting and Seeking Permission,,Manners of Greeting and Seeking Permission,Manners of Greeting and Seeking Permission,,,,Manners of Greeting and Seeking Permission,,,,,,,,,,,,,,,,,,,,,manners-of-greeting-and-seeking-permission
1378,267,آداب الكلام والصمت,Manners of Speaking and Keeping Silent,,Manners of Speaking and Keeping Silent,Manners of Speaking and Keeping Silent,Manners of Speaking and Keeping Silent,Manners of Speaking and Keeping Silent,,,Manners of Speaking and Keeping Silent,,Manners of Speaking and Keeping Silent,Manners of Speaking and Keeping Silent,,,,Manners of Speaking and Keeping Silent,,,,,,,,,,,,,,,,,,,,,manners-of-speaking-and-keeping-silent
1379,267,آداب الخلاف,Manners of Divergence,,Manners of Divergence,Manners of Divergence,Manners of Divergence,Manners of Divergence,,,Manners of Divergence,,Manners of Divergence,Manners of Divergence,,,,Manners of Divergence,,,,,,,,,,,,,,,,,,,,,manners-of-divergence
1380,267,آداب المناظرة,Manners of Debate,,Manners of Debate,Manners of Debate,Manners of Debate,Manners of Debate,,,Manners of Debate,,Manners of Debate,Manners of Debate,,,,Manners of Debate,,,,,,,,,,,,,,,,,,,,,manners-of-debate
1381,267,آداب الأكل والشرب,Manners of Eating and Drinking,,Manners of Eating and Drinking,Manners of Eating and Drinking,Manners of Eating and Drinking,Manners of Eating and Drinking,,,Manners of Eating and Drinking,,Manners of Eating and Drinking,Manners of Eating and Drinking,,,,Manners of Eating and Drinking,,,,,,,,,,,,,,,,,,,,,manners-of-eating-and-drinking
1382,267,آداب الطريق والسوق,Manners of the Road and the Market,,Manners of the Road and the Market,Manners of the Road and the Market,Manners of the Road and the Market,Manners of the Road and the Market,,,Manners of the Road and the Market,,Manners of the Road and the Market,Manners of the Road and the Market,,,,Manners of the Road and the Market,,,,,,,,,,,,,,,,,,,,,manners-of-the-road-and-the-market
1383,267,آداب وأحكام السفر,Manners and Rulings of Travel,,Manners and Rulings of Travel,Manners and Rulings of Travel,Manners and Rulings of Travel,Manners and Rulings of Travel,,,Manners and Rulings of Travel,,Manners and Rulings of Travel,Manners and Rulings of Travel,,,,Manners and Rulings of Travel,,,,,,,,,,,,,,,,,,,,,manners-and-rulings-of-travel
1384,267,آداب النوم والاستيقاظ,Manners of Sleeping and Waking Up,,Manners of Sleeping and Waking Up,Manners of Sleeping and Waking Up,Manners of Sleeping and Waking Up,Manners of Sleeping and Waking Up,,,Manners of Sleeping and Waking Up,,Manners of Sleeping and Waking Up,Manners of Sleeping and Waking Up,,,,Manners of Sleeping and Waking Up,,,,,,,,,,,,,,,,,,,,,manners-of-sleeping-and-waking-up
1385,267,آداب الرؤيا,Manners of Visions,,Manners of Visions,Manners of Visions,Manners of Visions,Manners of Visions,,,Manners of Visions,,Manners of Visions,Manners of Visions,,,,Manners of Visions,,,,,,,,,,,,,,,,,,,,,manners-of-visions
1386,267,آداب الزيارة والاستئذان,Manners of Visiting and Seeking Permission,,Manners of Visiting and Seeking Permission,Manners of Visiting and Seeking Permission,Manners of Visiting and Seeking Permission,Manners of Visiting and Seeking Permission,,,Manners of Visiting and Seeking Permission,,Manners of Visiting and Seeking Permission,Manners of Visiting and Seeking Permission,,,,Manners of Visiting and Seeking Permission,,,,,,,,,,,,,,,,,,,,,manners-of-visiting-and-seeking-permission
1387,267,آداب العطاس والتثاؤب,Manners of Sneezing and Yawning,,Manners of Sneezing and Yawning,Manners of Sneezing and Yawning,Manners of Sneezing and Yawning,Manners of Sneezing and Yawning,,,Manners of Sneezing and Yawning,,Manners of Sneezing and Yawning,Manners of Sneezing and Yawning,,,,Manners of Sneezing and Yawning,,,,,,,,,,,,,,,,,,,,,manners-of-sneezing-and-yawning
1388,267,آداب عيادة المريض,Manners of Visiting the Sick,,Manners of Visiting the Sick,Manners of Visiting the Sick,Manners of Visiting the Sick,Manners of Visiting the Sick,,,Manners of Visiting the Sick,,Manners of Visiting the Sick,Manners of Visiting the Sick,,,,Manners of Visiting the Sick,,,,,,,,,,,,,,,,,,,,,manners-of-visiting-the-sick
1389,267,آداب اللباس,Manners of Dressing,,Manners of Dressing,Manners of Dressing,Manners of Dressing,Manners of Dressing,,,Manners of Dressing,,Manners of Dressing,Manners of Dressing,,,,Manners of Dressing,,,,,,,,,,,,,,,,,,,,,manners-of-dressing
1390,268,هدي النبي صلى الله عليه وسلم في الذكر,Prophetic Guidance on Remembering Allah,,Prophetic Guidance on Remembering Allah,Prophetic Guidance on Remembering Allah,Prophetic Guidance on Remembering Allah,Prophetic Guidance on Remembering Allah,,,Prophetic Guidance on Remembering Allah,,Prophetic Guidance on Remembering Allah,Prophetic Guidance on Remembering Allah,,,,Prophetic Guidance on Remembering Allah,,,,,,,,,,,,,,,,,,,,,prophetic-guidance-on-remembering-allah
1391,268,فوائد ذكر الله عز وجل,Benefits of Remembering Allah,,Benefits of Remembering Allah,Benefits of Remembering Allah,Benefits of Remembering Allah,Benefits of Remembering Allah,,,Benefits of Remembering Allah,,Benefits of Remembering Allah,Benefits of Remembering Allah,,,,Benefits of Remembering Allah,,,,,,,,,,,,,,,,,,,,,benefits-of-remembering-allah
1392,268,أذكار الصباح والمساء,Morning and Evening Dhikr,,Morning and Evening Dhikr,Morning and Evening Dhikr,Morning and Evening Dhikr,Morning and Evening Dhikr,,,Morning and Evening Dhikr,,Morning and Evening Dhikr,Morning and Evening Dhikr,,,,Morning and Evening Dhikr,,,,,,,,,,,,,,,,,,,,,morning-and-evening-dhikr
1393,268,الأذكار المطلقة,Timeless Dhikr,,Timeless Dhikr,Timeless Dhikr,Timeless Dhikr,Timeless Dhikr,,,Timeless Dhikr,,Timeless Dhikr,Timeless Dhikr,,,,Timeless Dhikr,,,,,,,,,,,,,,,,,,,,,timeless-dhikr
1394,268,أذكار الدخول والخروج من المنزل,Dhikr on Entering and Leaving the House,,Dhikr on Entering and Leaving the House,Dhikr on Entering and Leaving the House,Dhikr on Entering and Leaving the House,Dhikr on Entering and Leaving the House,,,Dhikr on Entering and Leaving the House,,Dhikr on Entering and Leaving the House,Dhikr on Entering and Leaving the House,,,,Dhikr on Entering and Leaving the House,,,,,,,,,,,,,,,,,,,,,dhikr-on-entering-and-leaving-the-house
1395,268,أذكار الدخول والخروج من الخلاء,Dhikr on Entering and Leaving the Bathroom,,Dhikr on Entering and Leaving the Bathroom,Dhikr on Entering and Leaving the Bathroom,Dhikr on Entering and Leaving the Bathroom,Dhikr on Entering and Leaving the Bathroom,,,Dhikr on Entering and Leaving the Bathroom,,Dhikr on Entering and Leaving the Bathroom,Dhikr on Entering and Leaving the Bathroom,,,,Dhikr on Entering and Leaving the Bathroom,,,,,,,,,,,,,,,,,,,,,dhikr-on-entering-and-leaving-the-bathroom
1396,268,أذكار الدخول والخروج من المسجد,Dhikr on Entering and Leaving the Mosque,,Dhikr on Entering and Leaving the Mosque,Dhikr on Entering and Leaving the Mosque,Dhikr on Entering and Leaving the Mosque,Dhikr on Entering and Leaving the Mosque,,,Dhikr on Entering and Leaving the Mosque,,Dhikr on Entering and Leaving the Mosque,Dhikr on Entering and Leaving the Mosque,,,,Dhikr on Entering and Leaving the Mosque,,,,,,,,,,,,,,,,,,,,,dhikr-on-entering-and-leaving-the-mosque
1397,268,الأذكار التي تقال في أوقات الشدة,Hard Times Dhikr,,Hard Times Dhikr,Hard Times Dhikr,Hard Times Dhikr,Hard Times Dhikr,,,Hard Times Dhikr,,Hard Times Dhikr,Hard Times Dhikr,,,,Hard Times Dhikr,,,,,,,,,,,,,,,,,,,,,hard-times-dhikr
1398,268,الأذكار للأمور العارضة,Dhikr on Special Occasions,,Dhikr on Special Occasions,Dhikr on Special Occasions,Dhikr on Special Occasions,Dhikr on Special Occasions,,,Dhikr on Special Occasions,,Dhikr on Special Occasions,Dhikr on Special Occasions,,,,Dhikr on Special Occasions,,,,,,,,,,,,,,,,,,,,,dhikr-on-special-occasions
1399,268,أحكام الدعاء,Rulings of Supplication,,Rulings of Supplication,Rulings of Supplication,Rulings of Supplication,Rulings of Supplication,,,Rulings of Supplication,,Rulings of Supplication,Rulings of Supplication,,,,Rulings of Supplication,,,,,,,,,,,,,,,,,,,,,rulings-of-supplication
1400,268,أنواع الدعاء,Types of Supplication,,Types of Supplication,Types of Supplication,Types of Supplication,Types of Supplication,,,Types of Supplication,,Types of Supplication,Types of Supplication,,,,Types of Supplication,,,,,,,,,,,,,,,,,,,,,types-of-supplication
1401,268,آداب الدعاء,Manners of Supplication,,Manners of Supplication,Manners of Supplication,Manners of Supplication,Manners of Supplication,,,Manners of Supplication,,Manners of Supplication,Manners of Supplication,,,,Manners of Supplication,,,,,,,,,,,,,,,,,,,,,manners-of-supplication
1402,268,أسباب إجابة الدعاء وموانعه,Causes for Answering or not Answering Supplications,,Causes for Answering or not Answering Supplications,Causes for Answering or not Answering Supplications,Causes for Answering or not Answering Supplications,Causes for Answering or not Answering Supplications,,,Causes for Answering or not Answering Supplications,,Causes for Answering or not Answering Supplications,Causes for Answering or not Answering Supplications,,,,Causes for Answering or not Answering Supplications,,,,,,,,,,,,,,,,,,,,,causes-for-answering-or-not-answering-supplications
1403,268,الأدعية المأثورة,Reported Supplications,,Reported Supplications,Reported Supplications,Reported Supplications,Reported Supplications,,,Reported Supplications,,Reported Supplications,Reported Supplications,,,,Reported Supplications,,,,,,,,,,,,,,,,,,,,,reported-supplications
1404,269,أعمال القلوب,Acts of Heart,,Acts of Heart,Acts of Heart,Acts of Heart,Acts of Heart,,,Acts of Heart,,Acts of Heart,Acts of Heart,,,,Acts of Heart,,,,,,,,,,,,,,,,,,,,,acts-of-heart
1405,269,أمراض القلوب,Heart Diseases,,Heart Diseases,Heart Diseases,Heart Diseases,Heart Diseases,,,Heart Diseases,,Heart Diseases,Heart Diseases,,,,Heart Diseases,,,,,,,,,,,,,,,,,,,,,heart-diseases
1406,269,الزهد والورع,Asceticism and Piety,,Asceticism and Piety,Asceticism and Piety,Asceticism and Piety,Asceticism and Piety,,,Asceticism and Piety,,Asceticism and Piety,Asceticism and Piety,,,,Asceticism and Piety,,,,,,,,,,,,,,,,,,,,,asceticism-and-piety
1407,269,أحوال الصالحين,States of the Righteous Believers,,States of the Righteous Believers,States of the Righteous Believers,States of the Righteous Believers,States of the Righteous Believers,,,States of the Righteous Believers,,States of the Righteous Believers,States of the Righteous Believers,,,,States of the Righteous Believers,,,,,,,,,,,,,,,,,,,,,states-of-the-righteous-believers
1408,269,ذم المعاصي,Condemning Sins,,Condemning Sins,Condemning Sins,Condemning Sins,Condemning Sins,,,Condemning Sins,,Condemning Sins,Condemning Sins,,,,Condemning Sins,,,,,,,,,,,,,,,,,,,,,condemning-sins
1409,269,ذم حب الدنيا,Condemning Love of the World,,Condemning Love of the World,Condemning Love of the World,Condemning Love of the World,Condemning Love of the World,,,Condemning Love of the World,,Condemning Love of the World,Condemning Love of the World,,,,Condemning Love of the World,,,,,,,,,,,,,,,,,,,,,condemning-love-of-the-world
1410,269,ذَمُّ الهوى والشَّهوات,Condemning Whims and Desires,,Condemning Whims and Desires,Condemning Whims and Desires,Condemning Whims and Desires,Condemning Whims and Desires,,,Condemning Whims and Desires,,Condemning Whims and Desires,Condemning Whims and Desires,,,,Condemning Whims and Desires,,,,,,,,,,,,,,,,,,,,,condemning-whims-and-desires
1411,269,التوبة,Repentance,,Repentance,Repentance,Repentance,Repentance,,,Repentance,,Repentance,Repentance,,,,Repentance,,,,,,,,,,,,,,,,,,,,,repentance
1412,269,تزكية النفوس,Purification of Souls,,Purification of Souls,Purification of Souls,Purification of Souls,Purification of Souls,,,Purification of Souls,,Purification of Souls,Purification of Souls,,,,Purification of Souls,,,,,,,,,,,,,,,,,,,,,purification-of-souls
1413,269,أهوال القبور,Terrors of the Graves,,Terrors of the Graves,Terrors of the Graves,Terrors of the Graves,Terrors of the Graves,,,Terrors of the Graves,,Terrors of the Graves,Terrors of the Graves,,,,Terrors of the Graves,,,,,,,,,,,,,,,,,,,,,terrors-of-the-graves
1414,269,صفات الجنة والنار,Descriptions of Paradise and Hell,,Descriptions of Paradise and Hell,Descriptions of Paradise and Hell,Descriptions of Paradise and Hell,Descriptions of Paradise and Hell,,,Descriptions of Paradise and Hell,,Descriptions of Paradise and Hell,Descriptions of Paradise and Hell,,,,Descriptions of Paradise and Hell,,,,,,,,,,,,,,,,,,,,,descriptions-of-paradise-and-hell
1415,6,الدعوة إلى الله,Calling to Allah (Da‘wah),,Calling to Allah (Da‘wah),Calling to Allah (Da‘wah),Calling to Allah (Da‘wah),Calling to Allah (Da‘wah),,,Calling to Allah (Da‘wah),,Calling to Allah (Da‘wah),Calling to Allah (Da‘wah),,,,Calling to Allah (Da‘wah),,,,,,,,,,,,,,,,,,,,,calling-to-allah-da‘wah
1416,6,الأمر بالمعروف والنهي عن المنكر,Enjoining Good and Forbidding Evil,,Enjoining Good and Forbidding Evil,Enjoining Good and Forbidding Evil,Enjoining Good and Forbidding Evil,Enjoining Good and Forbidding Evil,,,Enjoining Good and Forbidding Evil,,Enjoining Good and Forbidding Evil,Enjoining Good and Forbidding Evil,,,,Enjoining Good and Forbidding Evil,,,,,,,,,,,,,,,,,,,,,enjoining-good-and-forbidding-evil
1417,6,السياسة الشرعية,Shariah-approved Politics,,Shariah-approved Politics,Shariah-approved Politics,Shariah-approved Politics,Shariah-approved Politics,,,Shariah-approved Politics,,Shariah-approved Politics,Shariah-approved Politics,,,,Shariah-approved Politics,,,,,,,,,,,,,,,,,,,,,shariah-approved-politics
1418,6,الثقافة الإسلامية,Islamic Culture,,Islamic Culture,Islamic Culture,Islamic Culture,Islamic Culture,,,Islamic Culture,,Islamic Culture,Islamic Culture,,,,Islamic Culture,,,,,,,,,,,,,,,,,,,,,islamic-culture
1419,325,حكم الدعوة إلى الله,Ruling of Calling to Allah,,Ruling of Calling to Allah,Ruling of Calling to Allah,Ruling of Calling to Allah,Ruling of Calling to Allah,,,Ruling of Calling to Allah,,Ruling of Calling to Allah,Ruling of Calling to Allah,,,,Ruling of Calling to Allah,,,,,,,,,,,,,,,,,,,,,ruling-of-calling-to-allah
1420,325,آداب الدعوة إلى الله,Manners of Calling to Allah,,Manners of Calling to Allah,Manners of Calling to Allah,Manners of Calling to Allah,Manners of Calling to Allah,,,Manners of Calling to Allah,,Manners of Calling to Allah,Manners of Calling to Allah,,,,Manners of Calling to Allah,,,,,,,,,,,,,,,,,,,,,manners-of-calling-to-allah
1421,325,سير الدعاة وواجباتهم,Backgrounds and Duties of the Callers to Allah,,Backgrounds and Duties of the Callers to Allah,Backgrounds and Duties of the Callers to Allah,Backgrounds and Duties of the Callers to Allah,Backgrounds and Duties of the Callers to Allah,,,Backgrounds and Duties of the Callers to Allah,,Backgrounds and Duties of the Callers to Allah,Backgrounds and Duties of the Callers to Allah,,,,Backgrounds and Duties of the Callers to Allah,,,,,,,,,,,,,,,,,,,,,backgrounds-and-duties-of-the-callers-to-allah
1422,325,فضل الإسلام ومحاسنه,Excellence and Merits of Islam,,Excellence and Merits of Islam,Excellence and Merits of Islam,Excellence and Merits of Islam,Excellence and Merits of Islam,,,Excellence and Merits of Islam,,Excellence and Merits of Islam,Excellence and Merits of Islam,,,,Excellence and Merits of Islam,,,,,,,,,,,,,,,,,,,,,excellence-and-merits-of-islam
1423,325,عموم الدين الإسلامي,Universality of Islam,,Universality of Islam,Universality of Islam,Universality of Islam,Universality of Islam,,,Universality of Islam,,Universality of Islam,Universality of Islam,,,,Universality of Islam,,,,,,,,,,,,,,,,,,,,,universality-of-islam
1424,325,حقوق الإنسان في الإسلام,Human Rights in Islam,,Human Rights in Islam,Human Rights in Islam,Human Rights in Islam,Human Rights in Islam,,,Human Rights in Islam,,Human Rights in Islam,Human Rights in Islam,,,,Human Rights in Islam,,,,,,,,,,,,,,,,,,,,,human-rights-in-islam
1425,325,حقوق الحيوان في الإسلام,Animal Rights in Islam,,Animal Rights in Islam,Animal Rights in Islam,Animal Rights in Islam,Animal Rights in Islam,,,Animal Rights in Islam,,Animal Rights in Islam,Animal Rights in Islam,,,,Animal Rights in Islam,,,,,,,,,,,,,,,,,,,,,animal-rights-in-islam
1426,326,حكم الأمر بالمعروف والنهي عن المنكر,Ruling of Enjoining Good and Forbidding Evil,,Ruling of Enjoining Good and Forbidding Evil,Ruling of Enjoining Good and Forbidding Evil,Ruling of Enjoining Good and Forbidding Evil,Ruling of Enjoining Good and Forbidding Evil,,,Ruling of Enjoining Good and Forbidding Evil,,Ruling of Enjoining Good and Forbidding Evil,Ruling of Enjoining Good and Forbidding Evil,,,,Ruling of Enjoining Good and Forbidding Evil,,,,,,,,,,,,,,,,,,,,,ruling-of-enjoining-good-and-forbidding-evil
1427,326,فضل الأمر بالمعروف والنهي عن المنكر,Excellence of Enjoining Good and Forbidding Evil,,Excellence of Enjoining Good and Forbidding Evil,Excellence of Enjoining Good and Forbidding Evil,Excellence of Enjoining Good and Forbidding Evil,Excellence of Enjoining Good and Forbidding Evil,,,Excellence of Enjoining Good and Forbidding Evil,,Excellence of Enjoining Good and Forbidding Evil,Excellence of Enjoining Good and Forbidding Evil,,,,Excellence of Enjoining Good and Forbidding Evil,,,,,,,,,,,,,,,,,,,,,excellence-of-enjoining-good-and-forbidding-evil
1428,326,آداب الأمر بالمعروف والنهي عن المنكر,Manners of Enjoining Good and Forbidding Evil,,Manners of Enjoining Good and Forbidding Evil,Manners of Enjoining Good and Forbidding Evil,Manners of Enjoining Good and Forbidding Evil,Manners of Enjoining Good and Forbidding Evil,,,Manners of Enjoining Good and Forbidding Evil,,Manners of Enjoining Good and Forbidding Evil,Manners of Enjoining Good and Forbidding Evil,,,,Manners of Enjoining Good and Forbidding Evil,,,,,,,,,,,,,,,,,,,,,manners-of-enjoining-good-and-forbidding-evil
1429,326,أصول الأمر بالمعروف والنهي عن المنكر,Principles of Enjoining Good and Forbidding Evil,,Principles of Enjoining Good and Forbidding Evil,Principles of Enjoining Good and Forbidding Evil,Principles of Enjoining Good and Forbidding Evil,Principles of Enjoining Good and Forbidding Evil,,,Principles of Enjoining Good and Forbidding Evil,,Principles of Enjoining Good and Forbidding Evil,Principles of Enjoining Good and Forbidding Evil,,,,Principles of Enjoining Good and Forbidding Evil,,,,,,,,,,,,,,,,,,,,,principles-of-enjoining-good-and-forbidding-evil
1430,326,شروط الأمر بالمعروف والنهي عن المنكر,Requirements of Enjoining Good and Forbidding Evil,,Requirements of Enjoining Good and Forbidding Evil,Requirements of Enjoining Good and Forbidding Evil,Requirements of Enjoining Good and Forbidding Evil,Requirements of Enjoining Good and Forbidding Evil,,,Requirements of Enjoining Good and Forbidding Evil,,Requirements of Enjoining Good and Forbidding Evil,Requirements of Enjoining Good and Forbidding Evil,,,,Requirements of Enjoining Good and Forbidding Evil,,,,,,,,,,,,,,,,,,,,,requirements-of-enjoining-good-and-forbidding-evil
1431,326,أحكام ومسائل متعلقة بالأمر بالمعروف والنهي عن المنكر,Rulings and Issues of Enjoining Good and Forbidding Evil,,Rulings and Issues of Enjoining Good and Forbidding Evil,Rulings and Issues of Enjoining Good and Forbidding Evil,Rulings and Issues of Enjoining Good and Forbidding Evil,Rulings and Issues of Enjoining Good and Forbidding Evil,,,Rulings and Issues of Enjoining Good and Forbidding Evil,,Rulings and Issues of Enjoining Good and Forbidding Evil,Rulings and Issues of Enjoining Good and Forbidding Evil,,,,Rulings and Issues of Enjoining Good and Forbidding Evil,,,,,,,,,,,,,,,,,,,,,rulings-and-issues-of-enjoining-good-and-forbidding-evil
1432,327,طرق اختيار الإمام للإمامة الكبرى,Ways of Electing the Supreme Muslim Imam (Ruler),,Ways of Electing the Supreme Muslim Imam (Ruler),Ways of Electing the Supreme Muslim Imam (Ruler),Ways of Electing the Supreme Muslim Imam (Ruler),Ways of Electing the Supreme Muslim Imam (Ruler),,,Ways of Electing the Supreme Muslim Imam (Ruler),,Ways of Electing the Supreme Muslim Imam (Ruler),Ways of Electing the Supreme Muslim Imam (Ruler),,,,Ways of Electing the Supreme Muslim Imam (Ruler),,,,,,,,,,,,,,,,,,,,,ways-of-electing-the-supreme-muslim-imam-ruler
1433,327,شروط الإمامة العظمى,Requirements of the Supreme Imamate (Leadership),,Requirements of the Supreme Imamate (Leadership),Requirements of the Supreme Imamate (Leadership),Requirements of the Supreme Imamate (Leadership),Requirements of the Supreme Imamate (Leadership),,,Requirements of the Supreme Imamate (Leadership),,Requirements of the Supreme Imamate (Leadership),Requirements of the Supreme Imamate (Leadership),,,,Requirements of the Supreme Imamate (Leadership),,,,,,,,,,,,,,,,,,,,,requirements-of-the-supreme-imamate-leadership
1434,327,واجبات الإمام,Duties of the Imam,,Duties of the Imam,Duties of the Imam,Duties of the Imam,Duties of the Imam,,,Duties of the Imam,,Duties of the Imam,Duties of the Imam,,,,Duties of the Imam,,,,,,,,,,,,,,,,,,,,,duties-of-the-imam
1435,327,حق الإمام على الرعية,Imam's Rights over the Subjects,,Imam's Rights over the Subjects,Imam's Rights over the Subjects,Imam's Rights over the Subjects,Imam's Rights over the Subjects,,,Imam's Rights over the Subjects,,Imam's Rights over the Subjects,Imam's Rights over the Subjects,,,,Imam's Rights over the Subjects,,,,,,,,,,,,,,,,,,,,,imams-rights-over-the-subjects
1436,327,الخروج على الإمام,Rebelling against the Muslim Ruler,,Rebelling against the Muslim Ruler,Rebelling against the Muslim Ruler,Rebelling against the Muslim Ruler,Rebelling against the Muslim Ruler,,,Rebelling against the Muslim Ruler,,Rebelling against the Muslim Ruler,Rebelling against the Muslim Ruler,,,,Rebelling against the Muslim Ruler,,,,,,,,,,,,,,,,,,,,,rebelling-against-the-muslim-ruler
1437,327,العلاقات الدولية في الإسلام,International Relations in Islam,,International Relations in Islam,International Relations in Islam,International Relations in Islam,International Relations in Islam,,,International Relations in Islam,,International Relations in Islam,International Relations in Islam,,,,International Relations in Islam,,,,,,,,,,,,,,,,,,,,,international-relations-in-islam
1438,327,نظام الشورى في الإسلام,Consultation System in Islam,,Consultation System in Islam,Consultation System in Islam,Consultation System in Islam,Consultation System in Islam,,,Consultation System in Islam,,Consultation System in Islam,Consultation System in Islam,,,,Consultation System in Islam,,,,,,,,,,,,,,,,,,,,,consultation-system-in-islam
1439,328,الحضارة الإسلامية,Islamic Civilization,,Islamic Civilization,Islamic Civilization,Islamic Civilization,Islamic Civilization,,,Islamic Civilization,,Islamic Civilization,Islamic Civilization,,,,Islamic Civilization,,,,,,,,,,,,,,,,,,,,,islamic-civilization
1440,7,السيرة النبوية,Prophet's Biography,,Prophet's Biography,Prophet's Biography,Prophet's Biography,Prophet's Biography,,,Prophet's Biography,,Prophet's Biography,Prophet's Biography,,,,Prophet's Biography,,,,,,,,,,,,,,,,,,,,,prophets-biography
1441,7,التاريخ,History,,History,History,History,History,,,History,,History,History,,,,History,,,,,,,,,,,,,,,,,,,,,history
1442,367,نسبه صلى الله عليه وسلم,Prophet's Lineage,,Prophet's Lineage,Prophet's Lineage,Prophet's Lineage,Prophet's Lineage,,,Prophet's Lineage,,Prophet's Lineage,Prophet's Lineage,,,,Prophet's Lineage,,,,,,,,,,,,,,,,,,,,,prophets-lineage
1443,367,زوجاته صلى الله عليه وسلم وأحوال بيت النبوة,Prophet's Wives and Family Issues,,Prophet's Wives and Family Issues,Prophet's Wives and Family Issues,Prophet's Wives and Family Issues,Prophet's Wives and Family Issues,,,Prophet's Wives and Family Issues,,Prophet's Wives and Family Issues,Prophet's Wives and Family Issues,,,,Prophet's Wives and Family Issues,,,,,,,,,,,,,,,,,,,,,prophets-wives-and-family-issues
1444,367,أولاده صلى الله عليه وسلم,Prophet's Children,,Prophet's Children,Prophet's Children,Prophet's Children,Prophet's Children,,,Prophet's Children,,Prophet's Children,Prophet's Children,,,,Prophet's Children,,,,,,,,,,,,,,,,,,,,,prophets-children
1445,367,خدمه صلى الله عليه وسلم,Prophet's Servants,,Prophet's Servants,Prophet's Servants,Prophet's Servants,Prophet's Servants,,,Prophet's Servants,,Prophet's Servants,Prophet's Servants,,,,Prophet's Servants,,,,,,,,,,,,,,,,,,,,,prophets-servants
1446,367,حياته قبل البعثة صلى الله عليه وسلم,Prophet's Life before Mission,,Prophet's Life before Mission,Prophet's Life before Mission,Prophet's Life before Mission,Prophet's Life before Mission,,,Prophet's Life before Mission,,Prophet's Life before Mission,Prophet's Life before Mission,,,,Prophet's Life before Mission,,,,,,,,,,,,,,,,,,,,,prophets-life-before-mission
1447,367,مبعثه صلى الله عليه وسلم,Prophet's Mission,,Prophet's Mission,Prophet's Mission,Prophet's Mission,Prophet's Mission,,,Prophet's Mission,,Prophet's Mission,Prophet's Mission,,,,Prophet's Mission,,,,,,,,,,,,,,,,,,,,,prophets-mission
1448,367,العهد المكي,The Makkan Period,,The Makkan Period,The Makkan Period,The Makkan Period,The Makkan Period,,,The Makkan Period,,The Makkan Period,The Makkan Period,,,,The Makkan Period,,,,,,,,,,,,,,,,,,,,,the-makkan-period
1449,367,الهجرة,The Emigration (Hijrah),,The Emigration (Hijrah),The Emigration (Hijrah),The Emigration (Hijrah),The Emigration (Hijrah),,,The Emigration (Hijrah),,The Emigration (Hijrah),The Emigration (Hijrah),,,,The Emigration (Hijrah),,,,,,,,,,,,,,,,,,,,,the-emigration-hijrah
1450,367,العهد المدني,The Madinan Period,,The Madinan Period,The Madinan Period,The Madinan Period,The Madinan Period,,,The Madinan Period,,The Madinan Period,The Madinan Period,,,,The Madinan Period,,,,,,,,,,,,,,,,,,,,,the-madinan-period
1451,367,غزواته وسراياه صلى الله عليه وسلم,Prophet's Battles and Expeditions,,Prophet's Battles and Expeditions,Prophet's Battles and Expeditions,Prophet's Battles and Expeditions,Prophet's Battles and Expeditions,,,Prophet's Battles and Expeditions,,Prophet's Battles and Expeditions,Prophet's Battles and Expeditions,,,,Prophet's Battles and Expeditions,,,,,,,,,,,,,,,,,,,,,prophets-battles-and-expeditions
1452,367,مكاتباته ومراسلاته صلى الله عليه وسلم,Prophet's Correspondences,,Prophet's Correspondences,Prophet's Correspondences,Prophet's Correspondences,Prophet's Correspondences,,,Prophet's Correspondences,,Prophet's Correspondences,Prophet's Correspondences,,,,Prophet's Correspondences,,,,,,,,,,,,,,,,,,,,,prophets-correspondences
1453,367,وفاته صلى الله عليه وسلم,Prophet's Death,,Prophet's Death,Prophet's Death,Prophet's Death,Prophet's Death,,,Prophet's Death,,Prophet's Death,Prophet's Death,,,,Prophet's Death,,,,,,,,,,,,,,,,,,,,,prophets-death
1454,367,الشمائل المحمدية,Muhammadan Qualities,,Muhammadan Qualities,Muhammadan Qualities,Muhammadan Qualities,Muhammadan Qualities,,,Muhammadan Qualities,,Muhammadan Qualities,Muhammadan Qualities,,,,Muhammadan Qualities,,,,,,,,,,,,,,,,,,,,,muhammadan-qualities
1455,368,قصص وأحوال الأمم السابقة,Stories and Conditions of Pre-Islamic Nations,,Stories and Conditions of Pre-Islamic Nations,Stories and Conditions of Pre-Islamic Nations,Stories and Conditions of Pre-Islamic Nations,Stories and Conditions of Pre-Islamic Nations,,,Stories and Conditions of Pre-Islamic Nations,,Stories and Conditions of Pre-Islamic Nations,Stories and Conditions of Pre-Islamic Nations,,,,Stories and Conditions of Pre-Islamic Nations,,,,,,,,,,,,,,,,,,,,,stories-and-conditions-of-pre-islamic-nations
1456,368,تاريخ مكة والمدينة والأقصى,History of Makkah; Madinah; and the Aqsa (Jerusalem),,History of Makkah; Madinah; and the Aqsa (Jerusalem),History of Makkah; Madinah; and the Aqsa (Jerusalem),History of Makkah; Madinah; and the Aqsa (Jerusalem),History of Makkah; Madinah; and the Aqsa (Jerusalem),,,History of Makkah; Madinah; and the Aqsa (Jerusalem),,History of Makkah; Madinah; and the Aqsa (Jerusalem),History of Makkah; Madinah; and the Aqsa (Jerusalem),,,,History of Makkah; Madinah; and the Aqsa (Jerusalem),,,,,,,,,,,,,,,,,,,,,history-of-makkah;-madinah;-and-the-aqsa-jerusalem
1457,368,الحروب والغزوات,Wars and Battles,,Wars and Battles,Wars and Battles,Wars and Battles,Wars and Battles,,,Wars and Battles,,Wars and Battles,Wars and Battles,,,,Wars and Battles,,,,,,,,,,,,,,,,,,,,,wars-and-battles
1458,368,التراجم وسير الأعلام,Biographies (of Famous Figures),,Biographies (of Famous Figures),Biographies (of Famous Figures),Biographies (of Famous Figures),Biographies (of Famous Figures),,,Biographies (of Famous Figures),,Biographies (of Famous Figures),Biographies (of Famous Figures),,,,Biographies (of Famous Figures),,,,,,,,,,,,,,,,,,,,,biographies-of-famous-figures
1459,368,البلدان والأعلام,Countries and Figures,,Countries and Figures,Countries and Figures,Countries and Figures,Countries and Figures,,,Countries and Figures,,Countries and Figures,Countries and Figures,,,,Countries and Figures,,,,,,,,,,,,,,,,,,,,,countries-and-figures
1460,368,مناسبات دورية,Periodical Occasions,,Periodical Occasions,Periodical Occasions,Periodical Occasions,Periodical Occasions,,,Periodical Occasions,,Periodical Occasions,Periodical Occasions,,,,Periodical Occasions,,,,,,,,,,,,,,,,,,,,,periodical-occasions
1461,100,موقف أهل السنة من أهل البدع,Ahl-us-Sunnah's (Sunni) Stance on Religious Innovators,,Ahl-us-Sunnah's (Sunni) Stance on Religious Innovators,Ahl-us-Sunnah's (Sunni) Stance on Religious Innovators,Ahl-us-Sunnah's (Sunni) Stance on Religious Innovators,Ahl-us-Sunnah's (Sunni) Stance on Religious Innovators,,,Ahl-us-Sunnah's (Sunni) Stance on Religious Innovators,,Ahl-us-Sunnah's (Sunni) Stance on Religious Innovators,Ahl-us-Sunnah's (Sunni) Stance on Religious Innovators,,,,Ahl-us-Sunnah's (Sunni) Stance on Religious Innovators,,,,,,,,,,,,,,,,,,,,,ahl-us-sunnahs-sunni-stance-on-religious-innovators
1462,133,أحكام المياه,Rulings of Water,,Rulings of Water,Rulings of Water,Rulings of Water,Rulings of Water,,,Rulings of Water,,Rulings of Water,Rulings of Water,,,,Rulings of Water,,,,,,,,,,,,,,,,,,,,,rulings-of-water
1463,133,إزالة النجاسات,Removing Impurities,,Removing Impurities,Removing Impurities,Removing Impurities,Removing Impurities,,,Removing Impurities,,Removing Impurities,Removing Impurities,,,,Removing Impurities,,,,,,,,,,,,,,,,,,,,,removing-impurities
1464,133,الآنية,Utensils,,Utensils,Utensils,Utensils,Utensils,,,Utensils,,Utensils,Utensils,,,,Utensils,,,,,,,,,,,,,,,,,,,,,utensils
1465,133,آداب قضاء الحاجة,Toilet Manners,,Toilet Manners,Toilet Manners,Toilet Manners,Toilet Manners,,,Toilet Manners,,Toilet Manners,Toilet Manners,,,,Toilet Manners,,,,,,,,,,,,,,,,,,,,,toilet-manners
1466,133,سنن الفطرة,Natural Cleanliness Practices,,Natural Cleanliness Practices,Natural Cleanliness Practices,Natural Cleanliness Practices,Natural Cleanliness Practices,,,Natural Cleanliness Practices,,Natural Cleanliness Practices,Natural Cleanliness Practices,,,,Natural Cleanliness Practices,,,,,,,,,,,,,,,,,,,,,natural-cleanliness-practices
1467,133,الوضوء,Ablution,,Ablution,Ablution,Ablution,Ablution,,,Ablution,,Ablution,Ablution,,,,Ablution,,,,,,,,,,,,,,,,,,,,,ablution
1468,133,الغسل,Ritual Bath,,Ritual Bath,Ritual Bath,Ritual Bath,Ritual Bath,,,Ritual Bath,,Ritual Bath,Ritual Bath,,,,Ritual Bath,,,,,,,,,,,,,,,,,,,,,ritual-bath
1469,133,التيمم,Dry Ablution,,Dry Ablution,Dry Ablution,Dry Ablution,Dry Ablution,,,Dry Ablution,,Dry Ablution,Dry Ablution,,,,Dry Ablution,,,,,,,,,,,,,,,,,,,,,dry-ablution
1470,133,الحيض والنفاس والاستحاضة,Menses; Postpartum Bleeding; Extra-Menses Bleeding,,Menses; Postpartum Bleeding; Extra-Menses Bleeding,Menses; Postpartum Bleeding; Extra-Menses Bleeding,Menses; Postpartum Bleeding; Extra-Menses Bleeding,Menses; Postpartum Bleeding; Extra-Menses Bleeding,,,Menses; Postpartum Bleeding; Extra-Menses Bleeding,,Menses; Postpartum Bleeding; Extra-Menses Bleeding,Menses; Postpartum Bleeding; Extra-Menses Bleeding,,,,Menses; Postpartum Bleeding; Extra-Menses Bleeding,,,,,,,,,,,,,,,,,,,,,menses;-postpartum-bleeding;-extra-menses-bleeding
1471,437,فضل الوضوء,Excellence of Ablution,,Excellence of Ablution,Excellence of Ablution,Excellence of Ablution,Excellence of Ablution,,,Excellence of Ablution,,Excellence of Ablution,Excellence of Ablution,,,,Excellence of Ablution,,,,,,,,,,,,,,,,,,,,,excellence-of-ablution
1472,437,أركان الوضوء,Pillars of Ablution,,Pillars of Ablution,Pillars of Ablution,Pillars of Ablution,Pillars of Ablution,,,Pillars of Ablution,,Pillars of Ablution,Pillars of Ablution,,,,Pillars of Ablution,,,,,,,,,,,,,,,,,,,,,pillars-of-ablution
1473,437,سنن وآداب الوضوء,Recommended Acts and Manners of Ablution,,Recommended Acts and Manners of Ablution,Recommended Acts and Manners of Ablution,Recommended Acts and Manners of Ablution,Recommended Acts and Manners of Ablution,,,Recommended Acts and Manners of Ablution,,Recommended Acts and Manners of Ablution,Recommended Acts and Manners of Ablution,,,,Recommended Acts and Manners of Ablution,,,,,,,,,,,,,,,,,,,,,recommended-acts-and-manners-of-ablution
1474,437,صفة الوضوء,Method of Ablution,,Method of Ablution,Method of Ablution,Method of Ablution,Method of Ablution,,,Method of Ablution,,Method of Ablution,Method of Ablution,,,,Method of Ablution,,,,,,,,,,,,,,,,,,,,,method-of-ablution
1475,437,نواقض الوضوء,Nullifiers of Ablution,,Nullifiers of Ablution,Nullifiers of Ablution,Nullifiers of Ablution,Nullifiers of Ablution,,,Nullifiers of Ablution,,Nullifiers of Ablution,Nullifiers of Ablution,,,,Nullifiers of Ablution,,,,,,,,,,,,,,,,,,,,,nullifiers-of-ablution
1476,438,أحكام الغسل,Rulings of the Ritual Bath,,Rulings of the Ritual Bath,Rulings of the Ritual Bath,Rulings of the Ritual Bath,Rulings of the Ritual Bath,,,Rulings of the Ritual Bath,,Rulings of the Ritual Bath,Rulings of the Ritual Bath,,,,Rulings of the Ritual Bath,,,,,,,,,,,,,,,,,,,,,rulings-of-the-ritual-bath
1477,438,موجبات الغسل,Causes of Obligatory Ritual Bath,,Causes of Obligatory Ritual Bath,Causes of Obligatory Ritual Bath,Causes of Obligatory Ritual Bath,Causes of Obligatory Ritual Bath,,,Causes of Obligatory Ritual Bath,,Causes of Obligatory Ritual Bath,Causes of Obligatory Ritual Bath,,,,Causes of Obligatory Ritual Bath,,,,,,,,,,,,,,,,,,,,,causes-of-obligatory-ritual-bath
1478,438,سنن وآداب الغسل,Recommended Manners of the Ritual Bath,,Recommended Manners of the Ritual Bath,Recommended Manners of the Ritual Bath,Recommended Manners of the Ritual Bath,Recommended Manners of the Ritual Bath,,,Recommended Manners of the Ritual Bath,,Recommended Manners of the Ritual Bath,Recommended Manners of the Ritual Bath,,,,Recommended Manners of the Ritual Bath,,,,,,,,,,,,,,,,,,,,,recommended-manners-of-the-ritual-bath
1479,134,وجوب الصلاة وحكم تاركها,Obligation of Prayer and Ruling on Its Abandoner,,Obligation of Prayer and Ruling on Its Abandoner,Obligation of Prayer and Ruling on Its Abandoner,Obligation of Prayer and Ruling on Its Abandoner,Obligation of Prayer and Ruling on Its Abandoner,,,Obligation of Prayer and Ruling on Its Abandoner,,Obligation of Prayer and Ruling on Its Abandoner,Obligation of Prayer and Ruling on Its Abandoner,,,,Obligation of Prayer and Ruling on Its Abandoner,,,,,,,,,,,,,,,,,,,,,obligation-of-prayer-and-ruling-on-its-abandoner
1480,134,فضل الصلاة,Virtue of Prayer,,Virtue of Prayer,Virtue of Prayer,Virtue of Prayer,Virtue of Prayer,,,Virtue of Prayer,,Virtue of Prayer,Virtue of Prayer,,,,Virtue of Prayer,,,,,,,,,,,,,,,,,,,,,virtue-of-prayer
1481,134,الأذان والإقامة,The Azan and Iqaamah,,The Azan and Iqaamah,The Azan and Iqaamah,The Azan and Iqaamah,The Azan and Iqaamah,,,The Azan and Iqaamah,,The Azan and Iqaamah,The Azan and Iqaamah,,,,The Azan and Iqaamah,,,,,,,,,,,,,,,,,,,,,the-azan-and-iqaamah
1482,134,أوقات النهي عن الصلاة,Times Not to Pray,,Times Not to Pray,Times Not to Pray,Times Not to Pray,Times Not to Pray,,,Times Not to Pray,,Times Not to Pray,Times Not to Pray,,,,Times Not to Pray,,,,,,,,,,,,,,,,,,,,,times-not-to-pray
1483,134,شروط الصلاة,Conditions of Prayer,,Conditions of Prayer,Conditions of Prayer,Conditions of Prayer,Conditions of Prayer,,,Conditions of Prayer,,Conditions of Prayer,Conditions of Prayer,,,,Conditions of Prayer,,,,,,,,,,,,,,,,,,,,,conditions-of-prayer
1484,134,أركان الصلاة,Pillars of Prayer,,Pillars of Prayer,Pillars of Prayer,Pillars of Prayer,Pillars of Prayer,,,Pillars of Prayer,,Pillars of Prayer,Pillars of Prayer,,,,Pillars of Prayer,,,,,,,,,,,,,,,,,,,,,pillars-of-prayer
1485,134,واجبات الصلاة,Obligatory Acts of Prayer,,Obligatory Acts of Prayer,Obligatory Acts of Prayer,Obligatory Acts of Prayer,Obligatory Acts of Prayer,,,Obligatory Acts of Prayer,,Obligatory Acts of Prayer,Obligatory Acts of Prayer,,,,Obligatory Acts of Prayer,,,,,,,,,,,,,,,,,,,,,obligatory-acts-of-prayer
1486,134,سنن الصلاة,Recommended Acts of Prayer,,Recommended Acts of Prayer,Recommended Acts of Prayer,Recommended Acts of Prayer,Recommended Acts of Prayer,,,Recommended Acts of Prayer,,Recommended Acts of Prayer,Recommended Acts of Prayer,,,,Recommended Acts of Prayer,,,,,,,,,,,,,,,,,,,,,recommended-acts-of-prayer
1487,134,صفة الصلاة,Method of Prayer,,Method of Prayer,Method of Prayer,Method of Prayer,Method of Prayer,,,Method of Prayer,,Method of Prayer,Method of Prayer,,,,Method of Prayer,,,,,,,,,,,,,,,,,,,,,method-of-prayer
1488,134,أذكار الصلاة,Dhikr (Invocation) during Prayer,,Dhikr (Invocation) during Prayer,Dhikr (Invocation) during Prayer,Dhikr (Invocation) during Prayer,Dhikr (Invocation) during Prayer,,,Dhikr (Invocation) during Prayer,,Dhikr (Invocation) during Prayer,Dhikr (Invocation) during Prayer,,,,Dhikr (Invocation) during Prayer,,,,,,,,,,,,,,,,,,,,,dhikr-invocation-during-prayer
1489,134,مبطلات الصلاة,Nullifiers of Prayer,,Nullifiers of Prayer,Nullifiers of Prayer,Nullifiers of Prayer,Nullifiers of Prayer,,,Nullifiers of Prayer,,Nullifiers of Prayer,Nullifiers of Prayer,,,,Nullifiers of Prayer,,,,,,,,,,,,,,,,,,,,,nullifiers-of-prayer
1490,134,أخطاء المصلين,Mistakes during Prayer,,Mistakes during Prayer,Mistakes during Prayer,Mistakes during Prayer,Mistakes during Prayer,,,Mistakes during Prayer,,Mistakes during Prayer,Mistakes during Prayer,,,,Mistakes during Prayer,,,,,,,,,,,,,,,,,,,,,mistakes-during-prayer
1491,134,سجود السهو والتلاوة والشكر,Prostration of Forgetfulness; Recitation; Gratitude,,Prostration of Forgetfulness; Recitation; Gratitude,Prostration of Forgetfulness; Recitation; Gratitude,Prostration of Forgetfulness; Recitation; Gratitude,Prostration of Forgetfulness; Recitation; Gratitude,,,Prostration of Forgetfulness; Recitation; Gratitude,,Prostration of Forgetfulness; Recitation; Gratitude,Prostration of Forgetfulness; Recitation; Gratitude,,,,Prostration of Forgetfulness; Recitation; Gratitude,,,,,,,,,,,,,,,,,,,,,prostration-of-forgetfulness;-recitation;-gratitude
1492,134,فضل صلاة الجماعة وأحكامها,Virtue and Rulings of Congregational Prayer,,Virtue and Rulings of Congregational Prayer,Virtue and Rulings of Congregational Prayer,Virtue and Rulings of Congregational Prayer,Virtue and Rulings of Congregational Prayer,,,Virtue and Rulings of Congregational Prayer,,Virtue and Rulings of Congregational Prayer,Virtue and Rulings of Congregational Prayer,,,,Virtue and Rulings of Congregational Prayer,,,,,,,,,,,,,,,,,,,,,virtue-and-rulings-of-congregational-prayer
1493,134,أحكام الإمام والمأموم,Rulings of the Imam and Followers in Prayer,,Rulings of the Imam and Followers in Prayer,Rulings of the Imam and Followers in Prayer,Rulings of the Imam and Followers in Prayer,Rulings of the Imam and Followers in Prayer,,,Rulings of the Imam and Followers in Prayer,,Rulings of the Imam and Followers in Prayer,Rulings of the Imam and Followers in Prayer,,,,Rulings of the Imam and Followers in Prayer,,,,,,,,,,,,,,,,,,,,,rulings-of-the-imam-and-followers-in-prayer
1494,134,صلاة أهل الأعذار,Prayer of the People with Excuses,,Prayer of the People with Excuses,Prayer of the People with Excuses,Prayer of the People with Excuses,Prayer of the People with Excuses,,,Prayer of the People with Excuses,,Prayer of the People with Excuses,Prayer of the People with Excuses,,,,Prayer of the People with Excuses,,,,,,,,,,,,,,,,,,,,,prayer-of-the-people-with-excuses
1495,134,صلاة الجمعة,Jumu‘ah (Friday) Prayer,,Jumu‘ah (Friday) Prayer,Jumu‘ah (Friday) Prayer,Jumu‘ah (Friday) Prayer,Jumu‘ah (Friday) Prayer,,,Jumu‘ah (Friday) Prayer,,Jumu‘ah (Friday) Prayer,Jumu‘ah (Friday) Prayer,,,,Jumu‘ah (Friday) Prayer,,,,,,,,,,,,,,,,,,,,,jumu‘ah-friday-prayer
1496,134,صلاة التطوع,Voluntary Prayer,,Voluntary Prayer,Voluntary Prayer,Voluntary Prayer,Voluntary Prayer,,,Voluntary Prayer,,Voluntary Prayer,Voluntary Prayer,,,,Voluntary Prayer,,,,,,,,,,,,,,,,,,,,,voluntary-prayer
1497,134,صلاة الخوف,Prayer of Fear,,Prayer of Fear,Prayer of Fear,Prayer of Fear,Prayer of Fear,,,Prayer of Fear,,Prayer of Fear,Prayer of Fear,,,,Prayer of Fear,,,,,,,,,,,,,,,,,,,,,prayer-of-fear
1498,472,فضل يوم الجمعة,Virtue of Friday,,Virtue of Friday,Virtue of Friday,Virtue of Friday,Virtue of Friday,,,Virtue of Friday,,Virtue of Friday,Virtue of Friday,,,,Virtue of Friday,,,,,,,,,,,,,,,,,,,,,virtue-of-friday
1499,472,فضل صلاة الجمعة,Merit of Jumu‘ah Prayer,,Merit of Jumu‘ah Prayer,Merit of Jumu‘ah Prayer,Merit of Jumu‘ah Prayer,Merit of Jumu‘ah Prayer,,,Merit of Jumu‘ah Prayer,,Merit of Jumu‘ah Prayer,Merit of Jumu‘ah Prayer,,,,Merit of Jumu‘ah Prayer,,,,,,,,,,,,,,,,,,,,,merit-of-jumu‘ah-prayer
1500,472,أحكام صلاة الجمعة,Rulings of Jumu‘ah Prayer,,Rulings of Jumu‘ah Prayer,Rulings of Jumu‘ah Prayer,Rulings of Jumu‘ah Prayer,Rulings of Jumu‘ah Prayer,,,Rulings of Jumu‘ah Prayer,,Rulings of Jumu‘ah Prayer,Rulings of Jumu‘ah Prayer,,,,Rulings of Jumu‘ah Prayer,,,,,,,,,,,,,,,,,,,,,rulings-of-jumu‘ah-prayer
1501,472,أحكام خطبة الجمعة,Rulings of Jumu‘ah Sermon,,Rulings of Jumu‘ah Sermon,Rulings of Jumu‘ah Sermon,Rulings of Jumu‘ah Sermon,Rulings of Jumu‘ah Sermon,,,Rulings of Jumu‘ah Sermon,,Rulings of Jumu‘ah Sermon,Rulings of Jumu‘ah Sermon,,,,Rulings of Jumu‘ah Sermon,,,,,,,,,,,,,,,,,,,,,rulings-of-jumu‘ah-sermon
1502,473,فضل صلاة التطوع,Virtue of Voluntary Prayer,,Virtue of Voluntary Prayer,Virtue of Voluntary Prayer,Virtue of Voluntary Prayer,Virtue of Voluntary Prayer,,,Virtue of Voluntary Prayer,,Virtue of Voluntary Prayer,Virtue of Voluntary Prayer,,,,Virtue of Voluntary Prayer,,,,,,,,,,,,,,,,,,,,,virtue-of-voluntary-prayer
1503,473,السنن الرواتب,Regular Sunnah (Recommended) Prayers,,Regular Sunnah (Recommended) Prayers,Regular Sunnah (Recommended) Prayers,Regular Sunnah (Recommended) Prayers,Regular Sunnah (Recommended) Prayers,,,Regular Sunnah (Recommended) Prayers,,Regular Sunnah (Recommended) Prayers,Regular Sunnah (Recommended) Prayers,,,,Regular Sunnah (Recommended) Prayers,,,,,,,,,,,,,,,,,,,,,regular-sunnah-recommended-prayers
1504,473,قيام الليل,Voluntary Night Prayer (Qiyaam),,Voluntary Night Prayer (Qiyaam),Voluntary Night Prayer (Qiyaam),Voluntary Night Prayer (Qiyaam),Voluntary Night Prayer (Qiyaam),,,Voluntary Night Prayer (Qiyaam),,Voluntary Night Prayer (Qiyaam),Voluntary Night Prayer (Qiyaam),,,,Voluntary Night Prayer (Qiyaam),,,,,,,,,,,,,,,,,,,,,voluntary-night-prayer-qiyaam
1505,473,صلاة العيدين,Prayer of the Two Eids,,Prayer of the Two Eids,Prayer of the Two Eids,Prayer of the Two Eids,Prayer of the Two Eids,,,Prayer of the Two Eids,,Prayer of the Two Eids,Prayer of the Two Eids,,,,Prayer of the Two Eids,,,,,,,,,,,,,,,,,,,,,prayer-of-the-two-eids
1506,134,صلاة الكسوف والخسوف,Prayer of the Solar and Lunar Eclipse,,Prayer of the Solar and Lunar Eclipse,Prayer of the Solar and Lunar Eclipse,Prayer of the Solar and Lunar Eclipse,Prayer of the Solar and Lunar Eclipse,,,Prayer of the Solar and Lunar Eclipse,,Prayer of the Solar and Lunar Eclipse,Prayer of the Solar and Lunar Eclipse,,,,Prayer of the Solar and Lunar Eclipse,,,,,,,,,,,,,,,,,,,,,prayer-of-the-solar-and-lunar-eclipse
1507,134,صلاة الاستسقاء,Rain-Seeking Prayer,,Rain-Seeking Prayer,Rain-Seeking Prayer,Rain-Seeking Prayer,Rain-Seeking Prayer,,,Rain-Seeking Prayer,,Rain-Seeking Prayer,Rain-Seeking Prayer,,,,Rain-Seeking Prayer,,,,,,,,,,,,,,,,,,,,,rain-seeking-prayer
1508,473,صلاة الضحى,Forenoon Prayer,,Forenoon Prayer,Forenoon Prayer,Forenoon Prayer,Forenoon Prayer,,,Forenoon Prayer,,Forenoon Prayer,Forenoon Prayer,,,,Forenoon Prayer,,,,,,,,,,,,,,,,,,,,,forenoon-prayer
1509,473,صلاة الاستخارة,Guidance-Seeking Prayer,,Guidance-Seeking Prayer,Guidance-Seeking Prayer,Guidance-Seeking Prayer,Guidance-Seeking Prayer,,,Guidance-Seeking Prayer,,Guidance-Seeking Prayer,Guidance-Seeking Prayer,,,,Guidance-Seeking Prayer,,,,,,,,,,,,,,,,,,,,,guidance-seeking-prayer
1510,135,الموت وأحكامه,Death and Its Rulings,,Death and Its Rulings,Death and Its Rulings,Death and Its Rulings,Death and Its Rulings,,,Death and Its Rulings,,Death and Its Rulings,Death and Its Rulings,,,,Death and Its Rulings,,,,,,,,,,,,,,,,,,,,,death-and-its-rulings
1511,135,غسل الميت,Washing the Dead,,Washing the Dead,Washing the Dead,Washing the Dead,Washing the Dead,,,Washing the Dead,,Washing the Dead,Washing the Dead,,,,Washing the Dead,,,,,,,,,,,,,,,,,,,,,washing-the-dead
1512,135,صفة الصلاة على الميت,Method of Praying over the Dead,,Method of Praying over the Dead,Method of Praying over the Dead,Method of Praying over the Dead,Method of Praying over the Dead,,,Method of Praying over the Dead,,Method of Praying over the Dead,Method of Praying over the Dead,,,,Method of Praying over the Dead,,,,,,,,,,,,,,,,,,,,,method-of-praying-over-the-dead
1513,135,حمل الميت ودفنه,Carrying and Burying the Dead,,Carrying and Burying the Dead,Carrying and Burying the Dead,Carrying and Burying the Dead,Carrying and Burying the Dead,,,Carrying and Burying the Dead,,Carrying and Burying the Dead,Carrying and Burying the Dead,,,,Carrying and Burying the Dead,,,,,,,,,,,,,,,,,,,,,carrying-and-burying-the-dead
1514,135,التعزية,Consolation,,Consolation,Consolation,Consolation,Consolation,,,Consolation,,Consolation,Consolation,,,,Consolation,,,,,,,,,,,,,,,,,,,,,consolation
1515,135,زيارة القبور,Visiting the Graves,,Visiting the Graves,Visiting the Graves,Visiting the Graves,Visiting the Graves,,,Visiting the Graves,,Visiting the Graves,Visiting the Graves,,,,Visiting the Graves,,,,,,,,,,,,,,,,,,,,,visiting-the-graves
1516,135,الأعمال الصالحة عن الميت وإهداء الثواب له,Doing Good Deeds on behalf of the Deceased and Gifting them the Reward,,Doing Good Deeds on behalf of the Deceased and Gifting them the Reward,Doing Good Deeds on behalf of the Deceased and Gifting them the Reward,Doing Good Deeds on behalf of the Deceased and Gifting them the Reward,Doing Good Deeds on behalf of the Deceased and Gifting them the Reward,,,Doing Good Deeds on behalf of the Deceased and Gifting them the Reward,,Doing Good Deeds on behalf of the Deceased and Gifting them the Reward,Doing Good Deeds on behalf of the Deceased and Gifting them the Reward,,,,Doing Good Deeds on behalf of the Deceased and Gifting them the Reward,,,,,,,,,,,,,,,,,,,,,doing-good-deeds-on-behalf-of-the-deceased-and-gifting-them-the-reward
1517,136,وجوب الزكاة وحكم تاركها,Obligation of Zakah and Ruling of Its Abandoning,,Obligation of Zakah and Ruling of Its Abandoning,Obligation of Zakah and Ruling of Its Abandoning,Obligation of Zakah and Ruling of Its Abandoning,Obligation of Zakah and Ruling of Its Abandoning,,,Obligation of Zakah and Ruling of Its Abandoning,,Obligation of Zakah and Ruling of Its Abandoning,Obligation of Zakah and Ruling of Its Abandoning,,,,Obligation of Zakah and Ruling of Its Abandoning,,,,,,,,,,,,,,,,,,,,,obligation-of-zakah-and-ruling-of-its-abandoning
1518,136,أحكام ومسائل الزكاة,Rulings and Issues of Zakah,,Rulings and Issues of Zakah,Rulings and Issues of Zakah,Rulings and Issues of Zakah,Rulings and Issues of Zakah,,,Rulings and Issues of Zakah,,Rulings and Issues of Zakah,Rulings and Issues of Zakah,,,,Rulings and Issues of Zakah,,,,,,,,,,,,,,,,,,,,,rulings-and-issues-of-zakah
1519,136,زكاة النقدين,Zakah of Gold and Silver,,Zakah of Gold and Silver,Zakah of Gold and Silver,Zakah of Gold and Silver,Zakah of Gold and Silver,,,Zakah of Gold and Silver,,Zakah of Gold and Silver,Zakah of Gold and Silver,,,,Zakah of Gold and Silver,,,,,,,,,,,,,,,,,,,,,zakah-of-gold-and-silver
1520,136,زكاة بهيمة الأنعام,Zakah of Livestock,,Zakah of Livestock,Zakah of Livestock,Zakah of Livestock,Zakah of Livestock,,,Zakah of Livestock,,Zakah of Livestock,Zakah of Livestock,,,,Zakah of Livestock,,,,,,,,,,,,,,,,,,,,,zakah-of-livestock
1521,136,زكاة الخارج من الأرض,Zakah of Land Produce,,Zakah of Land Produce,Zakah of Land Produce,Zakah of Land Produce,Zakah of Land Produce,,,Zakah of Land Produce,,Zakah of Land Produce,Zakah of Land Produce,,,,Zakah of Land Produce,,,,,,,,,,,,,,,,,,,,,zakah-of-land-produce
1522,136,زكاة الفطر,Zakat-ul-Fitr (Minor-Eid Charity),,Zakat-ul-Fitr (Minor-Eid Charity),Zakat-ul-Fitr (Minor-Eid Charity),Zakat-ul-Fitr (Minor-Eid Charity),Zakat-ul-Fitr (Minor-Eid Charity),,,Zakat-ul-Fitr (Minor-Eid Charity),,Zakat-ul-Fitr (Minor-Eid Charity),Zakat-ul-Fitr (Minor-Eid Charity),,,,Zakat-ul-Fitr (Minor-Eid Charity),,,,,,,,,,,,,,,,,,,,,zakat-ul-fitr-minor-eid-charity
1523,136,مصارف الزكاة,Channels of Zakah (People Who Receive Zakah),,Channels of Zakah (People Who Receive Zakah),Channels of Zakah (People Who Receive Zakah),Channels of Zakah (People Who Receive Zakah),Channels of Zakah (People Who Receive Zakah),,,Channels of Zakah (People Who Receive Zakah),,Channels of Zakah (People Who Receive Zakah),Channels of Zakah (People Who Receive Zakah),,,,Channels of Zakah (People Who Receive Zakah),,,,,,,,,,,,,,,,,,,,,channels-of-zakah-people-who-receive-zakah
1524,136,صدقة التطوع,Voluntary Charity,,Voluntary Charity,Voluntary Charity,Voluntary Charity,Voluntary Charity,,,Voluntary Charity,,Voluntary Charity,Voluntary Charity,,,,Voluntary Charity,,,,,,,,,,,,,,,,,,,,,voluntary-charity
1525,137,وجوب الصيام وحكم تاركه,Obligation of Fasting and Ruling of Its Abandoning,,Obligation of Fasting and Ruling of Its Abandoning,Obligation of Fasting and Ruling of Its Abandoning,Obligation of Fasting and Ruling of Its Abandoning,Obligation of Fasting and Ruling of Its Abandoning,,,Obligation of Fasting and Ruling of Its Abandoning,,Obligation of Fasting and Ruling of Its Abandoning,Obligation of Fasting and Ruling of Its Abandoning,,,,Obligation of Fasting and Ruling of Its Abandoning,,,,,,,,,,,,,,,,,,,,,obligation-of-fasting-and-ruling-of-its-abandoning
1526,137,فضل الصيام,Virtue of Fasting,,Virtue of Fasting,Virtue of Fasting,Virtue of Fasting,Virtue of Fasting,,,Virtue of Fasting,,Virtue of Fasting,Virtue of Fasting,,,,Virtue of Fasting,,,,,,,,,,,,,,,,,,,,,virtue-of-fasting
1527,137,سنن الصيام,Recommended Acts of Fasting,,Recommended Acts of Fasting,Recommended Acts of Fasting,Recommended Acts of Fasting,Recommended Acts of Fasting,,,Recommended Acts of Fasting,,Recommended Acts of Fasting,Recommended Acts of Fasting,,,,Recommended Acts of Fasting,,,,,,,,,,,,,,,,,,,,,recommended-acts-of-fasting
1528,137,رؤية الهلال,Sighting the Crescent,,Sighting the Crescent,Sighting the Crescent,Sighting the Crescent,Sighting the Crescent,,,Sighting the Crescent,,Sighting the Crescent,Sighting the Crescent,,,,Sighting the Crescent,,,,,,,,,,,,,,,,,,,,,sighting-the-crescent
1529,137,صيام يوم الشك,Fasting on the Day of Doubt,,Fasting on the Day of Doubt,Fasting on the Day of Doubt,Fasting on the Day of Doubt,Fasting on the Day of Doubt,,,Fasting on the Day of Doubt,,Fasting on the Day of Doubt,Fasting on the Day of Doubt,,,,Fasting on the Day of Doubt,,,,,,,,,,,,,,,,,,,,,fasting-on-the-day-of-doubt
1530,137,قضاء الصيام,Fasting Missed Days of Ramadaan,,Fasting Missed Days of Ramadaan,Fasting Missed Days of Ramadaan,Fasting Missed Days of Ramadaan,Fasting Missed Days of Ramadaan,,,Fasting Missed Days of Ramadaan,,Fasting Missed Days of Ramadaan,Fasting Missed Days of Ramadaan,,,,Fasting Missed Days of Ramadaan,,,,,,,,,,,,,,,,,,,,,fasting-missed-days-of-ramadaan
1531,137,صيام أهل الأعذار,Fasting of People with Excuses,,Fasting of People with Excuses,Fasting of People with Excuses,Fasting of People with Excuses,Fasting of People with Excuses,,,Fasting of People with Excuses,,Fasting of People with Excuses,Fasting of People with Excuses,,,,Fasting of People with Excuses,,,,,,,,,,,,,,,,,,,,,fasting-of-people-with-excuses
1532,137,مفسدات الصيام,Nullifiers of Fasting,,Nullifiers of Fasting,Nullifiers of Fasting,Nullifiers of Fasting,Nullifiers of Fasting,,,Nullifiers of Fasting,,Nullifiers of Fasting,Nullifiers of Fasting,,,,Nullifiers of Fasting,,,,,,,,,,,,,,,,,,,,,nullifiers-of-fasting
1533,137,ما يجب على الصائم,Fasting Obligations,,Fasting Obligations,Fasting Obligations,Fasting Obligations,Fasting Obligations,,,Fasting Obligations,,Fasting Obligations,Fasting Obligations,,,,Fasting Obligations,,,,,,,,,,,,,,,,,,,,,fasting-obligations
1534,137,ما يجوز للصائم,What is Permissible for the Fasting Person,,What is Permissible for the Fasting Person,What is Permissible for the Fasting Person,What is Permissible for the Fasting Person,What is Permissible for the Fasting Person,,,What is Permissible for the Fasting Person,,What is Permissible for the Fasting Person,What is Permissible for the Fasting Person,,,,What is Permissible for the Fasting Person,,,,,,,,,,,,,,,,,,,,,what-is-permissible-for-the-fasting-person
1535,137,ما يحرم على الصائم,Fasting Prohibitions,,Fasting Prohibitions,Fasting Prohibitions,Fasting Prohibitions,Fasting Prohibitions,,,Fasting Prohibitions,,Fasting Prohibitions,Fasting Prohibitions,,,,Fasting Prohibitions,,,,,,,,,,,,,,,,,,,,,fasting-prohibitions
1536,137,ما يكره للصائم,What is Disliked for the Fasting Person,,What is Disliked for the Fasting Person,What is Disliked for the Fasting Person,What is Disliked for the Fasting Person,What is Disliked for the Fasting Person,,,What is Disliked for the Fasting Person,,What is Disliked for the Fasting Person,What is Disliked for the Fasting Person,,,,What is Disliked for the Fasting Person,,,,,,,,,,,,,,,,,,,,,what-is-disliked-for-the-fasting-person
1537,137,صيام التطوع,Voluntary Fasting,,Voluntary Fasting,Voluntary Fasting,Voluntary Fasting,Voluntary Fasting,,,Voluntary Fasting,,Voluntary Fasting,Voluntary Fasting,,,,Voluntary Fasting,,,,,,,,,,,,,,,,,,,,,voluntary-fasting
1538,137,الاعتكاف,Seclusion for Worship in Ramadaan (I‘tikaaf),,Seclusion for Worship in Ramadaan (I‘tikaaf),Seclusion for Worship in Ramadaan (I‘tikaaf),Seclusion for Worship in Ramadaan (I‘tikaaf),Seclusion for Worship in Ramadaan (I‘tikaaf),,,Seclusion for Worship in Ramadaan (I‘tikaaf),,Seclusion for Worship in Ramadaan (I‘tikaaf),Seclusion for Worship in Ramadaan (I‘tikaaf),,,,Seclusion for Worship in Ramadaan (I‘tikaaf),,,,,,,,,,,,,,,,,,,,,seclusion-for-worship-in-ramadaan-i‘tikaaf
1539,137,العشر الأواخر من رمضان,Last Ten Days of Ramadaan,,Last Ten Days of Ramadaan,Last Ten Days of Ramadaan,Last Ten Days of Ramadaan,Last Ten Days of Ramadaan,,,Last Ten Days of Ramadaan,,Last Ten Days of Ramadaan,Last Ten Days of Ramadaan,,,,Last Ten Days of Ramadaan,,,,,,,,,,,,,,,,,,,,,last-ten-days-of-ramadaan
1540,138,وجوب الحج والعمرة وحكم تاركهما,Obligation of Hajj and ‘Umrah and Ruling of Its Abandoner,,Obligation of Hajj and ‘Umrah and Ruling of Its Abandoner,Obligation of Hajj and ‘Umrah and Ruling of Its Abandoner,Obligation of Hajj and ‘Umrah and Ruling of Its Abandoner,Obligation of Hajj and ‘Umrah and Ruling of Its Abandoner,,,Obligation of Hajj and ‘Umrah and Ruling of Its Abandoner,,Obligation of Hajj and ‘Umrah and Ruling of Its Abandoner,Obligation of Hajj and ‘Umrah and Ruling of Its Abandoner,,,,Obligation of Hajj and ‘Umrah and Ruling of Its Abandoner,,,,,,,,,,,,,,,,,,,,,obligation-of-hajj-and-‘umrah-and-ruling-of-its-abandoner
1541,138,فضل الحج والعمرة,Virtue of Hajj and Umrah,,Virtue of Hajj and Umrah,Virtue of Hajj and Umrah,Virtue of Hajj and Umrah,Virtue of Hajj and Umrah,,,Virtue of Hajj and Umrah,,Virtue of Hajj and Umrah,Virtue of Hajj and Umrah,,,,Virtue of Hajj and Umrah,,,,,,,,,,,,,,,,,,,,,virtue-of-hajj-and-umrah
1542,138,العشر من ذي الحجة,First Ten Days of Dhul Hijjah (Twelfth Lunar Month),,First Ten Days of Dhul Hijjah (Twelfth Lunar Month),First Ten Days of Dhul Hijjah (Twelfth Lunar Month),First Ten Days of Dhul Hijjah (Twelfth Lunar Month),First Ten Days of Dhul Hijjah (Twelfth Lunar Month),,,First Ten Days of Dhul Hijjah (Twelfth Lunar Month),,First Ten Days of Dhul Hijjah (Twelfth Lunar Month),First Ten Days of Dhul Hijjah (Twelfth Lunar Month),,,,First Ten Days of Dhul Hijjah (Twelfth Lunar Month),,,,,,,,,,,,,,,,,,,,,first-ten-days-of-dhul-hijjah-twelfth-lunar-month
1543,138,أحكام المسجد الحرام والمسجد النبوي وبيت المقدس,Rulings of Al-Masjid Al-Haraam; the Prophet's Mosque; and the Aqsa Mosque,,Rulings of Al-Masjid Al-Haraam; the Prophet's Mosque; and the Aqsa Mosque,Rulings of Al-Masjid Al-Haraam; the Prophet's Mosque; and the Aqsa Mosque,Rulings of Al-Masjid Al-Haraam; the Prophet's Mosque; and the Aqsa Mosque,Rulings of Al-Masjid Al-Haraam; the Prophet's Mosque; and the Aqsa Mosque,,,Rulings of Al-Masjid Al-Haraam; the Prophet's Mosque; and the Aqsa Mosque,,Rulings of Al-Masjid Al-Haraam; the Prophet's Mosque; and the Aqsa Mosque,Rulings of Al-Masjid Al-Haraam; the Prophet's Mosque; and the Aqsa Mosque,,,,Rulings of Al-Masjid Al-Haraam; the Prophet's Mosque; and the Aqsa Mosque,,,,,,,,,,,,,,,,,,,,,rulings-of-al-masjid-al-haraam;-the-prophets-mosque;-and-the-aqsa-mosque
1544,138,أحكام الإحرام,Rulings of Ihraam (the Ritual State of Consecration),,Rulings of Ihraam (the Ritual State of Consecration),Rulings of Ihraam (the Ritual State of Consecration),Rulings of Ihraam (the Ritual State of Consecration),Rulings of Ihraam (the Ritual State of Consecration),,,Rulings of Ihraam (the Ritual State of Consecration),,Rulings of Ihraam (the Ritual State of Consecration),Rulings of Ihraam (the Ritual State of Consecration),,,,Rulings of Ihraam (the Ritual State of Consecration),,,,,,,,,,,,,,,,,,,,,rulings-of-ihraam-the-ritual-state-of-consecration
1545,138,محظورات الإحرام,Prohibitions of Ihraam,,Prohibitions of Ihraam,Prohibitions of Ihraam,Prohibitions of Ihraam,Prohibitions of Ihraam,,,Prohibitions of Ihraam,,Prohibitions of Ihraam,Prohibitions of Ihraam,,,,Prohibitions of Ihraam,,,,,,,,,,,,,,,,,,,,,prohibitions-of-ihraam
1546,138,الفدية وجزاء الصيد,Ransom and Hunting Expiation,,Ransom and Hunting Expiation,Ransom and Hunting Expiation,Ransom and Hunting Expiation,Ransom and Hunting Expiation,,,Ransom and Hunting Expiation,,Ransom and Hunting Expiation,Ransom and Hunting Expiation,,,,Ransom and Hunting Expiation,,,,,,,,,,,,,,,,,,,,,ransom-and-hunting-expiation
1547,138,أنواع النسك,Types of Rituals (Pilgrimage),,Types of Rituals (Pilgrimage),Types of Rituals (Pilgrimage),Types of Rituals (Pilgrimage),Types of Rituals (Pilgrimage),,,Types of Rituals (Pilgrimage),,Types of Rituals (Pilgrimage),Types of Rituals (Pilgrimage),,,,Types of Rituals (Pilgrimage),,,,,,,,,,,,,,,,,,,,,types-of-rituals-pilgrimage
1548,138,واجبات العمرة,Obligations of ‘Umrah,,Obligations of ‘Umrah,Obligations of ‘Umrah,Obligations of ‘Umrah,Obligations of ‘Umrah,,,Obligations of ‘Umrah,,Obligations of ‘Umrah,Obligations of ‘Umrah,,,,Obligations of ‘Umrah,,,,,,,,,,,,,,,,,,,,,obligations-of-‘umrah
1549,138,صفة الحج,How to Make Hajj (Pilgrimage),,How to Make Hajj (Pilgrimage),How to Make Hajj (Pilgrimage),How to Make Hajj (Pilgrimage),How to Make Hajj (Pilgrimage),,,How to Make Hajj (Pilgrimage),,How to Make Hajj (Pilgrimage),How to Make Hajj (Pilgrimage),,,,How to Make Hajj (Pilgrimage),,,,,,,,,,,,,,,,,,,,,how-to-make-hajj-pilgrimage
1550,138,أركان الحج,Pillars of Hajj (Pilgrimage),,Pillars of Hajj (Pilgrimage),Pillars of Hajj (Pilgrimage),Pillars of Hajj (Pilgrimage),Pillars of Hajj (Pilgrimage),,,Pillars of Hajj (Pilgrimage),,Pillars of Hajj (Pilgrimage),Pillars of Hajj (Pilgrimage),,,,Pillars of Hajj (Pilgrimage),,,,,,,,,,,,,,,,,,,,,pillars-of-hajj-pilgrimage
1551,138,واجبات الحج,Obligations of Hajj (Pilgrimage),,Obligations of Hajj (Pilgrimage),Obligations of Hajj (Pilgrimage),Obligations of Hajj (Pilgrimage),Obligations of Hajj (Pilgrimage),,,Obligations of Hajj (Pilgrimage),,Obligations of Hajj (Pilgrimage),Obligations of Hajj (Pilgrimage),,,,Obligations of Hajj (Pilgrimage),,,,,,,,,,,,,,,,,,,,,obligations-of-hajj-pilgrimage
1552,138,أحكام المسجد النبوي,Rulings of the Prophet's Mosque,,Rulings of the Prophet's Mosque,Rulings of the Prophet's Mosque,Rulings of the Prophet's Mosque,Rulings of the Prophet's Mosque,,,Rulings of the Prophet's Mosque,,Rulings of the Prophet's Mosque,Rulings of the Prophet's Mosque,,,,Rulings of the Prophet's Mosque,,,,,,,,,,,,,,,,,,,,,rulings-of-the-prophets-mosque
1553,138,الهدي والكفارات,Sacrificial Animals and Expiations,,Sacrificial Animals and Expiations,Sacrificial Animals and Expiations,Sacrificial Animals and Expiations,Sacrificial Animals and Expiations,,,Sacrificial Animals and Expiations,,Sacrificial Animals and Expiations,Sacrificial Animals and Expiations,,,,Sacrificial Animals and Expiations,,,,,,,,,,,,,,,,,,,,,sacrificial-animals-and-expiations
1554,138,الأضحية,Sacrifice,,Sacrifice,Sacrifice,Sacrifice,Sacrifice,,,Sacrifice,,Sacrifice,Sacrifice,,,,Sacrifice,,,,,,,,,,,,,,,,,,,,,sacrifice
1555,138,أحكام ومسائل الحج والعمرة,Rulings and Issues of Hajj and ‘Umrah,,Rulings and Issues of Hajj and ‘Umrah,Rulings and Issues of Hajj and ‘Umrah,Rulings and Issues of Hajj and ‘Umrah,Rulings and Issues of Hajj and ‘Umrah,,,Rulings and Issues of Hajj and ‘Umrah,,Rulings and Issues of Hajj and ‘Umrah,Rulings and Issues of Hajj and ‘Umrah,,,,Rulings and Issues of Hajj and ‘Umrah,,,,,,,,,,,,,,,,,,,,,rulings-and-issues-of-hajj-and-‘umrah
1556,139,حكم الجهاد,Ruling of Jihad,,Ruling of Jihad,Ruling of Jihad,Ruling of Jihad,Ruling of Jihad,,,Ruling of Jihad,,Ruling of Jihad,Ruling of Jihad,,,,Ruling of Jihad,,,,,,,,,,,,,,,,,,,,,ruling-of-jihad
1557,139,فضل الجهاد,Excellence of Jihad,,Excellence of Jihad,Excellence of Jihad,Excellence of Jihad,Excellence of Jihad,,,Excellence of Jihad,,Excellence of Jihad,Excellence of Jihad,,,,Excellence of Jihad,,,,,,,,,,,,,,,,,,,,,excellence-of-jihad
1558,139,أقسام الجهاد,Categories of Jihad,,Categories of Jihad,Categories of Jihad,Categories of Jihad,Categories of Jihad,,,Categories of Jihad,,Categories of Jihad,Categories of Jihad,,,,Categories of Jihad,,,,,,,,,,,,,,,,,,,,,categories-of-jihad
1559,139,أحكام ومسائل الجهاد,Rulings and Issues of Jihad,,Rulings and Issues of Jihad,Rulings and Issues of Jihad,Rulings and Issues of Jihad,Rulings and Issues of Jihad,,,Rulings and Issues of Jihad,,Rulings and Issues of Jihad,Rulings and Issues of Jihad,,,,Rulings and Issues of Jihad,,,,,,,,,,,,,,,,,,,,,rulings-and-issues-of-jihad
1560,139,آداب الجهاد,Manners of Jihad,,Manners of Jihad,Manners of Jihad,Manners of Jihad,Manners of Jihad,,,Manners of Jihad,,Manners of Jihad,Manners of Jihad,,,,Manners of Jihad,,,,,,,,,,,,,,,,,,,,,manners-of-jihad
1561,139,أحكام أهل الذمة,Rulings of Non-Muslims Living in Muslim Country,,Rulings of Non-Muslims Living in Muslim Country,Rulings of Non-Muslims Living in Muslim Country,Rulings of Non-Muslims Living in Muslim Country,Rulings of Non-Muslims Living in Muslim Country,,,Rulings of Non-Muslims Living in Muslim Country,,Rulings of Non-Muslims Living in Muslim Country,Rulings of Non-Muslims Living in Muslim Country,,,,Rulings of Non-Muslims Living in Muslim Country,,,,,,,,,,,,,,,,,,,,,rulings-of-non-muslims-living-in-muslim-country
1562,139,أحكام الهدنة والأمان,Rulings of Truce and Security,,Rulings of Truce and Security,Rulings of Truce and Security,Rulings of Truce and Security,Rulings of Truce and Security,,,Rulings of Truce and Security,,Rulings of Truce and Security,Rulings of Truce and Security,,,,Rulings of Truce and Security,,,,,,,,,,,,,,,,,,,,,rulings-of-truce-and-security
1563,139,أحكام الإرهاب والاغتيالات والتفجيرات,Rulings of Terrorism; Assassinations; and Explosions,,Rulings of Terrorism; Assassinations; and Explosions,Rulings of Terrorism; Assassinations; and Explosions,Rulings of Terrorism; Assassinations; and Explosions,Rulings of Terrorism; Assassinations; and Explosions,,,Rulings of Terrorism; Assassinations; and Explosions,,Rulings of Terrorism; Assassinations; and Explosions,Rulings of Terrorism; Assassinations; and Explosions,,,,Rulings of Terrorism; Assassinations; and Explosions,,,,,,,,,,,,,,,,,,,,,rulings-of-terrorism;-assassinations;-and-explosions
1564,140,البيوع المحرمة,Forbidden Sales,,Forbidden Sales,Forbidden Sales,Forbidden Sales,Forbidden Sales,,,Forbidden Sales,,Forbidden Sales,Forbidden Sales,,,,Forbidden Sales,,,,,,,,,,,,,,,,,,,,,forbidden-sales
1565,169,الأيمان,Oaths,,Oaths,Oaths,Oaths,Oaths,,,Oaths,,Oaths,Oaths,,,,Oaths,,,,,,,,,,,,,,,,,,,,,oaths
1566,169,النذور,Vows,,Vows,Vows,Vows,Vows,,,Vows,,Vows,Vows,,,,Vows,,,,,,,,,,,,,,,,,,,,,vows
1567,191,فضل النكاح,Excellence of Marriage,,Excellence of Marriage,Excellence of Marriage,Excellence of Marriage,Excellence of Marriage,,,Excellence of Marriage,,Excellence of Marriage,Excellence of Marriage,,,,Excellence of Marriage,,,,,,,,,,,,,,,,,,,,,excellence-of-marriage
1568,191,آداب النكاح,Manners of Marriage,,Manners of Marriage,Manners of Marriage,Manners of Marriage,Manners of Marriage,,,Manners of Marriage,,Manners of Marriage,Manners of Marriage,,,,Manners of Marriage,,,,,,,,,,,,,,,,,,,,,manners-of-marriage
1569,191,أحكام وشروط النكاح,Rulings and Conditions of Marriage,,Rulings and Conditions of Marriage,Rulings and Conditions of Marriage,Rulings and Conditions of Marriage,Rulings and Conditions of Marriage,,,Rulings and Conditions of Marriage,,Rulings and Conditions of Marriage,Rulings and Conditions of Marriage,,,,Rulings and Conditions of Marriage,,,,,,,,,,,,,,,,,,,,,rulings-and-conditions-of-marriage
1570,191,المحرمات في النكاح,Women Unlawful to Marry,,Women Unlawful to Marry,Women Unlawful to Marry,Women Unlawful to Marry,Women Unlawful to Marry,,,Women Unlawful to Marry,,Women Unlawful to Marry,Women Unlawful to Marry,,,,Women Unlawful to Marry,,,,,,,,,,,,,,,,,,,,,women-unlawful-to-marry
1571,191,الشروط في النكاح,Conditions of Marriage,,Conditions of Marriage,Conditions of Marriage,Conditions of Marriage,Conditions of Marriage,,,Conditions of Marriage,,Conditions of Marriage,Conditions of Marriage,,,,Conditions of Marriage,,,,,,,,,,,,,,,,,,,,,conditions-of-marriage
1572,191,نكاح الكفار,Marrying the Disbelievers,,Marrying the Disbelievers,Marrying the Disbelievers,Marrying the Disbelievers,Marrying the Disbelievers,,,Marrying the Disbelievers,,Marrying the Disbelievers,Marrying the Disbelievers,,,,Marrying the Disbelievers,,,,,,,,,,,,,,,,,,,,,marrying-the-disbelievers
1573,191,الأنكحة المحرمة,Forbidden Marriages,,Forbidden Marriages,Forbidden Marriages,Forbidden Marriages,Forbidden Marriages,,,Forbidden Marriages,,Forbidden Marriages,Forbidden Marriages,,,,Forbidden Marriages,,,,,,,,,,,,,,,,,,,,,forbidden-marriages
1574,191,الصداق,Dowry,,Dowry,Dowry,Dowry,Dowry,,,Dowry,,Dowry,Dowry,,,,Dowry,,,,,,,,,,,,,,,,,,,,,dowry
1575,191,وليمة العرس,Wedding Banquet,,Wedding Banquet,Wedding Banquet,Wedding Banquet,Wedding Banquet,,,Wedding Banquet,,Wedding Banquet,Wedding Banquet,,,,Wedding Banquet,,,,,,,,,,,,,,,,,,,,,wedding-banquet
1576,191,العشرة بين الزوجين,Marital Relations,,Marital Relations,Marital Relations,Marital Relations,Marital Relations,,,Marital Relations,,Marital Relations,Marital Relations,,,,Marital Relations,,,,,,,,,,,,,,,,,,,,,marital-relations
1577,192,ألفاظ الطلاق,Words of Divorce,,Words of Divorce,Words of Divorce,Words of Divorce,Words of Divorce,,,Words of Divorce,,Words of Divorce,Words of Divorce,,,,Words of Divorce,,,,,,,,,,,,,,,,,,,,,words-of-divorce
1578,192,الطلاق السني والطلاق البدعي,Sunnah Divorce and Innovative Divorce,,Sunnah Divorce and Innovative Divorce,Sunnah Divorce and Innovative Divorce,Sunnah Divorce and Innovative Divorce,Sunnah Divorce and Innovative Divorce,,,Sunnah Divorce and Innovative Divorce,,Sunnah Divorce and Innovative Divorce,Sunnah Divorce and Innovative Divorce,,,,Sunnah Divorce and Innovative Divorce,,,,,,,,,,,,,,,,,,,,,sunnah-divorce-and-innovative-divorce
1579,192,الطلاق الرجعي والبائن,Revocable and Irrevocable Divorce,,Revocable and Irrevocable Divorce,Revocable and Irrevocable Divorce,Revocable and Irrevocable Divorce,Revocable and Irrevocable Divorce,,,Revocable and Irrevocable Divorce,,Revocable and Irrevocable Divorce,Revocable and Irrevocable Divorce,,,,Revocable and Irrevocable Divorce,,,,,,,,,,,,,,,,,,,,,revocable-and-irrevocable-divorce
1580,192,أحكام ومسائل الطلاق,Rulings and Issues of Divorce,,Rulings and Issues of Divorce,Rulings and Issues of Divorce,Rulings and Issues of Divorce,Rulings and Issues of Divorce,,,Rulings and Issues of Divorce,,Rulings and Issues of Divorce,Rulings and Issues of Divorce,,,,Rulings and Issues of Divorce,,,,,,,,,,,,,,,,,,,,,rulings-and-issues-of-divorce
1581,198,أحكام العدة,Rulings of the Waiting Period,,Rulings of the Waiting Period,Rulings of the Waiting Period,Rulings of the Waiting Period,Rulings of the Waiting Period,,,Rulings of the Waiting Period,,Rulings of the Waiting Period,Rulings of the Waiting Period,,,,Rulings of the Waiting Period,,,,,,,,,,,,,,,,,,,,,rulings-of-the-waiting-period
1582,198,عدة المطلقة,The Divorced Woman's Waiting Period,,The Divorced Woman's Waiting Period,The Divorced Woman's Waiting Period,The Divorced Woman's Waiting Period,The Divorced Woman's Waiting Period,,,The Divorced Woman's Waiting Period,,The Divorced Woman's Waiting Period,The Divorced Woman's Waiting Period,,,,The Divorced Woman's Waiting Period,,,,,,,,,,,,,,,,,,,,,the-divorced-womans-waiting-period
1583,198,عدة المفقود زوجها,Waiting Period of the Lost Husband's Wife,,Waiting Period of the Lost Husband's Wife,Waiting Period of the Lost Husband's Wife,Waiting Period of the Lost Husband's Wife,Waiting Period of the Lost Husband's Wife,,,Waiting Period of the Lost Husband's Wife,,Waiting Period of the Lost Husband's Wife,Waiting Period of the Lost Husband's Wife,,,,Waiting Period of the Lost Husband's Wife,,,,,,,,,,,,,,,,,,,,,waiting-period-of-the-lost-husbands-wife
1584,198,الاستبراء,Ascertaining Non-Pregnancy,,Ascertaining Non-Pregnancy,Ascertaining Non-Pregnancy,Ascertaining Non-Pregnancy,Ascertaining Non-Pregnancy,,,Ascertaining Non-Pregnancy,,Ascertaining Non-Pregnancy,Ascertaining Non-Pregnancy,,,,Ascertaining Non-Pregnancy,,,,,,,,,,,,,,,,,,,,,ascertaining-non-pregnancy
1585,199,حكم الرضاع,Ruling of Breastfeeding,,Ruling of Breastfeeding,Ruling of Breastfeeding,Ruling of Breastfeeding,Ruling of Breastfeeding,,,Ruling of Breastfeeding,,Ruling of Breastfeeding,Ruling of Breastfeeding,,,,Ruling of Breastfeeding,,,,,,,,,,,,,,,,,,,,,ruling-of-breastfeeding
1586,199,شروط الرضاع,Conditions of Breastfeeding,,Conditions of Breastfeeding,Conditions of Breastfeeding,Conditions of Breastfeeding,Conditions of Breastfeeding,,,Conditions of Breastfeeding,,Conditions of Breastfeeding,Conditions of Breastfeeding,,,,Conditions of Breastfeeding,,,,,,,,,,,,,,,,,,,,,conditions-of-breastfeeding
1587,199,آثار الرضاع,Consequences of Breastfeeding,,Consequences of Breastfeeding,Consequences of Breastfeeding,Consequences of Breastfeeding,Consequences of Breastfeeding,,,Consequences of Breastfeeding,,Consequences of Breastfeeding,Consequences of Breastfeeding,,,,Consequences of Breastfeeding,,,,,,,,,,,,,,,,,,,,,consequences-of-breastfeeding
1588,205,الاختلاط,Intermixing,,Intermixing,Intermixing,Intermixing,Intermixing,,,Intermixing,,Intermixing,Intermixing,,,,Intermixing,,,,,,,,,,,,,,,,,,,,,intermixing
1589,205,تعدد الزوجات,Polygamy,,Polygamy,Polygamy,Polygamy,Polygamy,,,Polygamy,,Polygamy,Polygamy,,,,Polygamy,,,,,,,,,,,,,,,,,,,,,polygamy
1590,205,العلاقة بين الرجل والمرأة,Men-Women Relationships,,Men-Women Relationships,Men-Women Relationships,Men-Women Relationships,Men-Women Relationships,,,Men-Women Relationships,,Men-Women Relationships,Men-Women Relationships,,,,Men-Women Relationships,,,,,,,,,,,,,,,,,,,,,men-women-relationships
1591,206,تسمية المولود وتكنيته,Naming the Newborn,,Naming the Newborn,Naming the Newborn,Naming the Newborn,Naming the Newborn,,,Naming the Newborn,,Naming the Newborn,Naming the Newborn,,,,Naming the Newborn,,,,,,,,,,,,,,,,,,,,,naming-the-newborn
1592,206,العقيقة,Sacrificing for the Newborn,,Sacrificing for the Newborn,Sacrificing for the Newborn,Sacrificing for the Newborn,Sacrificing for the Newborn,,,Sacrificing for the Newborn,,Sacrificing for the Newborn,Sacrificing for the Newborn,,,,Sacrificing for the Newborn,,,,,,,,,,,,,,,,,,,,,sacrificing-for-the-newborn
1593,206,النفقة على الأولاد,Providing for Children,,Providing for Children,Providing for Children,Providing for Children,Providing for Children,,,Providing for Children,,Providing for Children,Providing for Children,,,,Providing for Children,,,,,,,,,,,,,,,,,,,,,providing-for-children
1594,206,تربية الأولاد,Raising Children,,Raising Children,Raising Children,Raising Children,Raising Children,,,Raising Children,,Raising Children,Raising Children,,,,Raising Children,,,,,,,,,,,,,,,,,,,,,raising-children
1595,211,أحكام الرقية,Rulings of Ruqyah (protective and healing supplications),,Rulings of Ruqyah (protective and healing supplications),Rulings of Ruqyah (protective and healing supplications),Rulings of Ruqyah (protective and healing supplications),Rulings of Ruqyah (protective and healing supplications),,,Rulings of Ruqyah (protective and healing supplications),,Rulings of Ruqyah (protective and healing supplications),Rulings of Ruqyah (protective and healing supplications),,,,Rulings of Ruqyah (protective and healing supplications),,,,,,,,,,,,,,,,,,,,,rulings-of-ruqyah-protective-and-healing-supplications
1596,270,فضل العلم وأهميته,Merit and Significance of Knowledge,,Merit and Significance of Knowledge,Merit and Significance of Knowledge,Merit and Significance of Knowledge,Merit and Significance of Knowledge,,,Merit and Significance of Knowledge,,Merit and Significance of Knowledge,Merit and Significance of Knowledge,,,,Merit and Significance of Knowledge,,,,,,,,,,,,,,,,,,,,,merit-and-significance-of-knowledge
1597,276,فضائل الخلفاء الراشدين رضي الله عنهم,Merits of the Rightly Guided Caliphs,,Merits of the Rightly Guided Caliphs,Merits of the Rightly Guided Caliphs,Merits of the Rightly Guided Caliphs,Merits of the Rightly Guided Caliphs,,,Merits of the Rightly Guided Caliphs,,Merits of the Rightly Guided Caliphs,Merits of the Rightly Guided Caliphs,,,,Merits of the Rightly Guided Caliphs,,,,,,,,,,,,,,,,,,,,,merits-of-the-rightly-guided-caliphs
1598,287,المناهي اللفظية وآفات اللسان,Forbidden Utterances and Tongue Evils,,Forbidden Utterances and Tongue Evils,Forbidden Utterances and Tongue Evils,Forbidden Utterances and Tongue Evils,Forbidden Utterances and Tongue Evils,,,Forbidden Utterances and Tongue Evils,,Forbidden Utterances and Tongue Evils,Forbidden Utterances and Tongue Evils,,,,Forbidden Utterances and Tongue Evils,,,,,,,,,,,,,,,,,,,,,forbidden-utterances-and-tongue-evils
1599,406,الصفات الخَلْقية,Physical Attributes,,Physical Attributes,Physical Attributes,Physical Attributes,Physical Attributes,,,Physical Attributes,,Physical Attributes,Physical Attributes,,,,Physical Attributes,,,,,,,,,,,,,,,,,,,,,physical-attributes
1600,406,لباسه صلى الله عليه وسلم,Prophet's Dress Code,,Prophet's Dress Code,Prophet's Dress Code,Prophet's Dress Code,Prophet's Dress Code,,,Prophet's Dress Code,,Prophet's Dress Code,Prophet's Dress Code,,,,Prophet's Dress Code,,,,,,,,,,,,,,,,,,,,,prophets-dress-code
1601,406,أثاثه ومتاعه وسلاحه صلى الله عليه وسلم,Prophet's Furniture; Stuff; and Arms,,Prophet's Furniture; Stuff; and Arms,Prophet's Furniture; Stuff; and Arms,Prophet's Furniture; Stuff; and Arms,Prophet's Furniture; Stuff; and Arms,,,Prophet's Furniture; Stuff; and Arms,,Prophet's Furniture; Stuff; and Arms,Prophet's Furniture; Stuff; and Arms,,,,Prophet's Furniture; Stuff; and Arms,,,,,,,,,,,,,,,,,,,,,prophets-furniture;-stuff;-and-arms
1602,406,طعامه وشرابه صلى الله عليه وسلم,Prophet's Food and Drink,,Prophet's Food and Drink,Prophet's Food and Drink,Prophet's Food and Drink,Prophet's Food and Drink,,,Prophet's Food and Drink,,Prophet's Food and Drink,Prophet's Food and Drink,,,,Prophet's Food and Drink,,,,,,,,,,,,,,,,,,,,,prophets-food-and-drink
1603,406,سفره صلى الله عليه وسلم,Prophet's Travel,,Prophet's Travel,Prophet's Travel,Prophet's Travel,Prophet's Travel,,,Prophet's Travel,,Prophet's Travel,Prophet's Travel,,,,Prophet's Travel,,,,,,,,,,,,,,,,,,,,,prophets-travel
1604,406,الصفات الخُلُقية,Moral Attributes,,Moral Attributes,Moral Attributes,Moral Attributes,Moral Attributes,,,Moral Attributes,,Moral Attributes,Moral Attributes,,,,Moral Attributes,,,,,,,,,,,,,,,,,,,,,moral-attributes
1605,406,الهدي النبوي,Prophet's Guidance,,Prophet's Guidance,Prophet's Guidance,Prophet's Guidance,Prophet's Guidance,,,Prophet's Guidance,,Prophet's Guidance,Prophet's Guidance,,,,Prophet's Guidance,,,,,,,,,,,,,,,,,,,,,prophets-guidance
1606,646,كرمه صلى الله عليه وسلم,Prophet's Generosity,,Prophet's Generosity,Prophet's Generosity,Prophet's Generosity,Prophet's Generosity,,,Prophet's Generosity,,Prophet's Generosity,Prophet's Generosity,,,,Prophet's Generosity,,,,,,,,,,,,,,,,,,,,,prophets-generosity
1607,646,حياؤه صلى الله عليه وسلم,Prophet's Modesty,,Prophet's Modesty,Prophet's Modesty,Prophet's Modesty,Prophet's Modesty,,,Prophet's Modesty,,Prophet's Modesty,Prophet's Modesty,,,,Prophet's Modesty,,,,,,,,,,,,,,,,,,,,,prophets-modesty
1608,646,تواضعه صلى الله عليه وسلم,Prophet's Humility,,Prophet's Humility,Prophet's Humility,Prophet's Humility,Prophet's Humility,,,Prophet's Humility,,Prophet's Humility,Prophet's Humility,,,,Prophet's Humility,,,,,,,,,,,,,,,,,,,,,prophets-humility
1609,646,شجاعته صلى الله عليه وسلم,Prophet's Courage,,Prophet's Courage,Prophet's Courage,Prophet's Courage,Prophet's Courage,,,Prophet's Courage,,Prophet's Courage,Prophet's Courage,,,,Prophet's Courage,,,,,,,,,,,,,,,,,,,,,prophets-courage
1610,646,رفقه صلى الله عليه وسلم,Prophet's Gentleness,,Prophet's Gentleness,Prophet's Gentleness,Prophet's Gentleness,Prophet's Gentleness,,,Prophet's Gentleness,,Prophet's Gentleness,Prophet's Gentleness,,,,Prophet's Gentleness,,,,,,,,,,,,,,,,,,,,,prophets-gentleness
1611,646,عفوه صلى الله عليه وسلم,Prophet's Forgiveness,,Prophet's Forgiveness,Prophet's Forgiveness,Prophet's Forgiveness,Prophet's Forgiveness,,,Prophet's Forgiveness,,Prophet's Forgiveness,Prophet's Forgiveness,,,,Prophet's Forgiveness,,,,,,,,,,,,,,,,,,,,,prophets-forgiveness
1612,646,رحمته صلى الله عليه وسلم,Prophet's Mercy,,Prophet's Mercy,Prophet's Mercy,Prophet's Mercy,Prophet's Mercy,,,Prophet's Mercy,,Prophet's Mercy,Prophet's Mercy,,,,Prophet's Mercy,,,,,,,,,,,,,,,,,,,,,prophets-mercy
1613,646,كلامه صلى الله عليه وسلم,Prophet's Speech,,Prophet's Speech,Prophet's Speech,Prophet's Speech,Prophet's Speech,,,Prophet's Speech,,Prophet's Speech,Prophet's Speech,,,,Prophet's Speech,,,,,,,,,,,,,,,,,,,,,prophets-speech
1614,646,ضحكه صلى الله عليه وسلم,Prophet's Laughing,,Prophet's Laughing,Prophet's Laughing,Prophet's Laughing,Prophet's Laughing,,,Prophet's Laughing,,Prophet's Laughing,Prophet's Laughing,,,,Prophet's Laughing,,,,,,,,,,,,,,,,,,,,,prophets-laughing
1615,646,بكاؤه صلى الله عليه وسلم,Prophet's Crying,,Prophet's Crying,Prophet's Crying,Prophet's Crying,Prophet's Crying,,,Prophet's Crying,,Prophet's Crying,Prophet's Crying,,,,Prophet's Crying,,,,,,,,,,,,,,,,,,,,,prophets-crying
1616,646,شفقته صلى الله عليه وسلم,Prophet's Compassion,,Prophet's Compassion,Prophet's Compassion,Prophet's Compassion,Prophet's Compassion,,,Prophet's Compassion,,Prophet's Compassion,Prophet's Compassion,,,,Prophet's Compassion,,,,,,,,,,,,,,,,,,,,,prophets-compassion
1617,646,زهده صلى الله عليه وسلم,Prophet's Asceticism,,Prophet's Asceticism,Prophet's Asceticism,Prophet's Asceticism,Prophet's Asceticism,,,Prophet's Asceticism,,Prophet's Asceticism,Prophet's Asceticism,,,,Prophet's Asceticism,,,,,,,,,,,,,,,,,,,,,prophets-asceticism
1618,646,عدله صلى الله عليه وسلم,Prophet's Justice,,Prophet's Justice,Prophet's Justice,Prophet's Justice,Prophet's Justice,,,Prophet's Justice,,Prophet's Justice,Prophet's Justice,,,,Prophet's Justice,,,,,,,,,,,,,,,,,,,,,prophets-justice
1619,646,حلمه صلى الله عليه وسلم,Prophet's Forbearance,,Prophet's Forbearance,Prophet's Forbearance,Prophet's Forbearance,Prophet's Forbearance,,,Prophet's Forbearance,,Prophet's Forbearance,Prophet's Forbearance,,,,Prophet's Forbearance,,,,,,,,,,,,,,,,,,,,,prophets-forbearance
1620,647,هديه صلى الله عليه وسلم في خطبه,Prophet's Guidance on Public Speaking,,Prophet's Guidance on Public Speaking,Prophet's Guidance on Public Speaking,Prophet's Guidance on Public Speaking,Prophet's Guidance on Public Speaking,,,Prophet's Guidance on Public Speaking,,Prophet's Guidance on Public Speaking,Prophet's Guidance on Public Speaking,,,,Prophet's Guidance on Public Speaking,,,,,,,,,,,,,,,,,,,,,prophets-guidance-on-public-speaking
1621,647,هديه صلى الله عليه وسلم في التطهر,Prophet's Guidance on Purification,,Prophet's Guidance on Purification,Prophet's Guidance on Purification,Prophet's Guidance on Purification,Prophet's Guidance on Purification,,,Prophet's Guidance on Purification,,Prophet's Guidance on Purification,Prophet's Guidance on Purification,,,,Prophet's Guidance on Purification,,,,,,,,,,,,,,,,,,,,,prophets-guidance-on-purification
1622,647,هديه صلى الله عليه وسلم في الصلاة,Prophet's Guidance on Prayer,,Prophet's Guidance on Prayer,Prophet's Guidance on Prayer,Prophet's Guidance on Prayer,Prophet's Guidance on Prayer,,,Prophet's Guidance on Prayer,,Prophet's Guidance on Prayer,Prophet's Guidance on Prayer,,,,Prophet's Guidance on Prayer,,,,,,,,,,,,,,,,,,,,,prophets-guidance-on-prayer
1623,647,هديه صلى الله عليه وسلم في الصوم,Prophet's Guidance on Fasting,,Prophet's Guidance on Fasting,Prophet's Guidance on Fasting,Prophet's Guidance on Fasting,Prophet's Guidance on Fasting,,,Prophet's Guidance on Fasting,,Prophet's Guidance on Fasting,Prophet's Guidance on Fasting,,,,Prophet's Guidance on Fasting,,,,,,,,,,,,,,,,,,,,,prophets-guidance-on-fasting
1624,647,هديه صلى الله عليه وسلم في الجنائز,Prophet's Guidance on Funerals,,Prophet's Guidance on Funerals,Prophet's Guidance on Funerals,Prophet's Guidance on Funerals,Prophet's Guidance on Funerals,,,Prophet's Guidance on Funerals,,Prophet's Guidance on Funerals,Prophet's Guidance on Funerals,,,,Prophet's Guidance on Funerals,,,,,,,,,,,,,,,,,,,,,prophets-guidance-on-funerals
1625,647,هديه صلى الله عليه وسلم في النكاح ومعاشرته أهله,Prophet's Guidance on Marriage and Treating One's Wife,,Prophet's Guidance on Marriage and Treating One's Wife,Prophet's Guidance on Marriage and Treating One's Wife,Prophet's Guidance on Marriage and Treating One's Wife,Prophet's Guidance on Marriage and Treating One's Wife,,,Prophet's Guidance on Marriage and Treating One's Wife,,Prophet's Guidance on Marriage and Treating One's Wife,Prophet's Guidance on Marriage and Treating One's Wife,,,,Prophet's Guidance on Marriage and Treating One's Wife,,,,,,,,,,,,,,,,,,,,,prophets-guidance-on-marriage-and-treating-ones-wife
1626,409,معركة اليمامة,The Battle of Yamaamah,,The Battle of Yamaamah,The Battle of Yamaamah,The Battle of Yamaamah,The Battle of Yamaamah,,,The Battle of Yamaamah,,The Battle of Yamaamah,The Battle of Yamaamah,,,,The Battle of Yamaamah,,,,,,,,,,,,,,,,,,,,,the-battle-of-yamaamah
1627,415,أحكام وآداب العيد,Rulings and Manners of Eid,,Rulings and Manners of Eid,Rulings and Manners of Eid,Rulings and Manners of Eid,Rulings and Manners of Eid,,,Rulings and Manners of Eid,,Rulings and Manners of Eid,Rulings and Manners of Eid,,,,Rulings and Manners of Eid,,,,,,,,,,,,,,,,,,,,,rulings-and-manners-of-eid
1628,134,أحكام المساجد,The rulings of mosques,,The rulings of mosques,The rulings of mosques,The rulings of mosques,The rulings of mosques,,,The rulings of mosques,,The rulings of mosques,The rulings of mosques,,,,The rulings of mosques,,,,,,,,,,,,,,,,,,,,,the-rulings-of-mosques
1629,137,رمضان,Ramadan,,Ramadan,Ramadan,Ramadan,Ramadan,,,Ramadan,,Ramadan,Ramadan,,,,Ramadan,,,,,,,,,,,,,,,,,,,,,ramadan
1630,133,المسح على الخفين ونحوهما,Wiping Over Leather Socks and the like,,Wiping Over Leather Socks and the like,Wiping Over Leather Socks and the like,Wiping Over Leather Socks and the like,Wiping Over Leather Socks and the like,,,Wiping Over Leather Socks and the like,,Wiping Over Leather Socks and the like,Wiping Over Leather Socks and the like,,,,Wiping Over Leather Socks and the like,,,,,,,,,,,,,,,,,,,,,wiping-over-leather-socks-and-the-like
1631,367,الخصائص النبوية,Prophetic characteristics,,Prophetic characteristics,Prophetic characteristics,Prophetic characteristics,Prophetic characteristics,,,Prophetic characteristics,,Prophetic characteristics,Prophetic characteristics,,,,Prophetic characteristics,,,,,,,,,,,,,,,,,,,,,prophetic-characteristics
1632,10,تفسير الآيات,Interpretation of verses,,Interpretation of verses,Interpretation of verses,Interpretation of verses,Interpretation of verses,,,Interpretation of verses,,Interpretation of verses,Interpretation of verses,,,,Interpretation of verses,,,,,,,,,,,,,,,,,,,,,interpretation-of-verses
1633,,القرآن الكريم وعلومه,The Noble Qur'an and Qur'anic Sciences,,The Noble Qur'an and Qur'anic Sciences,The Noble Qur'an and Qur'anic Sciences,The Noble Qur'an and Qur'anic Sciences,The Noble Qur'an and Qur'anic Sciences,,,The Noble Qur'an and Qur'anic Sciences,,The Noble Qur'an and Qur'anic Sciences,The Noble Qur'an and Qur'anic Sciences,,,,The Noble Qur'an and Qur'anic Sciences,,,,,,,,,,,,,,,,,,,,,the-noble-quran-and-quranic-sciences
1634,,الحديث وعلومه,The Hadith and Hadith Sciences,,The Hadith and Hadith Sciences,The Hadith and Hadith Sciences,The Hadith and Hadith Sciences,The Hadith and Hadith Sciences,,,The Hadith and Hadith Sciences,,The Hadith and Hadith Sciences,The Hadith and Hadith Sciences,,,,The Hadith and Hadith Sciences,,,,,,,,,,,,,,,,,,,,,the-hadith-and-hadith-sciences
1635,,العقيدة,The Creed,,The Creed,The Creed,The Creed,The Creed,,,The Creed,,The Creed,The Creed,,,,The Creed,,,,,,,,,,,,,,,,,,,,,the-creed
1636,,الفقه وأصوله,Jurisprudence and Juristic Principles,,Jurisprudence and Juristic Principles,Jurisprudence and Juristic Principles,Jurisprudence and Juristic Principles,Jurisprudence and Juristic Principles,,,Jurisprudence and Juristic Principles,,Jurisprudence and Juristic Principles,Jurisprudence and Juristic Principles,,,,Jurisprudence and Juristic Principles,,,,,,,,,,,,,,,,,,,,,jurisprudence-and-juristic-principles
1637,,الفضائل والآداب,Virtues and Manners,,Virtues and Manners,Virtues and Manners,Virtues and Manners,Virtues and Manners,,,Virtues and Manners,,Virtues and Manners,Virtues and Manners,,,,Virtues and Manners,,,,,,,,,,,,,,,,,,,,,virtues-and-manners
1638,,الدعوة والحسبة,Da‘wah and Hisbah,,Da‘wah and Hisbah,Da‘wah and Hisbah,Da‘wah and Hisbah,Da‘wah and Hisbah,,,Da‘wah and Hisbah,,Da‘wah and Hisbah,Da‘wah and Hisbah,,,,Da‘wah and Hisbah,,,,,,,,,,,,,,,,,,,,,da‘wah-and-hisbah
1639,,السيرة والتاريخ,Seerah and History,,Seerah and History,Seerah and History,Seerah and History,Seerah and History,,,Seerah and History,,Seerah and History,Seerah and History,,,,Seerah and History,,,,,,,,,,,,,,,,,,,,,seerah-and-history
1640,1,نزول القرآن وجمعه,Revelation and Collection of the Qur'an,,Revelation and Collection of the Qur'an,Revelation and Collection of the Qur'an,Revelation and Collection of the Qur'an,Revelation and Collection of the Qur'an,,,Revelation and Collection of the Qur'an,,Revelation and Collection of the Qur'an,Revelation and Collection of the Qur'an,,,,Revelation and Collection of the Qur'an,,,,,,,,,,,,,,,,,,,,,revelation-and-collection-of-the-quran
1641,1,القراءات والتجويد,Modes of Qur'anic Recitation and Tajweed,,Modes of Qur'anic Recitation and Tajweed,Modes of Qur'anic Recitation and Tajweed,Modes of Qur'anic Recitation and Tajweed,Modes of Qur'anic Recitation and Tajweed,,,Modes of Qur'anic Recitation and Tajweed,,Modes of Qur'anic Recitation and Tajweed,Modes of Qur'anic Recitation and Tajweed,,,,Modes of Qur'anic Recitation and Tajweed,,,,,,,,,,,,,,,,,,,,,modes-of-quranic-recitation-and-tajweed
1642,1,تفسير القرآن,Qur'anic Exegesis,,Qur'anic Exegesis,Qur'anic Exegesis,Qur'anic Exegesis,Qur'anic Exegesis,,,Qur'anic Exegesis,,Qur'anic Exegesis,Qur'anic Exegesis,,,,Qur'anic Exegesis,,,,,,,,,,,,,,,,,,,,,quranic-exegesis
1643,1,مباحث قرآنية عامة,General Qur'anic Topics,,General Qur'anic Topics,General Qur'anic Topics,General Qur'anic Topics,General Qur'anic Topics,,,General Qur'anic Topics,,General Qur'anic Topics,General Qur'anic Topics,,,,General Qur'anic Topics,,,,,,,,,,,,,,,,,,,,,general-quranic-topics
1644,1,فضائل القرآن,Excellence of the Qur'an,,Excellence of the Qur'an,Excellence of the Qur'an,Excellence of the Qur'an,Excellence of the Qur'an,,,Excellence of the Qur'an,,Excellence of the Qur'an,Excellence of the Qur'an,,,,Excellence of the Qur'an,,,,,,,,,,,,,,,,,,,,,excellence-of-the-quran
1645,8,أسباب النزول,Occasions of Revelation,,Occasions of Revelation,Occasions of Revelation,Occasions of Revelation,Occasions of Revelation,,,Occasions of Revelation,,Occasions of Revelation,Occasions of Revelation,,,,Occasions of Revelation,,,,,,,,,,,,,,,,,,,,,occasions-of-revelation
1646,8,الناسخ والمنسوخ,Abrogating and Abrogated Verses,,Abrogating and Abrogated Verses,Abrogating and Abrogated Verses,Abrogating and Abrogated Verses,Abrogating and Abrogated Verses,,,Abrogating and Abrogated Verses,,Abrogating and Abrogated Verses,Abrogating and Abrogated Verses,,,,Abrogating and Abrogated Verses,,,,,,,,,,,,,,,,,,,,,abrogating-and-abrogated-verses
1647,8,جمع القرآن,Collecting the Qur'an,,Collecting the Qur'an,Collecting the Qur'an,Collecting the Qur'an,Collecting the Qur'an,,,Collecting the Qur'an,,Collecting the Qur'an,Collecting the Qur'an,,,,Collecting the Qur'an,,,,,,,,,,,,,,,,,,,,,collecting-the-quran
1648,9,الأحرف السبعة,Seven Modes of the Qur'anic Revelation,,Seven Modes of the Qur'anic Revelation,Seven Modes of the Qur'anic Revelation,Seven Modes of the Qur'anic Revelation,Seven Modes of the Qur'anic Revelation,,,Seven Modes of the Qur'anic Revelation,,Seven Modes of the Qur'anic Revelation,Seven Modes of the Qur'anic Revelation,,,,Seven Modes of the Qur'anic Revelation,,,,,,,,,,,,,,,,,,,,,seven-modes-of-the-quranic-revelation
1649,9,علم التجويد,Science of Tajweed,,Science of Tajweed,Science of Tajweed,Science of Tajweed,Science of Tajweed,,,Science of Tajweed,,Science of Tajweed,Science of Tajweed,,,,Science of Tajweed,,,,,,,,,,,,,,,,,,,,,science-of-tajweed
1650,9,الوقف والابتداء,Stops and Starts,,Stops and Starts,Stops and Starts,Stops and Starts,Stops and Starts,,,Stops and Starts,,Stops and Starts,Stops and Starts,,,,Stops and Starts,,,,,,,,,,,,,,,,,,,,,stops-and-starts
1651,10,أصول التفسير وقواعده,Rules and Principles of Exegesis,,Rules and Principles of Exegesis,Rules and Principles of Exegesis,Rules and Principles of Exegesis,Rules and Principles of Exegesis,,,Rules and Principles of Exegesis,,Rules and Principles of Exegesis,Rules and Principles of Exegesis,,,,Rules and Principles of Exegesis,,,,,,,,,,,,,,,,,,,,,rules-and-principles-of-exegesis
1652,11,أحكام القرآن والمصاحف,Rulings of the Qur'an and Codices,,Rulings of the Qur'an and Codices,Rulings of the Qur'an and Codices,Rulings of the Qur'an and Codices,Rulings of the Qur'an and Codices,,,Rulings of the Qur'an and Codices,,Rulings of the Qur'an and Codices,Rulings of the Qur'an and Codices,,,,Rulings of the Qur'an and Codices,,,,,,,,,,,,,,,,,,,,,rulings-of-the-quran-and-codices
1653,11,آداب قراءة القرآن وحملته,Manners of Reading and Memorizing the Qur'an,,Manners of Reading and Memorizing the Qur'an,Manners of Reading and Memorizing the Qur'an,Manners of Reading and Memorizing the Qur'an,Manners of Reading and Memorizing the Qur'an,,,Manners of Reading and Memorizing the Qur'an,,Manners of Reading and Memorizing the Qur'an,Manners of Reading and Memorizing the Qur'an,,,,Manners of Reading and Memorizing the Qur'an,,,,,,,,,,,,,,,,,,,,,manners-of-reading-and-memorizing-the-quran
1654,11,رد الشبهات حول القرآن,Refuting Allegations against the Qur'an,,Refuting Allegations against the Qur'an,Refuting Allegations against the Qur'an,Refuting Allegations against the Qur'an,Refuting Allegations against the Qur'an,,,Refuting Allegations against the Qur'an,,Refuting Allegations against the Qur'an,Refuting Allegations against the Qur'an,,,,Refuting Allegations against the Qur'an,,,,,,,,,,,,,,,,,,,,,refuting-allegations-against-the-quran
1655,11,الاستنباط من القرآن,Inference from the Qur'an,,Inference from the Qur'an,Inference from the Qur'an,Inference from the Qur'an,Inference from the Qur'an,,,Inference from the Qur'an,,Inference from the Qur'an,Inference from the Qur'an,,,,Inference from the Qur'an,,,,,,,,,,,,,,,,,,,,,inference-from-the-quran
1656,12,فضل العناية بالقرآن,Merit of Taking Care of the Qur'an,,Merit of Taking Care of the Qur'an,Merit of Taking Care of the Qur'an,Merit of Taking Care of the Qur'an,Merit of Taking Care of the Qur'an,,,Merit of Taking Care of the Qur'an,,Merit of Taking Care of the Qur'an,Merit of Taking Care of the Qur'an,,,,Merit of Taking Care of the Qur'an,,,,,,,,,,,,,,,,,,,,,merit-of-taking-care-of-the-quran
1657,12,فضائل السور والآيات,Virtues of Surahs and Verses,,Virtues of Surahs and Verses,Virtues of Surahs and Verses,Virtues of Surahs and Verses,Virtues of Surahs and Verses,,,Virtues of Surahs and Verses,,Virtues of Surahs and Verses,Virtues of Surahs and Verses,,,,Virtues of Surahs and Verses,,,,,,,,,,,,,,,,,,,,,virtues-of-surahs-and-verses
1658,2,مباحث عامة في السنة,General Sunnah Topics,,General Sunnah Topics,General Sunnah Topics,General Sunnah Topics,General Sunnah Topics,,,General Sunnah Topics,,General Sunnah Topics,General Sunnah Topics,,,,General Sunnah Topics,,,,,,,,,,,,,,,,,,,,,general-sunnah-topics
1659,44,أهمية السنة ومكانتها,Significance and Status of the Sunnah,,Significance and Status of the Sunnah,Significance and Status of the Sunnah,Significance and Status of the Sunnah,Significance and Status of the Sunnah,,,Significance and Status of the Sunnah,,Significance and Status of the Sunnah,Significance and Status of the Sunnah,,,,Significance and Status of the Sunnah,,,,,,,,,,,,,,,,,,,,,significance-and-status-of-the-sunnah
1660,44,تدوين السنة النبوية,Writing the Sunnah,,Writing the Sunnah,Writing the Sunnah,Writing the Sunnah,Writing the Sunnah,,,Writing the Sunnah,,Writing the Sunnah,Writing the Sunnah,,,,Writing the Sunnah,,,,,,,,,,,,,,,,,,,,,writing-the-sunnah
1661,3,الإيمان بالله عز وجل,Belief in Allah the Mighty and Majestic,,Belief in Allah the Mighty and Majestic,Belief in Allah the Mighty and Majestic,Belief in Allah the Mighty and Majestic,Belief in Allah the Mighty and Majestic,,,Belief in Allah the Mighty and Majestic,,Belief in Allah the Mighty and Majestic,Belief in Allah the Mighty and Majestic,,,,Belief in Allah the Mighty and Majestic,,,,,,,,,,,,,,,,,,,,,belief-in-allah-the-mighty-and-majestic
1662,3,الإيمان بالملائكة,Belief in the Angels,,Belief in the Angels,Belief in the Angels,Belief in the Angels,Belief in the Angels,,,Belief in the Angels,,Belief in the Angels,Belief in the Angels,,,,Belief in the Angels,,,,,,,,,,,,,,,,,,,,,belief-in-the-angels
1663,3,الإيمان بالكتب,Belief in the Revealed Books,,Belief in the Revealed Books,Belief in the Revealed Books,Belief in the Revealed Books,Belief in the Revealed Books,,,Belief in the Revealed Books,,Belief in the Revealed Books,Belief in the Revealed Books,,,,Belief in the Revealed Books,,,,,,,,,,,,,,,,,,,,,belief-in-the-revealed-books
1664,3,الإيمان بالرسل,Belief in the Messengers,,Belief in the Messengers,Belief in the Messengers,Belief in the Messengers,Belief in the Messengers,,,Belief in the Messengers,,Belief in the Messengers,Belief in the Messengers,,,,Belief in the Messengers,,,,,,,,,,,,,,,,,,,,,belief-in-the-messengers
1665,3,الإيمان باليوم الآخر,Belief in the Last Day,,Belief in the Last Day,Belief in the Last Day,Belief in the Last Day,Belief in the Last Day,,,Belief in the Last Day,,Belief in the Last Day,Belief in the Last Day,,,,Belief in the Last Day,,,,,,,,,,,,,,,,,,,,,belief-in-the-last-day
1666,3,الإيمان بالقضاء والقدر,Belief in the Divine Decree and Fate,,Belief in the Divine Decree and Fate,Belief in the Divine Decree and Fate,Belief in the Divine Decree and Fate,Belief in the Divine Decree and Fate,,,Belief in the Divine Decree and Fate,,Belief in the Divine Decree and Fate,Belief in the Divine Decree and Fate,,,,Belief in the Divine Decree and Fate,,,,,,,,,,,,,,,,,,,,,belief-in-the-divine-decree-and-fate
1667,3,الأسماء والأحكام,Names and Rulings,,Names and Rulings,Names and Rulings,Names and Rulings,Names and Rulings,,,Names and Rulings,,Names and Rulings,Names and Rulings,,,,Names and Rulings,,,,,,,,,,,,,,,,,,,,,names-and-rulings
1668,3,الصحابة,The Companions,,The Companions,The Companions,The Companions,The Companions,,,The Companions,,The Companions,The Companions,,,,The Companions,,,,,,,,,,,,,,,,,,,,,the-companions
1669,3,آل البيت,The Prophet's Family,,The Prophet's Family,The Prophet's Family,The Prophet's Family,The Prophet's Family,,,The Prophet's Family,,The Prophet's Family,The Prophet's Family,,,,The Prophet's Family,,,,,,,,,,,,,,,,,,,,,the-prophets-family
1670,3,الولاء والبراء,Allegiance and Dissociation,,Allegiance and Dissociation,Allegiance and Dissociation,Allegiance and Dissociation,Allegiance and Dissociation,,,Allegiance and Dissociation,,Allegiance and Dissociation,Allegiance and Dissociation,,,,Allegiance and Dissociation,,,,,,,,,,,,,,,,,,,,,allegiance-and-dissociation
1671,3,أهل السنة والجماعة,People of the Sunnah and the Community,,People of the Sunnah and the Community,People of the Sunnah and the Community,People of the Sunnah and the Community,People of the Sunnah and the Community,,,People of the Sunnah and the Community,,People of the Sunnah and the Community,People of the Sunnah and the Community,,,,People of the Sunnah and the Community,,,,,,,,,,,,,,,,,,,,,people-of-the-sunnah-and-the-community
1672,3,الفرق والمذاهب,Sects and Schools,,Sects and Schools,Sects and Schools,Sects and Schools,Sects and Schools,,,Sects and Schools,,Sects and Schools,Sects and Schools,,,,Sects and Schools,,,,,,,,,,,,,,,,,,,,,sects-and-schools
1673,59,توحيد الربوبية,Oneness of Allah's Lordship,,Oneness of Allah's Lordship,Oneness of Allah's Lordship,Oneness of Allah's Lordship,Oneness of Allah's Lordship,,,Oneness of Allah's Lordship,,Oneness of Allah's Lordship,Oneness of Allah's Lordship,,,,Oneness of Allah's Lordship,,,,,,,,,,,,,,,,,,,,,oneness-of-allahs-lordship
1674,59,توحيد الألوهية,Oneness of Allah's Worship,,Oneness of Allah's Worship,Oneness of Allah's Worship,Oneness of Allah's Worship,Oneness of Allah's Worship,,,Oneness of Allah's Worship,,Oneness of Allah's Worship,Oneness of Allah's Worship,,,,Oneness of Allah's Worship,,,,,,,,,,,,,,,,,,,,,oneness-of-allahs-worship
1675,59,توحيد الأسماء والصفات,Oneness of Allah's Names and Attributes,,Oneness of Allah's Names and Attributes,Oneness of Allah's Names and Attributes,Oneness of Allah's Names and Attributes,Oneness of Allah's Names and Attributes,,,Oneness of Allah's Names and Attributes,,Oneness of Allah's Names and Attributes,Oneness of Allah's Names and Attributes,,,,Oneness of Allah's Names and Attributes,,,,,,,,,,,,,,,,,,,,,oneness-of-allahs-names-and-attributes
1676,60,الملائكة,The Angels,,The Angels,The Angels,The Angels,The Angels,,,The Angels,,The Angels,The Angels,,,,The Angels,,,,,,,,,,,,,,,,,,,,,the-angels
1677,60,الجن,The Jinn,,The Jinn,The Jinn,The Jinn,The Jinn,,,The Jinn,,The Jinn,The Jinn,,,,The Jinn,,,,,,,,,,,,,,,,,,,,,the-jinn
1678,61,الكتب السابقة,Pre-Islamic Scriptures,,Pre-Islamic Scriptures,Pre-Islamic Scriptures,Pre-Islamic Scriptures,Pre-Islamic Scriptures,,,Pre-Islamic Scriptures,,Pre-Islamic Scriptures,Pre-Islamic Scriptures,,,,Pre-Islamic Scriptures,,,,,,,,,,,,,,,,,,,,,pre-islamic-scriptures
1679,61,القرآن,The Qur'an,,The Qur'an,The Qur'an,The Qur'an,The Qur'an,,,The Qur'an,,The Qur'an,The Qur'an,,,,The Qur'an,,,,,,,,,,,,,,,,,,,,,the-quran
1680,62,النبوة,Prophethood,,Prophethood,Prophethood,Prophethood,Prophethood,,,Prophethood,,Prophethood,Prophethood,,,,Prophethood,,,,,,,,,,,,,,,,,,,,,prophethood
1681,62,الأنبياء والرسل السابقين عليهم السلام,Pre-Islamic Prophets and Messengers; peace be upon them,,Pre-Islamic Prophets and Messengers; peace be upon them,Pre-Islamic Prophets and Messengers; peace be upon them,Pre-Islamic Prophets and Messengers; peace be upon them,Pre-Islamic Prophets and Messengers; peace be upon them,,,Pre-Islamic Prophets and Messengers; peace be upon them,,Pre-Islamic Prophets and Messengers; peace be upon them,Pre-Islamic Prophets and Messengers; peace be upon them,,,,Pre-Islamic Prophets and Messengers; peace be upon them,,,,,,,,,,,,,,,,,,,,,pre-islamic-prophets-and-messengers;-peace-be-upon-them
1682,62,نبينا محمد صلى الله عليه وسلم,Our Prophet Muhammad; may Allah's peace and blessings be upon him,,Our Prophet Muhammad; may Allah's peace and blessings be upon him,Our Prophet Muhammad; may Allah's peace and blessings be upon him,Our Prophet Muhammad; may Allah's peace and blessings be upon him,Our Prophet Muhammad; may Allah's peace and blessings be upon him,,,Our Prophet Muhammad; may Allah's peace and blessings be upon him,,Our Prophet Muhammad; may Allah's peace and blessings be upon him,Our Prophet Muhammad; may Allah's peace and blessings be upon him,,,,Our Prophet Muhammad; may Allah's peace and blessings be upon him,,,,,,,,,,,,,,,,,,,,,our-prophet-muhammad;-may-allahs-peace-and-blessings-be-upon-him
1683,62,كرامات الأولياء,Miracles of the Pious Allies of Allah,,Miracles of the Pious Allies of Allah,Miracles of the Pious Allies of Allah,Miracles of the Pious Allies of Allah,Miracles of the Pious Allies of Allah,,,Miracles of the Pious Allies of Allah,,Miracles of the Pious Allies of Allah,Miracles of the Pious Allies of Allah,,,,Miracles of the Pious Allies of Allah,,,,,,,,,,,,,,,,,,,,,miracles-of-the-pious-allies-of-allah
1684,63,الحياة البرزخية,The Barzakh Life (After death Period),,The Barzakh Life (After death Period),The Barzakh Life (After death Period),The Barzakh Life (After death Period),The Barzakh Life (After death Period),,,The Barzakh Life (After death Period),,The Barzakh Life (After death Period),The Barzakh Life (After death Period),,,,The Barzakh Life (After death Period),,,,,,,,,,,,,,,,,,,,,the-barzakh-life-after-death-period
1685,63,أشراط الساعة,Portents of the Hour,,Portents of the Hour,Portents of the Hour,Portents of the Hour,Portents of the Hour,,,Portents of the Hour,,Portents of the Hour,Portents of the Hour,,,,Portents of the Hour,,,,,,,,,,,,,,,,,,,,,portents-of-the-hour
1686,63,الحياة الآخرة,The Hereafter Life,,The Hereafter Life,The Hereafter Life,The Hereafter Life,The Hereafter Life,,,The Hereafter Life,,The Hereafter Life,The Hereafter Life,,,,The Hereafter Life,,,,,,,,,,,,,,,,,,,,,the-hereafter-life
1687,64,مراتب القضاء والقدر,Levels of Divine Decree and Fate,,Levels of Divine Decree and Fate,Levels of Divine Decree and Fate,Levels of Divine Decree and Fate,Levels of Divine Decree and Fate,,,Levels of Divine Decree and Fate,,Levels of Divine Decree and Fate,Levels of Divine Decree and Fate,,,,Levels of Divine Decree and Fate,,,,,,,,,,,,,,,,,,,,,levels-of-divine-decree-and-fate
1688,64,مسائل القضاء والقدر,Issues of Divine Decree and Fate,,Issues of Divine Decree and Fate,Issues of Divine Decree and Fate,Issues of Divine Decree and Fate,Issues of Divine Decree and Fate,,,Issues of Divine Decree and Fate,,Issues of Divine Decree and Fate,Issues of Divine Decree and Fate,,,,Issues of Divine Decree and Fate,,,,,,,,,,,,,,,,,,,,,issues-of-divine-decree-and-fate
1689,65,الإسلام,Islam,,Islam,Islam,Islam,Islam,,,Islam,,Islam,Islam,,,,Islam,,,,,,,,,,,,,,,,,,,,,islam
1690,65,نواقض الإسلام,Nullifiers of Islam,,Nullifiers of Islam,Nullifiers of Islam,Nullifiers of Islam,Nullifiers of Islam,,,Nullifiers of Islam,,Nullifiers of Islam,Nullifiers of Islam,,,,Nullifiers of Islam,,,,,,,,,,,,,,,,,,,,,nullifiers-of-islam
1691,65,مسائل الجاهلية,Issues of Pre-Islamic Era,,Issues of Pre-Islamic Era,Issues of Pre-Islamic Era,Issues of Pre-Islamic Era,Issues of Pre-Islamic Era,,,Issues of Pre-Islamic Era,,Issues of Pre-Islamic Era,Issues of Pre-Islamic Era,,,,Issues of Pre-Islamic Era,,,,,,,,,,,,,,,,,,,,,issues-of-pre-islamic-era
1692,65,زيادة الإيمان ونقصانه,Increase and Decrease of Faith,,Increase and Decrease of Faith,Increase and Decrease of Faith,Increase and Decrease of Faith,Increase and Decrease of Faith,,,Increase and Decrease of Faith,,Increase and Decrease of Faith,Increase and Decrease of Faith,,,,Increase and Decrease of Faith,,,,,,,,,,,,,,,,,,,,,increase-and-decrease-of-faith
1693,65,شعب الإيمان,Branches of Faith,,Branches of Faith,Branches of Faith,Branches of Faith,Branches of Faith,,,Branches of Faith,,Branches of Faith,Branches of Faith,,,,Branches of Faith,,,,,,,,,,,,,,,,,,,,,branches-of-faith
1694,65,الكفر,Disbelief,,Disbelief,Disbelief,Disbelief,Disbelief,,,Disbelief,,Disbelief,Disbelief,,,,Disbelief,,,,,,,,,,,,,,,,,,,,,disbelief
1695,65,الشرك,Polytheism,,Polytheism,Polytheism,Polytheism,Polytheism,,,Polytheism,,Polytheism,Polytheism,,,,Polytheism,,,,,,,,,,,,,,,,,,,,,polytheism
1696,65,النفاق,Hypocrisy,,Hypocrisy,Hypocrisy,Hypocrisy,Hypocrisy,,,Hypocrisy,,Hypocrisy,Hypocrisy,,,,Hypocrisy,,,,,,,,,,,,,,,,,,,,,hypocrisy
1697,65,الفسق,Immorality,,Immorality,Immorality,Immorality,Immorality,,,Immorality,,Immorality,Immorality,,,,Immorality,,,,,,,,,,,,,,,,,,,,,immorality
1698,65,البدعة,Religious Innovation,,Religious Innovation,Religious Innovation,Religious Innovation,Religious Innovation,,,Religious Innovation,,Religious Innovation,Religious Innovation,,,,Religious Innovation,,,,,,,,,,,,,,,,,,,,,religious-innovation
1699,66,فضل الصحابة رضي الله عنهم,Merit of the Companions,,Merit of the Companions,Merit of the Companions,Merit of the Companions,Merit of the Companions,,,Merit of the Companions,,Merit of the Companions,Merit of the Companions,,,,Merit of the Companions,,,,,,,,,,,,,,,,,,,,,merit-of-the-companions
1700,66,الاعتقاد في الصحابة رضي الله عنهم,Belief in the the Companions,,Belief in the the Companions,Belief in the the Companions,Belief in the the Companions,Belief in the the Companions,,,Belief in the the Companions,,Belief in the the Companions,Belief in the the Companions,,,,Belief in the the Companions,,,,,,,,,,,,,,,,,,,,,belief-in-the-the-companions
1701,66,درجات الصحابة رضي الله عنهم,Degrees of the Companions,,Degrees of the Companions,Degrees of the Companions,Degrees of the Companions,Degrees of the Companions,,,Degrees of the Companions,,Degrees of the Companions,Degrees of the Companions,,,,Degrees of the Companions,,,,,,,,,,,,,,,,,,,,,degrees-of-the-companions
1702,67,فضل آل البيت,Merit of the Prophet's Family,,Merit of the Prophet's Family,Merit of the Prophet's Family,Merit of the Prophet's Family,Merit of the Prophet's Family,,,Merit of the Prophet's Family,,Merit of the Prophet's Family,Merit of the Prophet's Family,,,,Merit of the Prophet's Family,,,,,,,,,,,,,,,,,,,,,merit-of-the-prophets-family
1703,67,فضل أمهات المؤمنين,Merit of the Mothers of the Believers,,Merit of the Mothers of the Believers,Merit of the Mothers of the Believers,Merit of the Mothers of the Believers,Merit of the Mothers of the Believers,,,Merit of the Mothers of the Believers,,Merit of the Mothers of the Believers,Merit of the Mothers of the Believers,,,,Merit of the Mothers of the Believers,,,,,,,,,,,,,,,,,,,,,merit-of-the-mothers-of-the-believers
1704,67,الاعتقاد في آل البيت,Belief in the Prophet's Family,,Belief in the Prophet's Family,Belief in the Prophet's Family,Belief in the Prophet's Family,Belief in the Prophet's Family,,,Belief in the Prophet's Family,,Belief in the Prophet's Family,Belief in the Prophet's Family,,,,Belief in the Prophet's Family,,,,,,,,,,,,,,,,,,,,,belief-in-the-prophets-family
1705,67,حقوق آل البيت,Rights of the Prophet's Family,,Rights of the Prophet's Family,Rights of the Prophet's Family,Rights of the Prophet's Family,Rights of the Prophet's Family,,,Rights of the Prophet's Family,,Rights of the Prophet's Family,Rights of the Prophet's Family,,,,Rights of the Prophet's Family,,,,,,,,,,,,,,,,,,,,,rights-of-the-prophets-family
1706,68,أحكام الولاء والبراء,Rulings of Allegiance and Dissociation,,Rulings of Allegiance and Dissociation,Rulings of Allegiance and Dissociation,Rulings of Allegiance and Dissociation,Rulings of Allegiance and Dissociation,,,Rulings of Allegiance and Dissociation,,Rulings of Allegiance and Dissociation,Rulings of Allegiance and Dissociation,,,,Rulings of Allegiance and Dissociation,,,,,,,,,,,,,,,,,,,,,rulings-of-allegiance-and-dissociation
1707,68,التشبه المنهي عنه,Forbidden Emulation,,Forbidden Emulation,Forbidden Emulation,Forbidden Emulation,Forbidden Emulation,,,Forbidden Emulation,,Forbidden Emulation,Forbidden Emulation,,,,Forbidden Emulation,,,,,,,,,,,,,,,,,,,,,forbidden-emulation
1708,68,الهجرة وأحكامها,Emigration and its Rulings,,Emigration and its Rulings,Emigration and its Rulings,Emigration and its Rulings,Emigration and its Rulings,,,Emigration and its Rulings,,Emigration and its Rulings,Emigration and its Rulings,,,,Emigration and its Rulings,,,,,,,,,,,,,,,,,,,,,emigration-and-its-rulings
1709,68,الهجر وشروطه,Desertion and its Conditions,,Desertion and its Conditions,Desertion and its Conditions,Desertion and its Conditions,Desertion and its Conditions,,,Desertion and its Conditions,,Desertion and its Conditions,Desertion and its Conditions,,,,Desertion and its Conditions,,,,,,,,,,,,,,,,,,,,,desertion-and-its-conditions
1710,69,خصائص أهل السنة والجماعة,Characteristics of the People of the Sunnah and the Community,,Characteristics of the People of the Sunnah and the Community,Characteristics of the People of the Sunnah and the Community,Characteristics of the People of the Sunnah and the Community,Characteristics of the People of the Sunnah and the Community,,,Characteristics of the People of the Sunnah and the Community,,Characteristics of the People of the Sunnah and the Community,Characteristics of the People of the Sunnah and the Community,,,,Characteristics of the People of the Sunnah and the Community,,,,,,,,,,,,,,,,,,,,,characteristics-of-the-people-of-the-sunnah-and-the-community
1711,71,الفرق والمذاهب القديمة النشأة,Old Sects and Schools,,Old Sects and Schools,Old Sects and Schools,Old Sects and Schools,Old Sects and Schools,,,Old Sects and Schools,,Old Sects and Schools,Old Sects and Schools,,,,Old Sects and Schools,,,,,,,,,,,,,,,,,,,,,old-sects-and-schools
1712,4,فقه العبادات,Jurisprudence of Acts of Worship,,Jurisprudence of Acts of Worship,Jurisprudence of Acts of Worship,Jurisprudence of Acts of Worship,Jurisprudence of Acts of Worship,,,Jurisprudence of Acts of Worship,,Jurisprudence of Acts of Worship,Jurisprudence of Acts of Worship,,,,Jurisprudence of Acts of Worship,,,,,,,,,,,,,,,,,,,,,jurisprudence-of-acts-of-worship
1713,4,فقه المعاملات,Jurisprudence of Transactions,,Jurisprudence of Transactions,Jurisprudence of Transactions,Jurisprudence of Transactions,Jurisprudence of Transactions,,,Jurisprudence of Transactions,,Jurisprudence of Transactions,Jurisprudence of Transactions,,,,Jurisprudence of Transactions,,,,,,,,,,,,,,,,,,,,,jurisprudence-of-transactions
1714,4,الفرائض,Religious Obligations,,Religious Obligations,Religious Obligations,Religious Obligations,Religious Obligations,,,Religious Obligations,,Religious Obligations,Religious Obligations,,,,Religious Obligations,,,,,,,,,,,,,,,,,,,,,religious-obligations
1715,4,فقه الأسرة,Family Jurisprudence,,Family Jurisprudence,Family Jurisprudence,Family Jurisprudence,Family Jurisprudence,,,Family Jurisprudence,,Family Jurisprudence,Family Jurisprudence,,,,Family Jurisprudence,,,,,,,,,,,,,,,,,,,,,family-jurisprudence
1716,4,الطب والتداوي والرقية الشرعية,Spiritual and Physical Therapy,,Spiritual and Physical Therapy,Spiritual and Physical Therapy,Spiritual and Physical Therapy,Spiritual and Physical Therapy,,,Spiritual and Physical Therapy,,Spiritual and Physical Therapy,Spiritual and Physical Therapy,,,,Spiritual and Physical Therapy,,,,,,,,,,,,,,,,,,,,,spiritual-and-physical-therapy
1717,4,الأطعمة والأشربة,Foods and Drinks,,Foods and Drinks,Foods and Drinks,Foods and Drinks,Foods and Drinks,,,Foods and Drinks,,Foods and Drinks,Foods and Drinks,,,,Foods and Drinks,,,,,,,,,,,,,,,,,,,,,foods-and-drinks
1718,4,الجنايات,Crimes,,Crimes,Crimes,Crimes,Crimes,,,Crimes,,Crimes,Crimes,,,,Crimes,,,,,,,,,,,,,,,,,,,,,crimes
1719,4,الحدود,Prescribed Punishments,,Prescribed Punishments,Prescribed Punishments,Prescribed Punishments,Prescribed Punishments,,,Prescribed Punishments,,Prescribed Punishments,Prescribed Punishments,,,,Prescribed Punishments,,,,,,,,,,,,,,,,,,,,,prescribed-punishments
1720,4,القضاء,Judiciary,,Judiciary,Judiciary,Judiciary,Judiciary,,,Judiciary,,Judiciary,Judiciary,,,,Judiciary,,,,,,,,,,,,,,,,,,,,,judiciary
1721,4,أصول الفقه,Principles of Islamic Jurisprudence,,Principles of Islamic Jurisprudence,Principles of Islamic Jurisprudence,Principles of Islamic Jurisprudence,Principles of Islamic Jurisprudence,,,Principles of Islamic Jurisprudence,,Principles of Islamic Jurisprudence,Principles of Islamic Jurisprudence,,,,Principles of Islamic Jurisprudence,,,,,,,,,,,,,,,,,,,,,principles-of-islamic-jurisprudence
1722,121,الطهارة,Purification,,Purification,Purification,Purification,Purification,,,Purification,,Purification,Purification,,,,Purification,,,,,,,,,,,,,,,,,,,,,purification
1723,121,الصلاة,Prayer,,Prayer,Prayer,Prayer,Prayer,,,Prayer,,Prayer,Prayer,,,,Prayer,,,,,,,,,,,,,,,,,,,,,prayer
1724,121,الجنائز,Funerals,,Funerals,Funerals,Funerals,Funerals,,,Funerals,,Funerals,Funerals,,,,Funerals,,,,,,,,,,,,,,,,,,,,,funerals
1725,121,الزكاة,Zakah,,Zakah,Zakah,Zakah,Zakah,,,Zakah,,Zakah,Zakah,,,,Zakah,,,,,,,,,,,,,,,,,,,,,zakah
1726,121,الصيام,Fasting,,Fasting,Fasting,Fasting,Fasting,,,Fasting,,Fasting,Fasting,,,,Fasting,,,,,,,,,,,,,,,,,,,,,fasting
1727,121,الحج والعمرة,Hajj and ‘Umrah,,Hajj and ‘Umrah,Hajj and ‘Umrah,Hajj and ‘Umrah,Hajj and ‘Umrah,,,Hajj and ‘Umrah,,Hajj and ‘Umrah,Hajj and ‘Umrah,,,,Hajj and ‘Umrah,,,,,,,,,,,,,,,,,,,,,hajj-and-‘umrah
1728,121,الجهاد,Jihad,,Jihad,Jihad,Jihad,Jihad,,,Jihad,,Jihad,Jihad,,,,Jihad,,,,,,,,,,,,,,,,,,,,,jihad
1729,122,البيوع,Sales,,Sales,Sales,Sales,Sales,,,Sales,,Sales,Sales,,,,Sales,,,,,,,,,,,,,,,,,,,,,sales
1730,140,شروط البيع,Conditions of Sale,,Conditions of Sale,Conditions of Sale,Conditions of Sale,Conditions of Sale,,,Conditions of Sale,,Conditions of Sale,Conditions of Sale,,,,Conditions of Sale,,,,,,,,,,,,,,,,,,,,,conditions-of-sale
1731,140,الشروط في البيع,Sale-Related Stipulations,,Sale-Related Stipulations,Sale-Related Stipulations,Sale-Related Stipulations,Sale-Related Stipulations,,,Sale-Related Stipulations,,Sale-Related Stipulations,Sale-Related Stipulations,,,,Sale-Related Stipulations,,,,,,,,,,,,,,,,,,,,,sale-related-stipulations
1732,140,بيع الأصول والثمار,Selling Assets and Fruits,,Selling Assets and Fruits,Selling Assets and Fruits,Selling Assets and Fruits,Selling Assets and Fruits,,,Selling Assets and Fruits,,Selling Assets and Fruits,Selling Assets and Fruits,,,,Selling Assets and Fruits,,,,,,,,,,,,,,,,,,,,,selling-assets-and-fruits
1733,122,السلم,Advance Payment,,Advance Payment,Advance Payment,Advance Payment,Advance Payment,,,Advance Payment,,Advance Payment,Advance Payment,,,,Advance Payment,,,,,,,,,,,,,,,,,,,,,advance-payment
1734,122,الربا,Usury,,Usury,Usury,Usury,Usury,,,Usury,,Usury,Usury,,,,Usury,,,,,,,,,,,,,,,,,,,,,usury
1735,122,القرض,Loan,,Loan,Loan,Loan,Loan,,,Loan,,Loan,Loan,,,,Loan,,,,,,,,,,,,,,,,,,,,,loan
1736,122,الرهن,Mortgage,,Mortgage,Mortgage,Mortgage,Mortgage,,,Mortgage,,Mortgage,Mortgage,,,,Mortgage,,,,,,,,,,,,,,,,,,,,,mortgage
1737,122,الضمان والكفالة,Collateral and Surety,,Collateral and Surety,Collateral and Surety,Collateral and Surety,Collateral and Surety,,,Collateral and Surety,,Collateral and Surety,Collateral and Surety,,,,Collateral and Surety,,,,,,,,,,,,,,,,,,,,,collateral-and-surety
1738,122,الصلح وأحكام الجوار,Conciliation and Neighborhood Rulings,,Conciliation and Neighborhood Rulings,Conciliation and Neighborhood Rulings,Conciliation and Neighborhood Rulings,Conciliation and Neighborhood Rulings,,,Conciliation and Neighborhood Rulings,,Conciliation and Neighborhood Rulings,Conciliation and Neighborhood Rulings,,,,Conciliation and Neighborhood Rulings,,,,,,,,,,,,,,,,,,,,,conciliation-and-neighborhood-rulings
1739,122,الحَجْر,Interdiction,,Interdiction,Interdiction,Interdiction,Interdiction,,,Interdiction,,Interdiction,Interdiction,,,,Interdiction,,,,,,,,,,,,,,,,,,,,,interdiction
1740,122,الشركة,Partnership,,Partnership,Partnership,Partnership,Partnership,,,Partnership,,Partnership,Partnership,,,,Partnership,,,,,,,,,,,,,,,,,,,,,partnership
1741,122,المساقاة والمزارعة,Sharecropping,,Sharecropping,Sharecropping,Sharecropping,Sharecropping,,,Sharecropping,,Sharecropping,Sharecropping,,,,Sharecropping,,,,,,,,,,,,,,,,,,,,,sharecropping
1742,122,السبق والقمار والميسر,Racing and Gambling,,Racing and Gambling,Racing and Gambling,Racing and Gambling,Racing and Gambling,,,Racing and Gambling,,Racing and Gambling,Racing and Gambling,,,,Racing and Gambling,,,,,,,,,,,,,,,,,,,,,racing-and-gambling
1743,122,الغصب,Usurpation,,Usurpation,Usurpation,Usurpation,Usurpation,,,Usurpation,,Usurpation,Usurpation,,,,Usurpation,,,,,,,,,,,,,,,,,,,,,usurpation
1744,122,الشفعة,Preemption,,Preemption,Preemption,Preemption,Preemption,,,Preemption,,Preemption,Preemption,,,,Preemption,,,,,,,,,,,,,,,,,,,,,preemption
1745,122,اللقطة واللقيط,Found Item and Foundling,,Found Item and Foundling,Found Item and Foundling,Found Item and Foundling,Found Item and Foundling,,,Found Item and Foundling,,Found Item and Foundling,Found Item and Foundling,,,,Found Item and Foundling,,,,,,,,,,,,,,,,,,,,,found-item-and-foundling
1746,122,الوقف,Endowment,,Endowment,Endowment,Endowment,Endowment,,,Endowment,,Endowment,Endowment,,,,Endowment,,,,,,,,,,,,,,,,,,,,,endowment
1747,122,الهبة والعطية,Gift,,Gift,Gift,Gift,Gift,,,Gift,,Gift,Gift,,,,Gift,,,,,,,,,,,,,,,,,,,,,gift
1748,122,الوصية,Bequest,,Bequest,Bequest,Bequest,Bequest,,,Bequest,,Bequest,Bequest,,,,Bequest,,,,,,,,,,,,,,,,,,,,,bequest
1749,122,العتق,Manumission,,Manumission,Manumission,Manumission,Manumission,,,Manumission,,Manumission,Manumission,,,,Manumission,,,,,,,,,,,,,,,,,,,,,manumission
1750,122,الأيمان والنذور,Oaths and Vows,,Oaths and Vows,Oaths and Vows,Oaths and Vows,Oaths and Vows,,,Oaths and Vows,,Oaths and Vows,Oaths and Vows,,,,Oaths and Vows,,,,,,,,,,,,,,,,,,,,,oaths-and-vows
1751,123,شروط الإرث,Conditions of Inheritance,,Conditions of Inheritance,Conditions of Inheritance,Conditions of Inheritance,Conditions of Inheritance,,,Conditions of Inheritance,,Conditions of Inheritance,Conditions of Inheritance,,,,Conditions of Inheritance,,,,,,,,,,,,,,,,,,,,,conditions-of-inheritance
1752,123,موانع الإرث,Impediments of Inheritance,,Impediments of Inheritance,Impediments of Inheritance,Impediments of Inheritance,Impediments of Inheritance,,,Impediments of Inheritance,,Impediments of Inheritance,Impediments of Inheritance,,,,Impediments of Inheritance,,,,,,,,,,,,,,,,,,,,,impediments-of-inheritance
1753,123,العـصبة,Agnates,,Agnates,Agnates,Agnates,Agnates,,,Agnates,,Agnates,Agnates,,,,Agnates,,,,,,,,,,,,,,,,,,,,,agnates
1754,123,ميراث ذوي الأرحام,Inheritance Shares of Blood Relatives,,Inheritance Shares of Blood Relatives,Inheritance Shares of Blood Relatives,Inheritance Shares of Blood Relatives,Inheritance Shares of Blood Relatives,,,Inheritance Shares of Blood Relatives,,Inheritance Shares of Blood Relatives,Inheritance Shares of Blood Relatives,,,,Inheritance Shares of Blood Relatives,,,,,,,,,,,,,,,,,,,,,inheritance-shares-of-blood-relatives
1755,123,ميراث الحمل,Inheritance Shares of Embryos,,Inheritance Shares of Embryos,Inheritance Shares of Embryos,Inheritance Shares of Embryos,Inheritance Shares of Embryos,,,Inheritance Shares of Embryos,,Inheritance Shares of Embryos,Inheritance Shares of Embryos,,,,Inheritance Shares of Embryos,,,,,,,,,,,,,,,,,,,,,inheritance-shares-of-embryos
1756,124,النكاح,Marriage,,Marriage,Marriage,Marriage,Marriage,,,Marriage,,Marriage,Marriage,,,,Marriage,,,,,,,,,,,,,,,,,,,,,marriage
1757,124,الطلاق,Divorce,,Divorce,Divorce,Divorce,Divorce,,,Divorce,,Divorce,Divorce,,,,Divorce,,,,,,,,,,,,,,,,,,,,,divorce
1758,124,الرجعة,Remarriage with One's Divorcee,,Remarriage with One's Divorcee,Remarriage with One's Divorcee,Remarriage with One's Divorcee,Remarriage with One's Divorcee,,,Remarriage with One's Divorcee,,Remarriage with One's Divorcee,Remarriage with One's Divorcee,,,,Remarriage with One's Divorcee,,,,,,,,,,,,,,,,,,,,,remarriage-with-ones-divorcee
1759,124,الخلع,Wife-Initiated Divorce,,Wife-Initiated Divorce,Wife-Initiated Divorce,Wife-Initiated Divorce,Wife-Initiated Divorce,,,Wife-Initiated Divorce,,Wife-Initiated Divorce,Wife-Initiated Divorce,,,,Wife-Initiated Divorce,,,,,,,,,,,,,,,,,,,,,wife-initiated-divorce
1760,124,الإيلاء,Oath to Abstain from Intercourse with One's Wife,,Oath to Abstain from Intercourse with One's Wife,Oath to Abstain from Intercourse with One's Wife,Oath to Abstain from Intercourse with One's Wife,Oath to Abstain from Intercourse with One's Wife,,,Oath to Abstain from Intercourse with One's Wife,,Oath to Abstain from Intercourse with One's Wife,Oath to Abstain from Intercourse with One's Wife,,,,Oath to Abstain from Intercourse with One's Wife,,,,,,,,,,,,,,,,,,,,,oath-to-abstain-from-intercourse-with-ones-wife
1761,124,الظهار,Zihaar (Likening one's wife to an unmarrriagble woman),,Zihaar (Likening one's wife to an unmarrriagble woman),Zihaar (Likening one's wife to an unmarrriagble woman),Zihaar (Likening one's wife to an unmarrriagble woman),Zihaar (Likening one's wife to an unmarrriagble woman),,,Zihaar (Likening one's wife to an unmarrriagble woman),,Zihaar (Likening one's wife to an unmarrriagble woman),Zihaar (Likening one's wife to an unmarrriagble woman),,,,Zihaar (Likening one's wife to an unmarrriagble woman),,,,,,,,,,,,,,,,,,,,,zihaar-likening-ones-wife-to-an-unmarrriagble-woman
1762,124,اللعان,Oath of Condemnation,,Oath of Condemnation,Oath of Condemnation,Oath of Condemnation,Oath of Condemnation,,,Oath of Condemnation,,Oath of Condemnation,Oath of Condemnation,,,,Oath of Condemnation,,,,,,,,,,,,,,,,,,,,,oath-of-condemnation
1763,124,العدة,Waiting Period,,Waiting Period,Waiting Period,Waiting Period,Waiting Period,,,Waiting Period,,Waiting Period,Waiting Period,,,,Waiting Period,,,,,,,,,,,,,,,,,,,,,waiting-period
1764,124,الرضاع,Breastfeeding,,Breastfeeding,Breastfeeding,Breastfeeding,Breastfeeding,,,Breastfeeding,,Breastfeeding,Breastfeeding,,,,Breastfeeding,,,,,,,,,,,,,,,,,,,,,breastfeeding
1765,124,الحضانة,Custody,,Custody,Custody,Custody,Custody,,,Custody,,Custody,Custody,,,,Custody,,,,,,,,,,,,,,,,,,,,,custody
1766,124,النفقات,Expenses,,Expenses,Expenses,Expenses,Expenses,,,Expenses,,Expenses,Expenses,,,,Expenses,,,,,,,,,,,,,,,,,,,,,expenses
1767,124,اللباس والزينة,Clothing and Adornment,,Clothing and Adornment,Clothing and Adornment,Clothing and Adornment,Clothing and Adornment,,,Clothing and Adornment,,Clothing and Adornment,Clothing and Adornment,,,,Clothing and Adornment,,,,,,,,,,,,,,,,,,,,,clothing-and-adornment
1768,124,المجتمع المسلم,Muslim Society,,Muslim Society,Muslim Society,Muslim Society,Muslim Society,,,Muslim Society,,Muslim Society,Muslim Society,,,,Muslim Society,,,,,,,,,,,,,,,,,,,,,muslim-society
1769,124,أحكام النساء,Rulings of Women,,Rulings of Women,Rulings of Women,Rulings of Women,Rulings of Women,,,Rulings of Women,,Rulings of Women,Rulings of Women,,,,Rulings of Women,,,,,,,,,,,,,,,,,,,,,rulings-of-women
1770,124,أحكام المولود,Rulings of Newborns,,Rulings of Newborns,Rulings of Newborns,Rulings of Newborns,Rulings of Newborns,,,Rulings of Newborns,,Rulings of Newborns,Rulings of Newborns,,,,Rulings of Newborns,,,,,,,,,,,,,,,,,,,,,rulings-of-newborns
1771,125,الطب النبوي,Prophetic Medicine,,Prophetic Medicine,Prophetic Medicine,Prophetic Medicine,Prophetic Medicine,,,Prophetic Medicine,,Prophetic Medicine,Prophetic Medicine,,,,Prophetic Medicine,,,,,,,,,,,,,,,,,,,,,prophetic-medicine
1772,125,أحكام التداوي,Rulings of Medication,,Rulings of Medication,Rulings of Medication,Rulings of Medication,Rulings of Medication,,,Rulings of Medication,,Rulings of Medication,Rulings of Medication,,,,Rulings of Medication,,,,,,,,,,,,,,,,,,,,,rulings-of-medication
1773,125,الرقية الشرعية,Ruqyah (Healing and Protective Supplications),,Ruqyah (Healing and Protective Supplications),Ruqyah (Healing and Protective Supplications),Ruqyah (Healing and Protective Supplications),Ruqyah (Healing and Protective Supplications),,,Ruqyah (Healing and Protective Supplications),,Ruqyah (Healing and Protective Supplications),Ruqyah (Healing and Protective Supplications),,,,Ruqyah (Healing and Protective Supplications),,,,,,,,,,,,,,,,,,,,,ruqyah-healing-and-protective-supplications
1774,126,أحكام الأطعمة والأشربة,Rulings of Foods and Drinks,,Rulings of Foods and Drinks,Rulings of Foods and Drinks,Rulings of Foods and Drinks,Rulings of Foods and Drinks,,,Rulings of Foods and Drinks,,Rulings of Foods and Drinks,Rulings of Foods and Drinks,,,,Rulings of Foods and Drinks,,,,,,,,,,,,,,,,,,,,,rulings-of-foods-and-drinks
1775,126,ما يحل ويحرم من الحيوانات والطيور,Lawful and Unlawful Animals and Birds,,Lawful and Unlawful Animals and Birds,Lawful and Unlawful Animals and Birds,Lawful and Unlawful Animals and Birds,Lawful and Unlawful Animals and Birds,,,Lawful and Unlawful Animals and Birds,,Lawful and Unlawful Animals and Birds,Lawful and Unlawful Animals and Birds,,,,Lawful and Unlawful Animals and Birds,,,,,,,,,,,,,,,,,,,,,lawful-and-unlawful-animals-and-birds
1776,126,التذكية,Slaughtering,,Slaughtering,Slaughtering,Slaughtering,Slaughtering,,,Slaughtering,,Slaughtering,Slaughtering,,,,Slaughtering,,,,,,,,,,,,,,,,,,,,,slaughtering
1777,126,الصيد,Hunting,,Hunting,Hunting,Hunting,Hunting,,,Hunting,,Hunting,Hunting,,,,Hunting,,,,,,,,,,,,,,,,,,,,,hunting
1778,126,الأشربة المحرمة,Forbidden Drinks,,Forbidden Drinks,Forbidden Drinks,Forbidden Drinks,Forbidden Drinks,,,Forbidden Drinks,,Forbidden Drinks,Forbidden Drinks,,,,Forbidden Drinks,,,,,,,,,,,,,,,,,,,,,forbidden-drinks
1779,127,القصاص,Retribution,,Retribution,Retribution,Retribution,Retribution,,,Retribution,,Retribution,Retribution,,,,Retribution,,,,,,,,,,,,,,,,,,,,,retribution
1780,127,الديات,Blood Money,,Blood Money,Blood Money,Blood Money,Blood Money,,,Blood Money,,Blood Money,Blood Money,,,,Blood Money,,,,,,,,,,,,,,,,,,,,,blood-money
1781,128,أحكام الحدود,Rulings of Prescribed Punishments,,Rulings of Prescribed Punishments,Rulings of Prescribed Punishments,Rulings of Prescribed Punishments,Rulings of Prescribed Punishments,,,Rulings of Prescribed Punishments,,Rulings of Prescribed Punishments,Rulings of Prescribed Punishments,,,,Rulings of Prescribed Punishments,,,,,,,,,,,,,,,,,,,,,rulings-of-prescribed-punishments
1782,128,شروط إقامة الحدود,Conditions of implementing Prescribed Punishments,,Conditions of implementing Prescribed Punishments,Conditions of implementing Prescribed Punishments,Conditions of implementing Prescribed Punishments,Conditions of implementing Prescribed Punishments,,,Conditions of implementing Prescribed Punishments,,Conditions of implementing Prescribed Punishments,Conditions of implementing Prescribed Punishments,,,,Conditions of implementing Prescribed Punishments,,,,,,,,,,,,,,,,,,,,,conditions-of-implementing-prescribed-punishments
1783,128,حد الزنا,Prescribed Punishment for Adultery,,Prescribed Punishment for Adultery,Prescribed Punishment for Adultery,Prescribed Punishment for Adultery,Prescribed Punishment for Adultery,,,Prescribed Punishment for Adultery,,Prescribed Punishment for Adultery,Prescribed Punishment for Adultery,,,,Prescribed Punishment for Adultery,,,,,,,,,,,,,,,,,,,,,prescribed-punishment-for-adultery
1784,128,حد القذف,Prescribed Punishment for Calumny,,Prescribed Punishment for Calumny,Prescribed Punishment for Calumny,Prescribed Punishment for Calumny,Prescribed Punishment for Calumny,,,Prescribed Punishment for Calumny,,Prescribed Punishment for Calumny,Prescribed Punishment for Calumny,,,,Prescribed Punishment for Calumny,,,,,,,,,,,,,,,,,,,,,prescribed-punishment-for-calumny
1785,128,حد الخمر,Prescribed Punishment for Drinking Alcohol,,Prescribed Punishment for Drinking Alcohol,Prescribed Punishment for Drinking Alcohol,Prescribed Punishment for Drinking Alcohol,Prescribed Punishment for Drinking Alcohol,,,Prescribed Punishment for Drinking Alcohol,,Prescribed Punishment for Drinking Alcohol,Prescribed Punishment for Drinking Alcohol,,,,Prescribed Punishment for Drinking Alcohol,,,,,,,,,,,,,,,,,,,,,prescribed-punishment-for-drinking-alcohol
1786,128,حد السرقة,Prescribed Punishment for Theft,,Prescribed Punishment for Theft,Prescribed Punishment for Theft,Prescribed Punishment for Theft,Prescribed Punishment for Theft,,,Prescribed Punishment for Theft,,Prescribed Punishment for Theft,Prescribed Punishment for Theft,,,,Prescribed Punishment for Theft,,,,,,,,,,,,,,,,,,,,,prescribed-punishment-for-theft
1787,128,حد قطاع الطريق,Prescribed Punishment for Highway Robbery,,Prescribed Punishment for Highway Robbery,Prescribed Punishment for Highway Robbery,Prescribed Punishment for Highway Robbery,Prescribed Punishment for Highway Robbery,,,Prescribed Punishment for Highway Robbery,,Prescribed Punishment for Highway Robbery,Prescribed Punishment for Highway Robbery,,,,Prescribed Punishment for Highway Robbery,,,,,,,,,,,,,,,,,,,,,prescribed-punishment-for-highway-robbery
1788,128,حد الردة,Prescribed Punishment for Apostasy,,Prescribed Punishment for Apostasy,Prescribed Punishment for Apostasy,Prescribed Punishment for Apostasy,Prescribed Punishment for Apostasy,,,Prescribed Punishment for Apostasy,,Prescribed Punishment for Apostasy,Prescribed Punishment for Apostasy,,,,Prescribed Punishment for Apostasy,,,,,,,,,,,,,,,,,,,,,prescribed-punishment-for-apostasy
1789,128,أحكام التعزير,Rulings of Discretionary Punishments,,Rulings of Discretionary Punishments,Rulings of Discretionary Punishments,Rulings of Discretionary Punishments,Rulings of Discretionary Punishments,,,Rulings of Discretionary Punishments,,Rulings of Discretionary Punishments,Rulings of Discretionary Punishments,,,,Rulings of Discretionary Punishments,,,,,,,,,,,,,,,,,,,,,rulings-of-discretionary-punishments
1790,129,حكم القضاء وفضله وخطره,Judiciary: Its Ruling; Merit; and Significance,,Judiciary: Its Ruling; Merit; and Significance,Judiciary: Its Ruling; Merit; and Significance,Judiciary: Its Ruling; Merit; and Significance,Judiciary: Its Ruling; Merit; and Significance,,,Judiciary: Its Ruling; Merit; and Significance,,Judiciary: Its Ruling; Merit; and Significance,Judiciary: Its Ruling; Merit; and Significance,,,,Judiciary: Its Ruling; Merit; and Significance,,,,,,,,,,,,,,,,,,,,,judiciary:-its-ruling;-merit;-and-significance
1791,129,آداب القاضي,Manners of Judges,,Manners of Judges,Manners of Judges,Manners of Judges,Manners of Judges,,,Manners of Judges,,Manners of Judges,Manners of Judges,,,,Manners of Judges,,,,,,,,,,,,,,,,,,,,,manners-of-judges
1792,129,الدعاوى والبيِّنات,Claims and Proofs,,Claims and Proofs,Claims and Proofs,Claims and Proofs,Claims and Proofs,,,Claims and Proofs,,Claims and Proofs,Claims and Proofs,,,,Claims and Proofs,,,,,,,,,,,,,,,,,,,,,claims-and-proofs
1793,129,الشهادات,Testimonies,,Testimonies,Testimonies,Testimonies,Testimonies,,,Testimonies,,Testimonies,Testimonies,,,,Testimonies,,,,,,,,,,,,,,,,,,,,,testimonies
1794,132,الحكم الشرعي,Shariah Ruling,,Shariah Ruling,Shariah Ruling,Shariah Ruling,Shariah Ruling,,,Shariah Ruling,,Shariah Ruling,Shariah Ruling,,,,Shariah Ruling,,,,,,,,,,,,,,,,,,,,,shariah-ruling
1795,132,القواعد الفقهية والأصولية,Juristic and Usooli (Juristic Priciples) Rules,,Juristic and Usooli (Juristic Priciples) Rules,Juristic and Usooli (Juristic Priciples) Rules,Juristic and Usooli (Juristic Priciples) Rules,Juristic and Usooli (Juristic Priciples) Rules,,,Juristic and Usooli (Juristic Priciples) Rules,,Juristic and Usooli (Juristic Priciples) Rules,Juristic and Usooli (Juristic Priciples) Rules,,,,Juristic and Usooli (Juristic Priciples) Rules,,,,,,,,,,,,,,,,,,,,,juristic-and-usooli-juristic-priciples-rules
1796,132,التكليف وشروطه,Religious Assignment and its Conditions,,Religious Assignment and its Conditions,Religious Assignment and its Conditions,Religious Assignment and its Conditions,Religious Assignment and its Conditions,,,Religious Assignment and its Conditions,,Religious Assignment and its Conditions,Religious Assignment and its Conditions,,,,Religious Assignment and its Conditions,,,,,,,,,,,,,,,,,,,,,religious-assignment-and-its-conditions
1797,132,الكتاب (القرآن),The Book (the Qur'an),,The Book (the Qur'an),The Book (the Qur'an),The Book (the Qur'an),The Book (the Qur'an),,,The Book (the Qur'an),,The Book (the Qur'an),The Book (the Qur'an),,,,The Book (the Qur'an),,,,,,,,,,,,,,,,,,,,,the-book-the-quran
1798,132,النسخ,Abrogation,,Abrogation,Abrogation,Abrogation,Abrogation,,,Abrogation,,Abrogation,Abrogation,,,,Abrogation,,,,,,,,,,,,,,,,,,,,,abrogation
1799,132,دلالات الألفاظ وكيفية الاستنباط,Significations and Inference,,Significations and Inference,Significations and Inference,Significations and Inference,Significations and Inference,,,Significations and Inference,,Significations and Inference,Significations and Inference,,,,Significations and Inference,,,,,,,,,,,,,,,,,,,,,significations-and-inference
1800,132,الاجتهاد والتقليد,Personal Reasoning and Imitation,,Personal Reasoning and Imitation,Personal Reasoning and Imitation,Personal Reasoning and Imitation,Personal Reasoning and Imitation,,,Personal Reasoning and Imitation,,Personal Reasoning and Imitation,Personal Reasoning and Imitation,,,,Personal Reasoning and Imitation,,,,,,,,,,,,,,,,,,,,,personal-reasoning-and-imitation
1801,132,التعارض والترجيح,Divergence and Preponderance,,Divergence and Preponderance,Divergence and Preponderance,Divergence and Preponderance,Divergence and Preponderance,,,Divergence and Preponderance,,Divergence and Preponderance,Divergence and Preponderance,,,,Divergence and Preponderance,,,,,,,,,,,,,,,,,,,,,divergence-and-preponderance
1802,132,مقاصد الشريعة,Shariah Objectives,,Shariah Objectives,Shariah Objectives,Shariah Objectives,Shariah Objectives,,,Shariah Objectives,,Shariah Objectives,Shariah Objectives,,,,Shariah Objectives,,,,,,,,,,,,,,,,,,,,,shariah-objectives
1803,5,الفضائل,Virtues,,Virtues,Virtues,Virtues,Virtues,,,Virtues,,Virtues,Virtues,,,,Virtues,,,,,,,,,,,,,,,,,,,,,virtues
1804,5,فقه الأخلاق,Jurisprudence of Ethics,,Jurisprudence of Ethics,Jurisprudence of Ethics,Jurisprudence of Ethics,Jurisprudence of Ethics,,,Jurisprudence of Ethics,,Jurisprudence of Ethics,Jurisprudence of Ethics,,,,Jurisprudence of Ethics,,,,,,,,,,,,,,,,,,,,,jurisprudence-of-ethics
1805,5,الآداب الشرعية,Shariah-approved Manners,,Shariah-approved Manners,Shariah-approved Manners,Shariah-approved Manners,Shariah-approved Manners,,,Shariah-approved Manners,,Shariah-approved Manners,Shariah-approved Manners,,,,Shariah-approved Manners,,,,,,,,,,,,,,,,,,,,,shariah-approved-manners
1806,5,فقه الأدعية والأذكار,Jurisprudence of Supplications and Remembrance of Allah,,Jurisprudence of Supplications and Remembrance of Allah,Jurisprudence of Supplications and Remembrance of Allah,Jurisprudence of Supplications and Remembrance of Allah,Jurisprudence of Supplications and Remembrance of Allah,,,Jurisprudence of Supplications and Remembrance of Allah,,Jurisprudence of Supplications and Remembrance of Allah,Jurisprudence of Supplications and Remembrance of Allah,,,,Jurisprudence of Supplications and Remembrance of Allah,,,,,,,,,,,,,,,,,,,,,jurisprudence-of-supplications-and-remembrance-of-allah
1807,5,الرقائق والمواعظ,Heart-Softeners and Sermons,,Heart-Softeners and Sermons,Heart-Softeners and Sermons,Heart-Softeners and Sermons,Heart-Softeners and Sermons,,,Heart-Softeners and Sermons,,Heart-Softeners and Sermons,Heart-Softeners and Sermons,,,,Heart-Softeners and Sermons,,,,,,,,,,,,,,,,,,,,,heart-softeners-and-sermons
1808,265,فضل العلم,Excellence of Knowledge,,Excellence of Knowledge,Excellence of Knowledge,Excellence of Knowledge,Excellence of Knowledge,,,Excellence of Knowledge,,Excellence of Knowledge,Excellence of Knowledge,,,,Excellence of Knowledge,,,,,,,,,,,,,,,,,,,,,excellence-of-knowledge
1809,265,فضائل التوحيد,Excellence of Monotheism,,Excellence of Monotheism,Excellence of Monotheism,Excellence of Monotheism,Excellence of Monotheism,,,Excellence of Monotheism,,Excellence of Monotheism,Excellence of Monotheism,,,,Excellence of Monotheism,,,,,,,,,,,,,,,,,,,,,excellence-of-monotheism
1810,265,فضائل القرآن الكريم,Merits of the Noble Qur'an,,Merits of the Noble Qur'an,Merits of the Noble Qur'an,Merits of the Noble Qur'an,Merits of the Noble Qur'an,,,Merits of the Noble Qur'an,,Merits of the Noble Qur'an,Merits of the Noble Qur'an,,,,Merits of the Noble Qur'an,,,,,,,,,,,,,,,,,,,,,merits-of-the-noble-quran
1811,265,فضائل بر الوالدين,Merits of Being Dutiful to One's Parents,,Merits of Being Dutiful to One's Parents,Merits of Being Dutiful to One's Parents,Merits of Being Dutiful to One's Parents,Merits of Being Dutiful to One's Parents,,,Merits of Being Dutiful to One's Parents,,Merits of Being Dutiful to One's Parents,Merits of Being Dutiful to One's Parents,,,,Merits of Being Dutiful to One's Parents,,,,,,,,,,,,,,,,,,,,,merits-of-being-dutiful-to-ones-parents
1812,265,فضائل صلة الأرحام,Merits of Maintaining Kinship Ties,,Merits of Maintaining Kinship Ties,Merits of Maintaining Kinship Ties,Merits of Maintaining Kinship Ties,Merits of Maintaining Kinship Ties,,,Merits of Maintaining Kinship Ties,,Merits of Maintaining Kinship Ties,Merits of Maintaining Kinship Ties,,,,Merits of Maintaining Kinship Ties,,,,,,,,,,,,,,,,,,,,,merits-of-maintaining-kinship-ties
1813,265,فضائل آل البيت رضي الله عنهم,Merits of Prophet's Family,,Merits of Prophet's Family,Merits of Prophet's Family,Merits of Prophet's Family,Merits of Prophet's Family,,,Merits of Prophet's Family,,Merits of Prophet's Family,Merits of Prophet's Family,,,,Merits of Prophet's Family,,,,,,,,,,,,,,,,,,,,,merits-of-prophets-family
1814,265,فضائل الصحابة رضي الله عنهم,Merits of the Companions,,Merits of the Companions,Merits of the Companions,Merits of the Companions,Merits of the Companions,,,Merits of the Companions,,Merits of the Companions,Merits of the Companions,,,,Merits of the Companions,,,,,,,,,,,,,,,,,,,,,merits-of-the-companions
1815,265,فضائل الأعمال الصالحة,Merits of Good Deeds,,Merits of Good Deeds,Merits of Good Deeds,Merits of Good Deeds,Merits of Good Deeds,,,Merits of Good Deeds,,Merits of Good Deeds,Merits of Good Deeds,,,,Merits of Good Deeds,,,,,,,,,,,,,,,,,,,,,merits-of-good-deeds
1816,265,فضائل الذكر,Merits of Remembering Allah,,Merits of Remembering Allah,Merits of Remembering Allah,Merits of Remembering Allah,Merits of Remembering Allah,,,Merits of Remembering Allah,,Merits of Remembering Allah,Merits of Remembering Allah,,,,Merits of Remembering Allah,,,,,,,,,,,,,,,,,,,,,merits-of-remembering-allah
1817,265,فضل الدعاء,Merits of Supplication,,Merits of Supplication,Merits of Supplication,Merits of Supplication,Merits of Supplication,,,Merits of Supplication,,Merits of Supplication,Merits of Supplication,,,,Merits of Supplication,,,,,,,,,,,,,,,,,,,,,merits-of-supplication
1818,265,فضائل أعمال القلوب,Merits of Heart Acts,,Merits of Heart Acts,Merits of Heart Acts,Merits of Heart Acts,Merits of Heart Acts,,,Merits of Heart Acts,,Merits of Heart Acts,Merits of Heart Acts,,,,Merits of Heart Acts,,,,,,,,,,,,,,,,,,,,,merits-of-heart-acts
1819,265,فضائل أعمال الجوارح,Merits of Organs' Acts,,Merits of Organs' Acts,Merits of Organs' Acts,Merits of Organs' Acts,Merits of Organs' Acts,,,Merits of Organs' Acts,,Merits of Organs' Acts,Merits of Organs' Acts,,,,Merits of Organs' Acts,,,,,,,,,,,,,,,,,,,,,merits-of-organs-acts
1820,266,الأخلاق الحميدة,Praiseworthy Morals,,Praiseworthy Morals,Praiseworthy Morals,Praiseworthy Morals,Praiseworthy Morals,,,Praiseworthy Morals,,Praiseworthy Morals,Praiseworthy Morals,,,,Praiseworthy Morals,,,,,,,,,,,,,,,,,,,,,praiseworthy-morals
1821,266,الأخلاق الذميمة,Blameworthy Morals,,Blameworthy Morals,Blameworthy Morals,Blameworthy Morals,Blameworthy Morals,,,Blameworthy Morals,,Blameworthy Morals,Blameworthy Morals,,,,Blameworthy Morals,,,,,,,,,,,,,,,,,,,,,blameworthy-morals
1822,267,آداب العالم والمتعلم,Manners of Scholars and Learners,,Manners of Scholars and Learners,Manners of Scholars and Learners,Manners of Scholars and Learners,Manners of Scholars and Learners,,,Manners of Scholars and Learners,,Manners of Scholars and Learners,Manners of Scholars and Learners,,,,Manners of Scholars and Learners,,,,,,,,,,,,,,,,,,,,,manners-of-scholars-and-learners
1823,267,آداب تلاوة القرآن الكريم,Etiquettes of Reciting the Noble Qur’an,,Etiquettes of Reciting the Noble Qur’an,Etiquettes of Reciting the Noble Qur’an,Etiquettes of Reciting the Noble Qur’an,Etiquettes of Reciting the Noble Qur’an,,,Etiquettes of Reciting the Noble Qur’an,,Etiquettes of Reciting the Noble Qur’an,Etiquettes of Reciting the Noble Qur’an,,,,Etiquettes of Reciting the Noble Qur’an,,,,,,,,,,,,,,,,,,,,,etiquettes-of-reciting-the-noble-qur’an
1824,267,آداب السلام والاستئذان,Manners of Greeting and Seeking Permission,,Manners of Greeting and Seeking Permission,Manners of Greeting and Seeking Permission,Manners of Greeting and Seeking Permission,Manners of Greeting and Seeking Permission,,,Manners of Greeting and Seeking Permission,,Manners of Greeting and Seeking Permission,Manners of Greeting and Seeking Permission,,,,Manners of Greeting and Seeking Permission,,,,,,,,,,,,,,,,,,,,,manners-of-greeting-and-seeking-permission
1825,267,آداب الكلام والصمت,Manners of Speaking and Keeping Silent,,Manners of Speaking and Keeping Silent,Manners of Speaking and Keeping Silent,Manners of Speaking and Keeping Silent,Manners of Speaking and Keeping Silent,,,Manners of Speaking and Keeping Silent,,Manners of Speaking and Keeping Silent,Manners of Speaking and Keeping Silent,,,,Manners of Speaking and Keeping Silent,,,,,,,,,,,,,,,,,,,,,manners-of-speaking-and-keeping-silent
1826,267,آداب الخلاف,Manners of Divergence,,Manners of Divergence,Manners of Divergence,Manners of Divergence,Manners of Divergence,,,Manners of Divergence,,Manners of Divergence,Manners of Divergence,,,,Manners of Divergence,,,,,,,,,,,,,,,,,,,,,manners-of-divergence
1827,267,آداب المناظرة,Manners of Debate,,Manners of Debate,Manners of Debate,Manners of Debate,Manners of Debate,,,Manners of Debate,,Manners of Debate,Manners of Debate,,,,Manners of Debate,,,,,,,,,,,,,,,,,,,,,manners-of-debate
1828,267,آداب الأكل والشرب,Manners of Eating and Drinking,,Manners of Eating and Drinking,Manners of Eating and Drinking,Manners of Eating and Drinking,Manners of Eating and Drinking,,,Manners of Eating and Drinking,,Manners of Eating and Drinking,Manners of Eating and Drinking,,,,Manners of Eating and Drinking,,,,,,,,,,,,,,,,,,,,,manners-of-eating-and-drinking
1829,267,آداب الطريق والسوق,Manners of the Road and the Market,,Manners of the Road and the Market,Manners of the Road and the Market,Manners of the Road and the Market,Manners of the Road and the Market,,,Manners of the Road and the Market,,Manners of the Road and the Market,Manners of the Road and the Market,,,,Manners of the Road and the Market,,,,,,,,,,,,,,,,,,,,,manners-of-the-road-and-the-market
1830,267,آداب وأحكام السفر,Manners and Rulings of Travel,,Manners and Rulings of Travel,Manners and Rulings of Travel,Manners and Rulings of Travel,Manners and Rulings of Travel,,,Manners and Rulings of Travel,,Manners and Rulings of Travel,Manners and Rulings of Travel,,,,Manners and Rulings of Travel,,,,,,,,,,,,,,,,,,,,,manners-and-rulings-of-travel
1831,267,آداب النوم والاستيقاظ,Manners of Sleeping and Waking Up,,Manners of Sleeping and Waking Up,Manners of Sleeping and Waking Up,Manners of Sleeping and Waking Up,Manners of Sleeping and Waking Up,,,Manners of Sleeping and Waking Up,,Manners of Sleeping and Waking Up,Manners of Sleeping and Waking Up,,,,Manners of Sleeping and Waking Up,,,,,,,,,,,,,,,,,,,,,manners-of-sleeping-and-waking-up
1832,267,آداب الرؤيا,Manners of Visions,,Manners of Visions,Manners of Visions,Manners of Visions,Manners of Visions,,,Manners of Visions,,Manners of Visions,Manners of Visions,,,,Manners of Visions,,,,,,,,,,,,,,,,,,,,,manners-of-visions
1833,267,آداب الزيارة والاستئذان,Manners of Visiting and Seeking Permission,,Manners of Visiting and Seeking Permission,Manners of Visiting and Seeking Permission,Manners of Visiting and Seeking Permission,Manners of Visiting and Seeking Permission,,,Manners of Visiting and Seeking Permission,,Manners of Visiting and Seeking Permission,Manners of Visiting and Seeking Permission,,,,Manners of Visiting and Seeking Permission,,,,,,,,,,,,,,,,,,,,,manners-of-visiting-and-seeking-permission
1834,267,آداب العطاس والتثاؤب,Manners of Sneezing and Yawning,,Manners of Sneezing and Yawning,Manners of Sneezing and Yawning,Manners of Sneezing and Yawning,Manners of Sneezing and Yawning,,,Manners of Sneezing and Yawning,,Manners of Sneezing and Yawning,Manners of Sneezing and Yawning,,,,Manners of Sneezing and Yawning,,,,,,,,,,,,,,,,,,,,,manners-of-sneezing-and-yawning
1835,267,آداب عيادة المريض,Manners of Visiting the Sick,,Manners of Visiting the Sick,Manners of Visiting the Sick,Manners of Visiting the Sick,Manners of Visiting the Sick,,,Manners of Visiting the Sick,,Manners of Visiting the Sick,Manners of Visiting the Sick,,,,Manners of Visiting the Sick,,,,,,,,,,,,,,,,,,,,,manners-of-visiting-the-sick
1836,267,آداب اللباس,Manners of Dressing,,Manners of Dressing,Manners of Dressing,Manners of Dressing,Manners of Dressing,,,Manners of Dressing,,Manners of Dressing,Manners of Dressing,,,,Manners of Dressing,,,,,,,,,,,,,,,,,,,,,manners-of-dressing
1837,268,هدي النبي صلى الله عليه وسلم في الذكر,Prophetic Guidance on Remembering Allah,,Prophetic Guidance on Remembering Allah,Prophetic Guidance on Remembering Allah,Prophetic Guidance on Remembering Allah,Prophetic Guidance on Remembering Allah,,,Prophetic Guidance on Remembering Allah,,Prophetic Guidance on Remembering Allah,Prophetic Guidance on Remembering Allah,,,,Prophetic Guidance on Remembering Allah,,,,,,,,,,,,,,,,,,,,,prophetic-guidance-on-remembering-allah
1838,268,فوائد ذكر الله عز وجل,Benefits of Remembering Allah,,Benefits of Remembering Allah,Benefits of Remembering Allah,Benefits of Remembering Allah,Benefits of Remembering Allah,,,Benefits of Remembering Allah,,Benefits of Remembering Allah,Benefits of Remembering Allah,,,,Benefits of Remembering Allah,,,,,,,,,,,,,,,,,,,,,benefits-of-remembering-allah
1839,268,أذكار الصباح والمساء,Morning and Evening Dhikr,,Morning and Evening Dhikr,Morning and Evening Dhikr,Morning and Evening Dhikr,Morning and Evening Dhikr,,,Morning and Evening Dhikr,,Morning and Evening Dhikr,Morning and Evening Dhikr,,,,Morning and Evening Dhikr,,,,,,,,,,,,,,,,,,,,,morning-and-evening-dhikr
1840,268,الأذكار المطلقة,Timeless Dhikr,,Timeless Dhikr,Timeless Dhikr,Timeless Dhikr,Timeless Dhikr,,,Timeless Dhikr,,Timeless Dhikr,Timeless Dhikr,,,,Timeless Dhikr,,,,,,,,,,,,,,,,,,,,,timeless-dhikr
1841,268,أذكار الدخول والخروج من المنزل,Dhikr on Entering and Leaving the House,,Dhikr on Entering and Leaving the House,Dhikr on Entering and Leaving the House,Dhikr on Entering and Leaving the House,Dhikr on Entering and Leaving the House,,,Dhikr on Entering and Leaving the House,,Dhikr on Entering and Leaving the House,Dhikr on Entering and Leaving the House,,,,Dhikr on Entering and Leaving the House,,,,,,,,,,,,,,,,,,,,,dhikr-on-entering-and-leaving-the-house
1842,268,أذكار الدخول والخروج من الخلاء,Dhikr on Entering and Leaving the Bathroom,,Dhikr on Entering and Leaving the Bathroom,Dhikr on Entering and Leaving the Bathroom,Dhikr on Entering and Leaving the Bathroom,Dhikr on Entering and Leaving the Bathroom,,,Dhikr on Entering and Leaving the Bathroom,,Dhikr on Entering and Leaving the Bathroom,Dhikr on Entering and Leaving the Bathroom,,,,Dhikr on Entering and Leaving the Bathroom,,,,,,,,,,,,,,,,,,,,,dhikr-on-entering-and-leaving-the-bathroom
1843,268,أذكار الدخول والخروج من المسجد,Dhikr on Entering and Leaving the Mosque,,Dhikr on Entering and Leaving the Mosque,Dhikr on Entering and Leaving the Mosque,Dhikr on Entering and Leaving the Mosque,Dhikr on Entering and Leaving the Mosque,,,Dhikr on Entering and Leaving the Mosque,,Dhikr on Entering and Leaving the Mosque,Dhikr on Entering and Leaving the Mosque,,,,Dhikr on Entering and Leaving the Mosque,,,,,,,,,,,,,,,,,,,,,dhikr-on-entering-and-leaving-the-mosque
1844,268,الأذكار التي تقال في أوقات الشدة,Hard Times Dhikr,,Hard Times Dhikr,Hard Times Dhikr,Hard Times Dhikr,Hard Times Dhikr,,,Hard Times Dhikr,,Hard Times Dhikr,Hard Times Dhikr,,,,Hard Times Dhikr,,,,,,,,,,,,,,,,,,,,,hard-times-dhikr
1845,268,الأذكار للأمور العارضة,Dhikr on Special Occasions,,Dhikr on Special Occasions,Dhikr on Special Occasions,Dhikr on Special Occasions,Dhikr on Special Occasions,,,Dhikr on Special Occasions,,Dhikr on Special Occasions,Dhikr on Special Occasions,,,,Dhikr on Special Occasions,,,,,,,,,,,,,,,,,,,,,dhikr-on-special-occasions
1846,268,أحكام الدعاء,Rulings of Supplication,,Rulings of Supplication,Rulings of Supplication,Rulings of Supplication,Rulings of Supplication,,,Rulings of Supplication,,Rulings of Supplication,Rulings of Supplication,,,,Rulings of Supplication,,,,,,,,,,,,,,,,,,,,,rulings-of-supplication
1847,268,أنواع الدعاء,Types of Supplication,,Types of Supplication,Types of Supplication,Types of Supplication,Types of Supplication,,,Types of Supplication,,Types of Supplication,Types of Supplication,,,,Types of Supplication,,,,,,,,,,,,,,,,,,,,,types-of-supplication
1848,268,آداب الدعاء,Manners of Supplication,,Manners of Supplication,Manners of Supplication,Manners of Supplication,Manners of Supplication,,,Manners of Supplication,,Manners of Supplication,Manners of Supplication,,,,Manners of Supplication,,,,,,,,,,,,,,,,,,,,,manners-of-supplication
1849,268,أسباب إجابة الدعاء وموانعه,Causes for Answering or not Answering Supplications,,Causes for Answering or not Answering Supplications,Causes for Answering or not Answering Supplications,Causes for Answering or not Answering Supplications,Causes for Answering or not Answering Supplications,,,Causes for Answering or not Answering Supplications,,Causes for Answering or not Answering Supplications,Causes for Answering or not Answering Supplications,,,,Causes for Answering or not Answering Supplications,,,,,,,,,,,,,,,,,,,,,causes-for-answering-or-not-answering-supplications
1850,268,الأدعية المأثورة,Reported Supplications,,Reported Supplications,Reported Supplications,Reported Supplications,Reported Supplications,,,Reported Supplications,,Reported Supplications,Reported Supplications,,,,Reported Supplications,,,,,,,,,,,,,,,,,,,,,reported-supplications
1851,269,أعمال القلوب,Acts of Heart,,Acts of Heart,Acts of Heart,Acts of Heart,Acts of Heart,,,Acts of Heart,,Acts of Heart,Acts of Heart,,,,Acts of Heart,,,,,,,,,,,,,,,,,,,,,acts-of-heart
1852,269,أمراض القلوب,Heart Diseases,,Heart Diseases,Heart Diseases,Heart Diseases,Heart Diseases,,,Heart Diseases,,Heart Diseases,Heart Diseases,,,,Heart Diseases,,,,,,,,,,,,,,,,,,,,,heart-diseases
1853,269,الزهد والورع,Asceticism and Piety,,Asceticism and Piety,Asceticism and Piety,Asceticism and Piety,Asceticism and Piety,,,Asceticism and Piety,,Asceticism and Piety,Asceticism and Piety,,,,Asceticism and Piety,,,,,,,,,,,,,,,,,,,,,asceticism-and-piety
1854,269,أحوال الصالحين,States of the Righteous Believers,,States of the Righteous Believers,States of the Righteous Believers,States of the Righteous Believers,States of the Righteous Believers,,,States of the Righteous Believers,,States of the Righteous Believers,States of the Righteous Believers,,,,States of the Righteous Believers,,,,,,,,,,,,,,,,,,,,,states-of-the-righteous-believers
1855,269,ذم المعاصي,Condemning Sins,,Condemning Sins,Condemning Sins,Condemning Sins,Condemning Sins,,,Condemning Sins,,Condemning Sins,Condemning Sins,,,,Condemning Sins,,,,,,,,,,,,,,,,,,,,,condemning-sins
1856,269,ذم حب الدنيا,Condemning Love of the World,,Condemning Love of the World,Condemning Love of the World,Condemning Love of the World,Condemning Love of the World,,,Condemning Love of the World,,Condemning Love of the World,Condemning Love of the World,,,,Condemning Love of the World,,,,,,,,,,,,,,,,,,,,,condemning-love-of-the-world
1857,269,ذَمُّ الهوى والشَّهوات,Condemning Whims and Desires,,Condemning Whims and Desires,Condemning Whims and Desires,Condemning Whims and Desires,Condemning Whims and Desires,,,Condemning Whims and Desires,,Condemning Whims and Desires,Condemning Whims and Desires,,,,Condemning Whims and Desires,,,,,,,,,,,,,,,,,,,,,condemning-whims-and-desires
1858,269,التوبة,Repentance,,Repentance,Repentance,Repentance,Repentance,,,Repentance,,Repentance,Repentance,,,,Repentance,,,,,,,,,,,,,,,,,,,,,repentance
1859,269,تزكية النفوس,Purification of Souls,,Purification of Souls,Purification of Souls,Purification of Souls,Purification of Souls,,,Purification of Souls,,Purification of Souls,Purification of Souls,,,,Purification of Souls,,,,,,,,,,,,,,,,,,,,,purification-of-souls
1860,269,أهوال القبور,Terrors of the Graves,,Terrors of the Graves,Terrors of the Graves,Terrors of the Graves,Terrors of the Graves,,,Terrors of the Graves,,Terrors of the Graves,Terrors of the Graves,,,,Terrors of the Graves,,,,,,,,,,,,,,,,,,,,,terrors-of-the-graves
1861,269,صفات الجنة والنار,Descriptions of Paradise and Hell,,Descriptions of Paradise and Hell,Descriptions of Paradise and Hell,Descriptions of Paradise and Hell,Descriptions of Paradise and Hell,,,Descriptions of Paradise and Hell,,Descriptions of Paradise and Hell,Descriptions of Paradise and Hell,,,,Descriptions of Paradise and Hell,,,,,,,,,,,,,,,,,,,,,descriptions-of-paradise-and-hell
1862,6,الدعوة إلى الله,Calling to Allah (Da‘wah),,Calling to Allah (Da‘wah),Calling to Allah (Da‘wah),Calling to Allah (Da‘wah),Calling to Allah (Da‘wah),,,Calling to Allah (Da‘wah),,Calling to Allah (Da‘wah),Calling to Allah (Da‘wah),,,,Calling to Allah (Da‘wah),,,,,,,,,,,,,,,,,,,,,calling-to-allah-da‘wah
1863,6,الأمر بالمعروف والنهي عن المنكر,Enjoining Good and Forbidding Evil,,Enjoining Good and Forbidding Evil,Enjoining Good and Forbidding Evil,Enjoining Good and Forbidding Evil,Enjoining Good and Forbidding Evil,,,Enjoining Good and Forbidding Evil,,Enjoining Good and Forbidding Evil,Enjoining Good and Forbidding Evil,,,,Enjoining Good and Forbidding Evil,,,,,,,,,,,,,,,,,,,,,enjoining-good-and-forbidding-evil
1864,6,السياسة الشرعية,Shariah-approved Politics,,Shariah-approved Politics,Shariah-approved Politics,Shariah-approved Politics,Shariah-approved Politics,,,Shariah-approved Politics,,Shariah-approved Politics,Shariah-approved Politics,,,,Shariah-approved Politics,,,,,,,,,,,,,,,,,,,,,shariah-approved-politics
1865,6,الثقافة الإسلامية,Islamic Culture,,Islamic Culture,Islamic Culture,Islamic Culture,Islamic Culture,,,Islamic Culture,,Islamic Culture,Islamic Culture,,,,Islamic Culture,,,,,,,,,,,,,,,,,,,,,islamic-culture
1866,325,حكم الدعوة إلى الله,Ruling of Calling to Allah,,Ruling of Calling to Allah,Ruling of Calling to Allah,Ruling of Calling to Allah,Ruling of Calling to Allah,,,Ruling of Calling to Allah,,Ruling of Calling to Allah,Ruling of Calling to Allah,,,,Ruling of Calling to Allah,,,,,,,,,,,,,,,,,,,,,ruling-of-calling-to-allah
1867,325,آداب الدعوة إلى الله,Manners of Calling to Allah,,Manners of Calling to Allah,Manners of Calling to Allah,Manners of Calling to Allah,Manners of Calling to Allah,,,Manners of Calling to Allah,,Manners of Calling to Allah,Manners of Calling to Allah,,,,Manners of Calling to Allah,,,,,,,,,,,,,,,,,,,,,manners-of-calling-to-allah
1868,325,سير الدعاة وواجباتهم,Backgrounds and Duties of the Callers to Allah,,Backgrounds and Duties of the Callers to Allah,Backgrounds and Duties of the Callers to Allah,Backgrounds and Duties of the Callers to Allah,Backgrounds and Duties of the Callers to Allah,,,Backgrounds and Duties of the Callers to Allah,,Backgrounds and Duties of the Callers to Allah,Backgrounds and Duties of the Callers to Allah,,,,Backgrounds and Duties of the Callers to Allah,,,,,,,,,,,,,,,,,,,,,backgrounds-and-duties-of-the-callers-to-allah
1869,325,فضل الإسلام ومحاسنه,Excellence and Merits of Islam,,Excellence and Merits of Islam,Excellence and Merits of Islam,Excellence and Merits of Islam,Excellence and Merits of Islam,,,Excellence and Merits of Islam,,Excellence and Merits of Islam,Excellence and Merits of Islam,,,,Excellence and Merits of Islam,,,,,,,,,,,,,,,,,,,,,excellence-and-merits-of-islam
1870,325,عموم الدين الإسلامي,Universality of Islam,,Universality of Islam,Universality of Islam,Universality of Islam,Universality of Islam,,,Universality of Islam,,Universality of Islam,Universality of Islam,,,,Universality of Islam,,,,,,,,,,,,,,,,,,,,,universality-of-islam
1871,325,حقوق الإنسان في الإسلام,Human Rights in Islam,,Human Rights in Islam,Human Rights in Islam,Human Rights in Islam,Human Rights in Islam,,,Human Rights in Islam,,Human Rights in Islam,Human Rights in Islam,,,,Human Rights in Islam,,,,,,,,,,,,,,,,,,,,,human-rights-in-islam
1872,325,حقوق الحيوان في الإسلام,Animal Rights in Islam,,Animal Rights in Islam,Animal Rights in Islam,Animal Rights in Islam,Animal Rights in Islam,,,Animal Rights in Islam,,Animal Rights in Islam,Animal Rights in Islam,,,,Animal Rights in Islam,,,,,,,,,,,,,,,,,,,,,animal-rights-in-islam
1873,326,حكم الأمر بالمعروف والنهي عن المنكر,Ruling of Enjoining Good and Forbidding Evil,,Ruling of Enjoining Good and Forbidding Evil,Ruling of Enjoining Good and Forbidding Evil,Ruling of Enjoining Good and Forbidding Evil,Ruling of Enjoining Good and Forbidding Evil,,,Ruling of Enjoining Good and Forbidding Evil,,Ruling of Enjoining Good and Forbidding Evil,Ruling of Enjoining Good and Forbidding Evil,,,,Ruling of Enjoining Good and Forbidding Evil,,,,,,,,,,,,,,,,,,,,,ruling-of-enjoining-good-and-forbidding-evil
1874,326,فضل الأمر بالمعروف والنهي عن المنكر,Excellence of Enjoining Good and Forbidding Evil,,Excellence of Enjoining Good and Forbidding Evil,Excellence of Enjoining Good and Forbidding Evil,Excellence of Enjoining Good and Forbidding Evil,Excellence of Enjoining Good and Forbidding Evil,,,Excellence of Enjoining Good and Forbidding Evil,,Excellence of Enjoining Good and Forbidding Evil,Excellence of Enjoining Good and Forbidding Evil,,,,Excellence of Enjoining Good and Forbidding Evil,,,,,,,,,,,,,,,,,,,,,excellence-of-enjoining-good-and-forbidding-evil
1875,326,آداب الأمر بالمعروف والنهي عن المنكر,Manners of Enjoining Good and Forbidding Evil,,Manners of Enjoining Good and Forbidding Evil,Manners of Enjoining Good and Forbidding Evil,Manners of Enjoining Good and Forbidding Evil,Manners of Enjoining Good and Forbidding Evil,,,Manners of Enjoining Good and Forbidding Evil,,Manners of Enjoining Good and Forbidding Evil,Manners of Enjoining Good and Forbidding Evil,,,,Manners of Enjoining Good and Forbidding Evil,,,,,,,,,,,,,,,,,,,,,manners-of-enjoining-good-and-forbidding-evil
1876,326,أصول الأمر بالمعروف والنهي عن المنكر,Principles of Enjoining Good and Forbidding Evil,,Principles of Enjoining Good and Forbidding Evil,Principles of Enjoining Good and Forbidding Evil,Principles of Enjoining Good and Forbidding Evil,Principles of Enjoining Good and Forbidding Evil,,,Principles of Enjoining Good and Forbidding Evil,,Principles of Enjoining Good and Forbidding Evil,Principles of Enjoining Good and Forbidding Evil,,,,Principles of Enjoining Good and Forbidding Evil,,,,,,,,,,,,,,,,,,,,,principles-of-enjoining-good-and-forbidding-evil
1877,326,شروط الأمر بالمعروف والنهي عن المنكر,Requirements of Enjoining Good and Forbidding Evil,,Requirements of Enjoining Good and Forbidding Evil,Requirements of Enjoining Good and Forbidding Evil,Requirements of Enjoining Good and Forbidding Evil,Requirements of Enjoining Good and Forbidding Evil,,,Requirements of Enjoining Good and Forbidding Evil,,Requirements of Enjoining Good and Forbidding Evil,Requirements of Enjoining Good and Forbidding Evil,,,,Requirements of Enjoining Good and Forbidding Evil,,,,,,,,,,,,,,,,,,,,,requirements-of-enjoining-good-and-forbidding-evil
1878,326,أحكام ومسائل متعلقة بالأمر بالمعروف والنهي عن المنكر,Rulings and Issues of Enjoining Good and Forbidding Evil,,Rulings and Issues of Enjoining Good and Forbidding Evil,Rulings and Issues of Enjoining Good and Forbidding Evil,Rulings and Issues of Enjoining Good and Forbidding Evil,Rulings and Issues of Enjoining Good and Forbidding Evil,,,Rulings and Issues of Enjoining Good and Forbidding Evil,,Rulings and Issues of Enjoining Good and Forbidding Evil,Rulings and Issues of Enjoining Good and Forbidding Evil,,,,Rulings and Issues of Enjoining Good and Forbidding Evil,,,,,,,,,,,,,,,,,,,,,rulings-and-issues-of-enjoining-good-and-forbidding-evil
1879,327,طرق اختيار الإمام للإمامة الكبرى,Ways of Electing the Supreme Muslim Imam (Ruler),,Ways of Electing the Supreme Muslim Imam (Ruler),Ways of Electing the Supreme Muslim Imam (Ruler),Ways of Electing the Supreme Muslim Imam (Ruler),Ways of Electing the Supreme Muslim Imam (Ruler),,,Ways of Electing the Supreme Muslim Imam (Ruler),,Ways of Electing the Supreme Muslim Imam (Ruler),Ways of Electing the Supreme Muslim Imam (Ruler),,,,Ways of Electing the Supreme Muslim Imam (Ruler),,,,,,,,,,,,,,,,,,,,,ways-of-electing-the-supreme-muslim-imam-ruler
1880,327,شروط الإمامة العظمى,Requirements of the Supreme Imamate (Leadership),,Requirements of the Supreme Imamate (Leadership),Requirements of the Supreme Imamate (Leadership),Requirements of the Supreme Imamate (Leadership),Requirements of the Supreme Imamate (Leadership),,,Requirements of the Supreme Imamate (Leadership),,Requirements of the Supreme Imamate (Leadership),Requirements of the Supreme Imamate (Leadership),,,,Requirements of the Supreme Imamate (Leadership),,,,,,,,,,,,,,,,,,,,,requirements-of-the-supreme-imamate-leadership
1881,327,واجبات الإمام,Duties of the Imam,,Duties of the Imam,Duties of the Imam,Duties of the Imam,Duties of the Imam,,,Duties of the Imam,,Duties of the Imam,Duties of the Imam,,,,Duties of the Imam,,,,,,,,,,,,,,,,,,,,,duties-of-the-imam
1882,327,حق الإمام على الرعية,Imam's Rights over the Subjects,,Imam's Rights over the Subjects,Imam's Rights over the Subjects,Imam's Rights over the Subjects,Imam's Rights over the Subjects,,,Imam's Rights over the Subjects,,Imam's Rights over the Subjects,Imam's Rights over the Subjects,,,,Imam's Rights over the Subjects,,,,,,,,,,,,,,,,,,,,,imams-rights-over-the-subjects
1883,327,الخروج على الإمام,Rebelling against the Muslim Ruler,,Rebelling against the Muslim Ruler,Rebelling against the Muslim Ruler,Rebelling against the Muslim Ruler,Rebelling against the Muslim Ruler,,,Rebelling against the Muslim Ruler,,Rebelling against the Muslim Ruler,Rebelling against the Muslim Ruler,,,,Rebelling against the Muslim Ruler,,,,,,,,,,,,,,,,,,,,,rebelling-against-the-muslim-ruler
1884,327,العلاقات الدولية في الإسلام,International Relations in Islam,,International Relations in Islam,International Relations in Islam,International Relations in Islam,International Relations in Islam,,,International Relations in Islam,,International Relations in Islam,International Relations in Islam,,,,International Relations in Islam,,,,,,,,,,,,,,,,,,,,,international-relations-in-islam
1885,327,نظام الشورى في الإسلام,Consultation System in Islam,,Consultation System in Islam,Consultation System in Islam,Consultation System in Islam,Consultation System in Islam,,,Consultation System in Islam,,Consultation System in Islam,Consultation System in Islam,,,,Consultation System in Islam,,,,,,,,,,,,,,,,,,,,,consultation-system-in-islam
1886,328,الحضارة الإسلامية,Islamic Civilization,,Islamic Civilization,Islamic Civilization,Islamic Civilization,Islamic Civilization,,,Islamic Civilization,,Islamic Civilization,Islamic Civilization,,,,Islamic Civilization,,,,,,,,,,,,,,,,,,,,,islamic-civilization
1887,7,السيرة النبوية,Prophet's Biography,,Prophet's Biography,Prophet's Biography,Prophet's Biography,Prophet's Biography,,,Prophet's Biography,,Prophet's Biography,Prophet's Biography,,,,Prophet's Biography,,,,,,,,,,,,,,,,,,,,,prophets-biography
1888,7,التاريخ,History,,History,History,History,History,,,History,,History,History,,,,History,,,,,,,,,,,,,,,,,,,,,history
1889,367,نسبه صلى الله عليه وسلم,Prophet's Lineage,,Prophet's Lineage,Prophet's Lineage,Prophet's Lineage,Prophet's Lineage,,,Prophet's Lineage,,Prophet's Lineage,Prophet's Lineage,,,,Prophet's Lineage,,,,,,,,,,,,,,,,,,,,,prophets-lineage
1890,367,زوجاته صلى الله عليه وسلم وأحوال بيت النبوة,Prophet's Wives and Family Issues,,Prophet's Wives and Family Issues,Prophet's Wives and Family Issues,Prophet's Wives and Family Issues,Prophet's Wives and Family Issues,,,Prophet's Wives and Family Issues,,Prophet's Wives and Family Issues,Prophet's Wives and Family Issues,,,,Prophet's Wives and Family Issues,,,,,,,,,,,,,,,,,,,,,prophets-wives-and-family-issues
1891,367,أولاده صلى الله عليه وسلم,Prophet's Children,,Prophet's Children,Prophet's Children,Prophet's Children,Prophet's Children,,,Prophet's Children,,Prophet's Children,Prophet's Children,,,,Prophet's Children,,,,,,,,,,,,,,,,,,,,,prophets-children
1892,367,خدمه صلى الله عليه وسلم,Prophet's Servants,,Prophet's Servants,Prophet's Servants,Prophet's Servants,Prophet's Servants,,,Prophet's Servants,,Prophet's Servants,Prophet's Servants,,,,Prophet's Servants,,,,,,,,,,,,,,,,,,,,,prophets-servants
1893,367,حياته قبل البعثة صلى الله عليه وسلم,Prophet's Life before Mission,,Prophet's Life before Mission,Prophet's Life before Mission,Prophet's Life before Mission,Prophet's Life before Mission,,,Prophet's Life before Mission,,Prophet's Life before Mission,Prophet's Life before Mission,,,,Prophet's Life before Mission,,,,,,,,,,,,,,,,,,,,,prophets-life-before-mission
1894,367,مبعثه صلى الله عليه وسلم,Prophet's Mission,,Prophet's Mission,Prophet's Mission,Prophet's Mission,Prophet's Mission,,,Prophet's Mission,,Prophet's Mission,Prophet's Mission,,,,Prophet's Mission,,,,,,,,,,,,,,,,,,,,,prophets-mission
1895,367,العهد المكي,The Makkan Period,,The Makkan Period,The Makkan Period,The Makkan Period,The Makkan Period,,,The Makkan Period,,The Makkan Period,The Makkan Period,,,,The Makkan Period,,,,,,,,,,,,,,,,,,,,,the-makkan-period
1896,367,الهجرة,The Emigration (Hijrah),,The Emigration (Hijrah),The Emigration (Hijrah),The Emigration (Hijrah),The Emigration (Hijrah),,,The Emigration (Hijrah),,The Emigration (Hijrah),The Emigration (Hijrah),,,,The Emigration (Hijrah),,,,,,,,,,,,,,,,,,,,,the-emigration-hijrah
1897,367,العهد المدني,The Madinan Period,,The Madinan Period,The Madinan Period,The Madinan Period,The Madinan Period,,,The Madinan Period,,The Madinan Period,The Madinan Period,,,,The Madinan Period,,,,,,,,,,,,,,,,,,,,,the-madinan-period
1898,367,غزواته وسراياه صلى الله عليه وسلم,Prophet's Battles and Expeditions,,Prophet's Battles and Expeditions,Prophet's Battles and Expeditions,Prophet's Battles and Expeditions,Prophet's Battles and Expeditions,,,Prophet's Battles and Expeditions,,Prophet's Battles and Expeditions,Prophet's Battles and Expeditions,,,,Prophet's Battles and Expeditions,,,,,,,,,,,,,,,,,,,,,prophets-battles-and-expeditions
1899,367,مكاتباته ومراسلاته صلى الله عليه وسلم,Prophet's Correspondences,,Prophet's Correspondences,Prophet's Correspondences,Prophet's Correspondences,Prophet's Correspondences,,,Prophet's Correspondences,,Prophet's Correspondences,Prophet's Correspondences,,,,Prophet's Correspondences,,,,,,,,,,,,,,,,,,,,,prophets-correspondences
1900,367,وفاته صلى الله عليه وسلم,Prophet's Death,,Prophet's Death,Prophet's Death,Prophet's Death,Prophet's Death,,,Prophet's Death,,Prophet's Death,Prophet's Death,,,,Prophet's Death,,,,,,,,,,,,,,,,,,,,,prophets-death
1901,367,الشمائل المحمدية,Muhammadan Qualities,,Muhammadan Qualities,Muhammadan Qualities,Muhammadan Qualities,Muhammadan Qualities,,,Muhammadan Qualities,,Muhammadan Qualities,Muhammadan Qualities,,,,Muhammadan Qualities,,,,,,,,,,,,,,,,,,,,,muhammadan-qualities
1902,368,قصص وأحوال الأمم السابقة,Stories and Conditions of Pre-Islamic Nations,,Stories and Conditions of Pre-Islamic Nations,Stories and Conditions of Pre-Islamic Nations,Stories and Conditions of Pre-Islamic Nations,Stories and Conditions of Pre-Islamic Nations,,,Stories and Conditions of Pre-Islamic Nations,,Stories and Conditions of Pre-Islamic Nations,Stories and Conditions of Pre-Islamic Nations,,,,Stories and Conditions of Pre-Islamic Nations,,,,,,,,,,,,,,,,,,,,,stories-and-conditions-of-pre-islamic-nations
1903,368,تاريخ مكة والمدينة والأقصى,History of Makkah; Madinah; and the Aqsa (Jerusalem),,History of Makkah; Madinah; and the Aqsa (Jerusalem),History of Makkah; Madinah; and the Aqsa (Jerusalem),History of Makkah; Madinah; and the Aqsa (Jerusalem),History of Makkah; Madinah; and the Aqsa (Jerusalem),,,History of Makkah; Madinah; and the Aqsa (Jerusalem),,History of Makkah; Madinah; and the Aqsa (Jerusalem),History of Makkah; Madinah; and the Aqsa (Jerusalem),,,,History of Makkah; Madinah; and the Aqsa (Jerusalem),,,,,,,,,,,,,,,,,,,,,history-of-makkah;-madinah;-and-the-aqsa-jerusalem
1904,368,الحروب والغزوات,Wars and Battles,,Wars and Battles,Wars and Battles,Wars and Battles,Wars and Battles,,,Wars and Battles,,Wars and Battles,Wars and Battles,,,,Wars and Battles,,,,,,,,,,,,,,,,,,,,,wars-and-battles
1905,368,التراجم وسير الأعلام,Biographies (of Famous Figures),,Biographies (of Famous Figures),Biographies (of Famous Figures),Biographies (of Famous Figures),Biographies (of Famous Figures),,,Biographies (of Famous Figures),,Biographies (of Famous Figures),Biographies (of Famous Figures),,,,Biographies (of Famous Figures),,,,,,,,,,,,,,,,,,,,,biographies-of-famous-figures
1906,368,البلدان والأعلام,Countries and Figures,,Countries and Figures,Countries and Figures,Countries and Figures,Countries and Figures,,,Countries and Figures,,Countries and Figures,Countries and Figures,,,,Countries and Figures,,,,,,,,,,,,,,,,,,,,,countries-and-figures
1907,368,مناسبات دورية,Periodical Occasions,,Periodical Occasions,Periodical Occasions,Periodical Occasions,Periodical Occasions,,,Periodical Occasions,,Periodical Occasions,Periodical Occasions,,,,Periodical Occasions,,,,,,,,,,,,,,,,,,,,,periodical-occasions
1908,100,موقف أهل السنة من أهل البدع,Ahl-us-Sunnah's (Sunni) Stance on Religious Innovators,,Ahl-us-Sunnah's (Sunni) Stance on Religious Innovators,Ahl-us-Sunnah's (Sunni) Stance on Religious Innovators,Ahl-us-Sunnah's (Sunni) Stance on Religious Innovators,Ahl-us-Sunnah's (Sunni) Stance on Religious Innovators,,,Ahl-us-Sunnah's (Sunni) Stance on Religious Innovators,,Ahl-us-Sunnah's (Sunni) Stance on Religious Innovators,Ahl-us-Sunnah's (Sunni) Stance on Religious Innovators,,,,Ahl-us-Sunnah's (Sunni) Stance on Religious Innovators,,,,,,,,,,,,,,,,,,,,,ahl-us-sunnahs-sunni-stance-on-religious-innovators
1909,133,أحكام المياه,Rulings of Water,,Rulings of Water,Rulings of Water,Rulings of Water,Rulings of Water,,,Rulings of Water,,Rulings of Water,Rulings of Water,,,,Rulings of Water,,,,,,,,,,,,,,,,,,,,,rulings-of-water
1910,133,إزالة النجاسات,Removing Impurities,,Removing Impurities,Removing Impurities,Removing Impurities,Removing Impurities,,,Removing Impurities,,Removing Impurities,Removing Impurities,,,,Removing Impurities,,,,,,,,,,,,,,,,,,,,,removing-impurities
1911,133,الآنية,Utensils,,Utensils,Utensils,Utensils,Utensils,,,Utensils,,Utensils,Utensils,,,,Utensils,,,,,,,,,,,,,,,,,,,,,utensils
1912,133,آداب قضاء الحاجة,Toilet Manners,,Toilet Manners,Toilet Manners,Toilet Manners,Toilet Manners,,,Toilet Manners,,Toilet Manners,Toilet Manners,,,,Toilet Manners,,,,,,,,,,,,,,,,,,,,,toilet-manners
1913,133,سنن الفطرة,Natural Cleanliness Practices,,Natural Cleanliness Practices,Natural Cleanliness Practices,Natural Cleanliness Practices,Natural Cleanliness Practices,,,Natural Cleanliness Practices,,Natural Cleanliness Practices,Natural Cleanliness Practices,,,,Natural Cleanliness Practices,,,,,,,,,,,,,,,,,,,,,natural-cleanliness-practices
1914,133,الوضوء,Ablution,,Ablution,Ablution,Ablution,Ablution,,,Ablution,,Ablution,Ablution,,,,Ablution,,,,,,,,,,,,,,,,,,,,,ablution
1915,133,الغسل,Ritual Bath,,Ritual Bath,Ritual Bath,Ritual Bath,Ritual Bath,,,Ritual Bath,,Ritual Bath,Ritual Bath,,,,Ritual Bath,,,,,,,,,,,,,,,,,,,,,ritual-bath
1916,133,التيمم,Dry Ablution,,Dry Ablution,Dry Ablution,Dry Ablution,Dry Ablution,,,Dry Ablution,,Dry Ablution,Dry Ablution,,,,Dry Ablution,,,,,,,,,,,,,,,,,,,,,dry-ablution
1917,133,الحيض والنفاس والاستحاضة,Menses; Postpartum Bleeding; Extra-Menses Bleeding,,Menses; Postpartum Bleeding; Extra-Menses Bleeding,Menses; Postpartum Bleeding; Extra-Menses Bleeding,Menses; Postpartum Bleeding; Extra-Menses Bleeding,Menses; Postpartum Bleeding; Extra-Menses Bleeding,,,Menses; Postpartum Bleeding; Extra-Menses Bleeding,,Menses; Postpartum Bleeding; Extra-Menses Bleeding,Menses; Postpartum Bleeding; Extra-Menses Bleeding,,,,Menses; Postpartum Bleeding; Extra-Menses Bleeding,,,,,,,,,,,,,,,,,,,,,menses;-postpartum-bleeding;-extra-menses-bleeding
1918,437,فضل الوضوء,Excellence of Ablution,,Excellence of Ablution,Excellence of Ablution,Excellence of Ablution,Excellence of Ablution,,,Excellence of Ablution,,Excellence of Ablution,Excellence of Ablution,,,,Excellence of Ablution,,,,,,,,,,,,,,,,,,,,,excellence-of-ablution
1919,437,أركان الوضوء,Pillars of Ablution,,Pillars of Ablution,Pillars of Ablution,Pillars of Ablution,Pillars of Ablution,,,Pillars of Ablution,,Pillars of Ablution,Pillars of Ablution,,,,Pillars of Ablution,,,,,,,,,,,,,,,,,,,,,pillars-of-ablution
1920,437,سنن وآداب الوضوء,Recommended Acts and Manners of Ablution,,Recommended Acts and Manners of Ablution,Recommended Acts and Manners of Ablution,Recommended Acts and Manners of Ablution,Recommended Acts and Manners of Ablution,,,Recommended Acts and Manners of Ablution,,Recommended Acts and Manners of Ablution,Recommended Acts and Manners of Ablution,,,,Recommended Acts and Manners of Ablution,,,,,,,,,,,,,,,,,,,,,recommended-acts-and-manners-of-ablution
1921,437,صفة الوضوء,Method of Ablution,,Method of Ablution,Method of Ablution,Method of Ablution,Method of Ablution,,,Method of Ablution,,Method of Ablution,Method of Ablution,,,,Method of Ablution,,,,,,,,,,,,,,,,,,,,,method-of-ablution
1922,437,نواقض الوضوء,Nullifiers of Ablution,,Nullifiers of Ablution,Nullifiers of Ablution,Nullifiers of Ablution,Nullifiers of Ablution,,,Nullifiers of Ablution,,Nullifiers of Ablution,Nullifiers of Ablution,,,,Nullifiers of Ablution,,,,,,,,,,,,,,,,,,,,,nullifiers-of-ablution
1923,438,أحكام الغسل,Rulings of the Ritual Bath,,Rulings of the Ritual Bath,Rulings of the Ritual Bath,Rulings of the Ritual Bath,Rulings of the Ritual Bath,,,Rulings of the Ritual Bath,,Rulings of the Ritual Bath,Rulings of the Ritual Bath,,,,Rulings of the Ritual Bath,,,,,,,,,,,,,,,,,,,,,rulings-of-the-ritual-bath
1924,438,موجبات الغسل,Causes of Obligatory Ritual Bath,,Causes of Obligatory Ritual Bath,Causes of Obligatory Ritual Bath,Causes of Obligatory Ritual Bath,Causes of Obligatory Ritual Bath,,,Causes of Obligatory Ritual Bath,,Causes of Obligatory Ritual Bath,Causes of Obligatory Ritual Bath,,,,Causes of Obligatory Ritual Bath,,,,,,,,,,,,,,,,,,,,,causes-of-obligatory-ritual-bath
1925,438,سنن وآداب الغسل,Recommended Manners of the Ritual Bath,,Recommended Manners of the Ritual Bath,Recommended Manners of the Ritual Bath,Recommended Manners of the Ritual Bath,Recommended Manners of the Ritual Bath,,,Recommended Manners of the Ritual Bath,,Recommended Manners of the Ritual Bath,Recommended Manners of the Ritual Bath,,,,Recommended Manners of the Ritual Bath,,,,,,,,,,,,,,,,,,,,,recommended-manners-of-the-ritual-bath
1926,134,وجوب الصلاة وحكم تاركها,Obligation of Prayer and Ruling on Its Abandoner,,Obligation of Prayer and Ruling on Its Abandoner,Obligation of Prayer and Ruling on Its Abandoner,Obligation of Prayer and Ruling on Its Abandoner,Obligation of Prayer and Ruling on Its Abandoner,,,Obligation of Prayer and Ruling on Its Abandoner,,Obligation of Prayer and Ruling on Its Abandoner,Obligation of Prayer and Ruling on Its Abandoner,,,,Obligation of Prayer and Ruling on Its Abandoner,,,,,,,,,,,,,,,,,,,,,obligation-of-prayer-and-ruling-on-its-abandoner
1927,134,فضل الصلاة,Virtue of Prayer,,Virtue of Prayer,Virtue of Prayer,Virtue of Prayer,Virtue of Prayer,,,Virtue of Prayer,,Virtue of Prayer,Virtue of Prayer,,,,Virtue of Prayer,,,,,,,,,,,,,,,,,,,,,virtue-of-prayer
1928,134,الأذان والإقامة,The Azan and Iqaamah,,The Azan and Iqaamah,The Azan and Iqaamah,The Azan and Iqaamah,The Azan and Iqaamah,,,The Azan and Iqaamah,,The Azan and Iqaamah,The Azan and Iqaamah,,,,The Azan and Iqaamah,,,,,,,,,,,,,,,,,,,,,the-azan-and-iqaamah
1929,134,أوقات النهي عن الصلاة,Times Not to Pray,,Times Not to Pray,Times Not to Pray,Times Not to Pray,Times Not to Pray,,,Times Not to Pray,,Times Not to Pray,Times Not to Pray,,,,Times Not to Pray,,,,,,,,,,,,,,,,,,,,,times-not-to-pray
1930,134,شروط الصلاة,Conditions of Prayer,,Conditions of Prayer,Conditions of Prayer,Conditions of Prayer,Conditions of Prayer,,,Conditions of Prayer,,Conditions of Prayer,Conditions of Prayer,,,,Conditions of Prayer,,,,,,,,,,,,,,,,,,,,,conditions-of-prayer
1931,134,أركان الصلاة,Pillars of Prayer,,Pillars of Prayer,Pillars of Prayer,Pillars of Prayer,Pillars of Prayer,,,Pillars of Prayer,,Pillars of Prayer,Pillars of Prayer,,,,Pillars of Prayer,,,,,,,,,,,,,,,,,,,,,pillars-of-prayer
1932,134,واجبات الصلاة,Obligatory Acts of Prayer,,Obligatory Acts of Prayer,Obligatory Acts of Prayer,Obligatory Acts of Prayer,Obligatory Acts of Prayer,,,Obligatory Acts of Prayer,,Obligatory Acts of Prayer,Obligatory Acts of Prayer,,,,Obligatory Acts of Prayer,,,,,,,,,,,,,,,,,,,,,obligatory-acts-of-prayer
1933,134,سنن الصلاة,Recommended Acts of Prayer,,Recommended Acts of Prayer,Recommended Acts of Prayer,Recommended Acts of Prayer,Recommended Acts of Prayer,,,Recommended Acts of Prayer,,Recommended Acts of Prayer,Recommended Acts of Prayer,,,,Recommended Acts of Prayer,,,,,,,,,,,,,,,,,,,,,recommended-acts-of-prayer
1934,134,صفة الصلاة,Method of Prayer,,Method of Prayer,Method of Prayer,Method of Prayer,Method of Prayer,,,Method of Prayer,,Method of Prayer,Method of Prayer,,,,Method of Prayer,,,,,,,,,,,,,,,,,,,,,method-of-prayer
1935,134,أذكار الصلاة,Dhikr (Invocation) during Prayer,,Dhikr (Invocation) during Prayer,Dhikr (Invocation) during Prayer,Dhikr (Invocation) during Prayer,Dhikr (Invocation) during Prayer,,,Dhikr (Invocation) during Prayer,,Dhikr (Invocation) during Prayer,Dhikr (Invocation) during Prayer,,,,Dhikr (Invocation) during Prayer,,,,,,,,,,,,,,,,,,,,,dhikr-invocation-during-prayer
1936,134,مبطلات الصلاة,Nullifiers of Prayer,,Nullifiers of Prayer,Nullifiers of Prayer,Nullifiers of Prayer,Nullifiers of Prayer,,,Nullifiers of Prayer,,Nullifiers of Prayer,Nullifiers of Prayer,,,,Nullifiers of Prayer,,,,,,,,,,,,,,,,,,,,,nullifiers-of-prayer
1937,134,أخطاء المصلين,Mistakes during Prayer,,Mistakes during Prayer,Mistakes during Prayer,Mistakes during Prayer,Mistakes during Prayer,,,Mistakes during Prayer,,Mistakes during Prayer,Mistakes during Prayer,,,,Mistakes during Prayer,,,,,,,,,,,,,,,,,,,,,mistakes-during-prayer
1938,134,سجود السهو والتلاوة والشكر,Prostration of Forgetfulness; Recitation; Gratitude,,Prostration of Forgetfulness; Recitation; Gratitude,Prostration of Forgetfulness; Recitation; Gratitude,Prostration of Forgetfulness; Recitation; Gratitude,Prostration of Forgetfulness; Recitation; Gratitude,,,Prostration of Forgetfulness; Recitation; Gratitude,,Prostration of Forgetfulness; Recitation; Gratitude,Prostration of Forgetfulness; Recitation; Gratitude,,,,Prostration of Forgetfulness; Recitation; Gratitude,,,,,,,,,,,,,,,,,,,,,prostration-of-forgetfulness;-recitation;-gratitude
1939,134,فضل صلاة الجماعة وأحكامها,Virtue and Rulings of Congregational Prayer,,Virtue and Rulings of Congregational Prayer,Virtue and Rulings of Congregational Prayer,Virtue and Rulings of Congregational Prayer,Virtue and Rulings of Congregational Prayer,,,Virtue and Rulings of Congregational Prayer,,Virtue and Rulings of Congregational Prayer,Virtue and Rulings of Congregational Prayer,,,,Virtue and Rulings of Congregational Prayer,,,,,,,,,,,,,,,,,,,,,virtue-and-rulings-of-congregational-prayer
1940,134,أحكام الإمام والمأموم,Rulings of the Imam and Followers in Prayer,,Rulings of the Imam and Followers in Prayer,Rulings of the Imam and Followers in Prayer,Rulings of the Imam and Followers in Prayer,Rulings of the Imam and Followers in Prayer,,,Rulings of the Imam and Followers in Prayer,,Rulings of the Imam and Followers in Prayer,Rulings of the Imam and Followers in Prayer,,,,Rulings of the Imam and Followers in Prayer,,,,,,,,,,,,,,,,,,,,,rulings-of-the-imam-and-followers-in-prayer
1941,134,صلاة أهل الأعذار,Prayer of the People with Excuses,,Prayer of the People with Excuses,Prayer of the People with Excuses,Prayer of the People with Excuses,Prayer of the People with Excuses,,,Prayer of the People with Excuses,,Prayer of the People with Excuses,Prayer of the People with Excuses,,,,Prayer of the People with Excuses,,,,,,,,,,,,,,,,,,,,,prayer-of-the-people-with-excuses
1942,134,صلاة الجمعة,Jumu‘ah (Friday) Prayer,,Jumu‘ah (Friday) Prayer,Jumu‘ah (Friday) Prayer,Jumu‘ah (Friday) Prayer,Jumu‘ah (Friday) Prayer,,,Jumu‘ah (Friday) Prayer,,Jumu‘ah (Friday) Prayer,Jumu‘ah (Friday) Prayer,,,,Jumu‘ah (Friday) Prayer,,,,,,,,,,,,,,,,,,,,,jumu‘ah-friday-prayer
1943,134,صلاة التطوع,Voluntary Prayer,,Voluntary Prayer,Voluntary Prayer,Voluntary Prayer,Voluntary Prayer,,,Voluntary Prayer,,Voluntary Prayer,Voluntary Prayer,,,,Voluntary Prayer,,,,,,,,,,,,,,,,,,,,,voluntary-prayer
1944,134,صلاة الخوف,Prayer of Fear,,Prayer of Fear,Prayer of Fear,Prayer of Fear,Prayer of Fear,,,Prayer of Fear,,Prayer of Fear,Prayer of Fear,,,,Prayer of Fear,,,,,,,,,,,,,,,,,,,,,prayer-of-fear
1945,472,فضل يوم الجمعة,Virtue of Friday,,Virtue of Friday,Virtue of Friday,Virtue of Friday,Virtue of Friday,,,Virtue of Friday,,Virtue of Friday,Virtue of Friday,,,,Virtue of Friday,,,,,,,,,,,,,,,,,,,,,virtue-of-friday
1946,472,فضل صلاة الجمعة,Merit of Jumu‘ah Prayer,,Merit of Jumu‘ah Prayer,Merit of Jumu‘ah Prayer,Merit of Jumu‘ah Prayer,Merit of Jumu‘ah Prayer,,,Merit of Jumu‘ah Prayer,,Merit of Jumu‘ah Prayer,Merit of Jumu‘ah Prayer,,,,Merit of Jumu‘ah Prayer,,,,,,,,,,,,,,,,,,,,,merit-of-jumu‘ah-prayer
1947,472,أحكام صلاة الجمعة,Rulings of Jumu‘ah Prayer,,Rulings of Jumu‘ah Prayer,Rulings of Jumu‘ah Prayer,Rulings of Jumu‘ah Prayer,Rulings of Jumu‘ah Prayer,,,Rulings of Jumu‘ah Prayer,,Rulings of Jumu‘ah Prayer,Rulings of Jumu‘ah Prayer,,,,Rulings of Jumu‘ah Prayer,,,,,,,,,,,,,,,,,,,,,rulings-of-jumu‘ah-prayer
1948,472,أحكام خطبة الجمعة,Rulings of Jumu‘ah Sermon,,Rulings of Jumu‘ah Sermon,Rulings of Jumu‘ah Sermon,Rulings of Jumu‘ah Sermon,Rulings of Jumu‘ah Sermon,,,Rulings of Jumu‘ah Sermon,,Rulings of Jumu‘ah Sermon,Rulings of Jumu‘ah Sermon,,,,Rulings of Jumu‘ah Sermon,,,,,,,,,,,,,,,,,,,,,rulings-of-jumu‘ah-sermon
1949,473,فضل صلاة التطوع,Virtue of Voluntary Prayer,,Virtue of Voluntary Prayer,Virtue of Voluntary Prayer,Virtue of Voluntary Prayer,Virtue of Voluntary Prayer,,,Virtue of Voluntary Prayer,,Virtue of Voluntary Prayer,Virtue of Voluntary Prayer,,,,Virtue of Voluntary Prayer,,,,,,,,,,,,,,,,,,,,,virtue-of-voluntary-prayer
1950,473,السنن الرواتب,Regular Sunnah (Recommended) Prayers,,Regular Sunnah (Recommended) Prayers,Regular Sunnah (Recommended) Prayers,Regular Sunnah (Recommended) Prayers,Regular Sunnah (Recommended) Prayers,,,Regular Sunnah (Recommended) Prayers,,Regular Sunnah (Recommended) Prayers,Regular Sunnah (Recommended) Prayers,,,,Regular Sunnah (Recommended) Prayers,,,,,,,,,,,,,,,,,,,,,regular-sunnah-recommended-prayers
1951,473,قيام الليل,Voluntary Night Prayer (Qiyaam),,Voluntary Night Prayer (Qiyaam),Voluntary Night Prayer (Qiyaam),Voluntary Night Prayer (Qiyaam),Voluntary Night Prayer (Qiyaam),,,Voluntary Night Prayer (Qiyaam),,Voluntary Night Prayer (Qiyaam),Voluntary Night Prayer (Qiyaam),,,,Voluntary Night Prayer (Qiyaam),,,,,,,,,,,,,,,,,,,,,voluntary-night-prayer-qiyaam
1952,473,صلاة العيدين,Prayer of the Two Eids,,Prayer of the Two Eids,Prayer of the Two Eids,Prayer of the Two Eids,Prayer of the Two Eids,,,Prayer of the Two Eids,,Prayer of the Two Eids,Prayer of the Two Eids,,,,Prayer of the Two Eids,,,,,,,,,,,,,,,,,,,,,prayer-of-the-two-eids
1953,134,صلاة الكسوف والخسوف,Prayer of the Solar and Lunar Eclipse,,Prayer of the Solar and Lunar Eclipse,Prayer of the Solar and Lunar Eclipse,Prayer of the Solar and Lunar Eclipse,Prayer of the Solar and Lunar Eclipse,,,Prayer of the Solar and Lunar Eclipse,,Prayer of the Solar and Lunar Eclipse,Prayer of the Solar and Lunar Eclipse,,,,Prayer of the Solar and Lunar Eclipse,,,,,,,,,,,,,,,,,,,,,prayer-of-the-solar-and-lunar-eclipse
1954,134,صلاة الاستسقاء,Rain-Seeking Prayer,,Rain-Seeking Prayer,Rain-Seeking Prayer,Rain-Seeking Prayer,Rain-Seeking Prayer,,,Rain-Seeking Prayer,,Rain-Seeking Prayer,Rain-Seeking Prayer,,,,Rain-Seeking Prayer,,,,,,,,,,,,,,,,,,,,,rain-seeking-prayer
1955,473,صلاة الضحى,Forenoon Prayer,,Forenoon Prayer,Forenoon Prayer,Forenoon Prayer,Forenoon Prayer,,,Forenoon Prayer,,Forenoon Prayer,Forenoon Prayer,,,,Forenoon Prayer,,,,,,,,,,,,,,,,,,,,,forenoon-prayer
1956,473,صلاة الاستخارة,Guidance-Seeking Prayer,,Guidance-Seeking Prayer,Guidance-Seeking Prayer,Guidance-Seeking Prayer,Guidance-Seeking Prayer,,,Guidance-Seeking Prayer,,Guidance-Seeking Prayer,Guidance-Seeking Prayer,,,,Guidance-Seeking Prayer,,,,,,,,,,,,,,,,,,,,,guidance-seeking-prayer
1957,135,الموت وأحكامه,Death and Its Rulings,,Death and Its Rulings,Death and Its Rulings,Death and Its Rulings,Death and Its Rulings,,,Death and Its Rulings,,Death and Its Rulings,Death and Its Rulings,,,,Death and Its Rulings,,,,,,,,,,,,,,,,,,,,,death-and-its-rulings
1958,135,غسل الميت,Washing the Dead,,Washing the Dead,Washing the Dead,Washing the Dead,Washing the Dead,,,Washing the Dead,,Washing the Dead,Washing the Dead,,,,Washing the Dead,,,,,,,,,,,,,,,,,,,,,washing-the-dead
1959,135,صفة الصلاة على الميت,Method of Praying over the Dead,,Method of Praying over the Dead,Method of Praying over the Dead,Method of Praying over the Dead,Method of Praying over the Dead,,,Method of Praying over the Dead,,Method of Praying over the Dead,Method of Praying over the Dead,,,,Method of Praying over the Dead,,,,,,,,,,,,,,,,,,,,,method-of-praying-over-the-dead
1960,135,حمل الميت ودفنه,Carrying and Burying the Dead,,Carrying and Burying the Dead,Carrying and Burying the Dead,Carrying and Burying the Dead,Carrying and Burying the Dead,,,Carrying and Burying the Dead,,Carrying and Burying the Dead,Carrying and Burying the Dead,,,,Carrying and Burying the Dead,,,,,,,,,,,,,,,,,,,,,carrying-and-burying-the-dead
1961,135,التعزية,Consolation,,Consolation,Consolation,Consolation,Consolation,,,Consolation,,Consolation,Consolation,,,,Consolation,,,,,,,,,,,,,,,,,,,,,consolation
1962,135,زيارة القبور,Visiting the Graves,,Visiting the Graves,Visiting the Graves,Visiting the Graves,Visiting the Graves,,,Visiting the Graves,,Visiting the Graves,Visiting the Graves,,,,Visiting the Graves,,,,,,,,,,,,,,,,,,,,,visiting-the-graves
1963,135,الأعمال الصالحة عن الميت وإهداء الثواب له,Doing Good Deeds on behalf of the Deceased and Gifting them the Reward,,Doing Good Deeds on behalf of the Deceased and Gifting them the Reward,Doing Good Deeds on behalf of the Deceased and Gifting them the Reward,Doing Good Deeds on behalf of the Deceased and Gifting them the Reward,Doing Good Deeds on behalf of the Deceased and Gifting them the Reward,,,Doing Good Deeds on behalf of the Deceased and Gifting them the Reward,,Doing Good Deeds on behalf of the Deceased and Gifting them the Reward,Doing Good Deeds on behalf of the Deceased and Gifting them the Reward,,,,Doing Good Deeds on behalf of the Deceased and Gifting them the Reward,,,,,,,,,,,,,,,,,,,,,doing-good-deeds-on-behalf-of-the-deceased-and-gifting-them-the-reward
1964,136,وجوب الزكاة وحكم تاركها,Obligation of Zakah and Ruling of Its Abandoning,,Obligation of Zakah and Ruling of Its Abandoning,Obligation of Zakah and Ruling of Its Abandoning,Obligation of Zakah and Ruling of Its Abandoning,Obligation of Zakah and Ruling of Its Abandoning,,,Obligation of Zakah and Ruling of Its Abandoning,,Obligation of Zakah and Ruling of Its Abandoning,Obligation of Zakah and Ruling of Its Abandoning,,,,Obligation of Zakah and Ruling of Its Abandoning,,,,,,,,,,,,,,,,,,,,,obligation-of-zakah-and-ruling-of-its-abandoning
1965,136,أحكام ومسائل الزكاة,Rulings and Issues of Zakah,,Rulings and Issues of Zakah,Rulings and Issues of Zakah,Rulings and Issues of Zakah,Rulings and Issues of Zakah,,,Rulings and Issues of Zakah,,Rulings and Issues of Zakah,Rulings and Issues of Zakah,,,,Rulings and Issues of Zakah,,,,,,,,,,,,,,,,,,,,,rulings-and-issues-of-zakah
1966,136,زكاة النقدين,Zakah of Gold and Silver,,Zakah of Gold and Silver,Zakah of Gold and Silver,Zakah of Gold and Silver,Zakah of Gold and Silver,,,Zakah of Gold and Silver,,Zakah of Gold and Silver,Zakah of Gold and Silver,,,,Zakah of Gold and Silver,,,,,,,,,,,,,,,,,,,,,zakah-of-gold-and-silver
1967,136,زكاة بهيمة الأنعام,Zakah of Livestock,,Zakah of Livestock,Zakah of Livestock,Zakah of Livestock,Zakah of Livestock,,,Zakah of Livestock,,Zakah of Livestock,Zakah of Livestock,,,,Zakah of Livestock,,,,,,,,,,,,,,,,,,,,,zakah-of-livestock
1968,136,زكاة الخارج من الأرض,Zakah of Land Produce,,Zakah of Land Produce,Zakah of Land Produce,Zakah of Land Produce,Zakah of Land Produce,,,Zakah of Land Produce,,Zakah of Land Produce,Zakah of Land Produce,,,,Zakah of Land Produce,,,,,,,,,,,,,,,,,,,,,zakah-of-land-produce
1969,136,زكاة الفطر,Zakat-ul-Fitr (Minor-Eid Charity),,Zakat-ul-Fitr (Minor-Eid Charity),Zakat-ul-Fitr (Minor-Eid Charity),Zakat-ul-Fitr (Minor-Eid Charity),Zakat-ul-Fitr (Minor-Eid Charity),,,Zakat-ul-Fitr (Minor-Eid Charity),,Zakat-ul-Fitr (Minor-Eid Charity),Zakat-ul-Fitr (Minor-Eid Charity),,,,Zakat-ul-Fitr (Minor-Eid Charity),,,,,,,,,,,,,,,,,,,,,zakat-ul-fitr-minor-eid-charity
1970,136,مصارف الزكاة,Channels of Zakah (People Who Receive Zakah),,Channels of Zakah (People Who Receive Zakah),Channels of Zakah (People Who Receive Zakah),Channels of Zakah (People Who Receive Zakah),Channels of Zakah (People Who Receive Zakah),,,Channels of Zakah (People Who Receive Zakah),,Channels of Zakah (People Who Receive Zakah),Channels of Zakah (People Who Receive Zakah),,,,Channels of Zakah (People Who Receive Zakah),,,,,,,,,,,,,,,,,,,,,channels-of-zakah-people-who-receive-zakah
1971,136,صدقة التطوع,Voluntary Charity,,Voluntary Charity,Voluntary Charity,Voluntary Charity,Voluntary Charity,,,Voluntary Charity,,Voluntary Charity,Voluntary Charity,,,,Voluntary Charity,,,,,,,,,,,,,,,,,,,,,voluntary-charity
1972,137,وجوب الصيام وحكم تاركه,Obligation of Fasting and Ruling of Its Abandoning,,Obligation of Fasting and Ruling of Its Abandoning,Obligation of Fasting and Ruling of Its Abandoning,Obligation of Fasting and Ruling of Its Abandoning,Obligation of Fasting and Ruling of Its Abandoning,,,Obligation of Fasting and Ruling of Its Abandoning,,Obligation of Fasting and Ruling of Its Abandoning,Obligation of Fasting and Ruling of Its Abandoning,,,,Obligation of Fasting and Ruling of Its Abandoning,,,,,,,,,,,,,,,,,,,,,obligation-of-fasting-and-ruling-of-its-abandoning
1973,137,فضل الصيام,Virtue of Fasting,,Virtue of Fasting,Virtue of Fasting,Virtue of Fasting,Virtue of Fasting,,,Virtue of Fasting,,Virtue of Fasting,Virtue of Fasting,,,,Virtue of Fasting,,,,,,,,,,,,,,,,,,,,,virtue-of-fasting
1974,137,سنن الصيام,Recommended Acts of Fasting,,Recommended Acts of Fasting,Recommended Acts of Fasting,Recommended Acts of Fasting,Recommended Acts of Fasting,,,Recommended Acts of Fasting,,Recommended Acts of Fasting,Recommended Acts of Fasting,,,,Recommended Acts of Fasting,,,,,,,,,,,,,,,,,,,,,recommended-acts-of-fasting
1975,137,رؤية الهلال,Sighting the Crescent,,Sighting the Crescent,Sighting the Crescent,Sighting the Crescent,Sighting the Crescent,,,Sighting the Crescent,,Sighting the Crescent,Sighting the Crescent,,,,Sighting the Crescent,,,,,,,,,,,,,,,,,,,,,sighting-the-crescent
1976,137,صيام يوم الشك,Fasting on the Day of Doubt,,Fasting on the Day of Doubt,Fasting on the Day of Doubt,Fasting on the Day of Doubt,Fasting on the Day of Doubt,,,Fasting on the Day of Doubt,,Fasting on the Day of Doubt,Fasting on the Day of Doubt,,,,Fasting on the Day of Doubt,,,,,,,,,,,,,,,,,,,,,fasting-on-the-day-of-doubt
1977,137,قضاء الصيام,Fasting Missed Days of Ramadaan,,Fasting Missed Days of Ramadaan,Fasting Missed Days of Ramadaan,Fasting Missed Days of Ramadaan,Fasting Missed Days of Ramadaan,,,Fasting Missed Days of Ramadaan,,Fasting Missed Days of Ramadaan,Fasting Missed Days of Ramadaan,,,,Fasting Missed Days of Ramadaan,,,,,,,,,,,,,,,,,,,,,fasting-missed-days-of-ramadaan
1978,137,صيام أهل الأعذار,Fasting of People with Excuses,,Fasting of People with Excuses,Fasting of People with Excuses,Fasting of People with Excuses,Fasting of People with Excuses,,,Fasting of People with Excuses,,Fasting of People with Excuses,Fasting of People with Excuses,,,,Fasting of People with Excuses,,,,,,,,,,,,,,,,,,,,,fasting-of-people-with-excuses
1979,137,مفسدات الصيام,Nullifiers of Fasting,,Nullifiers of Fasting,Nullifiers of Fasting,Nullifiers of Fasting,Nullifiers of Fasting,,,Nullifiers of Fasting,,Nullifiers of Fasting,Nullifiers of Fasting,,,,Nullifiers of Fasting,,,,,,,,,,,,,,,,,,,,,nullifiers-of-fasting
1980,137,ما يجب على الصائم,Fasting Obligations,,Fasting Obligations,Fasting Obligations,Fasting Obligations,Fasting Obligations,,,Fasting Obligations,,Fasting Obligations,Fasting Obligations,,,,Fasting Obligations,,,,,,,,,,,,,,,,,,,,,fasting-obligations
1981,137,ما يجوز للصائم,What is Permissible for the Fasting Person,,What is Permissible for the Fasting Person,What is Permissible for the Fasting Person,What is Permissible for the Fasting Person,What is Permissible for the Fasting Person,,,What is Permissible for the Fasting Person,,What is Permissible for the Fasting Person,What is Permissible for the Fasting Person,,,,What is Permissible for the Fasting Person,,,,,,,,,,,,,,,,,,,,,what-is-permissible-for-the-fasting-person
1982,137,ما يحرم على الصائم,Fasting Prohibitions,,Fasting Prohibitions,Fasting Prohibitions,Fasting Prohibitions,Fasting Prohibitions,,,Fasting Prohibitions,,Fasting Prohibitions,Fasting Prohibitions,,,,Fasting Prohibitions,,,,,,,,,,,,,,,,,,,,,fasting-prohibitions
1983,137,ما يكره للصائم,What is Disliked for the Fasting Person,,What is Disliked for the Fasting Person,What is Disliked for the Fasting Person,What is Disliked for the Fasting Person,What is Disliked for the Fasting Person,,,What is Disliked for the Fasting Person,,What is Disliked for the Fasting Person,What is Disliked for the Fasting Person,,,,What is Disliked for the Fasting Person,,,,,,,,,,,,,,,,,,,,,what-is-disliked-for-the-fasting-person
1984,137,صيام التطوع,Voluntary Fasting,,Voluntary Fasting,Voluntary Fasting,Voluntary Fasting,Voluntary Fasting,,,Voluntary Fasting,,Voluntary Fasting,Voluntary Fasting,,,,Voluntary Fasting,,,,,,,,,,,,,,,,,,,,,voluntary-fasting
1985,137,الاعتكاف,Seclusion for Worship in Ramadaan (I‘tikaaf),,Seclusion for Worship in Ramadaan (I‘tikaaf),Seclusion for Worship in Ramadaan (I‘tikaaf),Seclusion for Worship in Ramadaan (I‘tikaaf),Seclusion for Worship in Ramadaan (I‘tikaaf),,,Seclusion for Worship in Ramadaan (I‘tikaaf),,Seclusion for Worship in Ramadaan (I‘tikaaf),Seclusion for Worship in Ramadaan (I‘tikaaf),,,,Seclusion for Worship in Ramadaan (I‘tikaaf),,,,,,,,,,,,,,,,,,,,,seclusion-for-worship-in-ramadaan-i‘tikaaf
1986,137,العشر الأواخر من رمضان,Last Ten Days of Ramadaan,,Last Ten Days of Ramadaan,Last Ten Days of Ramadaan,Last Ten Days of Ramadaan,Last Ten Days of Ramadaan,,,Last Ten Days of Ramadaan,,Last Ten Days of Ramadaan,Last Ten Days of Ramadaan,,,,Last Ten Days of Ramadaan,,,,,,,,,,,,,,,,,,,,,last-ten-days-of-ramadaan
1987,138,وجوب الحج والعمرة وحكم تاركهما,Obligation of Hajj and ‘Umrah and Ruling of Its Abandoner,,Obligation of Hajj and ‘Umrah and Ruling of Its Abandoner,Obligation of Hajj and ‘Umrah and Ruling of Its Abandoner,Obligation of Hajj and ‘Umrah and Ruling of Its Abandoner,Obligation of Hajj and ‘Umrah and Ruling of Its Abandoner,,,Obligation of Hajj and ‘Umrah and Ruling of Its Abandoner,,Obligation of Hajj and ‘Umrah and Ruling of Its Abandoner,Obligation of Hajj and ‘Umrah and Ruling of Its Abandoner,,,,Obligation of Hajj and ‘Umrah and Ruling of Its Abandoner,,,,,,,,,,,,,,,,,,,,,obligation-of-hajj-and-‘umrah-and-ruling-of-its-abandoner
1988,138,فضل الحج والعمرة,Virtue of Hajj and Umrah,,Virtue of Hajj and Umrah,Virtue of Hajj and Umrah,Virtue of Hajj and Umrah,Virtue of Hajj and Umrah,,,Virtue of Hajj and Umrah,,Virtue of Hajj and Umrah,Virtue of Hajj and Umrah,,,,Virtue of Hajj and Umrah,,,,,,,,,,,,,,,,,,,,,virtue-of-hajj-and-umrah
1989,138,العشر من ذي الحجة,First Ten Days of Dhul Hijjah (Twelfth Lunar Month),,First Ten Days of Dhul Hijjah (Twelfth Lunar Month),First Ten Days of Dhul Hijjah (Twelfth Lunar Month),First Ten Days of Dhul Hijjah (Twelfth Lunar Month),First Ten Days of Dhul Hijjah (Twelfth Lunar Month),,,First Ten Days of Dhul Hijjah (Twelfth Lunar Month),,First Ten Days of Dhul Hijjah (Twelfth Lunar Month),First Ten Days of Dhul Hijjah (Twelfth Lunar Month),,,,First Ten Days of Dhul Hijjah (Twelfth Lunar Month),,,,,,,,,,,,,,,,,,,,,first-ten-days-of-dhul-hijjah-twelfth-lunar-month
1990,138,أحكام المسجد الحرام والمسجد النبوي وبيت المقدس,Rulings of Al-Masjid Al-Haraam; the Prophet's Mosque; and the Aqsa Mosque,,Rulings of Al-Masjid Al-Haraam; the Prophet's Mosque; and the Aqsa Mosque,Rulings of Al-Masjid Al-Haraam; the Prophet's Mosque; and the Aqsa Mosque,Rulings of Al-Masjid Al-Haraam; the Prophet's Mosque; and the Aqsa Mosque,Rulings of Al-Masjid Al-Haraam; the Prophet's Mosque; and the Aqsa Mosque,,,Rulings of Al-Masjid Al-Haraam; the Prophet's Mosque; and the Aqsa Mosque,,Rulings of Al-Masjid Al-Haraam; the Prophet's Mosque; and the Aqsa Mosque,Rulings of Al-Masjid Al-Haraam; the Prophet's Mosque; and the Aqsa Mosque,,,,Rulings of Al-Masjid Al-Haraam; the Prophet's Mosque; and the Aqsa Mosque,,,,,,,,,,,,,,,,,,,,,rulings-of-al-masjid-al-haraam;-the-prophets-mosque;-and-the-aqsa-mosque
1991,138,أحكام الإحرام,Rulings of Ihraam (the Ritual State of Consecration),,Rulings of Ihraam (the Ritual State of Consecration),Rulings of Ihraam (the Ritual State of Consecration),Rulings of Ihraam (the Ritual State of Consecration),Rulings of Ihraam (the Ritual State of Consecration),,,Rulings of Ihraam (the Ritual State of Consecration),,Rulings of Ihraam (the Ritual State of Consecration),Rulings of Ihraam (the Ritual State of Consecration),,,,Rulings of Ihraam (the Ritual State of Consecration),,,,,,,,,,,,,,,,,,,,,rulings-of-ihraam-the-ritual-state-of-consecration
1992,138,محظورات الإحرام,Prohibitions of Ihraam,,Prohibitions of Ihraam,Prohibitions of Ihraam,Prohibitions of Ihraam,Prohibitions of Ihraam,,,Prohibitions of Ihraam,,Prohibitions of Ihraam,Prohibitions of Ihraam,,,,Prohibitions of Ihraam,,,,,,,,,,,,,,,,,,,,,prohibitions-of-ihraam
1993,138,الفدية وجزاء الصيد,Ransom and Hunting Expiation,,Ransom and Hunting Expiation,Ransom and Hunting Expiation,Ransom and Hunting Expiation,Ransom and Hunting Expiation,,,Ransom and Hunting Expiation,,Ransom and Hunting Expiation,Ransom and Hunting Expiation,,,,Ransom and Hunting Expiation,,,,,,,,,,,,,,,,,,,,,ransom-and-hunting-expiation
1994,138,أنواع النسك,Types of Rituals (Pilgrimage),,Types of Rituals (Pilgrimage),Types of Rituals (Pilgrimage),Types of Rituals (Pilgrimage),Types of Rituals (Pilgrimage),,,Types of Rituals (Pilgrimage),,Types of Rituals (Pilgrimage),Types of Rituals (Pilgrimage),,,,Types of Rituals (Pilgrimage),,,,,,,,,,,,,,,,,,,,,types-of-rituals-pilgrimage
1995,138,واجبات العمرة,Obligations of ‘Umrah,,Obligations of ‘Umrah,Obligations of ‘Umrah,Obligations of ‘Umrah,Obligations of ‘Umrah,,,Obligations of ‘Umrah,,Obligations of ‘Umrah,Obligations of ‘Umrah,,,,Obligations of ‘Umrah,,,,,,,,,,,,,,,,,,,,,obligations-of-‘umrah
1996,138,صفة الحج,How to Make Hajj (Pilgrimage),,How to Make Hajj (Pilgrimage),How to Make Hajj (Pilgrimage),How to Make Hajj (Pilgrimage),How to Make Hajj (Pilgrimage),,,How to Make Hajj (Pilgrimage),,How to Make Hajj (Pilgrimage),How to Make Hajj (Pilgrimage),,,,How to Make Hajj (Pilgrimage),,,,,,,,,,,,,,,,,,,,,how-to-make-hajj-pilgrimage
1997,138,أركان الحج,Pillars of Hajj (Pilgrimage),,Pillars of Hajj (Pilgrimage),Pillars of Hajj (Pilgrimage),Pillars of Hajj (Pilgrimage),Pillars of Hajj (Pilgrimage),,,Pillars of Hajj (Pilgrimage),,Pillars of Hajj (Pilgrimage),Pillars of Hajj (Pilgrimage),,,,Pillars of Hajj (Pilgrimage),,,,,,,,,,,,,,,,,,,,,pillars-of-hajj-pilgrimage
1998,138,واجبات الحج,Obligations of Hajj (Pilgrimage),,Obligations of Hajj (Pilgrimage),Obligations of Hajj (Pilgrimage),Obligations of Hajj (Pilgrimage),Obligations of Hajj (Pilgrimage),,,Obligations of Hajj (Pilgrimage),,Obligations of Hajj (Pilgrimage),Obligations of Hajj (Pilgrimage),,,,Obligations of Hajj (Pilgrimage),,,,,,,,,,,,,,,,,,,,,obligations-of-hajj-pilgrimage
1999,138,أحكام المسجد النبوي,Rulings of the Prophet's Mosque,,Rulings of the Prophet's Mosque,Rulings of the Prophet's Mosque,Rulings of the Prophet's Mosque,Rulings of the Prophet's Mosque,,,Rulings of the Prophet's Mosque,,Rulings of the Prophet's Mosque,Rulings of the Prophet's Mosque,,,,Rulings of the Prophet's Mosque,,,,,,,,,,,,,,,,,,,,,rulings-of-the-prophets-mosque
2000,138,الهدي والكفارات,Sacrificial Animals and Expiations,,Sacrificial Animals and Expiations,Sacrificial Animals and Expiations,Sacrificial Animals and Expiations,Sacrificial Animals and Expiations,,,Sacrificial Animals and Expiations,,Sacrificial Animals and Expiations,Sacrificial Animals and Expiations,,,,Sacrificial Animals and Expiations,,,,,,,,,,,,,,,,,,,,,sacrificial-animals-and-expiations
2001,138,الأضحية,Sacrifice,,Sacrifice,Sacrifice,Sacrifice,Sacrifice,,,Sacrifice,,Sacrifice,Sacrifice,,,,Sacrifice,,,,,,,,,,,,,,,,,,,,,sacrifice
2002,138,أحكام ومسائل الحج والعمرة,Rulings and Issues of Hajj and ‘Umrah,,Rulings and Issues of Hajj and ‘Umrah,Rulings and Issues of Hajj and ‘Umrah,Rulings and Issues of Hajj and ‘Umrah,Rulings and Issues of Hajj and ‘Umrah,,,Rulings and Issues of Hajj and ‘Umrah,,Rulings and Issues of Hajj and ‘Umrah,Rulings and Issues of Hajj and ‘Umrah,,,,Rulings and Issues of Hajj and ‘Umrah,,,,,,,,,,,,,,,,,,,,,rulings-and-issues-of-hajj-and-‘umrah
2003,139,حكم الجهاد,Ruling of Jihad,,Ruling of Jihad,Ruling of Jihad,Ruling of Jihad,Ruling of Jihad,,,Ruling of Jihad,,Ruling of Jihad,Ruling of Jihad,,,,Ruling of Jihad,,,,,,,,,,,,,,,,,,,,,ruling-of-jihad
2004,139,فضل الجهاد,Excellence of Jihad,,Excellence of Jihad,Excellence of Jihad,Excellence of Jihad,Excellence of Jihad,,,Excellence of Jihad,,Excellence of Jihad,Excellence of Jihad,,,,Excellence of Jihad,,,,,,,,,,,,,,,,,,,,,excellence-of-jihad
2005,139,أقسام الجهاد,Categories of Jihad,,Categories of Jihad,Categories of Jihad,Categories of Jihad,Categories of Jihad,,,Categories of Jihad,,Categories of Jihad,Categories of Jihad,,,,Categories of Jihad,,,,,,,,,,,,,,,,,,,,,categories-of-jihad
2006,139,أحكام ومسائل الجهاد,Rulings and Issues of Jihad,,Rulings and Issues of Jihad,Rulings and Issues of Jihad,Rulings and Issues of Jihad,Rulings and Issues of Jihad,,,Rulings and Issues of Jihad,,Rulings and Issues of Jihad,Rulings and Issues of Jihad,,,,Rulings and Issues of Jihad,,,,,,,,,,,,,,,,,,,,,rulings-and-issues-of-jihad
2007,139,آداب الجهاد,Manners of Jihad,,Manners of Jihad,Manners of Jihad,Manners of Jihad,Manners of Jihad,,,Manners of Jihad,,Manners of Jihad,Manners of Jihad,,,,Manners of Jihad,,,,,,,,,,,,,,,,,,,,,manners-of-jihad
2008,139,أحكام أهل الذمة,Rulings of Non-Muslims Living in Muslim Country,,Rulings of Non-Muslims Living in Muslim Country,Rulings of Non-Muslims Living in Muslim Country,Rulings of Non-Muslims Living in Muslim Country,Rulings of Non-Muslims Living in Muslim Country,,,Rulings of Non-Muslims Living in Muslim Country,,Rulings of Non-Muslims Living in Muslim Country,Rulings of Non-Muslims Living in Muslim Country,,,,Rulings of Non-Muslims Living in Muslim Country,,,,,,,,,,,,,,,,,,,,,rulings-of-non-muslims-living-in-muslim-country
2009,139,أحكام الهدنة والأمان,Rulings of Truce and Security,,Rulings of Truce and Security,Rulings of Truce and Security,Rulings of Truce and Security,Rulings of Truce and Security,,,Rulings of Truce and Security,,Rulings of Truce and Security,Rulings of Truce and Security,,,,Rulings of Truce and Security,,,,,,,,,,,,,,,,,,,,,rulings-of-truce-and-security
2010,139,أحكام الإرهاب والاغتيالات والتفجيرات,Rulings of Terrorism; Assassinations; and Explosions,,Rulings of Terrorism; Assassinations; and Explosions,Rulings of Terrorism; Assassinations; and Explosions,Rulings of Terrorism; Assassinations; and Explosions,Rulings of Terrorism; Assassinations; and Explosions,,,Rulings of Terrorism; Assassinations; and Explosions,,Rulings of Terrorism; Assassinations; and Explosions,Rulings of Terrorism; Assassinations; and Explosions,,,,Rulings of Terrorism; Assassinations; and Explosions,,,,,,,,,,,,,,,,,,,,,rulings-of-terrorism;-assassinations;-and-explosions
2011,140,البيوع المحرمة,Forbidden Sales,,Forbidden Sales,Forbidden Sales,Forbidden Sales,Forbidden Sales,,,Forbidden Sales,,Forbidden Sales,Forbidden Sales,,,,Forbidden Sales,,,,,,,,,,,,,,,,,,,,,forbidden-sales
2012,169,الأيمان,Oaths,,Oaths,Oaths,Oaths,Oaths,,,Oaths,,Oaths,Oaths,,,,Oaths,,,,,,,,,,,,,,,,,,,,,oaths
2013,169,النذور,Vows,,Vows,Vows,Vows,Vows,,,Vows,,Vows,Vows,,,,Vows,,,,,,,,,,,,,,,,,,,,,vows
2014,191,فضل النكاح,Excellence of Marriage,,Excellence of Marriage,Excellence of Marriage,Excellence of Marriage,Excellence of Marriage,,,Excellence of Marriage,,Excellence of Marriage,Excellence of Marriage,,,,Excellence of Marriage,,,,,,,,,,,,,,,,,,,,,excellence-of-marriage
2015,191,آداب النكاح,Manners of Marriage,,Manners of Marriage,Manners of Marriage,Manners of Marriage,Manners of Marriage,,,Manners of Marriage,,Manners of Marriage,Manners of Marriage,,,,Manners of Marriage,,,,,,,,,,,,,,,,,,,,,manners-of-marriage
2016,191,أحكام وشروط النكاح,Rulings and Conditions of Marriage,,Rulings and Conditions of Marriage,Rulings and Conditions of Marriage,Rulings and Conditions of Marriage,Rulings and Conditions of Marriage,,,Rulings and Conditions of Marriage,,Rulings and Conditions of Marriage,Rulings and Conditions of Marriage,,,,Rulings and Conditions of Marriage,,,,,,,,,,,,,,,,,,,,,rulings-and-conditions-of-marriage
2017,191,المحرمات في النكاح,Women Unlawful to Marry,,Women Unlawful to Marry,Women Unlawful to Marry,Women Unlawful to Marry,Women Unlawful to Marry,,,Women Unlawful to Marry,,Women Unlawful to Marry,Women Unlawful to Marry,,,,Women Unlawful to Marry,,,,,,,,,,,,,,,,,,,,,women-unlawful-to-marry
2018,191,الشروط في النكاح,Conditions of Marriage,,Conditions of Marriage,Conditions of Marriage,Conditions of Marriage,Conditions of Marriage,,,Conditions of Marriage,,Conditions of Marriage,Conditions of Marriage,,,,Conditions of Marriage,,,,,,,,,,,,,,,,,,,,,conditions-of-marriage
2019,191,نكاح الكفار,Marrying the Disbelievers,,Marrying the Disbelievers,Marrying the Disbelievers,Marrying the Disbelievers,Marrying the Disbelievers,,,Marrying the Disbelievers,,Marrying the Disbelievers,Marrying the Disbelievers,,,,Marrying the Disbelievers,,,,,,,,,,,,,,,,,,,,,marrying-the-disbelievers
2020,191,الأنكحة المحرمة,Forbidden Marriages,,Forbidden Marriages,Forbidden Marriages,Forbidden Marriages,Forbidden Marriages,,,Forbidden Marriages,,Forbidden Marriages,Forbidden Marriages,,,,Forbidden Marriages,,,,,,,,,,,,,,,,,,,,,forbidden-marriages
2021,191,الصداق,Dowry,,Dowry,Dowry,Dowry,Dowry,,,Dowry,,Dowry,Dowry,,,,Dowry,,,,,,,,,,,,,,,,,,,,,dowry
2022,191,وليمة العرس,Wedding Banquet,,Wedding Banquet,Wedding Banquet,Wedding Banquet,Wedding Banquet,,,Wedding Banquet,,Wedding Banquet,Wedding Banquet,,,,Wedding Banquet,,,,,,,,,,,,,,,,,,,,,wedding-banquet
2023,191,العشرة بين الزوجين,Marital Relations,,Marital Relations,Marital Relations,Marital Relations,Marital Relations,,,Marital Relations,,Marital Relations,Marital Relations,,,,Marital Relations,,,,,,,,,,,,,,,,,,,,,marital-relations
2024,192,ألفاظ الطلاق,Words of Divorce,,Words of Divorce,Words of Divorce,Words of Divorce,Words of Divorce,,,Words of Divorce,,Words of Divorce,Words of Divorce,,,,Words of Divorce,,,,,,,,,,,,,,,,,,,,,words-of-divorce
2025,192,الطلاق السني والطلاق البدعي,Sunnah Divorce and Innovative Divorce,,Sunnah Divorce and Innovative Divorce,Sunnah Divorce and Innovative Divorce,Sunnah Divorce and Innovative Divorce,Sunnah Divorce and Innovative Divorce,,,Sunnah Divorce and Innovative Divorce,,Sunnah Divorce and Innovative Divorce,Sunnah Divorce and Innovative Divorce,,,,Sunnah Divorce and Innovative Divorce,,,,,,,,,,,,,,,,,,,,,sunnah-divorce-and-innovative-divorce
2026,192,الطلاق الرجعي والبائن,Revocable and Irrevocable Divorce,,Revocable and Irrevocable Divorce,Revocable and Irrevocable Divorce,Revocable and Irrevocable Divorce,Revocable and Irrevocable Divorce,,,Revocable and Irrevocable Divorce,,Revocable and Irrevocable Divorce,Revocable and Irrevocable Divorce,,,,Revocable and Irrevocable Divorce,,,,,,,,,,,,,,,,,,,,,revocable-and-irrevocable-divorce
2027,192,أحكام ومسائل الطلاق,Rulings and Issues of Divorce,,Rulings and Issues of Divorce,Rulings and Issues of Divorce,Rulings and Issues of Divorce,Rulings and Issues of Divorce,,,Rulings and Issues of Divorce,,Rulings and Issues of Divorce,Rulings and Issues of Divorce,,,,Rulings and Issues of Divorce,,,,,,,,,,,,,,,,,,,,,rulings-and-issues-of-divorce
2028,198,أحكام العدة,Rulings of the Waiting Period,,Rulings of the Waiting Period,Rulings of the Waiting Period,Rulings of the Waiting Period,Rulings of the Waiting Period,,,Rulings of the Waiting Period,,Rulings of the Waiting Period,Rulings of the Waiting Period,,,,Rulings of the Waiting Period,,,,,,,,,,,,,,,,,,,,,rulings-of-the-waiting-period
2029,198,عدة المطلقة,The Divorced Woman's Waiting Period,,The Divorced Woman's Waiting Period,The Divorced Woman's Waiting Period,The Divorced Woman's Waiting Period,The Divorced Woman's Waiting Period,,,The Divorced Woman's Waiting Period,,The Divorced Woman's Waiting Period,The Divorced Woman's Waiting Period,,,,The Divorced Woman's Waiting Period,,,,,,,,,,,,,,,,,,,,,the-divorced-womans-waiting-period
2030,198,عدة المفقود زوجها,Waiting Period of the Lost Husband's Wife,,Waiting Period of the Lost Husband's Wife,Waiting Period of the Lost Husband's Wife,Waiting Period of the Lost Husband's Wife,Waiting Period of the Lost Husband's Wife,,,Waiting Period of the Lost Husband's Wife,,Waiting Period of the Lost Husband's Wife,Waiting Period of the Lost Husband's Wife,,,,Waiting Period of the Lost Husband's Wife,,,,,,,,,,,,,,,,,,,,,waiting-period-of-the-lost-husbands-wife
2031,198,الاستبراء,Ascertaining Non-Pregnancy,,Ascertaining Non-Pregnancy,Ascertaining Non-Pregnancy,Ascertaining Non-Pregnancy,Ascertaining Non-Pregnancy,,,Ascertaining Non-Pregnancy,,Ascertaining Non-Pregnancy,Ascertaining Non-Pregnancy,,,,Ascertaining Non-Pregnancy,,,,,,,,,,,,,,,,,,,,,ascertaining-non-pregnancy
2032,199,حكم الرضاع,Ruling of Breastfeeding,,Ruling of Breastfeeding,Ruling of Breastfeeding,Ruling of Breastfeeding,Ruling of Breastfeeding,,,Ruling of Breastfeeding,,Ruling of Breastfeeding,Ruling of Breastfeeding,,,,Ruling of Breastfeeding,,,,,,,,,,,,,,,,,,,,,ruling-of-breastfeeding
2033,199,شروط الرضاع,Conditions of Breastfeeding,,Conditions of Breastfeeding,Conditions of Breastfeeding,Conditions of Breastfeeding,Conditions of Breastfeeding,,,Conditions of Breastfeeding,,Conditions of Breastfeeding,Conditions of Breastfeeding,,,,Conditions of Breastfeeding,,,,,,,,,,,,,,,,,,,,,conditions-of-breastfeeding
2034,199,آثار الرضاع,Consequences of Breastfeeding,,Consequences of Breastfeeding,Consequences of Breastfeeding,Consequences of Breastfeeding,Consequences of Breastfeeding,,,Consequences of Breastfeeding,,Consequences of Breastfeeding,Consequences of Breastfeeding,,,,Consequences of Breastfeeding,,,,,,,,,,,,,,,,,,,,,consequences-of-breastfeeding
2035,205,الاختلاط,Intermixing,,Intermixing,Intermixing,Intermixing,Intermixing,,,Intermixing,,Intermixing,Intermixing,,,,Intermixing,,,,,,,,,,,,,,,,,,,,,intermixing
2036,205,تعدد الزوجات,Polygamy,,Polygamy,Polygamy,Polygamy,Polygamy,,,Polygamy,,Polygamy,Polygamy,,,,Polygamy,,,,,,,,,,,,,,,,,,,,,polygamy
2037,205,العلاقة بين الرجل والمرأة,Men-Women Relationships,,Men-Women Relationships,Men-Women Relationships,Men-Women Relationships,Men-Women Relationships,,,Men-Women Relationships,,Men-Women Relationships,Men-Women Relationships,,,,Men-Women Relationships,,,,,,,,,,,,,,,,,,,,,men-women-relationships
2038,206,تسمية المولود وتكنيته,Naming the Newborn,,Naming the Newborn,Naming the Newborn,Naming the Newborn,Naming the Newborn,,,Naming the Newborn,,Naming the Newborn,Naming the Newborn,,,,Naming the Newborn,,,,,,,,,,,,,,,,,,,,,naming-the-newborn
2039,206,العقيقة,Sacrificing for the Newborn,,Sacrificing for the Newborn,Sacrificing for the Newborn,Sacrificing for the Newborn,Sacrificing for the Newborn,,,Sacrificing for the Newborn,,Sacrificing for the Newborn,Sacrificing for the Newborn,,,,Sacrificing for the Newborn,,,,,,,,,,,,,,,,,,,,,sacrificing-for-the-newborn
2040,206,النفقة على الأولاد,Providing for Children,,Providing for Children,Providing for Children,Providing for Children,Providing for Children,,,Providing for Children,,Providing for Children,Providing for Children,,,,Providing for Children,,,,,,,,,,,,,,,,,,,,,providing-for-children
2041,206,تربية الأولاد,Raising Children,,Raising Children,Raising Children,Raising Children,Raising Children,,,Raising Children,,Raising Children,Raising Children,,,,Raising Children,,,,,,,,,,,,,,,,,,,,,raising-children
2042,211,أحكام الرقية,Rulings of Ruqyah (protective and healing supplications),,Rulings of Ruqyah (protective and healing supplications),Rulings of Ruqyah (protective and healing supplications),Rulings of Ruqyah (protective and healing supplications),Rulings of Ruqyah (protective and healing supplications),,,Rulings of Ruqyah (protective and healing supplications),,Rulings of Ruqyah (protective and healing supplications),Rulings of Ruqyah (protective and healing supplications),,,,Rulings of Ruqyah (protective and healing supplications),,,,,,,,,,,,,,,,,,,,,rulings-of-ruqyah-protective-and-healing-supplications
2043,270,فضل العلم وأهميته,Merit and Significance of Knowledge,,Merit and Significance of Knowledge,Merit and Significance of Knowledge,Merit and Significance of Knowledge,Merit and Significance of Knowledge,,,Merit and Significance of Knowledge,,Merit and Significance of Knowledge,Merit and Significance of Knowledge,,,,Merit and Significance of Knowledge,,,,,,,,,,,,,,,,,,,,,merit-and-significance-of-knowledge
2044,276,فضائل الخلفاء الراشدين رضي الله عنهم,Merits of the Rightly Guided Caliphs,,Merits of the Rightly Guided Caliphs,Merits of the Rightly Guided Caliphs,Merits of the Rightly Guided Caliphs,Merits of the Rightly Guided Caliphs,,,Merits of the Rightly Guided Caliphs,,Merits of the Rightly Guided Caliphs,Merits of the Rightly Guided Caliphs,,,,Merits of the Rightly Guided Caliphs,,,,,,,,,,,,,,,,,,,,,merits-of-the-rightly-guided-caliphs
2045,287,المناهي اللفظية وآفات اللسان,Forbidden Utterances and Tongue Evils,,Forbidden Utterances and Tongue Evils,Forbidden Utterances and Tongue Evils,Forbidden Utterances and Tongue Evils,Forbidden Utterances and Tongue Evils,,,Forbidden Utterances and Tongue Evils,,Forbidden Utterances and Tongue Evils,Forbidden Utterances and Tongue Evils,,,,Forbidden Utterances and Tongue Evils,,,,,,,,,,,,,,,,,,,,,forbidden-utterances-and-tongue-evils
2046,406,الصفات الخَلْقية,Physical Attributes,,Physical Attributes,Physical Attributes,Physical Attributes,Physical Attributes,,,Physical Attributes,,Physical Attributes,Physical Attributes,,,,Physical Attributes,,,,,,,,,,,,,,,,,,,,,physical-attributes
2047,406,لباسه صلى الله عليه وسلم,Prophet's Dress Code,,Prophet's Dress Code,Prophet's Dress Code,Prophet's Dress Code,Prophet's Dress Code,,,Prophet's Dress Code,,Prophet's Dress Code,Prophet's Dress Code,,,,Prophet's Dress Code,,,,,,,,,,,,,,,,,,,,,prophets-dress-code
2048,406,أثاثه ومتاعه وسلاحه صلى الله عليه وسلم,Prophet's Furniture; Stuff; and Arms,,Prophet's Furniture; Stuff; and Arms,Prophet's Furniture; Stuff; and Arms,Prophet's Furniture; Stuff; and Arms,Prophet's Furniture; Stuff; and Arms,,,Prophet's Furniture; Stuff; and Arms,,Prophet's Furniture; Stuff; and Arms,Prophet's Furniture; Stuff; and Arms,,,,Prophet's Furniture; Stuff; and Arms,,,,,,,,,,,,,,,,,,,,,prophets-furniture;-stuff;-and-arms
2049,406,طعامه وشرابه صلى الله عليه وسلم,Prophet's Food and Drink,,Prophet's Food and Drink,Prophet's Food and Drink,Prophet's Food and Drink,Prophet's Food and Drink,,,Prophet's Food and Drink,,Prophet's Food and Drink,Prophet's Food and Drink,,,,Prophet's Food and Drink,,,,,,,,,,,,,,,,,,,,,prophets-food-and-drink
2050,406,سفره صلى الله عليه وسلم,Prophet's Travel,,Prophet's Travel,Prophet's Travel,Prophet's Travel,Prophet's Travel,,,Prophet's Travel,,Prophet's Travel,Prophet's Travel,,,,Prophet's Travel,,,,,,,,,,,,,,,,,,,,,prophets-travel
2051,406,الصفات الخُلُقية,Moral Attributes,,Moral Attributes,Moral Attributes,Moral Attributes,Moral Attributes,,,Moral Attributes,,Moral Attributes,Moral Attributes,,,,Moral Attributes,,,,,,,,,,,,,,,,,,,,,moral-attributes
2052,406,الهدي النبوي,Prophet's Guidance,,Prophet's Guidance,Prophet's Guidance,Prophet's Guidance,Prophet's Guidance,,,Prophet's Guidance,,Prophet's Guidance,Prophet's Guidance,,,,Prophet's Guidance,,,,,,,,,,,,,,,,,,,,,prophets-guidance
2053,646,كرمه صلى الله عليه وسلم,Prophet's Generosity,,Prophet's Generosity,Prophet's Generosity,Prophet's Generosity,Prophet's Generosity,,,Prophet's Generosity,,Prophet's Generosity,Prophet's Generosity,,,,Prophet's Generosity,,,,,,,,,,,,,,,,,,,,,prophets-generosity
2054,646,حياؤه صلى الله عليه وسلم,Prophet's Modesty,,Prophet's Modesty,Prophet's Modesty,Prophet's Modesty,Prophet's Modesty,,,Prophet's Modesty,,Prophet's Modesty,Prophet's Modesty,,,,Prophet's Modesty,,,,,,,,,,,,,,,,,,,,,prophets-modesty
2055,646,تواضعه صلى الله عليه وسلم,Prophet's Humility,,Prophet's Humility,Prophet's Humility,Prophet's Humility,Prophet's Humility,,,Prophet's Humility,,Prophet's Humility,Prophet's Humility,,,,Prophet's Humility,,,,,,,,,,,,,,,,,,,,,prophets-humility
2056,646,شجاعته صلى الله عليه وسلم,Prophet's Courage,,Prophet's Courage,Prophet's Courage,Prophet's Courage,Prophet's Courage,,,Prophet's Courage,,Prophet's Courage,Prophet's Courage,,,,Prophet's Courage,,,,,,,,,,,,,,,,,,,,,prophets-courage
2057,646,رفقه صلى الله عليه وسلم,Prophet's Gentleness,,Prophet's Gentleness,Prophet's Gentleness,Prophet's Gentleness,Prophet's Gentleness,,,Prophet's Gentleness,,Prophet's Gentleness,Prophet's Gentleness,,,,Prophet's Gentleness,,,,,,,,,,,,,,,,,,,,,prophets-gentleness
2058,646,عفوه صلى الله عليه وسلم,Prophet's Forgiveness,,Prophet's Forgiveness,Prophet's Forgiveness,Prophet's Forgiveness,Prophet's Forgiveness,,,Prophet's Forgiveness,,Prophet's Forgiveness,Prophet's Forgiveness,,,,Prophet's Forgiveness,,,,,,,,,,,,,,,,,,,,,prophets-forgiveness
2059,646,رحمته صلى الله عليه وسلم,Prophet's Mercy,,Prophet's Mercy,Prophet's Mercy,Prophet's Mercy,Prophet's Mercy,,,Prophet's Mercy,,Prophet's Mercy,Prophet's Mercy,,,,Prophet's Mercy,,,,,,,,,,,,,,,,,,,,,prophets-mercy
2060,646,كلامه صلى الله عليه وسلم,Prophet's Speech,,Prophet's Speech,Prophet's Speech,Prophet's Speech,Prophet's Speech,,,Prophet's Speech,,Prophet's Speech,Prophet's Speech,,,,Prophet's Speech,,,,,,,,,,,,,,,,,,,,,prophets-speech
2061,646,ضحكه صلى الله عليه وسلم,Prophet's Laughing,,Prophet's Laughing,Prophet's Laughing,Prophet's Laughing,Prophet's Laughing,,,Prophet's Laughing,,Prophet's Laughing,Prophet's Laughing,,,,Prophet's Laughing,,,,,,,,,,,,,,,,,,,,,prophets-laughing
2062,646,بكاؤه صلى الله عليه وسلم,Prophet's Crying,,Prophet's Crying,Prophet's Crying,Prophet's Crying,Prophet's Crying,,,Prophet's Crying,,Prophet's Crying,Prophet's Crying,,,,Prophet's Crying,,,,,,,,,,,,,,,,,,,,,prophets-crying
2063,646,شفقته صلى الله عليه وسلم,Prophet's Compassion,,Prophet's Compassion,Prophet's Compassion,Prophet's Compassion,Prophet's Compassion,,,Prophet's Compassion,,Prophet's Compassion,Prophet's Compassion,,,,Prophet's Compassion,,,,,,,,,,,,,,,,,,,,,prophets-compassion
2064,646,زهده صلى الله عليه وسلم,Prophet's Asceticism,,Prophet's Asceticism,Prophet's Asceticism,Prophet's Asceticism,Prophet's Asceticism,,,Prophet's Asceticism,,Prophet's Asceticism,Prophet's Asceticism,,,,Prophet's Asceticism,,,,,,,,,,,,,,,,,,,,,prophets-asceticism
2065,646,عدله صلى الله عليه وسلم,Prophet's Justice,,Prophet's Justice,Prophet's Justice,Prophet's Justice,Prophet's Justice,,,Prophet's Justice,,Prophet's Justice,Prophet's Justice,,,,Prophet's Justice,,,,,,,,,,,,,,,,,,,,,prophets-justice
2066,646,حلمه صلى الله عليه وسلم,Prophet's Forbearance,,Prophet's Forbearance,Prophet's Forbearance,Prophet's Forbearance,Prophet's Forbearance,,,Prophet's Forbearance,,Prophet's Forbearance,Prophet's Forbearance,,,,Prophet's Forbearance,,,,,,,,,,,,,,,,,,,,,prophets-forbearance
2067,647,هديه صلى الله عليه وسلم في خطبه,Prophet's Guidance on Public Speaking,,Prophet's Guidance on Public Speaking,Prophet's Guidance on Public Speaking,Prophet's Guidance on Public Speaking,Prophet's Guidance on Public Speaking,,,Prophet's Guidance on Public Speaking,,Prophet's Guidance on Public Speaking,Prophet's Guidance on Public Speaking,,,,Prophet's Guidance on Public Speaking,,,,,,,,,,,,,,,,,,,,,prophets-guidance-on-public-speaking
2068,647,هديه صلى الله عليه وسلم في التطهر,Prophet's Guidance on Purification,,Prophet's Guidance on Purification,Prophet's Guidance on Purification,Prophet's Guidance on Purification,Prophet's Guidance on Purification,,,Prophet's Guidance on Purification,,Prophet's Guidance on Purification,Prophet's Guidance on Purification,,,,Prophet's Guidance on Purification,,,,,,,,,,,,,,,,,,,,,prophets-guidance-on-purification
2069,647,هديه صلى الله عليه وسلم في الصلاة,Prophet's Guidance on Prayer,,Prophet's Guidance on Prayer,Prophet's Guidance on Prayer,Prophet's Guidance on Prayer,Prophet's Guidance on Prayer,,,Prophet's Guidance on Prayer,,Prophet's Guidance on Prayer,Prophet's Guidance on Prayer,,,,Prophet's Guidance on Prayer,,,,,,,,,,,,,,,,,,,,,prophets-guidance-on-prayer
2070,647,هديه صلى الله عليه وسلم في الصوم,Prophet's Guidance on Fasting,,Prophet's Guidance on Fasting,Prophet's Guidance on Fasting,Prophet's Guidance on Fasting,Prophet's Guidance on Fasting,,,Prophet's Guidance on Fasting,,Prophet's Guidance on Fasting,Prophet's Guidance on Fasting,,,,Prophet's Guidance on Fasting,,,,,,,,,,,,,,,,,,,,,prophets-guidance-on-fasting
2071,647,هديه صلى الله عليه وسلم في الجنائز,Prophet's Guidance on Funerals,,Prophet's Guidance on Funerals,Prophet's Guidance on Funerals,Prophet's Guidance on Funerals,Prophet's Guidance on Funerals,,,Prophet's Guidance on Funerals,,Prophet's Guidance on Funerals,Prophet's Guidance on Funerals,,,,Prophet's Guidance on Funerals,,,,,,,,,,,,,,,,,,,,,prophets-guidance-on-funerals
2072,647,هديه صلى الله عليه وسلم في النكاح ومعاشرته أهله,Prophet's Guidance on Marriage and Treating One's Wife,,Prophet's Guidance on Marriage and Treating One's Wife,Prophet's Guidance on Marriage and Treating One's Wife,Prophet's Guidance on Marriage and Treating One's Wife,Prophet's Guidance on Marriage and Treating One's Wife,,,Prophet's Guidance on Marriage and Treating One's Wife,,Prophet's Guidance on Marriage and Treating One's Wife,Prophet's Guidance on Marriage and Treating One's Wife,,,,Prophet's Guidance on Marriage and Treating One's Wife,,,,,,,,,,,,,,,,,,,,,prophets-guidance-on-marriage-and-treating-ones-wife
2073,409,معركة اليمامة,The Battle of Yamaamah,,The Battle of Yamaamah,The Battle of Yamaamah,The Battle of Yamaamah,The Battle of Yamaamah,,,The Battle of Yamaamah,,The Battle of Yamaamah,The Battle of Yamaamah,,,,The Battle of Yamaamah,,,,,,,,,,,,,,,,,,,,,the-battle-of-yamaamah
2074,415,أحكام وآداب العيد,Rulings and Manners of Eid,,Rulings and Manners of Eid,Rulings and Manners of Eid,Rulings and Manners of Eid,Rulings and Manners of Eid,,,Rulings and Manners of Eid,,Rulings and Manners of Eid,Rulings and Manners of Eid,,,,Rulings and Manners of Eid,,,,,,,,,,,,,,,,,,,,,rulings-and-manners-of-eid
2075,134,أحكام المساجد,The rulings of mosques,,The rulings of mosques,The rulings of mosques,The rulings of mosques,The rulings of mosques,,,The rulings of mosques,,The rulings of mosques,The rulings of mosques,,,,The rulings of mosques,,,,,,,,,,,,,,,,,,,,,the-rulings-of-mosques
2076,137,رمضان,Ramadan,,Ramadan,Ramadan,Ramadan,Ramadan,,,Ramadan,,Ramadan,Ramadan,,,,Ramadan,,,,,,,,,,,,,,,,,,,,,ramadan
2077,133,المسح على الخفين ونحوهما,Wiping Over Leather Socks and the like,,Wiping Over Leather Socks and the like,Wiping Over Leather Socks and the like,Wiping Over Leather Socks and the like,Wiping Over Leather Socks and the like,,,Wiping Over Leather Socks and the like,,Wiping Over Leather Socks and the like,Wiping Over Leather Socks and the like,,,,Wiping Over Leather Socks and the like,,,,,,,,,,,,,,,,,,,,,wiping-over-leather-socks-and-the-like
2078,367,الخصائص النبوية,Prophetic characteristics,,Prophetic characteristics,Prophetic characteristics,Prophetic characteristics,Prophetic characteristics,,,Prophetic characteristics,,Prophetic characteristics,Prophetic characteristics,,,,Prophetic characteristics,,,,,,,,,,,,,,,,,,,,,prophetic-characteristics
2079,10,تفسير الآيات,Interpretation of verses,,Interpretation of verses,Interpretation of verses,Interpretation of verses,Interpretation of verses,,,Interpretation of verses,,Interpretation of verses,Interpretation of verses,,,,Interpretation of verses,,,,,,,,,,,,,,,,,,,,,interpretation-of-verses
2080,,القرآن الكريم وعلومه,The Noble Qur'an and Qur'anic Sciences,,The Noble Qur'an and Qur'anic Sciences,The Noble Qur'an and Qur'anic Sciences,The Noble Qur'an and Qur'anic Sciences,The Noble Qur'an and Qur'anic Sciences,,,The Noble Qur'an and Qur'anic Sciences,,The Noble Qur'an and Qur'anic Sciences,The Noble Qur'an and Qur'anic Sciences,,,,The Noble Qur'an and Qur'anic Sciences,,,,,,,,,,,,,,,,,,,,,the-noble-quran-and-quranic-sciences
2081,,الحديث وعلومه,The Hadith and Hadith Sciences,,The Hadith and Hadith Sciences,The Hadith and Hadith Sciences,The Hadith and Hadith Sciences,The Hadith and Hadith Sciences,,,The Hadith and Hadith Sciences,,The Hadith and Hadith Sciences,The Hadith and Hadith Sciences,,,,The Hadith and Hadith Sciences,,,,,,,,,,,,,,,,,,,,,the-hadith-and-hadith-sciences
2082,,العقيدة,The Creed,,The Creed,The Creed,The Creed,The Creed,,,The Creed,,The Creed,The Creed,,,,The Creed,,,,,,,,,,,,,,,,,,,,,the-creed
2083,,الفقه وأصوله,Jurisprudence and Juristic Principles,,Jurisprudence and Juristic Principles,Jurisprudence and Juristic Principles,Jurisprudence and Juristic Principles,Jurisprudence and Juristic Principles,,,Jurisprudence and Juristic Principles,,Jurisprudence and Juristic Principles,Jurisprudence and Juristic Principles,,,,Jurisprudence and Juristic Principles,,,,,,,,,,,,,,,,,,,,,jurisprudence-and-juristic-principles
2084,,الفضائل والآداب,Virtues and Manners,,Virtues and Manners,Virtues and Manners,Virtues and Manners,Virtues and Manners,,,Virtues and Manners,,Virtues and Manners,Virtues and Manners,,,,Virtues and Manners,,,,,,,,,,,,,,,,,,,,,virtues-and-manners
2085,,الدعوة والحسبة,Da‘wah and Hisbah,,Da‘wah and Hisbah,Da‘wah and Hisbah,Da‘wah and Hisbah,Da‘wah and Hisbah,,,Da‘wah and Hisbah,,Da‘wah and Hisbah,Da‘wah and Hisbah,,,,Da‘wah and Hisbah,,,,,,,,,,,,,,,,,,,,,da‘wah-and-hisbah
2086,,السيرة والتاريخ,Seerah and History,,Seerah and History,Seerah and History,Seerah and History,Seerah and History,,,Seerah and History,,Seerah and History,Seerah and History,,,,Seerah and History,,,,,,,,,,,,,,,,,,,,,seerah-and-history
2087,1,نزول القرآن وجمعه,Revelation and Collection of the Qur'an,,Revelation and Collection of the Qur'an,Revelation and Collection of the Qur'an,Revelation and Collection of the Qur'an,Revelation and Collection of the Qur'an,,,Revelation and Collection of the Qur'an,,Revelation and Collection of the Qur'an,Revelation and Collection of the Qur'an,,,,Revelation and Collection of the Qur'an,,,,,,,,,,,,,,,,,,,,,revelation-and-collection-of-the-quran
2088,1,القراءات والتجويد,Modes of Qur'anic Recitation and Tajweed,,Modes of Qur'anic Recitation and Tajweed,Modes of Qur'anic Recitation and Tajweed,Modes of Qur'anic Recitation and Tajweed,Modes of Qur'anic Recitation and Tajweed,,,Modes of Qur'anic Recitation and Tajweed,,Modes of Qur'anic Recitation and Tajweed,Modes of Qur'anic Recitation and Tajweed,,,,Modes of Qur'anic Recitation and Tajweed,,,,,,,,,,,,,,,,,,,,,modes-of-quranic-recitation-and-tajweed
2089,1,تفسير القرآن,Qur'anic Exegesis,,Qur'anic Exegesis,Qur'anic Exegesis,Qur'anic Exegesis,Qur'anic Exegesis,,,Qur'anic Exegesis,,Qur'anic Exegesis,Qur'anic Exegesis,,,,Qur'anic Exegesis,,,,,,,,,,,,,,,,,,,,,quranic-exegesis
2090,1,مباحث قرآنية عامة,General Qur'anic Topics,,General Qur'anic Topics,General Qur'anic Topics,General Qur'anic Topics,General Qur'anic Topics,,,General Qur'anic Topics,,General Qur'anic Topics,General Qur'anic Topics,,,,General Qur'anic Topics,,,,,,,,,,,,,,,,,,,,,general-quranic-topics
2091,1,فضائل القرآن,Excellence of the Qur'an,,Excellence of the Qur'an,Excellence of the Qur'an,Excellence of the Qur'an,Excellence of the Qur'an,,,Excellence of the Qur'an,,Excellence of the Qur'an,Excellence of the Qur'an,,,,Excellence of the Qur'an,,,,,,,,,,,,,,,,,,,,,excellence-of-the-quran
2092,8,أسباب النزول,Occasions of Revelation,,Occasions of Revelation,Occasions of Revelation,Occasions of Revelation,Occasions of Revelation,,,Occasions of Revelation,,Occasions of Revelation,Occasions of Revelation,,,,Occasions of Revelation,,,,,,,,,,,,,,,,,,,,,occasions-of-revelation
2093,8,الناسخ والمنسوخ,Abrogating and Abrogated Verses,,Abrogating and Abrogated Verses,Abrogating and Abrogated Verses,Abrogating and Abrogated Verses,Abrogating and Abrogated Verses,,,Abrogating and Abrogated Verses,,Abrogating and Abrogated Verses,Abrogating and Abrogated Verses,,,,Abrogating and Abrogated Verses,,,,,,,,,,,,,,,,,,,,,abrogating-and-abrogated-verses
2094,8,جمع القرآن,Collecting the Qur'an,,Collecting the Qur'an,Collecting the Qur'an,Collecting the Qur'an,Collecting the Qur'an,,,Collecting the Qur'an,,Collecting the Qur'an,Collecting the Qur'an,,,,Collecting the Qur'an,,,,,,,,,,,,,,,,,,,,,collecting-the-quran
2095,9,الأحرف السبعة,Seven Modes of the Qur'anic Revelation,,Seven Modes of the Qur'anic Revelation,Seven Modes of the Qur'anic Revelation,Seven Modes of the Qur'anic Revelation,Seven Modes of the Qur'anic Revelation,,,Seven Modes of the Qur'anic Revelation,,Seven Modes of the Qur'anic Revelation,Seven Modes of the Qur'anic Revelation,,,,Seven Modes of the Qur'anic Revelation,,,,,,,,,,,,,,,,,,,,,seven-modes-of-the-quranic-revelation
2096,9,علم التجويد,Science of Tajweed,,Science of Tajweed,Science of Tajweed,Science of Tajweed,Science of Tajweed,,,Science of Tajweed,,Science of Tajweed,Science of Tajweed,,,,Science of Tajweed,,,,,,,,,,,,,,,,,,,,,science-of-tajweed
2097,9,الوقف والابتداء,Stops and Starts,,Stops and Starts,Stops and Starts,Stops and Starts,Stops and Starts,,,Stops and Starts,,Stops and Starts,Stops and Starts,,,,Stops and Starts,,,,,,,,,,,,,,,,,,,,,stops-and-starts
2098,10,أصول التفسير وقواعده,Rules and Principles of Exegesis,,Rules and Principles of Exegesis,Rules and Principles of Exegesis,Rules and Principles of Exegesis,Rules and Principles of Exegesis,,,Rules and Principles of Exegesis,,Rules and Principles of Exegesis,Rules and Principles of Exegesis,,,,Rules and Principles of Exegesis,,,,,,,,,,,,,,,,,,,,,rules-and-principles-of-exegesis
2099,11,أحكام القرآن والمصاحف,Rulings of the Qur'an and Codices,,Rulings of the Qur'an and Codices,Rulings of the Qur'an and Codices,Rulings of the Qur'an and Codices,Rulings of the Qur'an and Codices,,,Rulings of the Qur'an and Codices,,Rulings of the Qur'an and Codices,Rulings of the Qur'an and Codices,,,,Rulings of the Qur'an and Codices,,,,,,,,,,,,,,,,,,,,,rulings-of-the-quran-and-codices
2100,11,آداب قراءة القرآن وحملته,Manners of Reading and Memorizing the Qur'an,,Manners of Reading and Memorizing the Qur'an,Manners of Reading and Memorizing the Qur'an,Manners of Reading and Memorizing the Qur'an,Manners of Reading and Memorizing the Qur'an,,,Manners of Reading and Memorizing the Qur'an,,Manners of Reading and Memorizing the Qur'an,Manners of Reading and Memorizing the Qur'an,,,,Manners of Reading and Memorizing the Qur'an,,,,,,,,,,,,,,,,,,,,,manners-of-reading-and-memorizing-the-quran
2101,11,رد الشبهات حول القرآن,Refuting Allegations against the Qur'an,,Refuting Allegations against the Qur'an,Refuting Allegations against the Qur'an,Refuting Allegations against the Qur'an,Refuting Allegations against the Qur'an,,,Refuting Allegations against the Qur'an,,Refuting Allegations against the Qur'an,Refuting Allegations against the Qur'an,,,,Refuting Allegations against the Qur'an,,,,,,,,,,,,,,,,,,,,,refuting-allegations-against-the-quran
2102,11,الاستنباط من القرآن,Inference from the Qur'an,,Inference from the Qur'an,Inference from the Qur'an,Inference from the Qur'an,Inference from the Qur'an,,,Inference from the Qur'an,,Inference from the Qur'an,Inference from the Qur'an,,,,Inference from the Qur'an,,,,,,,,,,,,,,,,,,,,,inference-from-the-quran
2103,12,فضل العناية بالقرآن,Merit of Taking Care of the Qur'an,,Merit of Taking Care of the Qur'an,Merit of Taking Care of the Qur'an,Merit of Taking Care of the Qur'an,Merit of Taking Care of the Qur'an,,,Merit of Taking Care of the Qur'an,,Merit of Taking Care of the Qur'an,Merit of Taking Care of the Qur'an,,,,Merit of Taking Care of the Qur'an,,,,,,,,,,,,,,,,,,,,,merit-of-taking-care-of-the-quran
2104,12,فضائل السور والآيات,Virtues of Surahs and Verses,,Virtues of Surahs and Verses,Virtues of Surahs and Verses,Virtues of Surahs and Verses,Virtues of Surahs and Verses,,,Virtues of Surahs and Verses,,Virtues of Surahs and Verses,Virtues of Surahs and Verses,,,,Virtues of Surahs and Verses,,,,,,,,,,,,,,,,,,,,,virtues-of-surahs-and-verses
2105,2,مباحث عامة في السنة,General Sunnah Topics,,General Sunnah Topics,General Sunnah Topics,General Sunnah Topics,General Sunnah Topics,,,General Sunnah Topics,,General Sunnah Topics,General Sunnah Topics,,,,General Sunnah Topics,,,,,,,,,,,,,,,,,,,,,general-sunnah-topics
2106,44,أهمية السنة ومكانتها,Significance and Status of the Sunnah,,Significance and Status of the Sunnah,Significance and Status of the Sunnah,Significance and Status of the Sunnah,Significance and Status of the Sunnah,,,Significance and Status of the Sunnah,,Significance and Status of the Sunnah,Significance and Status of the Sunnah,,,,Significance and Status of the Sunnah,,,,,,,,,,,,,,,,,,,,,significance-and-status-of-the-sunnah
2107,44,تدوين السنة النبوية,Writing the Sunnah,,Writing the Sunnah,Writing the Sunnah,Writing the Sunnah,Writing the Sunnah,,,Writing the Sunnah,,Writing the Sunnah,Writing the Sunnah,,,,Writing the Sunnah,,,,,,,,,,,,,,,,,,,,,writing-the-sunnah
2108,3,الإيمان بالله عز وجل,Belief in Allah the Mighty and Majestic,,Belief in Allah the Mighty and Majestic,Belief in Allah the Mighty and Majestic,Belief in Allah the Mighty and Majestic,Belief in Allah the Mighty and Majestic,,,Belief in Allah the Mighty and Majestic,,Belief in Allah the Mighty and Majestic,Belief in Allah the Mighty and Majestic,,,,Belief in Allah the Mighty and Majestic,,,,,,,,,,,,,,,,,,,,,belief-in-allah-the-mighty-and-majestic
2109,3,الإيمان بالملائكة,Belief in the Angels,,Belief in the Angels,Belief in the Angels,Belief in the Angels,Belief in the Angels,,,Belief in the Angels,,Belief in the Angels,Belief in the Angels,,,,Belief in the Angels,,,,,,,,,,,,,,,,,,,,,belief-in-the-angels
2110,3,الإيمان بالكتب,Belief in the Revealed Books,,Belief in the Revealed Books,Belief in the Revealed Books,Belief in the Revealed Books,Belief in the Revealed Books,,,Belief in the Revealed Books,,Belief in the Revealed Books,Belief in the Revealed Books,,,,Belief in the Revealed Books,,,,,,,,,,,,,,,,,,,,,belief-in-the-revealed-books
2111,3,الإيمان بالرسل,Belief in the Messengers,,Belief in the Messengers,Belief in the Messengers,Belief in the Messengers,Belief in the Messengers,,,Belief in the Messengers,,Belief in the Messengers,Belief in the Messengers,,,,Belief in the Messengers,,,,,,,,,,,,,,,,,,,,,belief-in-the-messengers
2112,3,الإيمان باليوم الآخر,Belief in the Last Day,,Belief in the Last Day,Belief in the Last Day,Belief in the Last Day,Belief in the Last Day,,,Belief in the Last Day,,Belief in the Last Day,Belief in the Last Day,,,,Belief in the Last Day,,,,,,,,,,,,,,,,,,,,,belief-in-the-last-day
2113,3,الإيمان بالقضاء والقدر,Belief in the Divine Decree and Fate,,Belief in the Divine Decree and Fate,Belief in the Divine Decree and Fate,Belief in the Divine Decree and Fate,Belief in the Divine Decree and Fate,,,Belief in the Divine Decree and Fate,,Belief in the Divine Decree and Fate,Belief in the Divine Decree and Fate,,,,Belief in the Divine Decree and Fate,,,,,,,,,,,,,,,,,,,,,belief-in-the-divine-decree-and-fate
2114,3,الأسماء والأحكام,Names and Rulings,,Names and Rulings,Names and Rulings,Names and Rulings,Names and Rulings,,,Names and Rulings,,Names and Rulings,Names and Rulings,,,,Names and Rulings,,,,,,,,,,,,,,,,,,,,,names-and-rulings
2115,3,الصحابة,The Companions,,The Companions,The Companions,The Companions,The Companions,,,The Companions,,The Companions,The Companions,,,,The Companions,,,,,,,,,,,,,,,,,,,,,the-companions
2116,3,آل البيت,The Prophet's Family,,The Prophet's Family,The Prophet's Family,The Prophet's Family,The Prophet's Family,,,The Prophet's Family,,The Prophet's Family,The Prophet's Family,,,,The Prophet's Family,,,,,,,,,,,,,,,,,,,,,the-prophets-family
2117,3,الولاء والبراء,Allegiance and Dissociation,,Allegiance and Dissociation,Allegiance and Dissociation,Allegiance and Dissociation,Allegiance and Dissociation,,,Allegiance and Dissociation,,Allegiance and Dissociation,Allegiance and Dissociation,,,,Allegiance and Dissociation,,,,,,,,,,,,,,,,,,,,,allegiance-and-dissociation
2118,3,أهل السنة والجماعة,People of the Sunnah and the Community,,People of the Sunnah and the Community,People of the Sunnah and the Community,People of the Sunnah and the Community,People of the Sunnah and the Community,,,People of the Sunnah and the Community,,People of the Sunnah and the Community,People of the Sunnah and the Community,,,,People of the Sunnah and the Community,,,,,,,,,,,,,,,,,,,,,people-of-the-sunnah-and-the-community
2119,3,الفرق والمذاهب,Sects and Schools,,Sects and Schools,Sects and Schools,Sects and Schools,Sects and Schools,,,Sects and Schools,,Sects and Schools,Sects and Schools,,,,Sects and Schools,,,,,,,,,,,,,,,,,,,,,sects-and-schools
2120,59,توحيد الربوبية,Oneness of Allah's Lordship,,Oneness of Allah's Lordship,Oneness of Allah's Lordship,Oneness of Allah's Lordship,Oneness of Allah's Lordship,,,Oneness of Allah's Lordship,,Oneness of Allah's Lordship,Oneness of Allah's Lordship,,,,Oneness of Allah's Lordship,,,,,,,,,,,,,,,,,,,,,oneness-of-allahs-lordship
2121,59,توحيد الألوهية,Oneness of Allah's Worship,,Oneness of Allah's Worship,Oneness of Allah's Worship,Oneness of Allah's Worship,Oneness of Allah's Worship,,,Oneness of Allah's Worship,,Oneness of Allah's Worship,Oneness of Allah's Worship,,,,Oneness of Allah's Worship,,,,,,,,,,,,,,,,,,,,,oneness-of-allahs-worship
2122,59,توحيد الأسماء والصفات,Oneness of Allah's Names and Attributes,,Oneness of Allah's Names and Attributes,Oneness of Allah's Names and Attributes,Oneness of Allah's Names and Attributes,Oneness of Allah's Names and Attributes,,,Oneness of Allah's Names and Attributes,,Oneness of Allah's Names and Attributes,Oneness of Allah's Names and Attributes,,,,Oneness of Allah's Names and Attributes,,,,,,,,,,,,,,,,,,,,,oneness-of-allahs-names-and-attributes
2123,60,الملائكة,The Angels,,The Angels,The Angels,The Angels,The Angels,,,The Angels,,The Angels,The Angels,,,,The Angels,,,,,,,,,,,,,,,,,,,,,the-angels
2124,60,الجن,The Jinn,,The Jinn,The Jinn,The Jinn,The Jinn,,,The Jinn,,The Jinn,The Jinn,,,,The Jinn,,,,,,,,,,,,,,,,,,,,,the-jinn
2125,61,الكتب السابقة,Pre-Islamic Scriptures,,Pre-Islamic Scriptures,Pre-Islamic Scriptures,Pre-Islamic Scriptures,Pre-Islamic Scriptures,,,Pre-Islamic Scriptures,,Pre-Islamic Scriptures,Pre-Islamic Scriptures,,,,Pre-Islamic Scriptures,,,,,,,,,,,,,,,,,,,,,pre-islamic-scriptures
2126,61,القرآن,The Qur'an,,The Qur'an,The Qur'an,The Qur'an,The Qur'an,,,The Qur'an,,The Qur'an,The Qur'an,,,,The Qur'an,,,,,,,,,,,,,,,,,,,,,the-quran
2127,62,النبوة,Prophethood,,Prophethood,Prophethood,Prophethood,Prophethood,,,Prophethood,,Prophethood,Prophethood,,,,Prophethood,,,,,,,,,,,,,,,,,,,,,prophethood
2128,62,الأنبياء والرسل السابقين عليهم السلام,Pre-Islamic Prophets and Messengers; peace be upon them,,Pre-Islamic Prophets and Messengers; peace be upon them,Pre-Islamic Prophets and Messengers; peace be upon them,Pre-Islamic Prophets and Messengers; peace be upon them,Pre-Islamic Prophets and Messengers; peace be upon them,,,Pre-Islamic Prophets and Messengers; peace be upon them,,Pre-Islamic Prophets and Messengers; peace be upon them,Pre-Islamic Prophets and Messengers; peace be upon them,,,,Pre-Islamic Prophets and Messengers; peace be upon them,,,,,,,,,,,,,,,,,,,,,pre-islamic-prophets-and-messengers;-peace-be-upon-them
2129,62,نبينا محمد صلى الله عليه وسلم,Our Prophet Muhammad; may Allah's peace and blessings be upon him,,Our Prophet Muhammad; may Allah's peace and blessings be upon him,Our Prophet Muhammad; may Allah's peace and blessings be upon him,Our Prophet Muhammad; may Allah's peace and blessings be upon him,Our Prophet Muhammad; may Allah's peace and blessings be upon him,,,Our Prophet Muhammad; may Allah's peace and blessings be upon him,,Our Prophet Muhammad; may Allah's peace and blessings be upon him,Our Prophet Muhammad; may Allah's peace and blessings be upon him,,,,Our Prophet Muhammad; may Allah's peace and blessings be upon him,,,,,,,,,,,,,,,,,,,,,our-prophet-muhammad;-may-allahs-peace-and-blessings-be-upon-him
2130,62,كرامات الأولياء,Miracles of the Pious Allies of Allah,,Miracles of the Pious Allies of Allah,Miracles of the Pious Allies of Allah,Miracles of the Pious Allies of Allah,Miracles of the Pious Allies of Allah,,,Miracles of the Pious Allies of Allah,,Miracles of the Pious Allies of Allah,Miracles of the Pious Allies of Allah,,,,Miracles of the Pious Allies of Allah,,,,,,,,,,,,,,,,,,,,,miracles-of-the-pious-allies-of-allah
2131,63,الحياة البرزخية,The Barzakh Life (After death Period),,The Barzakh Life (After death Period),The Barzakh Life (After death Period),The Barzakh Life (After death Period),The Barzakh Life (After death Period),,,The Barzakh Life (After death Period),,The Barzakh Life (After death Period),The Barzakh Life (After death Period),,,,The Barzakh Life (After death Period),,,,,,,,,,,,,,,,,,,,,the-barzakh-life-after-death-period
2132,63,أشراط الساعة,Portents of the Hour,,Portents of the Hour,Portents of the Hour,Portents of the Hour,Portents of the Hour,,,Portents of the Hour,,Portents of the Hour,Portents of the Hour,,,,Portents of the Hour,,,,,,,,,,,,,,,,,,,,,portents-of-the-hour
2133,63,الحياة الآخرة,The Hereafter Life,,The Hereafter Life,The Hereafter Life,The Hereafter Life,The Hereafter Life,,,The Hereafter Life,,The Hereafter Life,The Hereafter Life,,,,The Hereafter Life,,,,,,,,,,,,,,,,,,,,,the-hereafter-life
2134,64,مراتب القضاء والقدر,Levels of Divine Decree and Fate,,Levels of Divine Decree and Fate,Levels of Divine Decree and Fate,Levels of Divine Decree and Fate,Levels of Divine Decree and Fate,,,Levels of Divine Decree and Fate,,Levels of Divine Decree and Fate,Levels of Divine Decree and Fate,,,,Levels of Divine Decree and Fate,,,,,,,,,,,,,,,,,,,,,levels-of-divine-decree-and-fate
2135,64,مسائل القضاء والقدر,Issues of Divine Decree and Fate,,Issues of Divine Decree and Fate,Issues of Divine Decree and Fate,Issues of Divine Decree and Fate,Issues of Divine Decree and Fate,,,Issues of Divine Decree and Fate,,Issues of Divine Decree and Fate,Issues of Divine Decree and Fate,,,,Issues of Divine Decree and Fate,,,,,,,,,,,,,,,,,,,,,issues-of-divine-decree-and-fate
2136,65,الإسلام,Islam,,Islam,Islam,Islam,Islam,,,Islam,,Islam,Islam,,,,Islam,,,,,,,,,,,,,,,,,,,,,islam
2137,65,نواقض الإسلام,Nullifiers of Islam,,Nullifiers of Islam,Nullifiers of Islam,Nullifiers of Islam,Nullifiers of Islam,,,Nullifiers of Islam,,Nullifiers of Islam,Nullifiers of Islam,,,,Nullifiers of Islam,,,,,,,,,,,,,,,,,,,,,nullifiers-of-islam
2138,65,مسائل الجاهلية,Issues of Pre-Islamic Era,,Issues of Pre-Islamic Era,Issues of Pre-Islamic Era,Issues of Pre-Islamic Era,Issues of Pre-Islamic Era,,,Issues of Pre-Islamic Era,,Issues of Pre-Islamic Era,Issues of Pre-Islamic Era,,,,Issues of Pre-Islamic Era,,,,,,,,,,,,,,,,,,,,,issues-of-pre-islamic-era
2139,65,زيادة الإيمان ونقصانه,Increase and Decrease of Faith,,Increase and Decrease of Faith,Increase and Decrease of Faith,Increase and Decrease of Faith,Increase and Decrease of Faith,,,Increase and Decrease of Faith,,Increase and Decrease of Faith,Increase and Decrease of Faith,,,,Increase and Decrease of Faith,,,,,,,,,,,,,,,,,,,,,increase-and-decrease-of-faith
2140,65,شعب الإيمان,Branches of Faith,,Branches of Faith,Branches of Faith,Branches of Faith,Branches of Faith,,,Branches of Faith,,Branches of Faith,Branches of Faith,,,,Branches of Faith,,,,,,,,,,,,,,,,,,,,,branches-of-faith
2141,65,الكفر,Disbelief,,Disbelief,Disbelief,Disbelief,Disbelief,,,Disbelief,,Disbelief,Disbelief,,,,Disbelief,,,,,,,,,,,,,,,,,,,,,disbelief
2142,65,الشرك,Polytheism,,Polytheism,Polytheism,Polytheism,Polytheism,,,Polytheism,,Polytheism,Polytheism,,,,Polytheism,,,,,,,,,,,,,,,,,,,,,polytheism
2143,65,النفاق,Hypocrisy,,Hypocrisy,Hypocrisy,Hypocrisy,Hypocrisy,,,Hypocrisy,,Hypocrisy,Hypocrisy,,,,Hypocrisy,,,,,,,,,,,,,,,,,,,,,hypocrisy
2144,65,الفسق,Immorality,,Immorality,Immorality,Immorality,Immorality,,,Immorality,,Immorality,Immorality,,,,Immorality,,,,,,,,,,,,,,,,,,,,,immorality
2145,65,البدعة,Religious Innovation,,Religious Innovation,Religious Innovation,Religious Innovation,Religious Innovation,,,Religious Innovation,,Religious Innovation,Religious Innovation,,,,Religious Innovation,,,,,,,,,,,,,,,,,,,,,religious-innovation
2146,66,فضل الصحابة رضي الله عنهم,Merit of the Companions,,Merit of the Companions,Merit of the Companions,Merit of the Companions,Merit of the Companions,,,Merit of the Companions,,Merit of the Companions,Merit of the Companions,,,,Merit of the Companions,,,,,,,,,,,,,,,,,,,,,merit-of-the-companions
2147,66,الاعتقاد في الصحابة رضي الله عنهم,Belief in the the Companions,,Belief in the the Companions,Belief in the the Companions,Belief in the the Companions,Belief in the the Companions,,,Belief in the the Companions,,Belief in the the Companions,Belief in the the Companions,,,,Belief in the the Companions,,,,,,,,,,,,,,,,,,,,,belief-in-the-the-companions
2148,66,درجات الصحابة رضي الله عنهم,Degrees of the Companions,,Degrees of the Companions,Degrees of the Companions,Degrees of the Companions,Degrees of the Companions,,,Degrees of the Companions,,Degrees of the Companions,Degrees of the Companions,,,,Degrees of the Companions,,,,,,,,,,,,,,,,,,,,,degrees-of-the-companions
2149,67,فضل آل البيت,Merit of the Prophet's Family,,Merit of the Prophet's Family,Merit of the Prophet's Family,Merit of the Prophet's Family,Merit of the Prophet's Family,,,Merit of the Prophet's Family,,Merit of the Prophet's Family,Merit of the Prophet's Family,,,,Merit of the Prophet's Family,,,,,,,,,,,,,,,,,,,,,merit-of-the-prophets-family
2150,67,فضل أمهات المؤمنين,Merit of the Mothers of the Believers,,Merit of the Mothers of the Believers,Merit of the Mothers of the Believers,Merit of the Mothers of the Believers,Merit of the Mothers of the Believers,,,Merit of the Mothers of the Believers,,Merit of the Mothers of the Believers,Merit of the Mothers of the Believers,,,,Merit of the Mothers of the Believers,,,,,,,,,,,,,,,,,,,,,merit-of-the-mothers-of-the-believers
2151,67,الاعتقاد في آل البيت,Belief in the Prophet's Family,,Belief in the Prophet's Family,Belief in the Prophet's Family,Belief in the Prophet's Family,Belief in the Prophet's Family,,,Belief in the Prophet's Family,,Belief in the Prophet's Family,Belief in the Prophet's Family,,,,Belief in the Prophet's Family,,,,,,,,,,,,,,,,,,,,,belief-in-the-prophets-family
2152,67,حقوق آل البيت,Rights of the Prophet's Family,,Rights of the Prophet's Family,Rights of the Prophet's Family,Rights of the Prophet's Family,Rights of the Prophet's Family,,,Rights of the Prophet's Family,,Rights of the Prophet's Family,Rights of the Prophet's Family,,,,Rights of the Prophet's Family,,,,,,,,,,,,,,,,,,,,,rights-of-the-prophets-family
2153,68,أحكام الولاء والبراء,Rulings of Allegiance and Dissociation,,Rulings of Allegiance and Dissociation,Rulings of Allegiance and Dissociation,Rulings of Allegiance and Dissociation,Rulings of Allegiance and Dissociation,,,Rulings of Allegiance and Dissociation,,Rulings of Allegiance and Dissociation,Rulings of Allegiance and Dissociation,,,,Rulings of Allegiance and Dissociation,,,,,,,,,,,,,,,,,,,,,rulings-of-allegiance-and-dissociation
2154,68,التشبه المنهي عنه,Forbidden Emulation,,Forbidden Emulation,Forbidden Emulation,Forbidden Emulation,Forbidden Emulation,,,Forbidden Emulation,,Forbidden Emulation,Forbidden Emulation,,,,Forbidden Emulation,,,,,,,,,,,,,,,,,,,,,forbidden-emulation
2155,68,الهجرة وأحكامها,Emigration and its Rulings,,Emigration and its Rulings,Emigration and its Rulings,Emigration and its Rulings,Emigration and its Rulings,,,Emigration and its Rulings,,Emigration and its Rulings,Emigration and its Rulings,,,,Emigration and its Rulings,,,,,,,,,,,,,,,,,,,,,emigration-and-its-rulings
2156,68,الهجر وشروطه,Desertion and its Conditions,,Desertion and its Conditions,Desertion and its Conditions,Desertion and its Conditions,Desertion and its Conditions,,,Desertion and its Conditions,,Desertion and its Conditions,Desertion and its Conditions,,,,Desertion and its Conditions,,,,,,,,,,,,,,,,,,,,,desertion-and-its-conditions
2157,69,خصائص أهل السنة والجماعة,Characteristics of the People of the Sunnah and the Community,,Characteristics of the People of the Sunnah and the Community,Characteristics of the People of the Sunnah and the Community,Characteristics of the People of the Sunnah and the Community,Characteristics of the People of the Sunnah and the Community,,,Characteristics of the People of the Sunnah and the Community,,Characteristics of the People of the Sunnah and the Community,Characteristics of the People of the Sunnah and the Community,,,,Characteristics of the People of the Sunnah and the Community,,,,,,,,,,,,,,,,,,,,,characteristics-of-the-people-of-the-sunnah-and-the-community
2158,71,الفرق والمذاهب القديمة النشأة,Old Sects and Schools,,Old Sects and Schools,Old Sects and Schools,Old Sects and Schools,Old Sects and Schools,,,Old Sects and Schools,,Old Sects and Schools,Old Sects and Schools,,,,Old Sects and Schools,,,,,,,,,,,,,,,,,,,,,old-sects-and-schools
2159,4,فقه العبادات,Jurisprudence of Acts of Worship,,Jurisprudence of Acts of Worship,Jurisprudence of Acts of Worship,Jurisprudence of Acts of Worship,Jurisprudence of Acts of Worship,,,Jurisprudence of Acts of Worship,,Jurisprudence of Acts of Worship,Jurisprudence of Acts of Worship,,,,Jurisprudence of Acts of Worship,,,,,,,,,,,,,,,,,,,,,jurisprudence-of-acts-of-worship
2160,4,فقه المعاملات,Jurisprudence of Transactions,,Jurisprudence of Transactions,Jurisprudence of Transactions,Jurisprudence of Transactions,Jurisprudence of Transactions,,,Jurisprudence of Transactions,,Jurisprudence of Transactions,Jurisprudence of Transactions,,,,Jurisprudence of Transactions,,,,,,,,,,,,,,,,,,,,,jurisprudence-of-transactions
2161,4,الفرائض,Religious Obligations,,Religious Obligations,Religious Obligations,Religious Obligations,Religious Obligations,,,Religious Obligations,,Religious Obligations,Religious Obligations,,,,Religious Obligations,,,,,,,,,,,,,,,,,,,,,religious-obligations
2162,4,فقه الأسرة,Family Jurisprudence,,Family Jurisprudence,Family Jurisprudence,Family Jurisprudence,Family Jurisprudence,,,Family Jurisprudence,,Family Jurisprudence,Family Jurisprudence,,,,Family Jurisprudence,,,,,,,,,,,,,,,,,,,,,family-jurisprudence
2163,4,الطب والتداوي والرقية الشرعية,Spiritual and Physical Therapy,,Spiritual and Physical Therapy,Spiritual and Physical Therapy,Spiritual and Physical Therapy,Spiritual and Physical Therapy,,,Spiritual and Physical Therapy,,Spiritual and Physical Therapy,Spiritual and Physical Therapy,,,,Spiritual and Physical Therapy,,,,,,,,,,,,,,,,,,,,,spiritual-and-physical-therapy
2164,4,الأطعمة والأشربة,Foods and Drinks,,Foods and Drinks,Foods and Drinks,Foods and Drinks,Foods and Drinks,,,Foods and Drinks,,Foods and Drinks,Foods and Drinks,,,,Foods and Drinks,,,,,,,,,,,,,,,,,,,,,foods-and-drinks
2165,4,الجنايات,Crimes,,Crimes,Crimes,Crimes,Crimes,,,Crimes,,Crimes,Crimes,,,,Crimes,,,,,,,,,,,,,,,,,,,,,crimes
2166,4,الحدود,Prescribed Punishments,,Prescribed Punishments,Prescribed Punishments,Prescribed Punishments,Prescribed Punishments,,,Prescribed Punishments,,Prescribed Punishments,Prescribed Punishments,,,,Prescribed Punishments,,,,,,,,,,,,,,,,,,,,,prescribed-punishments
2167,4,القضاء,Judiciary,,Judiciary,Judiciary,Judiciary,Judiciary,,,Judiciary,,Judiciary,Judiciary,,,,Judiciary,,,,,,,,,,,,,,,,,,,,,judiciary
2168,4,أصول الفقه,Principles of Islamic Jurisprudence,,Principles of Islamic Jurisprudence,Principles of Islamic Jurisprudence,Principles of Islamic Jurisprudence,Principles of Islamic Jurisprudence,,,Principles of Islamic Jurisprudence,,Principles of Islamic Jurisprudence,Principles of Islamic Jurisprudence,,,,Principles of Islamic Jurisprudence,,,,,,,,,,,,,,,,,,,,,principles-of-islamic-jurisprudence
2169,121,الطهارة,Purification,,Purification,Purification,Purification,Purification,,,Purification,,Purification,Purification,,,,Purification,,,,,,,,,,,,,,,,,,,,,purification
2170,121,الصلاة,Prayer,,Prayer,Prayer,Prayer,Prayer,,,Prayer,,Prayer,Prayer,,,,Prayer,,,,,,,,,,,,,,,,,,,,,prayer
2171,121,الجنائز,Funerals,,Funerals,Funerals,Funerals,Funerals,,,Funerals,,Funerals,Funerals,,,,Funerals,,,,,,,,,,,,,,,,,,,,,funerals
2172,121,الزكاة,Zakah,,Zakah,Zakah,Zakah,Zakah,,,Zakah,,Zakah,Zakah,,,,Zakah,,,,,,,,,,,,,,,,,,,,,zakah
2173,121,الصيام,Fasting,,Fasting,Fasting,Fasting,Fasting,,,Fasting,,Fasting,Fasting,,,,Fasting,,,,,,,,,,,,,,,,,,,,,fasting
2174,121,الحج والعمرة,Hajj and ‘Umrah,,Hajj and ‘Umrah,Hajj and ‘Umrah,Hajj and ‘Umrah,Hajj and ‘Umrah,,,Hajj and ‘Umrah,,Hajj and ‘Umrah,Hajj and ‘Umrah,,,,Hajj and ‘Umrah,,,,,,,,,,,,,,,,,,,,,hajj-and-‘umrah
2175,121,الجهاد,Jihad,,Jihad,Jihad,Jihad,Jihad,,,Jihad,,Jihad,Jihad,,,,Jihad,,,,,,,,,,,,,,,,,,,,,jihad
2176,122,البيوع,Sales,,Sales,Sales,Sales,Sales,,,Sales,,Sales,Sales,,,,Sales,,,,,,,,,,,,,,,,,,,,,sales
2177,140,شروط البيع,Conditions of Sale,,Conditions of Sale,Conditions of Sale,Conditions of Sale,Conditions of Sale,,,Conditions of Sale,,Conditions of Sale,Conditions of Sale,,,,Conditions of Sale,,,,,,,,,,,,,,,,,,,,,conditions-of-sale
2178,140,الشروط في البيع,Sale-Related Stipulations,,Sale-Related Stipulations,Sale-Related Stipulations,Sale-Related Stipulations,Sale-Related Stipulations,,,Sale-Related Stipulations,,Sale-Related Stipulations,Sale-Related Stipulations,,,,Sale-Related Stipulations,,,,,,,,,,,,,,,,,,,,,sale-related-stipulations
2179,140,بيع الأصول والثمار,Selling Assets and Fruits,,Selling Assets and Fruits,Selling Assets and Fruits,Selling Assets and Fruits,Selling Assets and Fruits,,,Selling Assets and Fruits,,Selling Assets and Fruits,Selling Assets and Fruits,,,,Selling Assets and Fruits,,,,,,,,,,,,,,,,,,,,,selling-assets-and-fruits
2180,122,السلم,Advance Payment,,Advance Payment,Advance Payment,Advance Payment,Advance Payment,,,Advance Payment,,Advance Payment,Advance Payment,,,,Advance Payment,,,,,,,,,,,,,,,,,,,,,advance-payment
2181,122,الربا,Usury,,Usury,Usury,Usury,Usury,,,Usury,,Usury,Usury,,,,Usury,,,,,,,,,,,,,,,,,,,,,usury
2182,122,القرض,Loan,,Loan,Loan,Loan,Loan,,,Loan,,Loan,Loan,,,,Loan,,,,,,,,,,,,,,,,,,,,,loan
2183,122,الرهن,Mortgage,,Mortgage,Mortgage,Mortgage,Mortgage,,,Mortgage,,Mortgage,Mortgage,,,,Mortgage,,,,,,,,,,,,,,,,,,,,,mortgage
2184,122,الضمان والكفالة,Collateral and Surety,,Collateral and Surety,Collateral and Surety,Collateral and Surety,Collateral and Surety,,,Collateral and Surety,,Collateral and Surety,Collateral and Surety,,,,Collateral and Surety,,,,,,,,,,,,,,,,,,,,,collateral-and-surety
2185,122,الصلح وأحكام الجوار,Conciliation and Neighborhood Rulings,,Conciliation and Neighborhood Rulings,Conciliation and Neighborhood Rulings,Conciliation and Neighborhood Rulings,Conciliation and Neighborhood Rulings,,,Conciliation and Neighborhood Rulings,,Conciliation and Neighborhood Rulings,Conciliation and Neighborhood Rulings,,,,Conciliation and Neighborhood Rulings,,,,,,,,,,,,,,,,,,,,,conciliation-and-neighborhood-rulings
2186,122,الحَجْر,Interdiction,,Interdiction,Interdiction,Interdiction,Interdiction,,,Interdiction,,Interdiction,Interdiction,,,,Interdiction,,,,,,,,,,,,,,,,,,,,,interdiction
2187,122,الشركة,Partnership,,Partnership,Partnership,Partnership,Partnership,,,Partnership,,Partnership,Partnership,,,,Partnership,,,,,,,,,,,,,,,,,,,,,partnership
2188,122,المساقاة والمزارعة,Sharecropping,,Sharecropping,Sharecropping,Sharecropping,Sharecropping,,,Sharecropping,,Sharecropping,Sharecropping,,,,Sharecropping,,,,,,,,,,,,,,,,,,,,,sharecropping
2189,122,السبق والقمار والميسر,Racing and Gambling,,Racing and Gambling,Racing and Gambling,Racing and Gambling,Racing and Gambling,,,Racing and Gambling,,Racing and Gambling,Racing and Gambling,,,,Racing and Gambling,,,,,,,,,,,,,,,,,,,,,racing-and-gambling
2190,122,الغصب,Usurpation,,Usurpation,Usurpation,Usurpation,Usurpation,,,Usurpation,,Usurpation,Usurpation,,,,Usurpation,,,,,,,,,,,,,,,,,,,,,usurpation
2191,122,الشفعة,Preemption,,Preemption,Preemption,Preemption,Preemption,,,Preemption,,Preemption,Preemption,,,,Preemption,,,,,,,,,,,,,,,,,,,,,preemption
2192,122,اللقطة واللقيط,Found Item and Foundling,,Found Item and Foundling,Found Item and Foundling,Found Item and Foundling,Found Item and Foundling,,,Found Item and Foundling,,Found Item and Foundling,Found Item and Foundling,,,,Found Item and Foundling,,,,,,,,,,,,,,,,,,,,,found-item-and-foundling
2193,122,الوقف,Endowment,,Endowment,Endowment,Endowment,Endowment,,,Endowment,,Endowment,Endowment,,,,Endowment,,,,,,,,,,,,,,,,,,,,,endowment
2194,122,الهبة والعطية,Gift,,Gift,Gift,Gift,Gift,,,Gift,,Gift,Gift,,,,Gift,,,,,,,,,,,,,,,,,,,,,gift
2195,122,الوصية,Bequest,,Bequest,Bequest,Bequest,Bequest,,,Bequest,,Bequest,Bequest,,,,Bequest,,,,,,,,,,,,,,,,,,,,,bequest
2196,122,العتق,Manumission,,Manumission,Manumission,Manumission,Manumission,,,Manumission,,Manumission,Manumission,,,,Manumission,,,,,,,,,,,,,,,,,,,,,manumission
2197,122,الأيمان والنذور,Oaths and Vows,,Oaths and Vows,Oaths and Vows,Oaths and Vows,Oaths and Vows,,,Oaths and Vows,,Oaths and Vows,Oaths and Vows,,,,Oaths and Vows,,,,,,,,,,,,,,,,,,,,,oaths-and-vows
2198,123,شروط الإرث,Conditions of Inheritance,,Conditions of Inheritance,Conditions of Inheritance,Conditions of Inheritance,Conditions of Inheritance,,,Conditions of Inheritance,,Conditions of Inheritance,Conditions of Inheritance,,,,Conditions of Inheritance,,,,,,,,,,,,,,,,,,,,,conditions-of-inheritance
2199,123,موانع الإرث,Impediments of Inheritance,,Impediments of Inheritance,Impediments of Inheritance,Impediments of Inheritance,Impediments of Inheritance,,,Impediments of Inheritance,,Impediments of Inheritance,Impediments of Inheritance,,,,Impediments of Inheritance,,,,,,,,,,,,,,,,,,,,,impediments-of-inheritance
2200,123,العـصبة,Agnates,,Agnates,Agnates,Agnates,Agnates,,,Agnates,,Agnates,Agnates,,,,Agnates,,,,,,,,,,,,,,,,,,,,,agnates
2201,123,ميراث ذوي الأرحام,Inheritance Shares of Blood Relatives,,Inheritance Shares of Blood Relatives,Inheritance Shares of Blood Relatives,Inheritance Shares of Blood Relatives,Inheritance Shares of Blood Relatives,,,Inheritance Shares of Blood Relatives,,Inheritance Shares of Blood Relatives,Inheritance Shares of Blood Relatives,,,,Inheritance Shares of Blood Relatives,,,,,,,,,,,,,,,,,,,,,inheritance-shares-of-blood-relatives
2202,123,ميراث الحمل,Inheritance Shares of Embryos,,Inheritance Shares of Embryos,Inheritance Shares of Embryos,Inheritance Shares of Embryos,Inheritance Shares of Embryos,,,Inheritance Shares of Embryos,,Inheritance Shares of Embryos,Inheritance Shares of Embryos,,,,Inheritance Shares of Embryos,,,,,,,,,,,,,,,,,,,,,inheritance-shares-of-embryos
2203,124,النكاح,Marriage,,Marriage,Marriage,Marriage,Marriage,,,Marriage,,Marriage,Marriage,,,,Marriage,,,,,,,,,,,,,,,,,,,,,marriage
2204,124,الطلاق,Divorce,,Divorce,Divorce,Divorce,Divorce,,,Divorce,,Divorce,Divorce,,,,Divorce,,,,,,,,,,,,,,,,,,,,,divorce
2205,124,الرجعة,Remarriage with One's Divorcee,,Remarriage with One's Divorcee,Remarriage with One's Divorcee,Remarriage with One's Divorcee,Remarriage with One's Divorcee,,,Remarriage with One's Divorcee,,Remarriage with One's Divorcee,Remarriage with One's Divorcee,,,,Remarriage with One's Divorcee,,,,,,,,,,,,,,,,,,,,,remarriage-with-ones-divorcee
2206,124,الخلع,Wife-Initiated Divorce,,Wife-Initiated Divorce,Wife-Initiated Divorce,Wife-Initiated Divorce,Wife-Initiated Divorce,,,Wife-Initiated Divorce,,Wife-Initiated Divorce,Wife-Initiated Divorce,,,,Wife-Initiated Divorce,,,,,,,,,,,,,,,,,,,,,wife-initiated-divorce
2207,124,الإيلاء,Oath to Abstain from Intercourse with One's Wife,,Oath to Abstain from Intercourse with One's Wife,Oath to Abstain from Intercourse with One's Wife,Oath to Abstain from Intercourse with One's Wife,Oath to Abstain from Intercourse with One's Wife,,,Oath to Abstain from Intercourse with One's Wife,,Oath to Abstain from Intercourse with One's Wife,Oath to Abstain from Intercourse with One's Wife,,,,Oath to Abstain from Intercourse with One's Wife,,,,,,,,,,,,,,,,,,,,,oath-to-abstain-from-intercourse-with-ones-wife
2208,124,الظهار,Zihaar (Likening one's wife to an unmarrriagble woman),,Zihaar (Likening one's wife to an unmarrriagble woman),Zihaar (Likening one's wife to an unmarrriagble woman),Zihaar (Likening one's wife to an unmarrriagble woman),Zihaar (Likening one's wife to an unmarrriagble woman),,,Zihaar (Likening one's wife to an unmarrriagble woman),,Zihaar (Likening one's wife to an unmarrriagble woman),Zihaar (Likening one's wife to an unmarrriagble woman),,,,Zihaar (Likening one's wife to an unmarrriagble woman),,,,,,,,,,,,,,,,,,,,,zihaar-likening-ones-wife-to-an-unmarrriagble-woman
2209,124,اللعان,Oath of Condemnation,,Oath of Condemnation,Oath of Condemnation,Oath of Condemnation,Oath of Condemnation,,,Oath of Condemnation,,Oath of Condemnation,Oath of Condemnation,,,,Oath of Condemnation,,,,,,,,,,,,,,,,,,,,,oath-of-condemnation
2210,124,العدة,Waiting Period,,Waiting Period,Waiting Period,Waiting Period,Waiting Period,,,Waiting Period,,Waiting Period,Waiting Period,,,,Waiting Period,,,,,,,,,,,,,,,,,,,,,waiting-period
2211,124,الرضاع,Breastfeeding,,Breastfeeding,Breastfeeding,Breastfeeding,Breastfeeding,,,Breastfeeding,,Breastfeeding,Breastfeeding,,,,Breastfeeding,,,,,,,,,,,,,,,,,,,,,breastfeeding
2212,124,الحضانة,Custody,,Custody,Custody,Custody,Custody,,,Custody,,Custody,Custody,,,,Custody,,,,,,,,,,,,,,,,,,,,,custody
2213,124,النفقات,Expenses,,Expenses,Expenses,Expenses,Expenses,,,Expenses,,Expenses,Expenses,,,,Expenses,,,,,,,,,,,,,,,,,,,,,expenses
2214,124,اللباس والزينة,Clothing and Adornment,,Clothing and Adornment,Clothing and Adornment,Clothing and Adornment,Clothing and Adornment,,,Clothing and Adornment,,Clothing and Adornment,Clothing and Adornment,,,,Clothing and Adornment,,,,,,,,,,,,,,,,,,,,,clothing-and-adornment
2215,124,المجتمع المسلم,Muslim Society,,Muslim Society,Muslim Society,Muslim Society,Muslim Society,,,Muslim Society,,Muslim Society,Muslim Society,,,,Muslim Society,,,,,,,,,,,,,,,,,,,,,muslim-society
2216,124,أحكام النساء,Rulings of Women,,Rulings of Women,Rulings of Women,Rulings of Women,Rulings of Women,,,Rulings of Women,,Rulings of Women,Rulings of Women,,,,Rulings of Women,,,,,,,,,,,,,,,,,,,,,rulings-of-women
2217,124,أحكام المولود,Rulings of Newborns,,Rulings of Newborns,Rulings of Newborns,Rulings of Newborns,Rulings of Newborns,,,Rulings of Newborns,,Rulings of Newborns,Rulings of Newborns,,,,Rulings of Newborns,,,,,,,,,,,,,,,,,,,,,rulings-of-newborns
2218,125,الطب النبوي,Prophetic Medicine,,Prophetic Medicine,Prophetic Medicine,Prophetic Medicine,Prophetic Medicine,,,Prophetic Medicine,,Prophetic Medicine,Prophetic Medicine,,,,Prophetic Medicine,,,,,,,,,,,,,,,,,,,,,prophetic-medicine
2219,125,أحكام التداوي,Rulings of Medication,,Rulings of Medication,Rulings of Medication,Rulings of Medication,Rulings of Medication,,,Rulings of Medication,,Rulings of Medication,Rulings of Medication,,,,Rulings of Medication,,,,,,,,,,,,,,,,,,,,,rulings-of-medication
2220,125,الرقية الشرعية,Ruqyah (Healing and Protective Supplications),,Ruqyah (Healing and Protective Supplications),Ruqyah (Healing and Protective Supplications),Ruqyah (Healing and Protective Supplications),Ruqyah (Healing and Protective Supplications),,,Ruqyah (Healing and Protective Supplications),,Ruqyah (Healing and Protective Supplications),Ruqyah (Healing and Protective Supplications),,,,Ruqyah (Healing and Protective Supplications),,,,,,,,,,,,,,,,,,,,,ruqyah-healing-and-protective-supplications
2221,126,أحكام الأطعمة والأشربة,Rulings of Foods and Drinks,,Rulings of Foods and Drinks,Rulings of Foods and Drinks,Rulings of Foods and Drinks,Rulings of Foods and Drinks,,,Rulings of Foods and Drinks,,Rulings of Foods and Drinks,Rulings of Foods and Drinks,,,,Rulings of Foods and Drinks,,,,,,,,,,,,,,,,,,,,,rulings-of-foods-and-drinks
2222,126,ما يحل ويحرم من الحيوانات والطيور,Lawful and Unlawful Animals and Birds,,Lawful and Unlawful Animals and Birds,Lawful and Unlawful Animals and Birds,Lawful and Unlawful Animals and Birds,Lawful and Unlawful Animals and Birds,,,Lawful and Unlawful Animals and Birds,,Lawful and Unlawful Animals and Birds,Lawful and Unlawful Animals and Birds,,,,Lawful and Unlawful Animals and Birds,,,,,,,,,,,,,,,,,,,,,lawful-and-unlawful-animals-and-birds
2223,126,التذكية,Slaughtering,,Slaughtering,Slaughtering,Slaughtering,Slaughtering,,,Slaughtering,,Slaughtering,Slaughtering,,,,Slaughtering,,,,,,,,,,,,,,,,,,,,,slaughtering
2224,126,الصيد,Hunting,,Hunting,Hunting,Hunting,Hunting,,,Hunting,,Hunting,Hunting,,,,Hunting,,,,,,,,,,,,,,,,,,,,,hunting
2225,126,الأشربة المحرمة,Forbidden Drinks,,Forbidden Drinks,Forbidden Drinks,Forbidden Drinks,Forbidden Drinks,,,Forbidden Drinks,,Forbidden Drinks,Forbidden Drinks,,,,Forbidden Drinks,,,,,,,,,,,,,,,,,,,,,forbidden-drinks
2226,127,القصاص,Retribution,,Retribution,Retribution,Retribution,Retribution,,,Retribution,,Retribution,Retribution,,,,Retribution,,,,,,,,,,,,,,,,,,,,,retribution
2227,127,الديات,Blood Money,,Blood Money,Blood Money,Blood Money,Blood Money,,,Blood Money,,Blood Money,Blood Money,,,,Blood Money,,,,,,,,,,,,,,,,,,,,,blood-money
2228,128,أحكام الحدود,Rulings of Prescribed Punishments,,Rulings of Prescribed Punishments,Rulings of Prescribed Punishments,Rulings of Prescribed Punishments,Rulings of Prescribed Punishments,,,Rulings of Prescribed Punishments,,Rulings of Prescribed Punishments,Rulings of Prescribed Punishments,,,,Rulings of Prescribed Punishments,,,,,,,,,,,,,,,,,,,,,rulings-of-prescribed-punishments
2229,128,شروط إقامة الحدود,Conditions of implementing Prescribed Punishments,,Conditions of implementing Prescribed Punishments,Conditions of implementing Prescribed Punishments,Conditions of implementing Prescribed Punishments,Conditions of implementing Prescribed Punishments,,,Conditions of implementing Prescribed Punishments,,Conditions of implementing Prescribed Punishments,Conditions of implementing Prescribed Punishments,,,,Conditions of implementing Prescribed Punishments,,,,,,,,,,,,,,,,,,,,,conditions-of-implementing-prescribed-punishments
2230,128,حد الزنا,Prescribed Punishment for Adultery,,Prescribed Punishment for Adultery,Prescribed Punishment for Adultery,Prescribed Punishment for Adultery,Prescribed Punishment for Adultery,,,Prescribed Punishment for Adultery,,Prescribed Punishment for Adultery,Prescribed Punishment for Adultery,,,,Prescribed Punishment for Adultery,,,,,,,,,,,,,,,,,,,,,prescribed-punishment-for-adultery
2231,128,حد القذف,Prescribed Punishment for Calumny,,Prescribed Punishment for Calumny,Prescribed Punishment for Calumny,Prescribed Punishment for Calumny,Prescribed Punishment for Calumny,,,Prescribed Punishment for Calumny,,Prescribed Punishment for Calumny,Prescribed Punishment for Calumny,,,,Prescribed Punishment for Calumny,,,,,,,,,,,,,,,,,,,,,prescribed-punishment-for-calumny
2232,128,حد الخمر,Prescribed Punishment for Drinking Alcohol,,Prescribed Punishment for Drinking Alcohol,Prescribed Punishment for Drinking Alcohol,Prescribed Punishment for Drinking Alcohol,Prescribed Punishment for Drinking Alcohol,,,Prescribed Punishment for Drinking Alcohol,,Prescribed Punishment for Drinking Alcohol,Prescribed Punishment for Drinking Alcohol,,,,Prescribed Punishment for Drinking Alcohol,,,,,,,,,,,,,,,,,,,,,prescribed-punishment-for-drinking-alcohol
2233,128,حد السرقة,Prescribed Punishment for Theft,,Prescribed Punishment for Theft,Prescribed Punishment for Theft,Prescribed Punishment for Theft,Prescribed Punishment for Theft,,,Prescribed Punishment for Theft,,Prescribed Punishment for Theft,Prescribed Punishment for Theft,,,,Prescribed Punishment for Theft,,,,,,,,,,,,,,,,,,,,,prescribed-punishment-for-theft
2234,128,حد قطاع الطريق,Prescribed Punishment for Highway Robbery,,Prescribed Punishment for Highway Robbery,Prescribed Punishment for Highway Robbery,Prescribed Punishment for Highway Robbery,Prescribed Punishment for Highway Robbery,,,Prescribed Punishment for Highway Robbery,,Prescribed Punishment for Highway Robbery,Prescribed Punishment for Highway Robbery,,,,Prescribed Punishment for Highway Robbery,,,,,,,,,,,,,,,,,,,,,prescribed-punishment-for-highway-robbery
2235,128,حد الردة,Prescribed Punishment for Apostasy,,Prescribed Punishment for Apostasy,Prescribed Punishment for Apostasy,Prescribed Punishment for Apostasy,Prescribed Punishment for Apostasy,,,Prescribed Punishment for Apostasy,,Prescribed Punishment for Apostasy,Prescribed Punishment for Apostasy,,,,Prescribed Punishment for Apostasy,,,,,,,,,,,,,,,,,,,,,prescribed-punishment-for-apostasy
2236,128,أحكام التعزير,Rulings of Discretionary Punishments,,Rulings of Discretionary Punishments,Rulings of Discretionary Punishments,Rulings of Discretionary Punishments,Rulings of Discretionary Punishments,,,Rulings of Discretionary Punishments,,Rulings of Discretionary Punishments,Rulings of Discretionary Punishments,,,,Rulings of Discretionary Punishments,,,,,,,,,,,,,,,,,,,,,rulings-of-discretionary-punishments
2237,129,حكم القضاء وفضله وخطره,Judiciary: Its Ruling; Merit; and Significance,,Judiciary: Its Ruling; Merit; and Significance,Judiciary: Its Ruling; Merit; and Significance,Judiciary: Its Ruling; Merit; and Significance,Judiciary: Its Ruling; Merit; and Significance,,,Judiciary: Its Ruling; Merit; and Significance,,Judiciary: Its Ruling; Merit; and Significance,Judiciary: Its Ruling; Merit; and Significance,,,,Judiciary: Its Ruling; Merit; and Significance,,,,,,,,,,,,,,,,,,,,,judiciary:-its-ruling;-merit;-and-significance
2238,129,آداب القاضي,Manners of Judges,,Manners of Judges,Manners of Judges,Manners of Judges,Manners of Judges,,,Manners of Judges,,Manners of Judges,Manners of Judges,,,,Manners of Judges,,,,,,,,,,,,,,,,,,,,,manners-of-judges
2239,129,الدعاوى والبيِّنات,Claims and Proofs,,Claims and Proofs,Claims and Proofs,Claims and Proofs,Claims and Proofs,,,Claims and Proofs,,Claims and Proofs,Claims and Proofs,,,,Claims and Proofs,,,,,,,,,,,,,,,,,,,,,claims-and-proofs
2240,129,الشهادات,Testimonies,,Testimonies,Testimonies,Testimonies,Testimonies,,,Testimonies,,Testimonies,Testimonies,,,,Testimonies,,,,,,,,,,,,,,,,,,,,,testimonies
2241,132,الحكم الشرعي,Shariah Ruling,,Shariah Ruling,Shariah Ruling,Shariah Ruling,Shariah Ruling,,,Shariah Ruling,,Shariah Ruling,Shariah Ruling,,,,Shariah Ruling,,,,,,,,,,,,,,,,,,,,,shariah-ruling
2242,132,القواعد الفقهية والأصولية,Juristic and Usooli (Juristic Priciples) Rules,,Juristic and Usooli (Juristic Priciples) Rules,Juristic and Usooli (Juristic Priciples) Rules,Juristic and Usooli (Juristic Priciples) Rules,Juristic and Usooli (Juristic Priciples) Rules,,,Juristic and Usooli (Juristic Priciples) Rules,,Juristic and Usooli (Juristic Priciples) Rules,Juristic and Usooli (Juristic Priciples) Rules,,,,Juristic and Usooli (Juristic Priciples) Rules,,,,,,,,,,,,,,,,,,,,,juristic-and-usooli-juristic-priciples-rules
2243,132,التكليف وشروطه,Religious Assignment and its Conditions,,Religious Assignment and its Conditions,Religious Assignment and its Conditions,Religious Assignment and its Conditions,Religious Assignment and its Conditions,,,Religious Assignment and its Conditions,,Religious Assignment and its Conditions,Religious Assignment and its Conditions,,,,Religious Assignment and its Conditions,,,,,,,,,,,,,,,,,,,,,religious-assignment-and-its-conditions
2244,132,الكتاب (القرآن),The Book (the Qur'an),,The Book (the Qur'an),The Book (the Qur'an),The Book (the Qur'an),The Book (the Qur'an),,,The Book (the Qur'an),,The Book (the Qur'an),The Book (the Qur'an),,,,The Book (the Qur'an),,,,,,,,,,,,,,,,,,,,,the-book-the-quran
2245,132,النسخ,Abrogation,,Abrogation,Abrogation,Abrogation,Abrogation,,,Abrogation,,Abrogation,Abrogation,,,,Abrogation,,,,,,,,,,,,,,,,,,,,,abrogation
2246,132,دلالات الألفاظ وكيفية الاستنباط,Significations and Inference,,Significations and Inference,Significations and Inference,Significations and Inference,Significations and Inference,,,Significations and Inference,,Significations and Inference,Significations and Inference,,,,Significations and Inference,,,,,,,,,,,,,,,,,,,,,significations-and-inference
2247,132,الاجتهاد والتقليد,Personal Reasoning and Imitation,,Personal Reasoning and Imitation,Personal Reasoning and Imitation,Personal Reasoning and Imitation,Personal Reasoning and Imitation,,,Personal Reasoning and Imitation,,Personal Reasoning and Imitation,Personal Reasoning and Imitation,,,,Personal Reasoning and Imitation,,,,,,,,,,,,,,,,,,,,,personal-reasoning-and-imitation
2248,132,التعارض والترجيح,Divergence and Preponderance,,Divergence and Preponderance,Divergence and Preponderance,Divergence and Preponderance,Divergence and Preponderance,,,Divergence and Preponderance,,Divergence and Preponderance,Divergence and Preponderance,,,,Divergence and Preponderance,,,,,,,,,,,,,,,,,,,,,divergence-and-preponderance
2249,132,مقاصد الشريعة,Shariah Objectives,,Shariah Objectives,Shariah Objectives,Shariah Objectives,Shariah Objectives,,,Shariah Objectives,,Shariah Objectives,Shariah Objectives,,,,Shariah Objectives,,,,,,,,,,,,,,,,,,,,,shariah-objectives
2250,5,الفضائل,Virtues,,Virtues,Virtues,Virtues,Virtues,,,Virtues,,Virtues,Virtues,,,,Virtues,,,,,,,,,,,,,,,,,,,,,virtues
2251,5,فقه الأخلاق,Jurisprudence of Ethics,,Jurisprudence of Ethics,Jurisprudence of Ethics,Jurisprudence of Ethics,Jurisprudence of Ethics,,,Jurisprudence of Ethics,,Jurisprudence of Ethics,Jurisprudence of Ethics,,,,Jurisprudence of Ethics,,,,,,,,,,,,,,,,,,,,,jurisprudence-of-ethics
2252,5,الآداب الشرعية,Shariah-approved Manners,,Shariah-approved Manners,Shariah-approved Manners,Shariah-approved Manners,Shariah-approved Manners,,,Shariah-approved Manners,,Shariah-approved Manners,Shariah-approved Manners,,,,Shariah-approved Manners,,,,,,,,,,,,,,,,,,,,,shariah-approved-manners
2253,5,فقه الأدعية والأذكار,Jurisprudence of Supplications and Remembrance of Allah,,Jurisprudence of Supplications and Remembrance of Allah,Jurisprudence of Supplications and Remembrance of Allah,Jurisprudence of Supplications and Remembrance of Allah,Jurisprudence of Supplications and Remembrance of Allah,,,Jurisprudence of Supplications and Remembrance of Allah,,Jurisprudence of Supplications and Remembrance of Allah,Jurisprudence of Supplications and Remembrance of Allah,,,,Jurisprudence of Supplications and Remembrance of Allah,,,,,,,,,,,,,,,,,,,,,jurisprudence-of-supplications-and-remembrance-of-allah
2254,5,الرقائق والمواعظ,Heart-Softeners and Sermons,,Heart-Softeners and Sermons,Heart-Softeners and Sermons,Heart-Softeners and Sermons,Heart-Softeners and Sermons,,,Heart-Softeners and Sermons,,Heart-Softeners and Sermons,Heart-Softeners and Sermons,,,,Heart-Softeners and Sermons,,,,,,,,,,,,,,,,,,,,,heart-softeners-and-sermons
2255,265,فضل العلم,Excellence of Knowledge,,Excellence of Knowledge,Excellence of Knowledge,Excellence of Knowledge,Excellence of Knowledge,,,Excellence of Knowledge,,Excellence of Knowledge,Excellence of Knowledge,,,,Excellence of Knowledge,,,,,,,,,,,,,,,,,,,,,excellence-of-knowledge
2256,265,فضائل التوحيد,Excellence of Monotheism,,Excellence of Monotheism,Excellence of Monotheism,Excellence of Monotheism,Excellence of Monotheism,,,Excellence of Monotheism,,Excellence of Monotheism,Excellence of Monotheism,,,,Excellence of Monotheism,,,,,,,,,,,,,,,,,,,,,excellence-of-monotheism
2257,265,فضائل القرآن الكريم,Merits of the Noble Qur'an,,Merits of the Noble Qur'an,Merits of the Noble Qur'an,Merits of the Noble Qur'an,Merits of the Noble Qur'an,,,Merits of the Noble Qur'an,,Merits of the Noble Qur'an,Merits of the Noble Qur'an,,,,Merits of the Noble Qur'an,,,,,,,,,,,,,,,,,,,,,merits-of-the-noble-quran
2258,265,فضائل بر الوالدين,Merits of Being Dutiful to One's Parents,,Merits of Being Dutiful to One's Parents,Merits of Being Dutiful to One's Parents,Merits of Being Dutiful to One's Parents,Merits of Being Dutiful to One's Parents,,,Merits of Being Dutiful to One's Parents,,Merits of Being Dutiful to One's Parents,Merits of Being Dutiful to One's Parents,,,,Merits of Being Dutiful to One's Parents,,,,,,,,,,,,,,,,,,,,,merits-of-being-dutiful-to-ones-parents
2259,265,فضائل صلة الأرحام,Merits of Maintaining Kinship Ties,,Merits of Maintaining Kinship Ties,Merits of Maintaining Kinship Ties,Merits of Maintaining Kinship Ties,Merits of Maintaining Kinship Ties,,,Merits of Maintaining Kinship Ties,,Merits of Maintaining Kinship Ties,Merits of Maintaining Kinship Ties,,,,Merits of Maintaining Kinship Ties,,,,,,,,,,,,,,,,,,,,,merits-of-maintaining-kinship-ties
2260,265,فضائل آل البيت رضي الله عنهم,Merits of Prophet's Family,,Merits of Prophet's Family,Merits of Prophet's Family,Merits of Prophet's Family,Merits of Prophet's Family,,,Merits of Prophet's Family,,Merits of Prophet's Family,Merits of Prophet's Family,,,,Merits of Prophet's Family,,,,,,,,,,,,,,,,,,,,,merits-of-prophets-family
2261,265,فضائل الصحابة رضي الله عنهم,Merits of the Companions,,Merits of the Companions,Merits of the Companions,Merits of the Companions,Merits of the Companions,,,Merits of the Companions,,Merits of the Companions,Merits of the Companions,,,,Merits of the Companions,,,,,,,,,,,,,,,,,,,,,merits-of-the-companions
2262,265,فضائل الأعمال الصالحة,Merits of Good Deeds,,Merits of Good Deeds,Merits of Good Deeds,Merits of Good Deeds,Merits of Good Deeds,,,Merits of Good Deeds,,Merits of Good Deeds,Merits of Good Deeds,,,,Merits of Good Deeds,,,,,,,,,,,,,,,,,,,,,merits-of-good-deeds
2263,265,فضائل الذكر,Merits of Remembering Allah,,Merits of Remembering Allah,Merits of Remembering Allah,Merits of Remembering Allah,Merits of Remembering Allah,,,Merits of Remembering Allah,,Merits of Remembering Allah,Merits of Remembering Allah,,,,Merits of Remembering Allah,,,,,,,,,,,,,,,,,,,,,merits-of-remembering-allah
2264,265,فضل الدعاء,Merits of Supplication,,Merits of Supplication,Merits of Supplication,Merits of Supplication,Merits of Supplication,,,Merits of Supplication,,Merits of Supplication,Merits of Supplication,,,,Merits of Supplication,,,,,,,,,,,,,,,,,,,,,merits-of-supplication
2265,265,فضائل أعمال القلوب,Merits of Heart Acts,,Merits of Heart Acts,Merits of Heart Acts,Merits of Heart Acts,Merits of Heart Acts,,,Merits of Heart Acts,,Merits of Heart Acts,Merits of Heart Acts,,,,Merits of Heart Acts,,,,,,,,,,,,,,,,,,,,,merits-of-heart-acts
2266,265,فضائل أعمال الجوارح,Merits of Organs' Acts,,Merits of Organs' Acts,Merits of Organs' Acts,Merits of Organs' Acts,Merits of Organs' Acts,,,Merits of Organs' Acts,,Merits of Organs' Acts,Merits of Organs' Acts,,,,Merits of Organs' Acts,,,,,,,,,,,,,,,,,,,,,merits-of-organs-acts
2267,266,الأخلاق الحميدة,Praiseworthy Morals,,Praiseworthy Morals,Praiseworthy Morals,Praiseworthy Morals,Praiseworthy Morals,,,Praiseworthy Morals,,Praiseworthy Morals,Praiseworthy Morals,,,,Praiseworthy Morals,,,,,,,,,,,,,,,,,,,,,praiseworthy-morals
2268,266,الأخلاق الذميمة,Blameworthy Morals,,Blameworthy Morals,Blameworthy Morals,Blameworthy Morals,Blameworthy Morals,,,Blameworthy Morals,,Blameworthy Morals,Blameworthy Morals,,,,Blameworthy Morals,,,,,,,,,,,,,,,,,,,,,blameworthy-morals
2269,267,آداب العالم والمتعلم,Manners of Scholars and Learners,,Manners of Scholars and Learners,Manners of Scholars and Learners,Manners of Scholars and Learners,Manners of Scholars and Learners,,,Manners of Scholars and Learners,,Manners of Scholars and Learners,Manners of Scholars and Learners,,,,Manners of Scholars and Learners,,,,,,,,,,,,,,,,,,,,,manners-of-scholars-and-learners
2270,267,آداب تلاوة القرآن الكريم,Etiquettes of Reciting the Noble Qur’an,,Etiquettes of Reciting the Noble Qur’an,Etiquettes of Reciting the Noble Qur’an,Etiquettes of Reciting the Noble Qur’an,Etiquettes of Reciting the Noble Qur’an,,,Etiquettes of Reciting the Noble Qur’an,,Etiquettes of Reciting the Noble Qur’an,Etiquettes of Reciting the Noble Qur’an,,,,Etiquettes of Reciting the Noble Qur’an,,,,,,,,,,,,,,,,,,,,,etiquettes-of-reciting-the-noble-qur’an
2271,267,آداب السلام والاستئذان,Manners of Greeting and Seeking Permission,,Manners of Greeting and Seeking Permission,Manners of Greeting and Seeking Permission,Manners of Greeting and Seeking Permission,Manners of Greeting and Seeking Permission,,,Manners of Greeting and Seeking Permission,,Manners of Greeting and Seeking Permission,Manners of Greeting and Seeking Permission,,,,Manners of Greeting and Seeking Permission,,,,,,,,,,,,,,,,,,,,,manners-of-greeting-and-seeking-permission
2272,267,آداب الكلام والصمت,Manners of Speaking and Keeping Silent,,Manners of Speaking and Keeping Silent,Manners of Speaking and Keeping Silent,Manners of Speaking and Keeping Silent,Manners of Speaking and Keeping Silent,,,Manners of Speaking and Keeping Silent,,Manners of Speaking and Keeping Silent,Manners of Speaking and Keeping Silent,,,,Manners of Speaking and Keeping Silent,,,,,,,,,,,,,,,,,,,,,manners-of-speaking-and-keeping-silent
2273,267,آداب الخلاف,Manners of Divergence,,Manners of Divergence,Manners of Divergence,Manners of Divergence,Manners of Divergence,,,Manners of Divergence,,Manners of Divergence,Manners of Divergence,,,,Manners of Divergence,,,,,,,,,,,,,,,,,,,,,manners-of-divergence
2274,267,آداب المناظرة,Manners of Debate,,Manners of Debate,Manners of Debate,Manners of Debate,Manners of Debate,,,Manners of Debate,,Manners of Debate,Manners of Debate,,,,Manners of Debate,,,,,,,,,,,,,,,,,,,,,manners-of-debate
2275,267,آداب الأكل والشرب,Manners of Eating and Drinking,,Manners of Eating and Drinking,Manners of Eating and Drinking,Manners of Eating and Drinking,Manners of Eating and Drinking,,,Manners of Eating and Drinking,,Manners of Eating and Drinking,Manners of Eating and Drinking,,,,Manners of Eating and Drinking,,,,,,,,,,,,,,,,,,,,,manners-of-eating-and-drinking
2276,267,آداب الطريق والسوق,Manners of the Road and the Market,,Manners of the Road and the Market,Manners of the Road and the Market,Manners of the Road and the Market,Manners of the Road and the Market,,,Manners of the Road and the Market,,Manners of the Road and the Market,Manners of the Road and the Market,,,,Manners of the Road and the Market,,,,,,,,,,,,,,,,,,,,,manners-of-the-road-and-the-market
2277,267,آداب وأحكام السفر,Manners and Rulings of Travel,,Manners and Rulings of Travel,Manners and Rulings of Travel,Manners and Rulings of Travel,Manners and Rulings of Travel,,,Manners and Rulings of Travel,,Manners and Rulings of Travel,Manners and Rulings of Travel,,,,Manners and Rulings of Travel,,,,,,,,,,,,,,,,,,,,,manners-and-rulings-of-travel
2278,267,آداب النوم والاستيقاظ,Manners of Sleeping and Waking Up,,Manners of Sleeping and Waking Up,Manners of Sleeping and Waking Up,Manners of Sleeping and Waking Up,Manners of Sleeping and Waking Up,,,Manners of Sleeping and Waking Up,,Manners of Sleeping and Waking Up,Manners of Sleeping and Waking Up,,,,Manners of Sleeping and Waking Up,,,,,,,,,,,,,,,,,,,,,manners-of-sleeping-and-waking-up
2279,267,آداب الرؤيا,Manners of Visions,,Manners of Visions,Manners of Visions,Manners of Visions,Manners of Visions,,,Manners of Visions,,Manners of Visions,Manners of Visions,,,,Manners of Visions,,,,,,,,,,,,,,,,,,,,,manners-of-visions
2280,267,آداب الزيارة والاستئذان,Manners of Visiting and Seeking Permission,,Manners of Visiting and Seeking Permission,Manners of Visiting and Seeking Permission,Manners of Visiting and Seeking Permission,Manners of Visiting and Seeking Permission,,,Manners of Visiting and Seeking Permission,,Manners of Visiting and Seeking Permission,Manners of Visiting and Seeking Permission,,,,Manners of Visiting and Seeking Permission,,,,,,,,,,,,,,,,,,,,,manners-of-visiting-and-seeking-permission
2281,267,آداب العطاس والتثاؤب,Manners of Sneezing and Yawning,,Manners of Sneezing and Yawning,Manners of Sneezing and Yawning,Manners of Sneezing and Yawning,Manners of Sneezing and Yawning,,,Manners of Sneezing and Yawning,,Manners of Sneezing and Yawning,Manners of Sneezing and Yawning,,,,Manners of Sneezing and Yawning,,,,,,,,,,,,,,,,,,,,,manners-of-sneezing-and-yawning
2282,267,آداب عيادة المريض,Manners of Visiting the Sick,,Manners of Visiting the Sick,Manners of Visiting the Sick,Manners of Visiting the Sick,Manners of Visiting the Sick,,,Manners of Visiting the Sick,,Manners of Visiting the Sick,Manners of Visiting the Sick,,,,Manners of Visiting the Sick,,,,,,,,,,,,,,,,,,,,,manners-of-visiting-the-sick
2283,267,آداب اللباس,Manners of Dressing,,Manners of Dressing,Manners of Dressing,Manners of Dressing,Manners of Dressing,,,Manners of Dressing,,Manners of Dressing,Manners of Dressing,,,,Manners of Dressing,,,,,,,,,,,,,,,,,,,,,manners-of-dressing
2284,268,هدي النبي صلى الله عليه وسلم في الذكر,Prophetic Guidance on Remembering Allah,,Prophetic Guidance on Remembering Allah,Prophetic Guidance on Remembering Allah,Prophetic Guidance on Remembering Allah,Prophetic Guidance on Remembering Allah,,,Prophetic Guidance on Remembering Allah,,Prophetic Guidance on Remembering Allah,Prophetic Guidance on Remembering Allah,,,,Prophetic Guidance on Remembering Allah,,,,,,,,,,,,,,,,,,,,,prophetic-guidance-on-remembering-allah
2285,268,فوائد ذكر الله عز وجل,Benefits of Remembering Allah,,Benefits of Remembering Allah,Benefits of Remembering Allah,Benefits of Remembering Allah,Benefits of Remembering Allah,,,Benefits of Remembering Allah,,Benefits of Remembering Allah,Benefits of Remembering Allah,,,,Benefits of Remembering Allah,,,,,,,,,,,,,,,,,,,,,benefits-of-remembering-allah
2286,268,أذكار الصباح والمساء,Morning and Evening Dhikr,,Morning and Evening Dhikr,Morning and Evening Dhikr,Morning and Evening Dhikr,Morning and Evening Dhikr,,,Morning and Evening Dhikr,,Morning and Evening Dhikr,Morning and Evening Dhikr,,,,Morning and Evening Dhikr,,,,,,,,,,,,,,,,,,,,,morning-and-evening-dhikr
2287,268,الأذكار المطلقة,Timeless Dhikr,,Timeless Dhikr,Timeless Dhikr,Timeless Dhikr,Timeless Dhikr,,,Timeless Dhikr,,Timeless Dhikr,Timeless Dhikr,,,,Timeless Dhikr,,,,,,,,,,,,,,,,,,,,,timeless-dhikr
2288,268,أذكار الدخول والخروج من المنزل,Dhikr on Entering and Leaving the House,,Dhikr on Entering and Leaving the House,Dhikr on Entering and Leaving the House,Dhikr on Entering and Leaving the House,Dhikr on Entering and Leaving the House,,,Dhikr on Entering and Leaving the House,,Dhikr on Entering and Leaving the House,Dhikr on Entering and Leaving the House,,,,Dhikr on Entering and Leaving the House,,,,,,,,,,,,,,,,,,,,,dhikr-on-entering-and-leaving-the-house
2289,268,أذكار الدخول والخروج من الخلاء,Dhikr on Entering and Leaving the Bathroom,,Dhikr on Entering and Leaving the Bathroom,Dhikr on Entering and Leaving the Bathroom,Dhikr on Entering and Leaving the Bathroom,Dhikr on Entering and Leaving the Bathroom,,,Dhikr on Entering and Leaving the Bathroom,,Dhikr on Entering and Leaving the Bathroom,Dhikr on Entering and Leaving the Bathroom,,,,Dhikr on Entering and Leaving the Bathroom,,,,,,,,,,,,,,,,,,,,,dhikr-on-entering-and-leaving-the-bathroom
2290,268,أذكار الدخول والخروج من المسجد,Dhikr on Entering and Leaving the Mosque,,Dhikr on Entering and Leaving the Mosque,Dhikr on Entering and Leaving the Mosque,Dhikr on Entering and Leaving the Mosque,Dhikr on Entering and Leaving the Mosque,,,Dhikr on Entering and Leaving the Mosque,,Dhikr on Entering and Leaving the Mosque,Dhikr on Entering and Leaving the Mosque,,,,Dhikr on Entering and Leaving the Mosque,,,,,,,,,,,,,,,,,,,,,dhikr-on-entering-and-leaving-the-mosque
2291,268,الأذكار التي تقال في أوقات الشدة,Hard Times Dhikr,,Hard Times Dhikr,Hard Times Dhikr,Hard Times Dhikr,Hard Times Dhikr,,,Hard Times Dhikr,,Hard Times Dhikr,Hard Times Dhikr,,,,Hard Times Dhikr,,,,,,,,,,,,,,,,,,,,,hard-times-dhikr
2292,268,الأذكار للأمور العارضة,Dhikr on Special Occasions,,Dhikr on Special Occasions,Dhikr on Special Occasions,Dhikr on Special Occasions,Dhikr on Special Occasions,,,Dhikr on Special Occasions,,Dhikr on Special Occasions,Dhikr on Special Occasions,,,,Dhikr on Special Occasions,,,,,,,,,,,,,,,,,,,,,dhikr-on-special-occasions
2293,268,أحكام الدعاء,Rulings of Supplication,,Rulings of Supplication,Rulings of Supplication,Rulings of Supplication,Rulings of Supplication,,,Rulings of Supplication,,Rulings of Supplication,Rulings of Supplication,,,,Rulings of Supplication,,,,,,,,,,,,,,,,,,,,,rulings-of-supplication
2294,268,أنواع الدعاء,Types of Supplication,,Types of Supplication,Types of Supplication,Types of Supplication,Types of Supplication,,,Types of Supplication,,Types of Supplication,Types of Supplication,,,,Types of Supplication,,,,,,,,,,,,,,,,,,,,,types-of-supplication
2295,268,آداب الدعاء,Manners of Supplication,,Manners of Supplication,Manners of Supplication,Manners of Supplication,Manners of Supplication,,,Manners of Supplication,,Manners of Supplication,Manners of Supplication,,,,Manners of Supplication,,,,,,,,,,,,,,,,,,,,,manners-of-supplication
2296,268,أسباب إجابة الدعاء وموانعه,Causes for Answering or not Answering Supplications,,Causes for Answering or not Answering Supplications,Causes for Answering or not Answering Supplications,Causes for Answering or not Answering Supplications,Causes for Answering or not Answering Supplications,,,Causes for Answering or not Answering Supplications,,Causes for Answering or not Answering Supplications,Causes for Answering or not Answering Supplications,,,,Causes for Answering or not Answering Supplications,,,,,,,,,,,,,,,,,,,,,causes-for-answering-or-not-answering-supplications
2297,268,الأدعية المأثورة,Reported Supplications,,Reported Supplications,Reported Supplications,Reported Supplications,Reported Supplications,,,Reported Supplications,,Reported Supplications,Reported Supplications,,,,Reported Supplications,,,,,,,,,,,,,,,,,,,,,reported-supplications
2298,269,أعمال القلوب,Acts of Heart,,Acts of Heart,Acts of Heart,Acts of Heart,Acts of Heart,,,Acts of Heart,,Acts of Heart,Acts of Heart,,,,Acts of Heart,,,,,,,,,,,,,,,,,,,,,acts-of-heart
2299,269,أمراض القلوب,Heart Diseases,,Heart Diseases,Heart Diseases,Heart Diseases,Heart Diseases,,,Heart Diseases,,Heart Diseases,Heart Diseases,,,,Heart Diseases,,,,,,,,,,,,,,,,,,,,,heart-diseases
2300,269,الزهد والورع,Asceticism and Piety,,Asceticism and Piety,Asceticism and Piety,Asceticism and Piety,Asceticism and Piety,,,Asceticism and Piety,,Asceticism and Piety,Asceticism and Piety,,,,Asceticism and Piety,,,,,,,,,,,,,,,,,,,,,asceticism-and-piety
2301,269,أحوال الصالحين,States of the Righteous Believers,,States of the Righteous Believers,States of the Righteous Believers,States of the Righteous Believers,States of the Righteous Believers,,,States of the Righteous Believers,,States of the Righteous Believers,States of the Righteous Believers,,,,States of the Righteous Believers,,,,,,,,,,,,,,,,,,,,,states-of-the-righteous-believers
2302,269,ذم المعاصي,Condemning Sins,,Condemning Sins,Condemning Sins,Condemning Sins,Condemning Sins,,,Condemning Sins,,Condemning Sins,Condemning Sins,,,,Condemning Sins,,,,,,,,,,,,,,,,,,,,,condemning-sins
2303,269,ذم حب الدنيا,Condemning Love of the World,,Condemning Love of the World,Condemning Love of the World,Condemning Love of the World,Condemning Love of the World,,,Condemning Love of the World,,Condemning Love of the World,Condemning Love of the World,,,,Condemning Love of the World,,,,,,,,,,,,,,,,,,,,,condemning-love-of-the-world
2304,269,ذَمُّ الهوى والشَّهوات,Condemning Whims and Desires,,Condemning Whims and Desires,Condemning Whims and Desires,Condemning Whims and Desires,Condemning Whims and Desires,,,Condemning Whims and Desires,,Condemning Whims and Desires,Condemning Whims and Desires,,,,Condemning Whims and Desires,,,,,,,,,,,,,,,,,,,,,condemning-whims-and-desires
2305,269,التوبة,Repentance,,Repentance,Repentance,Repentance,Repentance,,,Repentance,,Repentance,Repentance,,,,Repentance,,,,,,,,,,,,,,,,,,,,,repentance
2306,269,تزكية النفوس,Purification of Souls,,Purification of Souls,Purification of Souls,Purification of Souls,Purification of Souls,,,Purification of Souls,,Purification of Souls,Purification of Souls,,,,Purification of Souls,,,,,,,,,,,,,,,,,,,,,purification-of-souls
2307,269,أهوال القبور,Terrors of the Graves,,Terrors of the Graves,Terrors of the Graves,Terrors of the Graves,Terrors of the Graves,,,Terrors of the Graves,,Terrors of the Graves,Terrors of the Graves,,,,Terrors of the Graves,,,,,,,,,,,,,,,,,,,,,terrors-of-the-graves
2308,269,صفات الجنة والنار,Descriptions of Paradise and Hell,,Descriptions of Paradise and Hell,Descriptions of Paradise and Hell,Descriptions of Paradise and Hell,Descriptions of Paradise and Hell,,,Descriptions of Paradise and Hell,,Descriptions of Paradise and Hell,Descriptions of Paradise and Hell,,,,Descriptions of Paradise and Hell,,,,,,,,,,,,,,,,,,,,,descriptions-of-paradise-and-hell
2309,6,الدعوة إلى الله,Calling to Allah (Da‘wah),,Calling to Allah (Da‘wah),Calling to Allah (Da‘wah),Calling to Allah (Da‘wah),Calling to Allah (Da‘wah),,,Calling to Allah (Da‘wah),,Calling to Allah (Da‘wah),Calling to Allah (Da‘wah),,,,Calling to Allah (Da‘wah),,,,,,,,,,,,,,,,,,,,,calling-to-allah-da‘wah
2310,6,الأمر بالمعروف والنهي عن المنكر,Enjoining Good and Forbidding Evil,,Enjoining Good and Forbidding Evil,Enjoining Good and Forbidding Evil,Enjoining Good and Forbidding Evil,Enjoining Good and Forbidding Evil,,,Enjoining Good and Forbidding Evil,,Enjoining Good and Forbidding Evil,Enjoining Good and Forbidding Evil,,,,Enjoining Good and Forbidding Evil,,,,,,,,,,,,,,,,,,,,,enjoining-good-and-forbidding-evil
2311,6,السياسة الشرعية,Shariah-approved Politics,,Shariah-approved Politics,Shariah-approved Politics,Shariah-approved Politics,Shariah-approved Politics,,,Shariah-approved Politics,,Shariah-approved Politics,Shariah-approved Politics,,,,Shariah-approved Politics,,,,,,,,,,,,,,,,,,,,,shariah-approved-politics
2312,6,الثقافة الإسلامية,Islamic Culture,,Islamic Culture,Islamic Culture,Islamic Culture,Islamic Culture,,,Islamic Culture,,Islamic Culture,Islamic Culture,,,,Islamic Culture,,,,,,,,,,,,,,,,,,,,,islamic-culture
2313,325,حكم الدعوة إلى الله,Ruling of Calling to Allah,,Ruling of Calling to Allah,Ruling of Calling to Allah,Ruling of Calling to Allah,Ruling of Calling to Allah,,,Ruling of Calling to Allah,,Ruling of Calling to Allah,Ruling of Calling to Allah,,,,Ruling of Calling to Allah,,,,,,,,,,,,,,,,,,,,,ruling-of-calling-to-allah
2314,325,آداب الدعوة إلى الله,Manners of Calling to Allah,,Manners of Calling to Allah,Manners of Calling to Allah,Manners of Calling to Allah,Manners of Calling to Allah,,,Manners of Calling to Allah,,Manners of Calling to Allah,Manners of Calling to Allah,,,,Manners of Calling to Allah,,,,,,,,,,,,,,,,,,,,,manners-of-calling-to-allah
2315,325,سير الدعاة وواجباتهم,Backgrounds and Duties of the Callers to Allah,,Backgrounds and Duties of the Callers to Allah,Backgrounds and Duties of the Callers to Allah,Backgrounds and Duties of the Callers to Allah,Backgrounds and Duties of the Callers to Allah,,,Backgrounds and Duties of the Callers to Allah,,Backgrounds and Duties of the Callers to Allah,Backgrounds and Duties of the Callers to Allah,,,,Backgrounds and Duties of the Callers to Allah,,,,,,,,,,,,,,,,,,,,,backgrounds-and-duties-of-the-callers-to-allah
2316,325,فضل الإسلام ومحاسنه,Excellence and Merits of Islam,,Excellence and Merits of Islam,Excellence and Merits of Islam,Excellence and Merits of Islam,Excellence and Merits of Islam,,,Excellence and Merits of Islam,,Excellence and Merits of Islam,Excellence and Merits of Islam,,,,Excellence and Merits of Islam,,,,,,,,,,,,,,,,,,,,,excellence-and-merits-of-islam
2317,325,عموم الدين الإسلامي,Universality of Islam,,Universality of Islam,Universality of Islam,Universality of Islam,Universality of Islam,,,Universality of Islam,,Universality of Islam,Universality of Islam,,,,Universality of Islam,,,,,,,,,,,,,,,,,,,,,universality-of-islam
2318,325,حقوق الإنسان في الإسلام,Human Rights in Islam,,Human Rights in Islam,Human Rights in Islam,Human Rights in Islam,Human Rights in Islam,,,Human Rights in Islam,,Human Rights in Islam,Human Rights in Islam,,,,Human Rights in Islam,,,,,,,,,,,,,,,,,,,,,human-rights-in-islam
2319,325,حقوق الحيوان في الإسلام,Animal Rights in Islam,,Animal Rights in Islam,Animal Rights in Islam,Animal Rights in Islam,Animal Rights in Islam,,,Animal Rights in Islam,,Animal Rights in Islam,Animal Rights in Islam,,,,Animal Rights in Islam,,,,,,,,,,,,,,,,,,,,,animal-rights-in-islam
2320,326,حكم الأمر بالمعروف والنهي عن المنكر,Ruling of Enjoining Good and Forbidding Evil,,Ruling of Enjoining Good and Forbidding Evil,Ruling of Enjoining Good and Forbidding Evil,Ruling of Enjoining Good and Forbidding Evil,Ruling of Enjoining Good and Forbidding Evil,,,Ruling of Enjoining Good and Forbidding Evil,,Ruling of Enjoining Good and Forbidding Evil,Ruling of Enjoining Good and Forbidding Evil,,,,Ruling of Enjoining Good and Forbidding Evil,,,,,,,,,,,,,,,,,,,,,ruling-of-enjoining-good-and-forbidding-evil
2321,326,فضل الأمر بالمعروف والنهي عن المنكر,Excellence of Enjoining Good and Forbidding Evil,,Excellence of Enjoining Good and Forbidding Evil,Excellence of Enjoining Good and Forbidding Evil,Excellence of Enjoining Good and Forbidding Evil,Excellence of Enjoining Good and Forbidding Evil,,,Excellence of Enjoining Good and Forbidding Evil,,Excellence of Enjoining Good and Forbidding Evil,Excellence of Enjoining Good and Forbidding Evil,,,,Excellence of Enjoining Good and Forbidding Evil,,,,,,,,,,,,,,,,,,,,,excellence-of-enjoining-good-and-forbidding-evil
2322,326,آداب الأمر بالمعروف والنهي عن المنكر,Manners of Enjoining Good and Forbidding Evil,,Manners of Enjoining Good and Forbidding Evil,Manners of Enjoining Good and Forbidding Evil,Manners of Enjoining Good and Forbidding Evil,Manners of Enjoining Good and Forbidding Evil,,,Manners of Enjoining Good and Forbidding Evil,,Manners of Enjoining Good and Forbidding Evil,Manners of Enjoining Good and Forbidding Evil,,,,Manners of Enjoining Good and Forbidding Evil,,,,,,,,,,,,,,,,,,,,,manners-of-enjoining-good-and-forbidding-evil
2323,326,أصول الأمر بالمعروف والنهي عن المنكر,Principles of Enjoining Good and Forbidding Evil,,Principles of Enjoining Good and Forbidding Evil,Principles of Enjoining Good and Forbidding Evil,Principles of Enjoining Good and Forbidding Evil,Principles of Enjoining Good and Forbidding Evil,,,Principles of Enjoining Good and Forbidding Evil,,Principles of Enjoining Good and Forbidding Evil,Principles of Enjoining Good and Forbidding Evil,,,,Principles of Enjoining Good and Forbidding Evil,,,,,,,,,,,,,,,,,,,,,principles-of-enjoining-good-and-forbidding-evil
2324,326,شروط الأمر بالمعروف والنهي عن المنكر,Requirements of Enjoining Good and Forbidding Evil,,Requirements of Enjoining Good and Forbidding Evil,Requirements of Enjoining Good and Forbidding Evil,Requirements of Enjoining Good and Forbidding Evil,Requirements of Enjoining Good and Forbidding Evil,,,Requirements of Enjoining Good and Forbidding Evil,,Requirements of Enjoining Good and Forbidding Evil,Requirements of Enjoining Good and Forbidding Evil,,,,Requirements of Enjoining Good and Forbidding Evil,,,,,,,,,,,,,,,,,,,,,requirements-of-enjoining-good-and-forbidding-evil
2325,326,أحكام ومسائل متعلقة بالأمر بالمعروف والنهي عن المنكر,Rulings and Issues of Enjoining Good and Forbidding Evil,,Rulings and Issues of Enjoining Good and Forbidding Evil,Rulings and Issues of Enjoining Good and Forbidding Evil,Rulings and Issues of Enjoining Good and Forbidding Evil,Rulings and Issues of Enjoining Good and Forbidding Evil,,,Rulings and Issues of Enjoining Good and Forbidding Evil,,Rulings and Issues of Enjoining Good and Forbidding Evil,Rulings and Issues of Enjoining Good and Forbidding Evil,,,,Rulings and Issues of Enjoining Good and Forbidding Evil,,,,,,,,,,,,,,,,,,,,,rulings-and-issues-of-enjoining-good-and-forbidding-evil
2326,327,طرق اختيار الإمام للإمامة الكبرى,Ways of Electing the Supreme Muslim Imam (Ruler),,Ways of Electing the Supreme Muslim Imam (Ruler),Ways of Electing the Supreme Muslim Imam (Ruler),Ways of Electing the Supreme Muslim Imam (Ruler),Ways of Electing the Supreme Muslim Imam (Ruler),,,Ways of Electing the Supreme Muslim Imam (Ruler),,Ways of Electing the Supreme Muslim Imam (Ruler),Ways of Electing the Supreme Muslim Imam (Ruler),,,,Ways of Electing the Supreme Muslim Imam (Ruler),,,,,,,,,,,,,,,,,,,,,ways-of-electing-the-supreme-muslim-imam-ruler
2327,327,شروط الإمامة العظمى,Requirements of the Supreme Imamate (Leadership),,Requirements of the Supreme Imamate (Leadership),Requirements of the Supreme Imamate (Leadership),Requirements of the Supreme Imamate (Leadership),Requirements of the Supreme Imamate (Leadership),,,Requirements of the Supreme Imamate (Leadership),,Requirements of the Supreme Imamate (Leadership),Requirements of the Supreme Imamate (Leadership),,,,Requirements of the Supreme Imamate (Leadership),,,,,,,,,,,,,,,,,,,,,requirements-of-the-supreme-imamate-leadership
2328,327,واجبات الإمام,Duties of the Imam,,Duties of the Imam,Duties of the Imam,Duties of the Imam,Duties of the Imam,,,Duties of the Imam,,Duties of the Imam,Duties of the Imam,,,,Duties of the Imam,,,,,,,,,,,,,,,,,,,,,duties-of-the-imam
2329,327,حق الإمام على الرعية,Imam's Rights over the Subjects,,Imam's Rights over the Subjects,Imam's Rights over the Subjects,Imam's Rights over the Subjects,Imam's Rights over the Subjects,,,Imam's Rights over the Subjects,,Imam's Rights over the Subjects,Imam's Rights over the Subjects,,,,Imam's Rights over the Subjects,,,,,,,,,,,,,,,,,,,,,imams-rights-over-the-subjects
2330,327,الخروج على الإمام,Rebelling against the Muslim Ruler,,Rebelling against the Muslim Ruler,Rebelling against the Muslim Ruler,Rebelling against the Muslim Ruler,Rebelling against the Muslim Ruler,,,Rebelling against the Muslim Ruler,,Rebelling against the Muslim Ruler,Rebelling against the Muslim Ruler,,,,Rebelling against the Muslim Ruler,,,,,,,,,,,,,,,,,,,,,rebelling-against-the-muslim-ruler
2331,327,العلاقات الدولية في الإسلام,International Relations in Islam,,International Relations in Islam,International Relations in Islam,International Relations in Islam,International Relations in Islam,,,International Relations in Islam,,International Relations in Islam,International Relations in Islam,,,,International Relations in Islam,,,,,,,,,,,,,,,,,,,,,international-relations-in-islam
2332,327,نظام الشورى في الإسلام,Consultation System in Islam,,Consultation System in Islam,Consultation System in Islam,Consultation System in Islam,Consultation System in Islam,,,Consultation System in Islam,,Consultation System in Islam,Consultation System in Islam,,,,Consultation System in Islam,,,,,,,,,,,,,,,,,,,,,consultation-system-in-islam
2333,328,الحضارة الإسلامية,Islamic Civilization,,Islamic Civilization,Islamic Civilization,Islamic Civilization,Islamic Civilization,,,Islamic Civilization,,Islamic Civilization,Islamic Civilization,,,,Islamic Civilization,,,,,,,,,,,,,,,,,,,,,islamic-civilization
2334,7,السيرة النبوية,Prophet's Biography,,Prophet's Biography,Prophet's Biography,Prophet's Biography,Prophet's Biography,,,Prophet's Biography,,Prophet's Biography,Prophet's Biography,,,,Prophet's Biography,,,,,,,,,,,,,,,,,,,,,prophets-biography
2335,7,التاريخ,History,,History,History,History,History,,,History,,History,History,,,,History,,,,,,,,,,,,,,,,,,,,,history
2336,367,نسبه صلى الله عليه وسلم,Prophet's Lineage,,Prophet's Lineage,Prophet's Lineage,Prophet's Lineage,Prophet's Lineage,,,Prophet's Lineage,,Prophet's Lineage,Prophet's Lineage,,,,Prophet's Lineage,,,,,,,,,,,,,,,,,,,,,prophets-lineage
2337,367,زوجاته صلى الله عليه وسلم وأحوال بيت النبوة,Prophet's Wives and Family Issues,,Prophet's Wives and Family Issues,Prophet's Wives and Family Issues,Prophet's Wives and Family Issues,Prophet's Wives and Family Issues,,,Prophet's Wives and Family Issues,,Prophet's Wives and Family Issues,Prophet's Wives and Family Issues,,,,Prophet's Wives and Family Issues,,,,,,,,,,,,,,,,,,,,,prophets-wives-and-family-issues
2338,367,أولاده صلى الله عليه وسلم,Prophet's Children,,Prophet's Children,Prophet's Children,Prophet's Children,Prophet's Children,,,Prophet's Children,,Prophet's Children,Prophet's Children,,,,Prophet's Children,,,,,,,,,,,,,,,,,,,,,prophets-children
2339,367,خدمه صلى الله عليه وسلم,Prophet's Servants,,Prophet's Servants,Prophet's Servants,Prophet's Servants,Prophet's Servants,,,Prophet's Servants,,Prophet's Servants,Prophet's Servants,,,,Prophet's Servants,,,,,,,,,,,,,,,,,,,,,prophets-servants
2340,367,حياته قبل البعثة صلى الله عليه وسلم,Prophet's Life before Mission,,Prophet's Life before Mission,Prophet's Life before Mission,Prophet's Life before Mission,Prophet's Life before Mission,,,Prophet's Life before Mission,,Prophet's Life before Mission,Prophet's Life before Mission,,,,Prophet's Life before Mission,,,,,,,,,,,,,,,,,,,,,prophets-life-before-mission
2341,367,مبعثه صلى الله عليه وسلم,Prophet's Mission,,Prophet's Mission,Prophet's Mission,Prophet's Mission,Prophet's Mission,,,Prophet's Mission,,Prophet's Mission,Prophet's Mission,,,,Prophet's Mission,,,,,,,,,,,,,,,,,,,,,prophets-mission
2342,367,العهد المكي,The Makkan Period,,The Makkan Period,The Makkan Period,The Makkan Period,The Makkan Period,,,The Makkan Period,,The Makkan Period,The Makkan Period,,,,The Makkan Period,,,,,,,,,,,,,,,,,,,,,the-makkan-period
2343,367,الهجرة,The Emigration (Hijrah),,The Emigration (Hijrah),The Emigration (Hijrah),The Emigration (Hijrah),The Emigration (Hijrah),,,The Emigration (Hijrah),,The Emigration (Hijrah),The Emigration (Hijrah),,,,The Emigration (Hijrah),,,,,,,,,,,,,,,,,,,,,the-emigration-hijrah
2344,367,العهد المدني,The Madinan Period,,The Madinan Period,The Madinan Period,The Madinan Period,The Madinan Period,,,The Madinan Period,,The Madinan Period,The Madinan Period,,,,The Madinan Period,,,,,,,,,,,,,,,,,,,,,the-madinan-period
2345,367,غزواته وسراياه صلى الله عليه وسلم,Prophet's Battles and Expeditions,,Prophet's Battles and Expeditions,Prophet's Battles and Expeditions,Prophet's Battles and Expeditions,Prophet's Battles and Expeditions,,,Prophet's Battles and Expeditions,,Prophet's Battles and Expeditions,Prophet's Battles and Expeditions,,,,Prophet's Battles and Expeditions,,,,,,,,,,,,,,,,,,,,,prophets-battles-and-expeditions
2346,367,مكاتباته ومراسلاته صلى الله عليه وسلم,Prophet's Correspondences,,Prophet's Correspondences,Prophet's Correspondences,Prophet's Correspondences,Prophet's Correspondences,,,Prophet's Correspondences,,Prophet's Correspondences,Prophet's Correspondences,,,,Prophet's Correspondences,,,,,,,,,,,,,,,,,,,,,prophets-correspondences
2347,367,وفاته صلى الله عليه وسلم,Prophet's Death,,Prophet's Death,Prophet's Death,Prophet's Death,Prophet's Death,,,Prophet's Death,,Prophet's Death,Prophet's Death,,,,Prophet's Death,,,,,,,,,,,,,,,,,,,,,prophets-death
2348,367,الشمائل المحمدية,Muhammadan Qualities,,Muhammadan Qualities,Muhammadan Qualities,Muhammadan Qualities,Muhammadan Qualities,,,Muhammadan Qualities,,Muhammadan Qualities,Muhammadan Qualities,,,,Muhammadan Qualities,,,,,,,,,,,,,,,,,,,,,muhammadan-qualities
2349,368,قصص وأحوال الأمم السابقة,Stories and Conditions of Pre-Islamic Nations,,Stories and Conditions of Pre-Islamic Nations,Stories and Conditions of Pre-Islamic Nations,Stories and Conditions of Pre-Islamic Nations,Stories and Conditions of Pre-Islamic Nations,,,Stories and Conditions of Pre-Islamic Nations,,Stories and Conditions of Pre-Islamic Nations,Stories and Conditions of Pre-Islamic Nations,,,,Stories and Conditions of Pre-Islamic Nations,,,,,,,,,,,,,,,,,,,,,stories-and-conditions-of-pre-islamic-nations
2350,368,تاريخ مكة والمدينة والأقصى,History of Makkah; Madinah; and the Aqsa (Jerusalem),,History of Makkah; Madinah; and the Aqsa (Jerusalem),History of Makkah; Madinah; and the Aqsa (Jerusalem),History of Makkah; Madinah; and the Aqsa (Jerusalem),History of Makkah; Madinah; and the Aqsa (Jerusalem),,,History of Makkah; Madinah; and the Aqsa (Jerusalem),,History of Makkah; Madinah; and the Aqsa (Jerusalem),History of Makkah; Madinah; and the Aqsa (Jerusalem),,,,History of Makkah; Madinah; and the Aqsa (Jerusalem),,,,,,,,,,,,,,,,,,,,,history-of-makkah;-madinah;-and-the-aqsa-jerusalem
2351,368,الحروب والغزوات,Wars and Battles,,Wars and Battles,Wars and Battles,Wars and Battles,Wars and Battles,,,Wars and Battles,,Wars and Battles,Wars and Battles,,,,Wars and Battles,,,,,,,,,,,,,,,,,,,,,wars-and-battles
2352,368,التراجم وسير الأعلام,Biographies (of Famous Figures),,Biographies (of Famous Figures),Biographies (of Famous Figures),Biographies (of Famous Figures),Biographies (of Famous Figures),,,Biographies (of Famous Figures),,Biographies (of Famous Figures),Biographies (of Famous Figures),,,,Biographies (of Famous Figures),,,,,,,,,,,,,,,,,,,,,biographies-of-famous-figures
2353,368,البلدان والأعلام,Countries and Figures,,Countries and Figures,Countries and Figures,Countries and Figures,Countries and Figures,,,Countries and Figures,,Countries and Figures,Countries and Figures,,,,Countries and Figures,,,,,,,,,,,,,,,,,,,,,countries-and-figures
2354,368,مناسبات دورية,Periodical Occasions,,Periodical Occasions,Periodical Occasions,Periodical Occasions,Periodical Occasions,,,Periodical Occasions,,Periodical Occasions,Periodical Occasions,,,,Periodical Occasions,,,,,,,,,,,,,,,,,,,,,periodical-occasions
2355,100,موقف أهل السنة من أهل البدع,Ahl-us-Sunnah's (Sunni) Stance on Religious Innovators,,Ahl-us-Sunnah's (Sunni) Stance on Religious Innovators,Ahl-us-Sunnah's (Sunni) Stance on Religious Innovators,Ahl-us-Sunnah's (Sunni) Stance on Religious Innovators,Ahl-us-Sunnah's (Sunni) Stance on Religious Innovators,,,Ahl-us-Sunnah's (Sunni) Stance on Religious Innovators,,Ahl-us-Sunnah's (Sunni) Stance on Religious Innovators,Ahl-us-Sunnah's (Sunni) Stance on Religious Innovators,,,,Ahl-us-Sunnah's (Sunni) Stance on Religious Innovators,,,,,,,,,,,,,,,,,,,,,ahl-us-sunnahs-sunni-stance-on-religious-innovators
2356,133,أحكام المياه,Rulings of Water,,Rulings of Water,Rulings of Water,Rulings of Water,Rulings of Water,,,Rulings of Water,,Rulings of Water,Rulings of Water,,,,Rulings of Water,,,,,,,,,,,,,,,,,,,,,rulings-of-water
2357,133,إزالة النجاسات,Removing Impurities,,Removing Impurities,Removing Impurities,Removing Impurities,Removing Impurities,,,Removing Impurities,,Removing Impurities,Removing Impurities,,,,Removing Impurities,,,,,,,,,,,,,,,,,,,,,removing-impurities
2358,133,الآنية,Utensils,,Utensils,Utensils,Utensils,Utensils,,,Utensils,,Utensils,Utensils,,,,Utensils,,,,,,,,,,,,,,,,,,,,,utensils
2359,133,آداب قضاء الحاجة,Toilet Manners,,Toilet Manners,Toilet Manners,Toilet Manners,Toilet Manners,,,Toilet Manners,,Toilet Manners,Toilet Manners,,,,Toilet Manners,,,,,,,,,,,,,,,,,,,,,toilet-manners
2360,133,سنن الفطرة,Natural Cleanliness Practices,,Natural Cleanliness Practices,Natural Cleanliness Practices,Natural Cleanliness Practices,Natural Cleanliness Practices,,,Natural Cleanliness Practices,,Natural Cleanliness Practices,Natural Cleanliness Practices,,,,Natural Cleanliness Practices,,,,,,,,,,,,,,,,,,,,,natural-cleanliness-practices
2361,133,الوضوء,Ablution,,Ablution,Ablution,Ablution,Ablution,,,Ablution,,Ablution,Ablution,,,,Ablution,,,,,,,,,,,,,,,,,,,,,ablution
2362,133,الغسل,Ritual Bath,,Ritual Bath,Ritual Bath,Ritual Bath,Ritual Bath,,,Ritual Bath,,Ritual Bath,Ritual Bath,,,,Ritual Bath,,,,,,,,,,,,,,,,,,,,,ritual-bath
2363,133,التيمم,Dry Ablution,,Dry Ablution,Dry Ablution,Dry Ablution,Dry Ablution,,,Dry Ablution,,Dry Ablution,Dry Ablution,,,,Dry Ablution,,,,,,,,,,,,,,,,,,,,,dry-ablution
2364,133,الحيض والنفاس والاستحاضة,Menses; Postpartum Bleeding; Extra-Menses Bleeding,,Menses; Postpartum Bleeding; Extra-Menses Bleeding,Menses; Postpartum Bleeding; Extra-Menses Bleeding,Menses; Postpartum Bleeding; Extra-Menses Bleeding,Menses; Postpartum Bleeding; Extra-Menses Bleeding,,,Menses; Postpartum Bleeding; Extra-Menses Bleeding,,Menses; Postpartum Bleeding; Extra-Menses Bleeding,Menses; Postpartum Bleeding; Extra-Menses Bleeding,,,,Menses; Postpartum Bleeding; Extra-Menses Bleeding,,,,,,,,,,,,,,,,,,,,,menses;-postpartum-bleeding;-extra-menses-bleeding
2365,437,فضل الوضوء,Excellence of Ablution,,Excellence of Ablution,Excellence of Ablution,Excellence of Ablution,Excellence of Ablution,,,Excellence of Ablution,,Excellence of Ablution,Excellence of Ablution,,,,Excellence of Ablution,,,,,,,,,,,,,,,,,,,,,excellence-of-ablution
2366,437,أركان الوضوء,Pillars of Ablution,,Pillars of Ablution,Pillars of Ablution,Pillars of Ablution,Pillars of Ablution,,,Pillars of Ablution,,Pillars of Ablution,Pillars of Ablution,,,,Pillars of Ablution,,,,,,,,,,,,,,,,,,,,,pillars-of-ablution
2367,437,سنن وآداب الوضوء,Recommended Acts and Manners of Ablution,,Recommended Acts and Manners of Ablution,Recommended Acts and Manners of Ablution,Recommended Acts and Manners of Ablution,Recommended Acts and Manners of Ablution,,,Recommended Acts and Manners of Ablution,,Recommended Acts and Manners of Ablution,Recommended Acts and Manners of Ablution,,,,Recommended Acts and Manners of Ablution,,,,,,,,,,,,,,,,,,,,,recommended-acts-and-manners-of-ablution
2368,437,صفة الوضوء,Method of Ablution,,Method of Ablution,Method of Ablution,Method of Ablution,Method of Ablution,,,Method of Ablution,,Method of Ablution,Method of Ablution,,,,Method of Ablution,,,,,,,,,,,,,,,,,,,,,method-of-ablution
2369,437,نواقض الوضوء,Nullifiers of Ablution,,Nullifiers of Ablution,Nullifiers of Ablution,Nullifiers of Ablution,Nullifiers of Ablution,,,Nullifiers of Ablution,,Nullifiers of Ablution,Nullifiers of Ablution,,,,Nullifiers of Ablution,,,,,,,,,,,,,,,,,,,,,nullifiers-of-ablution
2370,438,أحكام الغسل,Rulings of the Ritual Bath,,Rulings of the Ritual Bath,Rulings of the Ritual Bath,Rulings of the Ritual Bath,Rulings of the Ritual Bath,,,Rulings of the Ritual Bath,,Rulings of the Ritual Bath,Rulings of the Ritual Bath,,,,Rulings of the Ritual Bath,,,,,,,,,,,,,,,,,,,,,rulings-of-the-ritual-bath
2371,438,موجبات الغسل,Causes of Obligatory Ritual Bath,,Causes of Obligatory Ritual Bath,Causes of Obligatory Ritual Bath,Causes of Obligatory Ritual Bath,Causes of Obligatory Ritual Bath,,,Causes of Obligatory Ritual Bath,,Causes of Obligatory Ritual Bath,Causes of Obligatory Ritual Bath,,,,Causes of Obligatory Ritual Bath,,,,,,,,,,,,,,,,,,,,,causes-of-obligatory-ritual-bath
2372,438,سنن وآداب الغسل,Recommended Manners of the Ritual Bath,,Recommended Manners of the Ritual Bath,Recommended Manners of the Ritual Bath,Recommended Manners of the Ritual Bath,Recommended Manners of the Ritual Bath,,,Recommended Manners of the Ritual Bath,,Recommended Manners of the Ritual Bath,Recommended Manners of the Ritual Bath,,,,Recommended Manners of the Ritual Bath,,,,,,,,,,,,,,,,,,,,,recommended-manners-of-the-ritual-bath
2373,134,وجوب الصلاة وحكم تاركها,Obligation of Prayer and Ruling on Its Abandoner,,Obligation of Prayer and Ruling on Its Abandoner,Obligation of Prayer and Ruling on Its Abandoner,Obligation of Prayer and Ruling on Its Abandoner,Obligation of Prayer and Ruling on Its Abandoner,,,Obligation of Prayer and Ruling on Its Abandoner,,Obligation of Prayer and Ruling on Its Abandoner,Obligation of Prayer and Ruling on Its Abandoner,,,,Obligation of Prayer and Ruling on Its Abandoner,,,,,,,,,,,,,,,,,,,,,obligation-of-prayer-and-ruling-on-its-abandoner
2374,134,فضل الصلاة,Virtue of Prayer,,Virtue of Prayer,Virtue of Prayer,Virtue of Prayer,Virtue of Prayer,,,Virtue of Prayer,,Virtue of Prayer,Virtue of Prayer,,,,Virtue of Prayer,,,,,,,,,,,,,,,,,,,,,virtue-of-prayer
2375,134,الأذان والإقامة,The Azan and Iqaamah,,The Azan and Iqaamah,The Azan and Iqaamah,The Azan and Iqaamah,The Azan and Iqaamah,,,The Azan and Iqaamah,,The Azan and Iqaamah,The Azan and Iqaamah,,,,The Azan and Iqaamah,,,,,,,,,,,,,,,,,,,,,the-azan-and-iqaamah
2376,134,أوقات النهي عن الصلاة,Times Not to Pray,,Times Not to Pray,Times Not to Pray,Times Not to Pray,Times Not to Pray,,,Times Not to Pray,,Times Not to Pray,Times Not to Pray,,,,Times Not to Pray,,,,,,,,,,,,,,,,,,,,,times-not-to-pray
2377,134,شروط الصلاة,Conditions of Prayer,,Conditions of Prayer,Conditions of Prayer,Conditions of Prayer,Conditions of Prayer,,,Conditions of Prayer,,Conditions of Prayer,Conditions of Prayer,,,,Conditions of Prayer,,,,,,,,,,,,,,,,,,,,,conditions-of-prayer
2378,134,أركان الصلاة,Pillars of Prayer,,Pillars of Prayer,Pillars of Prayer,Pillars of Prayer,Pillars of Prayer,,,Pillars of Prayer,,Pillars of Prayer,Pillars of Prayer,,,,Pillars of Prayer,,,,,,,,,,,,,,,,,,,,,pillars-of-prayer
2379,134,واجبات الصلاة,Obligatory Acts of Prayer,,Obligatory Acts of Prayer,Obligatory Acts of Prayer,Obligatory Acts of Prayer,Obligatory Acts of Prayer,,,Obligatory Acts of Prayer,,Obligatory Acts of Prayer,Obligatory Acts of Prayer,,,,Obligatory Acts of Prayer,,,,,,,,,,,,,,,,,,,,,obligatory-acts-of-prayer
2380,134,سنن الصلاة,Recommended Acts of Prayer,,Recommended Acts of Prayer,Recommended Acts of Prayer,Recommended Acts of Prayer,Recommended Acts of Prayer,,,Recommended Acts of Prayer,,Recommended Acts of Prayer,Recommended Acts of Prayer,,,,Recommended Acts of Prayer,,,,,,,,,,,,,,,,,,,,,recommended-acts-of-prayer
2381,134,صفة الصلاة,Method of Prayer,,Method of Prayer,Method of Prayer,Method of Prayer,Method of Prayer,,,Method of Prayer,,Method of Prayer,Method of Prayer,,,,Method of Prayer,,,,,,,,,,,,,,,,,,,,,method-of-prayer
2382,134,أذكار الصلاة,Dhikr (Invocation) during Prayer,,Dhikr (Invocation) during Prayer,Dhikr (Invocation) during Prayer,Dhikr (Invocation) during Prayer,Dhikr (Invocation) during Prayer,,,Dhikr (Invocation) during Prayer,,Dhikr (Invocation) during Prayer,Dhikr (Invocation) during Prayer,,,,Dhikr (Invocation) during Prayer,,,,,,,,,,,,,,,,,,,,,dhikr-invocation-during-prayer
2383,134,مبطلات الصلاة,Nullifiers of Prayer,,Nullifiers of Prayer,Nullifiers of Prayer,Nullifiers of Prayer,Nullifiers of Prayer,,,Nullifiers of Prayer,,Nullifiers of Prayer,Nullifiers of Prayer,,,,Nullifiers of Prayer,,,,,,,,,,,,,,,,,,,,,nullifiers-of-prayer
2384,134,أخطاء المصلين,Mistakes during Prayer,,Mistakes during Prayer,Mistakes during Prayer,Mistakes during Prayer,Mistakes during Prayer,,,Mistakes during Prayer,,Mistakes during Prayer,Mistakes during Prayer,,,,Mistakes during Prayer,,,,,,,,,,,,,,,,,,,,,mistakes-during-prayer
2385,134,سجود السهو والتلاوة والشكر,Prostration of Forgetfulness; Recitation; Gratitude,,Prostration of Forgetfulness; Recitation; Gratitude,Prostration of Forgetfulness; Recitation; Gratitude,Prostration of Forgetfulness; Recitation; Gratitude,Prostration of Forgetfulness; Recitation; Gratitude,,,Prostration of Forgetfulness; Recitation; Gratitude,,Prostration of Forgetfulness; Recitation; Gratitude,Prostration of Forgetfulness; Recitation; Gratitude,,,,Prostration of Forgetfulness; Recitation; Gratitude,,,,,,,,,,,,,,,,,,,,,prostration-of-forgetfulness;-recitation;-gratitude
2386,134,فضل صلاة الجماعة وأحكامها,Virtue and Rulings of Congregational Prayer,,Virtue and Rulings of Congregational Prayer,Virtue and Rulings of Congregational Prayer,Virtue and Rulings of Congregational Prayer,Virtue and Rulings of Congregational Prayer,,,Virtue and Rulings of Congregational Prayer,,Virtue and Rulings of Congregational Prayer,Virtue and Rulings of Congregational Prayer,,,,Virtue and Rulings of Congregational Prayer,,,,,,,,,,,,,,,,,,,,,virtue-and-rulings-of-congregational-prayer
2387,134,أحكام الإمام والمأموم,Rulings of the Imam and Followers in Prayer,,Rulings of the Imam and Followers in Prayer,Rulings of the Imam and Followers in Prayer,Rulings of the Imam and Followers in Prayer,Rulings of the Imam and Followers in Prayer,,,Rulings of the Imam and Followers in Prayer,,Rulings of the Imam and Followers in Prayer,Rulings of the Imam and Followers in Prayer,,,,Rulings of the Imam and Followers in Prayer,,,,,,,,,,,,,,,,,,,,,rulings-of-the-imam-and-followers-in-prayer
2388,134,صلاة أهل الأعذار,Prayer of the People with Excuses,,Prayer of the People with Excuses,Prayer of the People with Excuses,Prayer of the People with Excuses,Prayer of the People with Excuses,,,Prayer of the People with Excuses,,Prayer of the People with Excuses,Prayer of the People with Excuses,,,,Prayer of the People with Excuses,,,,,,,,,,,,,,,,,,,,,prayer-of-the-people-with-excuses
2389,134,صلاة الجمعة,Jumu‘ah (Friday) Prayer,,Jumu‘ah (Friday) Prayer,Jumu‘ah (Friday) Prayer,Jumu‘ah (Friday) Prayer,Jumu‘ah (Friday) Prayer,,,Jumu‘ah (Friday) Prayer,,Jumu‘ah (Friday) Prayer,Jumu‘ah (Friday) Prayer,,,,Jumu‘ah (Friday) Prayer,,,,,,,,,,,,,,,,,,,,,jumu‘ah-friday-prayer
2390,134,صلاة التطوع,Voluntary Prayer,,Voluntary Prayer,Voluntary Prayer,Voluntary Prayer,Voluntary Prayer,,,Voluntary Prayer,,Voluntary Prayer,Voluntary Prayer,,,,Voluntary Prayer,,,,,,,,,,,,,,,,,,,,,voluntary-prayer
2391,134,صلاة الخوف,Prayer of Fear,,Prayer of Fear,Prayer of Fear,Prayer of Fear,Prayer of Fear,,,Prayer of Fear,,Prayer of Fear,Prayer of Fear,,,,Prayer of Fear,,,,,,,,,,,,,,,,,,,,,prayer-of-fear
2392,472,فضل يوم الجمعة,Virtue of Friday,,Virtue of Friday,Virtue of Friday,Virtue of Friday,Virtue of Friday,,,Virtue of Friday,,Virtue of Friday,Virtue of Friday,,,,Virtue of Friday,,,,,,,,,,,,,,,,,,,,,virtue-of-friday
2393,472,فضل صلاة الجمعة,Merit of Jumu‘ah Prayer,,Merit of Jumu‘ah Prayer,Merit of Jumu‘ah Prayer,Merit of Jumu‘ah Prayer,Merit of Jumu‘ah Prayer,,,Merit of Jumu‘ah Prayer,,Merit of Jumu‘ah Prayer,Merit of Jumu‘ah Prayer,,,,Merit of Jumu‘ah Prayer,,,,,,,,,,,,,,,,,,,,,merit-of-jumu‘ah-prayer
2394,472,أحكام صلاة الجمعة,Rulings of Jumu‘ah Prayer,,Rulings of Jumu‘ah Prayer,Rulings of Jumu‘ah Prayer,Rulings of Jumu‘ah Prayer,Rulings of Jumu‘ah Prayer,,,Rulings of Jumu‘ah Prayer,,Rulings of Jumu‘ah Prayer,Rulings of Jumu‘ah Prayer,,,,Rulings of Jumu‘ah Prayer,,,,,,,,,,,,,,,,,,,,,rulings-of-jumu‘ah-prayer
2395,472,أحكام خطبة الجمعة,Rulings of Jumu‘ah Sermon,,Rulings of Jumu‘ah Sermon,Rulings of Jumu‘ah Sermon,Rulings of Jumu‘ah Sermon,Rulings of Jumu‘ah Sermon,,,Rulings of Jumu‘ah Sermon,,Rulings of Jumu‘ah Sermon,Rulings of Jumu‘ah Sermon,,,,Rulings of Jumu‘ah Sermon,,,,,,,,,,,,,,,,,,,,,rulings-of-jumu‘ah-sermon
2396,473,فضل صلاة التطوع,Virtue of Voluntary Prayer,,Virtue of Voluntary Prayer,Virtue of Voluntary Prayer,Virtue of Voluntary Prayer,Virtue of Voluntary Prayer,,,Virtue of Voluntary Prayer,,Virtue of Voluntary Prayer,Virtue of Voluntary Prayer,,,,Virtue of Voluntary Prayer,,,,,,,,,,,,,,,,,,,,,virtue-of-voluntary-prayer
2397,473,السنن الرواتب,Regular Sunnah (Recommended) Prayers,,Regular Sunnah (Recommended) Prayers,Regular Sunnah (Recommended) Prayers,Regular Sunnah (Recommended) Prayers,Regular Sunnah (Recommended) Prayers,,,Regular Sunnah (Recommended) Prayers,,Regular Sunnah (Recommended) Prayers,Regular Sunnah (Recommended) Prayers,,,,Regular Sunnah (Recommended) Prayers,,,,,,,,,,,,,,,,,,,,,regular-sunnah-recommended-prayers
2398,473,قيام الليل,Voluntary Night Prayer (Qiyaam),,Voluntary Night Prayer (Qiyaam),Voluntary Night Prayer (Qiyaam),Voluntary Night Prayer (Qiyaam),Voluntary Night Prayer (Qiyaam),,,Voluntary Night Prayer (Qiyaam),,Voluntary Night Prayer (Qiyaam),Voluntary Night Prayer (Qiyaam),,,,Voluntary Night Prayer (Qiyaam),,,,,,,,,,,,,,,,,,,,,voluntary-night-prayer-qiyaam
2399,473,صلاة العيدين,Prayer of the Two Eids,,Prayer of the Two Eids,Prayer of the Two Eids,Prayer of the Two Eids,Prayer of the Two Eids,,,Prayer of the Two Eids,,Prayer of the Two Eids,Prayer of the Two Eids,,,,Prayer of the Two Eids,,,,,,,,,,,,,,,,,,,,,prayer-of-the-two-eids
2400,134,صلاة الكسوف والخسوف,Prayer of the Solar and Lunar Eclipse,,Prayer of the Solar and Lunar Eclipse,Prayer of the Solar and Lunar Eclipse,Prayer of the Solar and Lunar Eclipse,Prayer of the Solar and Lunar Eclipse,,,Prayer of the Solar and Lunar Eclipse,,Prayer of the Solar and Lunar Eclipse,Prayer of the Solar and Lunar Eclipse,,,,Prayer of the Solar and Lunar Eclipse,,,,,,,,,,,,,,,,,,,,,prayer-of-the-solar-and-lunar-eclipse
2401,134,صلاة الاستسقاء,Rain-Seeking Prayer,,Rain-Seeking Prayer,Rain-Seeking Prayer,Rain-Seeking Prayer,Rain-Seeking Prayer,,,Rain-Seeking Prayer,,Rain-Seeking Prayer,Rain-Seeking Prayer,,,,Rain-Seeking Prayer,,,,,,,,,,,,,,,,,,,,,rain-seeking-prayer
2402,473,صلاة الضحى,Forenoon Prayer,,Forenoon Prayer,Forenoon Prayer,Forenoon Prayer,Forenoon Prayer,,,Forenoon Prayer,,Forenoon Prayer,Forenoon Prayer,,,,Forenoon Prayer,,,,,,,,,,,,,,,,,,,,,forenoon-prayer
2403,473,صلاة الاستخارة,Guidance-Seeking Prayer,,Guidance-Seeking Prayer,Guidance-Seeking Prayer,Guidance-Seeking Prayer,Guidance-Seeking Prayer,,,Guidance-Seeking Prayer,,Guidance-Seeking Prayer,Guidance-Seeking Prayer,,,,Guidance-Seeking Prayer,,,,,,,,,,,,,,,,,,,,,guidance-seeking-prayer
2404,135,الموت وأحكامه,Death and Its Rulings,,Death and Its Rulings,Death and Its Rulings,Death and Its Rulings,Death and Its Rulings,,,Death and Its Rulings,,Death and Its Rulings,Death and Its Rulings,,,,Death and Its Rulings,,,,,,,,,,,,,,,,,,,,,death-and-its-rulings
2405,135,غسل الميت,Washing the Dead,,Washing the Dead,Washing the Dead,Washing the Dead,Washing the Dead,,,Washing the Dead,,Washing the Dead,Washing the Dead,,,,Washing the Dead,,,,,,,,,,,,,,,,,,,,,washing-the-dead
2406,135,صفة الصلاة على الميت,Method of Praying over the Dead,,Method of Praying over the Dead,Method of Praying over the Dead,Method of Praying over the Dead,Method of Praying over the Dead,,,Method of Praying over the Dead,,Method of Praying over the Dead,Method of Praying over the Dead,,,,Method of Praying over the Dead,,,,,,,,,,,,,,,,,,,,,method-of-praying-over-the-dead
2407,135,حمل الميت ودفنه,Carrying and Burying the Dead,,Carrying and Burying the Dead,Carrying and Burying the Dead,Carrying and Burying the Dead,Carrying and Burying the Dead,,,Carrying and Burying the Dead,,Carrying and Burying the Dead,Carrying and Burying the Dead,,,,Carrying and Burying the Dead,,,,,,,,,,,,,,,,,,,,,carrying-and-burying-the-dead
2408,135,التعزية,Consolation,,Consolation,Consolation,Consolation,Consolation,,,Consolation,,Consolation,Consolation,,,,Consolation,,,,,,,,,,,,,,,,,,,,,consolation
2409,135,زيارة القبور,Visiting the Graves,,Visiting the Graves,Visiting the Graves,Visiting the Graves,Visiting the Graves,,,Visiting the Graves,,Visiting the Graves,Visiting the Graves,,,,Visiting the Graves,,,,,,,,,,,,,,,,,,,,,visiting-the-graves
2410,135,الأعمال الصالحة عن الميت وإهداء الثواب له,Doing Good Deeds on behalf of the Deceased and Gifting them the Reward,,Doing Good Deeds on behalf of the Deceased and Gifting them the Reward,Doing Good Deeds on behalf of the Deceased and Gifting them the Reward,Doing Good Deeds on behalf of the Deceased and Gifting them the Reward,Doing Good Deeds on behalf of the Deceased and Gifting them the Reward,,,Doing Good Deeds on behalf of the Deceased and Gifting them the Reward,,Doing Good Deeds on behalf of the Deceased and Gifting them the Reward,Doing Good Deeds on behalf of the Deceased and Gifting them the Reward,,,,Doing Good Deeds on behalf of the Deceased and Gifting them the Reward,,,,,,,,,,,,,,,,,,,,,doing-good-deeds-on-behalf-of-the-deceased-and-gifting-them-the-reward
2411,136,وجوب الزكاة وحكم تاركها,Obligation of Zakah and Ruling of Its Abandoning,,Obligation of Zakah and Ruling of Its Abandoning,Obligation of Zakah and Ruling of Its Abandoning,Obligation of Zakah and Ruling of Its Abandoning,Obligation of Zakah and Ruling of Its Abandoning,,,Obligation of Zakah and Ruling of Its Abandoning,,Obligation of Zakah and Ruling of Its Abandoning,Obligation of Zakah and Ruling of Its Abandoning,,,,Obligation of Zakah and Ruling of Its Abandoning,,,,,,,,,,,,,,,,,,,,,obligation-of-zakah-and-ruling-of-its-abandoning
2412,136,أحكام ومسائل الزكاة,Rulings and Issues of Zakah,,Rulings and Issues of Zakah,Rulings and Issues of Zakah,Rulings and Issues of Zakah,Rulings and Issues of Zakah,,,Rulings and Issues of Zakah,,Rulings and Issues of Zakah,Rulings and Issues of Zakah,,,,Rulings and Issues of Zakah,,,,,,,,,,,,,,,,,,,,,rulings-and-issues-of-zakah
2413,136,زكاة النقدين,Zakah of Gold and Silver,,Zakah of Gold and Silver,Zakah of Gold and Silver,Zakah of Gold and Silver,Zakah of Gold and Silver,,,Zakah of Gold and Silver,,Zakah of Gold and Silver,Zakah of Gold and Silver,,,,Zakah of Gold and Silver,,,,,,,,,,,,,,,,,,,,,zakah-of-gold-and-silver
2414,136,زكاة بهيمة الأنعام,Zakah of Livestock,,Zakah of Livestock,Zakah of Livestock,Zakah of Livestock,Zakah of Livestock,,,Zakah of Livestock,,Zakah of Livestock,Zakah of Livestock,,,,Zakah of Livestock,,,,,,,,,,,,,,,,,,,,,zakah-of-livestock
2415,136,زكاة الخارج من الأرض,Zakah of Land Produce,,Zakah of Land Produce,Zakah of Land Produce,Zakah of Land Produce,Zakah of Land Produce,,,Zakah of Land Produce,,Zakah of Land Produce,Zakah of Land Produce,,,,Zakah of Land Produce,,,,,,,,,,,,,,,,,,,,,zakah-of-land-produce
2416,136,زكاة الفطر,Zakat-ul-Fitr (Minor-Eid Charity),,Zakat-ul-Fitr (Minor-Eid Charity),Zakat-ul-Fitr (Minor-Eid Charity),Zakat-ul-Fitr (Minor-Eid Charity),Zakat-ul-Fitr (Minor-Eid Charity),,,Zakat-ul-Fitr (Minor-Eid Charity),,Zakat-ul-Fitr (Minor-Eid Charity),Zakat-ul-Fitr (Minor-Eid Charity),,,,Zakat-ul-Fitr (Minor-Eid Charity),,,,,,,,,,,,,,,,,,,,,zakat-ul-fitr-minor-eid-charity
2417,136,مصارف الزكاة,Channels of Zakah (People Who Receive Zakah),,Channels of Zakah (People Who Receive Zakah),Channels of Zakah (People Who Receive Zakah),Channels of Zakah (People Who Receive Zakah),Channels of Zakah (People Who Receive Zakah),,,Channels of Zakah (People Who Receive Zakah),,Channels of Zakah (People Who Receive Zakah),Channels of Zakah (People Who Receive Zakah),,,,Channels of Zakah (People Who Receive Zakah),,,,,,,,,,,,,,,,,,,,,channels-of-zakah-people-who-receive-zakah
2418,136,صدقة التطوع,Voluntary Charity,,Voluntary Charity,Voluntary Charity,Voluntary Charity,Voluntary Charity,,,Voluntary Charity,,Voluntary Charity,Voluntary Charity,,,,Voluntary Charity,,,,,,,,,,,,,,,,,,,,,voluntary-charity
2419,137,وجوب الصيام وحكم تاركه,Obligation of Fasting and Ruling of Its Abandoning,,Obligation of Fasting and Ruling of Its Abandoning,Obligation of Fasting and Ruling of Its Abandoning,Obligation of Fasting and Ruling of Its Abandoning,Obligation of Fasting and Ruling of Its Abandoning,,,Obligation of Fasting and Ruling of Its Abandoning,,Obligation of Fasting and Ruling of Its Abandoning,Obligation of Fasting and Ruling of Its Abandoning,,,,Obligation of Fasting and Ruling of Its Abandoning,,,,,,,,,,,,,,,,,,,,,obligation-of-fasting-and-ruling-of-its-abandoning
2420,137,فضل الصيام,Virtue of Fasting,,Virtue of Fasting,Virtue of Fasting,Virtue of Fasting,Virtue of Fasting,,,Virtue of Fasting,,Virtue of Fasting,Virtue of Fasting,,,,Virtue of Fasting,,,,,,,,,,,,,,,,,,,,,virtue-of-fasting
2421,137,سنن الصيام,Recommended Acts of Fasting,,Recommended Acts of Fasting,Recommended Acts of Fasting,Recommended Acts of Fasting,Recommended Acts of Fasting,,,Recommended Acts of Fasting,,Recommended Acts of Fasting,Recommended Acts of Fasting,,,,Recommended Acts of Fasting,,,,,,,,,,,,,,,,,,,,,recommended-acts-of-fasting
2422,137,رؤية الهلال,Sighting the Crescent,,Sighting the Crescent,Sighting the Crescent,Sighting the Crescent,Sighting the Crescent,,,Sighting the Crescent,,Sighting the Crescent,Sighting the Crescent,,,,Sighting the Crescent,,,,,,,,,,,,,,,,,,,,,sighting-the-crescent
2423,137,صيام يوم الشك,Fasting on the Day of Doubt,,Fasting on the Day of Doubt,Fasting on the Day of Doubt,Fasting on the Day of Doubt,Fasting on the Day of Doubt,,,Fasting on the Day of Doubt,,Fasting on the Day of Doubt,Fasting on the Day of Doubt,,,,Fasting on the Day of Doubt,,,,,,,,,,,,,,,,,,,,,fasting-on-the-day-of-doubt
2424,137,قضاء الصيام,Fasting Missed Days of Ramadaan,,Fasting Missed Days of Ramadaan,Fasting Missed Days of Ramadaan,Fasting Missed Days of Ramadaan,Fasting Missed Days of Ramadaan,,,Fasting Missed Days of Ramadaan,,Fasting Missed Days of Ramadaan,Fasting Missed Days of Ramadaan,,,,Fasting Missed Days of Ramadaan,,,,,,,,,,,,,,,,,,,,,fasting-missed-days-of-ramadaan
2425,137,صيام أهل الأعذار,Fasting of People with Excuses,,Fasting of People with Excuses,Fasting of People with Excuses,Fasting of People with Excuses,Fasting of People with Excuses,,,Fasting of People with Excuses,,Fasting of People with Excuses,Fasting of People with Excuses,,,,Fasting of People with Excuses,,,,,,,,,,,,,,,,,,,,,fasting-of-people-with-excuses
2426,137,مفسدات الصيام,Nullifiers of Fasting,,Nullifiers of Fasting,Nullifiers of Fasting,Nullifiers of Fasting,Nullifiers of Fasting,,,Nullifiers of Fasting,,Nullifiers of Fasting,Nullifiers of Fasting,,,,Nullifiers of Fasting,,,,,,,,,,,,,,,,,,,,,nullifiers-of-fasting
2427,137,ما يجب على الصائم,Fasting Obligations,,Fasting Obligations,Fasting Obligations,Fasting Obligations,Fasting Obligations,,,Fasting Obligations,,Fasting Obligations,Fasting Obligations,,,,Fasting Obligations,,,,,,,,,,,,,,,,,,,,,fasting-obligations
2428,137,ما يجوز للصائم,What is Permissible for the Fasting Person,,What is Permissible for the Fasting Person,What is Permissible for the Fasting Person,What is Permissible for the Fasting Person,What is Permissible for the Fasting Person,,,What is Permissible for the Fasting Person,,What is Permissible for the Fasting Person,What is Permissible for the Fasting Person,,,,What is Permissible for the Fasting Person,,,,,,,,,,,,,,,,,,,,,what-is-permissible-for-the-fasting-person
2429,137,ما يحرم على الصائم,Fasting Prohibitions,,Fasting Prohibitions,Fasting Prohibitions,Fasting Prohibitions,Fasting Prohibitions,,,Fasting Prohibitions,,Fasting Prohibitions,Fasting Prohibitions,,,,Fasting Prohibitions,,,,,,,,,,,,,,,,,,,,,fasting-prohibitions
2430,137,ما يكره للصائم,What is Disliked for the Fasting Person,,What is Disliked for the Fasting Person,What is Disliked for the Fasting Person,What is Disliked for the Fasting Person,What is Disliked for the Fasting Person,,,What is Disliked for the Fasting Person,,What is Disliked for the Fasting Person,What is Disliked for the Fasting Person,,,,What is Disliked for the Fasting Person,,,,,,,,,,,,,,,,,,,,,what-is-disliked-for-the-fasting-person
2431,137,صيام التطوع,Voluntary Fasting,,Voluntary Fasting,Voluntary Fasting,Voluntary Fasting,Voluntary Fasting,,,Voluntary Fasting,,Voluntary Fasting,Voluntary Fasting,,,,Voluntary Fasting,,,,,,,,,,,,,,,,,,,,,voluntary-fasting
2432,137,الاعتكاف,Seclusion for Worship in Ramadaan (I‘tikaaf),,Seclusion for Worship in Ramadaan (I‘tikaaf),Seclusion for Worship in Ramadaan (I‘tikaaf),Seclusion for Worship in Ramadaan (I‘tikaaf),Seclusion for Worship in Ramadaan (I‘tikaaf),,,Seclusion for Worship in Ramadaan (I‘tikaaf),,Seclusion for Worship in Ramadaan (I‘tikaaf),Seclusion for Worship in Ramadaan (I‘tikaaf),,,,Seclusion for Worship in Ramadaan (I‘tikaaf),,,,,,,,,,,,,,,,,,,,,seclusion-for-worship-in-ramadaan-i‘tikaaf
2433,137,العشر الأواخر من رمضان,Last Ten Days of Ramadaan,,Last Ten Days of Ramadaan,Last Ten Days of Ramadaan,Last Ten Days of Ramadaan,Last Ten Days of Ramadaan,,,Last Ten Days of Ramadaan,,Last Ten Days of Ramadaan,Last Ten Days of Ramadaan,,,,Last Ten Days of Ramadaan,,,,,,,,,,,,,,,,,,,,,last-ten-days-of-ramadaan
2434,138,وجوب الحج والعمرة وحكم تاركهما,Obligation of Hajj and ‘Umrah and Ruling of Its Abandoner,,Obligation of Hajj and ‘Umrah and Ruling of Its Abandoner,Obligation of Hajj and ‘Umrah and Ruling of Its Abandoner,Obligation of Hajj and ‘Umrah and Ruling of Its Abandoner,Obligation of Hajj and ‘Umrah and Ruling of Its Abandoner,,,Obligation of Hajj and ‘Umrah and Ruling of Its Abandoner,,Obligation of Hajj and ‘Umrah and Ruling of Its Abandoner,Obligation of Hajj and ‘Umrah and Ruling of Its Abandoner,,,,Obligation of Hajj and ‘Umrah and Ruling of Its Abandoner,,,,,,,,,,,,,,,,,,,,,obligation-of-hajj-and-‘umrah-and-ruling-of-its-abandoner
2435,138,فضل الحج والعمرة,Virtue of Hajj and Umrah,,Virtue of Hajj and Umrah,Virtue of Hajj and Umrah,Virtue of Hajj and Umrah,Virtue of Hajj and Umrah,,,Virtue of Hajj and Umrah,,Virtue of Hajj and Umrah,Virtue of Hajj and Umrah,,,,Virtue of Hajj and Umrah,,,,,,,,,,,,,,,,,,,,,virtue-of-hajj-and-umrah
2436,138,العشر من ذي الحجة,First Ten Days of Dhul Hijjah (Twelfth Lunar Month),,First Ten Days of Dhul Hijjah (Twelfth Lunar Month),First Ten Days of Dhul Hijjah (Twelfth Lunar Month),First Ten Days of Dhul Hijjah (Twelfth Lunar Month),First Ten Days of Dhul Hijjah (Twelfth Lunar Month),,,First Ten Days of Dhul Hijjah (Twelfth Lunar Month),,First Ten Days of Dhul Hijjah (Twelfth Lunar Month),First Ten Days of Dhul Hijjah (Twelfth Lunar Month),,,,First Ten Days of Dhul Hijjah (Twelfth Lunar Month),,,,,,,,,,,,,,,,,,,,,first-ten-days-of-dhul-hijjah-twelfth-lunar-month
2437,138,أحكام المسجد الحرام والمسجد النبوي وبيت المقدس,Rulings of Al-Masjid Al-Haraam; the Prophet's Mosque; and the Aqsa Mosque,,Rulings of Al-Masjid Al-Haraam; the Prophet's Mosque; and the Aqsa Mosque,Rulings of Al-Masjid Al-Haraam; the Prophet's Mosque; and the Aqsa Mosque,Rulings of Al-Masjid Al-Haraam; the Prophet's Mosque; and the Aqsa Mosque,Rulings of Al-Masjid Al-Haraam; the Prophet's Mosque; and the Aqsa Mosque,,,Rulings of Al-Masjid Al-Haraam; the Prophet's Mosque; and the Aqsa Mosque,,Rulings of Al-Masjid Al-Haraam; the Prophet's Mosque; and the Aqsa Mosque,Rulings of Al-Masjid Al-Haraam; the Prophet's Mosque; and the Aqsa Mosque,,,,Rulings of Al-Masjid Al-Haraam; the Prophet's Mosque; and the Aqsa Mosque,,,,,,,,,,,,,,,,,,,,,rulings-of-al-masjid-al-haraam;-the-prophets-mosque;-and-the-aqsa-mosque
2438,138,أحكام الإحرام,Rulings of Ihraam (the Ritual State of Consecration),,Rulings of Ihraam (the Ritual State of Consecration),Rulings of Ihraam (the Ritual State of Consecration),Rulings of Ihraam (the Ritual State of Consecration),Rulings of Ihraam (the Ritual State of Consecration),,,Rulings of Ihraam (the Ritual State of Consecration),,Rulings of Ihraam (the Ritual State of Consecration),Rulings of Ihraam (the Ritual State of Consecration),,,,Rulings of Ihraam (the Ritual State of Consecration),,,,,,,,,,,,,,,,,,,,,rulings-of-ihraam-the-ritual-state-of-consecration
2439,138,محظورات الإحرام,Prohibitions of Ihraam,,Prohibitions of Ihraam,Prohibitions of Ihraam,Prohibitions of Ihraam,Prohibitions of Ihraam,,,Prohibitions of Ihraam,,Prohibitions of Ihraam,Prohibitions of Ihraam,,,,Prohibitions of Ihraam,,,,,,,,,,,,,,,,,,,,,prohibitions-of-ihraam
2440,138,الفدية وجزاء الصيد,Ransom and Hunting Expiation,,Ransom and Hunting Expiation,Ransom and Hunting Expiation,Ransom and Hunting Expiation,Ransom and Hunting Expiation,,,Ransom and Hunting Expiation,,Ransom and Hunting Expiation,Ransom and Hunting Expiation,,,,Ransom and Hunting Expiation,,,,,,,,,,,,,,,,,,,,,ransom-and-hunting-expiation
2441,138,أنواع النسك,Types of Rituals (Pilgrimage),,Types of Rituals (Pilgrimage),Types of Rituals (Pilgrimage),Types of Rituals (Pilgrimage),Types of Rituals (Pilgrimage),,,Types of Rituals (Pilgrimage),,Types of Rituals (Pilgrimage),Types of Rituals (Pilgrimage),,,,Types of Rituals (Pilgrimage),,,,,,,,,,,,,,,,,,,,,types-of-rituals-pilgrimage
2442,138,واجبات العمرة,Obligations of ‘Umrah,,Obligations of ‘Umrah,Obligations of ‘Umrah,Obligations of ‘Umrah,Obligations of ‘Umrah,,,Obligations of ‘Umrah,,Obligations of ‘Umrah,Obligations of ‘Umrah,,,,Obligations of ‘Umrah,,,,,,,,,,,,,,,,,,,,,obligations-of-‘umrah
2443,138,صفة الحج,How to Make Hajj (Pilgrimage),,How to Make Hajj (Pilgrimage),How to Make Hajj (Pilgrimage),How to Make Hajj (Pilgrimage),How to Make Hajj (Pilgrimage),,,How to Make Hajj (Pilgrimage),,How to Make Hajj (Pilgrimage),How to Make Hajj (Pilgrimage),,,,How to Make Hajj (Pilgrimage),,,,,,,,,,,,,,,,,,,,,how-to-make-hajj-pilgrimage
2444,138,أركان الحج,Pillars of Hajj (Pilgrimage),,Pillars of Hajj (Pilgrimage),Pillars of Hajj (Pilgrimage),Pillars of Hajj (Pilgrimage),Pillars of Hajj (Pilgrimage),,,Pillars of Hajj (Pilgrimage),,Pillars of Hajj (Pilgrimage),Pillars of Hajj (Pilgrimage),,,,Pillars of Hajj (Pilgrimage),,,,,,,,,,,,,,,,,,,,,pillars-of-hajj-pilgrimage
2445,138,واجبات الحج,Obligations of Hajj (Pilgrimage),,Obligations of Hajj (Pilgrimage),Obligations of Hajj (Pilgrimage),Obligations of Hajj (Pilgrimage),Obligations of Hajj (Pilgrimage),,,Obligations of Hajj (Pilgrimage),,Obligations of Hajj (Pilgrimage),Obligations of Hajj (Pilgrimage),,,,Obligations of Hajj (Pilgrimage),,,,,,,,,,,,,,,,,,,,,obligations-of-hajj-pilgrimage
2446,138,أحكام المسجد النبوي,Rulings of the Prophet's Mosque,,Rulings of the Prophet's Mosque,Rulings of the Prophet's Mosque,Rulings of the Prophet's Mosque,Rulings of the Prophet's Mosque,,,Rulings of the Prophet's Mosque,,Rulings of the Prophet's Mosque,Rulings of the Prophet's Mosque,,,,Rulings of the Prophet's Mosque,,,,,,,,,,,,,,,,,,,,,rulings-of-the-prophets-mosque
2447,138,الهدي والكفارات,Sacrificial Animals and Expiations,,Sacrificial Animals and Expiations,Sacrificial Animals and Expiations,Sacrificial Animals and Expiations,Sacrificial Animals and Expiations,,,Sacrificial Animals and Expiations,,Sacrificial Animals and Expiations,Sacrificial Animals and Expiations,,,,Sacrificial Animals and Expiations,,,,,,,,,,,,,,,,,,,,,sacrificial-animals-and-expiations
2448,138,الأضحية,Sacrifice,,Sacrifice,Sacrifice,Sacrifice,Sacrifice,,,Sacrifice,,Sacrifice,Sacrifice,,,,Sacrifice,,,,,,,,,,,,,,,,,,,,,sacrifice
2449,138,أحكام ومسائل الحج والعمرة,Rulings and Issues of Hajj and ‘Umrah,,Rulings and Issues of Hajj and ‘Umrah,Rulings and Issues of Hajj and ‘Umrah,Rulings and Issues of Hajj and ‘Umrah,Rulings and Issues of Hajj and ‘Umrah,,,Rulings and Issues of Hajj and ‘Umrah,,Rulings and Issues of Hajj and ‘Umrah,Rulings and Issues of Hajj and ‘Umrah,,,,Rulings and Issues of Hajj and ‘Umrah,,,,,,,,,,,,,,,,,,,,,rulings-and-issues-of-hajj-and-‘umrah
2450,139,حكم الجهاد,Ruling of Jihad,,Ruling of Jihad,Ruling of Jihad,Ruling of Jihad,Ruling of Jihad,,,Ruling of Jihad,,Ruling of Jihad,Ruling of Jihad,,,,Ruling of Jihad,,,,,,,,,,,,,,,,,,,,,ruling-of-jihad
2451,139,فضل الجهاد,Excellence of Jihad,,Excellence of Jihad,Excellence of Jihad,Excellence of Jihad,Excellence of Jihad,,,Excellence of Jihad,,Excellence of Jihad,Excellence of Jihad,,,,Excellence of Jihad,,,,,,,,,,,,,,,,,,,,,excellence-of-jihad
2452,139,أقسام الجهاد,Categories of Jihad,,Categories of Jihad,Categories of Jihad,Categories of Jihad,Categories of Jihad,,,Categories of Jihad,,Categories of Jihad,Categories of Jihad,,,,Categories of Jihad,,,,,,,,,,,,,,,,,,,,,categories-of-jihad
2453,139,أحكام ومسائل الجهاد,Rulings and Issues of Jihad,,Rulings and Issues of Jihad,Rulings and Issues of Jihad,Rulings and Issues of Jihad,Rulings and Issues of Jihad,,,Rulings and Issues of Jihad,,Rulings and Issues of Jihad,Rulings and Issues of Jihad,,,,Rulings and Issues of Jihad,,,,,,,,,,,,,,,,,,,,,rulings-and-issues-of-jihad
2454,139,آداب الجهاد,Manners of Jihad,,Manners of Jihad,Manners of Jihad,Manners of Jihad,Manners of Jihad,,,Manners of Jihad,,Manners of Jihad,Manners of Jihad,,,,Manners of Jihad,,,,,,,,,,,,,,,,,,,,,manners-of-jihad
2455,139,أحكام أهل الذمة,Rulings of Non-Muslims Living in Muslim Country,,Rulings of Non-Muslims Living in Muslim Country,Rulings of Non-Muslims Living in Muslim Country,Rulings of Non-Muslims Living in Muslim Country,Rulings of Non-Muslims Living in Muslim Country,,,Rulings of Non-Muslims Living in Muslim Country,,Rulings of Non-Muslims Living in Muslim Country,Rulings of Non-Muslims Living in Muslim Country,,,,Rulings of Non-Muslims Living in Muslim Country,,,,,,,,,,,,,,,,,,,,,rulings-of-non-muslims-living-in-muslim-country
2456,139,أحكام الهدنة والأمان,Rulings of Truce and Security,,Rulings of Truce and Security,Rulings of Truce and Security,Rulings of Truce and Security,Rulings of Truce and Security,,,Rulings of Truce and Security,,Rulings of Truce and Security,Rulings of Truce and Security,,,,Rulings of Truce and Security,,,,,,,,,,,,,,,,,,,,,rulings-of-truce-and-security
2457,139,أحكام الإرهاب والاغتيالات والتفجيرات,Rulings of Terrorism; Assassinations; and Explosions,,Rulings of Terrorism; Assassinations; and Explosions,Rulings of Terrorism; Assassinations; and Explosions,Rulings of Terrorism; Assassinations; and Explosions,Rulings of Terrorism; Assassinations; and Explosions,,,Rulings of Terrorism; Assassinations; and Explosions,,Rulings of Terrorism; Assassinations; and Explosions,Rulings of Terrorism; Assassinations; and Explosions,,,,Rulings of Terrorism; Assassinations; and Explosions,,,,,,,,,,,,,,,,,,,,,rulings-of-terrorism;-assassinations;-and-explosions
2458,140,البيوع المحرمة,Forbidden Sales,,Forbidden Sales,Forbidden Sales,Forbidden Sales,Forbidden Sales,,,Forbidden Sales,,Forbidden Sales,Forbidden Sales,,,,Forbidden Sales,,,,,,,,,,,,,,,,,,,,,forbidden-sales
2459,169,الأيمان,Oaths,,Oaths,Oaths,Oaths,Oaths,,,Oaths,,Oaths,Oaths,,,,Oaths,,,,,,,,,,,,,,,,,,,,,oaths
2460,169,النذور,Vows,,Vows,Vows,Vows,Vows,,,Vows,,Vows,Vows,,,,Vows,,,,,,,,,,,,,,,,,,,,,vows
2461,191,فضل النكاح,Excellence of Marriage,,Excellence of Marriage,Excellence of Marriage,Excellence of Marriage,Excellence of Marriage,,,Excellence of Marriage,,Excellence of Marriage,Excellence of Marriage,,,,Excellence of Marriage,,,,,,,,,,,,,,,,,,,,,excellence-of-marriage
2462,191,آداب النكاح,Manners of Marriage,,Manners of Marriage,Manners of Marriage,Manners of Marriage,Manners of Marriage,,,Manners of Marriage,,Manners of Marriage,Manners of Marriage,,,,Manners of Marriage,,,,,,,,,,,,,,,,,,,,,manners-of-marriage
2463,191,أحكام وشروط النكاح,Rulings and Conditions of Marriage,,Rulings and Conditions of Marriage,Rulings and Conditions of Marriage,Rulings and Conditions of Marriage,Rulings and Conditions of Marriage,,,Rulings and Conditions of Marriage,,Rulings and Conditions of Marriage,Rulings and Conditions of Marriage,,,,Rulings and Conditions of Marriage,,,,,,,,,,,,,,,,,,,,,rulings-and-conditions-of-marriage
2464,191,المحرمات في النكاح,Women Unlawful to Marry,,Women Unlawful to Marry,Women Unlawful to Marry,Women Unlawful to Marry,Women Unlawful to Marry,,,Women Unlawful to Marry,,Women Unlawful to Marry,Women Unlawful to Marry,,,,Women Unlawful to Marry,,,,,,,,,,,,,,,,,,,,,women-unlawful-to-marry
2465,191,الشروط في النكاح,Conditions of Marriage,,Conditions of Marriage,Conditions of Marriage,Conditions of Marriage,Conditions of Marriage,,,Conditions of Marriage,,Conditions of Marriage,Conditions of Marriage,,,,Conditions of Marriage,,,,,,,,,,,,,,,,,,,,,conditions-of-marriage
2466,191,نكاح الكفار,Marrying the Disbelievers,,Marrying the Disbelievers,Marrying the Disbelievers,Marrying the Disbelievers,Marrying the Disbelievers,,,Marrying the Disbelievers,,Marrying the Disbelievers,Marrying the Disbelievers,,,,Marrying the Disbelievers,,,,,,,,,,,,,,,,,,,,,marrying-the-disbelievers
2467,191,الأنكحة المحرمة,Forbidden Marriages,,Forbidden Marriages,Forbidden Marriages,Forbidden Marriages,Forbidden Marriages,,,Forbidden Marriages,,Forbidden Marriages,Forbidden Marriages,,,,Forbidden Marriages,,,,,,,,,,,,,,,,,,,,,forbidden-marriages
2468,191,الصداق,Dowry,,Dowry,Dowry,Dowry,Dowry,,,Dowry,,Dowry,Dowry,,,,Dowry,,,,,,,,,,,,,,,,,,,,,dowry
2469,191,وليمة العرس,Wedding Banquet,,Wedding Banquet,Wedding Banquet,Wedding Banquet,Wedding Banquet,,,Wedding Banquet,,Wedding Banquet,Wedding Banquet,,,,Wedding Banquet,,,,,,,,,,,,,,,,,,,,,wedding-banquet
2470,191,العشرة بين الزوجين,Marital Relations,,Marital Relations,Marital Relations,Marital Relations,Marital Relations,,,Marital Relations,,Marital Relations,Marital Relations,,,,Marital Relations,,,,,,,,,,,,,,,,,,,,,marital-relations
2471,192,ألفاظ الطلاق,Words of Divorce,,Words of Divorce,Words of Divorce,Words of Divorce,Words of Divorce,,,Words of Divorce,,Words of Divorce,Words of Divorce,,,,Words of Divorce,,,,,,,,,,,,,,,,,,,,,words-of-divorce
2472,192,الطلاق السني والطلاق البدعي,Sunnah Divorce and Innovative Divorce,,Sunnah Divorce and Innovative Divorce,Sunnah Divorce and Innovative Divorce,Sunnah Divorce and Innovative Divorce,Sunnah Divorce and Innovative Divorce,,,Sunnah Divorce and Innovative Divorce,,Sunnah Divorce and Innovative Divorce,Sunnah Divorce and Innovative Divorce,,,,Sunnah Divorce and Innovative Divorce,,,,,,,,,,,,,,,,,,,,,sunnah-divorce-and-innovative-divorce
2473,192,الطلاق الرجعي والبائن,Revocable and Irrevocable Divorce,,Revocable and Irrevocable Divorce,Revocable and Irrevocable Divorce,Revocable and Irrevocable Divorce,Revocable and Irrevocable Divorce,,,Revocable and Irrevocable Divorce,,Revocable and Irrevocable Divorce,Revocable and Irrevocable Divorce,,,,Revocable and Irrevocable Divorce,,,,,,,,,,,,,,,,,,,,,revocable-and-irrevocable-divorce
2474,192,أحكام ومسائل الطلاق,Rulings and Issues of Divorce,,Rulings and Issues of Divorce,Rulings and Issues of Divorce,Rulings and Issues of Divorce,Rulings and Issues of Divorce,,,Rulings and Issues of Divorce,,Rulings and Issues of Divorce,Rulings and Issues of Divorce,,,,Rulings and Issues of Divorce,,,,,,,,,,,,,,,,,,,,,rulings-and-issues-of-divorce
2475,198,أحكام العدة,Rulings of the Waiting Period,,Rulings of the Waiting Period,Rulings of the Waiting Period,Rulings of the Waiting Period,Rulings of the Waiting Period,,,Rulings of the Waiting Period,,Rulings of the Waiting Period,Rulings of the Waiting Period,,,,Rulings of the Waiting Period,,,,,,,,,,,,,,,,,,,,,rulings-of-the-waiting-period
2476,198,عدة المطلقة,The Divorced Woman's Waiting Period,,The Divorced Woman's Waiting Period,The Divorced Woman's Waiting Period,The Divorced Woman's Waiting Period,The Divorced Woman's Waiting Period,,,The Divorced Woman's Waiting Period,,The Divorced Woman's Waiting Period,The Divorced Woman's Waiting Period,,,,The Divorced Woman's Waiting Period,,,,,,,,,,,,,,,,,,,,,the-divorced-womans-waiting-period
2477,198,عدة المفقود زوجها,Waiting Period of the Lost Husband's Wife,,Waiting Period of the Lost Husband's Wife,Waiting Period of the Lost Husband's Wife,Waiting Period of the Lost Husband's Wife,Waiting Period of the Lost Husband's Wife,,,Waiting Period of the Lost Husband's Wife,,Waiting Period of the Lost Husband's Wife,Waiting Period of the Lost Husband's Wife,,,,Waiting Period of the Lost Husband's Wife,,,,,,,,,,,,,,,,,,,,,waiting-period-of-the-lost-husbands-wife
2478,198,الاستبراء,Ascertaining Non-Pregnancy,,Ascertaining Non-Pregnancy,Ascertaining Non-Pregnancy,Ascertaining Non-Pregnancy,Ascertaining Non-Pregnancy,,,Ascertaining Non-Pregnancy,,Ascertaining Non-Pregnancy,Ascertaining Non-Pregnancy,,,,Ascertaining Non-Pregnancy,,,,,,,,,,,,,,,,,,,,,ascertaining-non-pregnancy
2479,199,حكم الرضاع,Ruling of Breastfeeding,,Ruling of Breastfeeding,Ruling of Breastfeeding,Ruling of Breastfeeding,Ruling of Breastfeeding,,,Ruling of Breastfeeding,,Ruling of Breastfeeding,Ruling of Breastfeeding,,,,Ruling of Breastfeeding,,,,,,,,,,,,,,,,,,,,,ruling-of-breastfeeding
2480,199,شروط الرضاع,Conditions of Breastfeeding,,Conditions of Breastfeeding,Conditions of Breastfeeding,Conditions of Breastfeeding,Conditions of Breastfeeding,,,Conditions of Breastfeeding,,Conditions of Breastfeeding,Conditions of Breastfeeding,,,,Conditions of Breastfeeding,,,,,,,,,,,,,,,,,,,,,conditions-of-breastfeeding
2481,199,آثار الرضاع,Consequences of Breastfeeding,,Consequences of Breastfeeding,Consequences of Breastfeeding,Consequences of Breastfeeding,Consequences of Breastfeeding,,,Consequences of Breastfeeding,,Consequences of Breastfeeding,Consequences of Breastfeeding,,,,Consequences of Breastfeeding,,,,,,,,,,,,,,,,,,,,,consequences-of-breastfeeding
2482,205,الاختلاط,Intermixing,,Intermixing,Intermixing,Intermixing,Intermixing,,,Intermixing,,Intermixing,Intermixing,,,,Intermixing,,,,,,,,,,,,,,,,,,,,,intermixing
2483,205,تعدد الزوجات,Polygamy,,Polygamy,Polygamy,Polygamy,Polygamy,,,Polygamy,,Polygamy,Polygamy,,,,Polygamy,,,,,,,,,,,,,,,,,,,,,polygamy
2484,205,العلاقة بين الرجل والمرأة,Men-Women Relationships,,Men-Women Relationships,Men-Women Relationships,Men-Women Relationships,Men-Women Relationships,,,Men-Women Relationships,,Men-Women Relationships,Men-Women Relationships,,,,Men-Women Relationships,,,,,,,,,,,,,,,,,,,,,men-women-relationships
2485,206,تسمية المولود وتكنيته,Naming the Newborn,,Naming the Newborn,Naming the Newborn,Naming the Newborn,Naming the Newborn,,,Naming the Newborn,,Naming the Newborn,Naming the Newborn,,,,Naming the Newborn,,,,,,,,,,,,,,,,,,,,,naming-the-newborn
2486,206,العقيقة,Sacrificing for the Newborn,,Sacrificing for the Newborn,Sacrificing for the Newborn,Sacrificing for the Newborn,Sacrificing for the Newborn,,,Sacrificing for the Newborn,,Sacrificing for the Newborn,Sacrificing for the Newborn,,,,Sacrificing for the Newborn,,,,,,,,,,,,,,,,,,,,,sacrificing-for-the-newborn
2487,206,النفقة على الأولاد,Providing for Children,,Providing for Children,Providing for Children,Providing for Children,Providing for Children,,,Providing for Children,,Providing for Children,Providing for Children,,,,Providing for Children,,,,,,,,,,,,,,,,,,,,,providing-for-children
2488,206,تربية الأولاد,Raising Children,,Raising Children,Raising Children,Raising Children,Raising Children,,,Raising Children,,Raising Children,Raising Children,,,,Raising Children,,,,,,,,,,,,,,,,,,,,,raising-children
2489,211,أحكام الرقية,Rulings of Ruqyah (protective and healing supplications),,Rulings of Ruqyah (protective and healing supplications),Rulings of Ruqyah (protective and healing supplications),Rulings of Ruqyah (protective and healing supplications),Rulings of Ruqyah (protective and healing supplications),,,Rulings of Ruqyah (protective and healing supplications),,Rulings of Ruqyah (protective and healing supplications),Rulings of Ruqyah (protective and healing supplications),,,,Rulings of Ruqyah (protective and healing supplications),,,,,,,,,,,,,,,,,,,,,rulings-of-ruqyah-protective-and-healing-supplications
2490,270,فضل العلم وأهميته,Merit and Significance of Knowledge,,Merit and Significance of Knowledge,Merit and Significance of Knowledge,Merit and Significance of Knowledge,Merit and Significance of Knowledge,,,Merit and Significance of Knowledge,,Merit and Significance of Knowledge,Merit and Significance of Knowledge,,,,Merit and Significance of Knowledge,,,,,,,,,,,,,,,,,,,,,merit-and-significance-of-knowledge
2491,276,فضائل الخلفاء الراشدين رضي الله عنهم,Merits of the Rightly Guided Caliphs,,Merits of the Rightly Guided Caliphs,Merits of the Rightly Guided Caliphs,Merits of the Rightly Guided Caliphs,Merits of the Rightly Guided Caliphs,,,Merits of the Rightly Guided Caliphs,,Merits of the Rightly Guided Caliphs,Merits of the Rightly Guided Caliphs,,,,Merits of the Rightly Guided Caliphs,,,,,,,,,,,,,,,,,,,,,merits-of-the-rightly-guided-caliphs
2492,287,المناهي اللفظية وآفات اللسان,Forbidden Utterances and Tongue Evils,,Forbidden Utterances and Tongue Evils,Forbidden Utterances and Tongue Evils,Forbidden Utterances and Tongue Evils,Forbidden Utterances and Tongue Evils,,,Forbidden Utterances and Tongue Evils,,Forbidden Utterances and Tongue Evils,Forbidden Utterances and Tongue Evils,,,,Forbidden Utterances and Tongue Evils,,,,,,,,,,,,,,,,,,,,,forbidden-utterances-and-tongue-evils
2493,406,الصفات الخَلْقية,Physical Attributes,,Physical Attributes,Physical Attributes,Physical Attributes,Physical Attributes,,,Physical Attributes,,Physical Attributes,Physical Attributes,,,,Physical Attributes,,,,,,,,,,,,,,,,,,,,,physical-attributes
2494,406,لباسه صلى الله عليه وسلم,Prophet's Dress Code,,Prophet's Dress Code,Prophet's Dress Code,Prophet's Dress Code,Prophet's Dress Code,,,Prophet's Dress Code,,Prophet's Dress Code,Prophet's Dress Code,,,,Prophet's Dress Code,,,,,,,,,,,,,,,,,,,,,prophets-dress-code
2495,406,أثاثه ومتاعه وسلاحه صلى الله عليه وسلم,Prophet's Furniture; Stuff; and Arms,,Prophet's Furniture; Stuff; and Arms,Prophet's Furniture; Stuff; and Arms,Prophet's Furniture; Stuff; and Arms,Prophet's Furniture; Stuff; and Arms,,,Prophet's Furniture; Stuff; and Arms,,Prophet's Furniture; Stuff; and Arms,Prophet's Furniture; Stuff; and Arms,,,,Prophet's Furniture; Stuff; and Arms,,,,,,,,,,,,,,,,,,,,,prophets-furniture;-stuff;-and-arms
2496,406,طعامه وشرابه صلى الله عليه وسلم,Prophet's Food and Drink,,Prophet's Food and Drink,Prophet's Food and Drink,Prophet's Food and Drink,Prophet's Food and Drink,,,Prophet's Food and Drink,,Prophet's Food and Drink,Prophet's Food and Drink,,,,Prophet's Food and Drink,,,,,,,,,,,,,,,,,,,,,prophets-food-and-drink
2497,406,سفره صلى الله عليه وسلم,Prophet's Travel,,Prophet's Travel,Prophet's Travel,Prophet's Travel,Prophet's Travel,,,Prophet's Travel,,Prophet's Travel,Prophet's Travel,,,,Prophet's Travel,,,,,,,,,,,,,,,,,,,,,prophets-travel
2498,406,الصفات الخُلُقية,Moral Attributes,,Moral Attributes,Moral Attributes,Moral Attributes,Moral Attributes,,,Moral Attributes,,Moral Attributes,Moral Attributes,,,,Moral Attributes,,,,,,,,,,,,,,,,,,,,,moral-attributes
2499,406,الهدي النبوي,Prophet's Guidance,,Prophet's Guidance,Prophet's Guidance,Prophet's Guidance,Prophet's Guidance,,,Prophet's Guidance,,Prophet's Guidance,Prophet's Guidance,,,,Prophet's Guidance,,,,,,,,,,,,,,,,,,,,,prophets-guidance
2500,646,كرمه صلى الله عليه وسلم,Prophet's Generosity,,Prophet's Generosity,Prophet's Generosity,Prophet's Generosity,Prophet's Generosity,,,Prophet's Generosity,,Prophet's Generosity,Prophet's Generosity,,,,Prophet's Generosity,,,,,,,,,,,,,,,,,,,,,prophets-generosity
2501,646,حياؤه صلى الله عليه وسلم,Prophet's Modesty,,Prophet's Modesty,Prophet's Modesty,Prophet's Modesty,Prophet's Modesty,,,Prophet's Modesty,,Prophet's Modesty,Prophet's Modesty,,,,Prophet's Modesty,,,,,,,,,,,,,,,,,,,,,prophets-modesty
2502,646,تواضعه صلى الله عليه وسلم,Prophet's Humility,,Prophet's Humility,Prophet's Humility,Prophet's Humility,Prophet's Humility,,,Prophet's Humility,,Prophet's Humility,Prophet's Humility,,,,Prophet's Humility,,,,,,,,,,,,,,,,,,,,,prophets-humility
2503,646,شجاعته صلى الله عليه وسلم,Prophet's Courage,,Prophet's Courage,Prophet's Courage,Prophet's Courage,Prophet's Courage,,,Prophet's Courage,,Prophet's Courage,Prophet's Courage,,,,Prophet's Courage,,,,,,,,,,,,,,,,,,,,,prophets-courage
2504,646,رفقه صلى الله عليه وسلم,Prophet's Gentleness,,Prophet's Gentleness,Prophet's Gentleness,Prophet's Gentleness,Prophet's Gentleness,,,Prophet's Gentleness,,Prophet's Gentleness,Prophet's Gentleness,,,,Prophet's Gentleness,,,,,,,,,,,,,,,,,,,,,prophets-gentleness
2505,646,عفوه صلى الله عليه وسلم,Prophet's Forgiveness,,Prophet's Forgiveness,Prophet's Forgiveness,Prophet's Forgiveness,Prophet's Forgiveness,,,Prophet's Forgiveness,,Prophet's Forgiveness,Prophet's Forgiveness,,,,Prophet's Forgiveness,,,,,,,,,,,,,,,,,,,,,prophets-forgiveness
2506,646,رحمته صلى الله عليه وسلم,Prophet's Mercy,,Prophet's Mercy,Prophet's Mercy,Prophet's Mercy,Prophet's Mercy,,,Prophet's Mercy,,Prophet's Mercy,Prophet's Mercy,,,,Prophet's Mercy,,,,,,,,,,,,,,,,,,,,,prophets-mercy
2507,646,كلامه صلى الله عليه وسلم,Prophet's Speech,,Prophet's Speech,Prophet's Speech,Prophet's Speech,Prophet's Speech,,,Prophet's Speech,,Prophet's Speech,Prophet's Speech,,,,Prophet's Speech,,,,,,,,,,,,,,,,,,,,,prophets-speech
2508,646,ضحكه صلى الله عليه وسلم,Prophet's Laughing,,Prophet's Laughing,Prophet's Laughing,Prophet's Laughing,Prophet's Laughing,,,Prophet's Laughing,,Prophet's Laughing,Prophet's Laughing,,,,Prophet's Laughing,,,,,,,,,,,,,,,,,,,,,prophets-laughing
2509,646,بكاؤه صلى الله عليه وسلم,Prophet's Crying,,Prophet's Crying,Prophet's Crying,Prophet's Crying,Prophet's Crying,,,Prophet's Crying,,Prophet's Crying,Prophet's Crying,,,,Prophet's Crying,,,,,,,,,,,,,,,,,,,,,prophets-crying
2510,646,شفقته صلى الله عليه وسلم,Prophet's Compassion,,Prophet's Compassion,Prophet's Compassion,Prophet's Compassion,Prophet's Compassion,,,Prophet's Compassion,,Prophet's Compassion,Prophet's Compassion,,,,Prophet's Compassion,,,,,,,,,,,,,,,,,,,,,prophets-compassion
2511,646,زهده صلى الله عليه وسلم,Prophet's Asceticism,,Prophet's Asceticism,Prophet's Asceticism,Prophet's Asceticism,Prophet's Asceticism,,,Prophet's Asceticism,,Prophet's Asceticism,Prophet's Asceticism,,,,Prophet's Asceticism,,,,,,,,,,,,,,,,,,,,,prophets-asceticism
2512,646,عدله صلى الله عليه وسلم,Prophet's Justice,,Prophet's Justice,Prophet's Justice,Prophet's Justice,Prophet's Justice,,,Prophet's Justice,,Prophet's Justice,Prophet's Justice,,,,Prophet's Justice,,,,,,,,,,,,,,,,,,,,,prophets-justice
2513,646,حلمه صلى الله عليه وسلم,Prophet's Forbearance,,Prophet's Forbearance,Prophet's Forbearance,Prophet's Forbearance,Prophet's Forbearance,,,Prophet's Forbearance,,Prophet's Forbearance,Prophet's Forbearance,,,,Prophet's Forbearance,,,,,,,,,,,,,,,,,,,,,prophets-forbearance
2514,647,هديه صلى الله عليه وسلم في خطبه,Prophet's Guidance on Public Speaking,,Prophet's Guidance on Public Speaking,Prophet's Guidance on Public Speaking,Prophet's Guidance on Public Speaking,Prophet's Guidance on Public Speaking,,,Prophet's Guidance on Public Speaking,,Prophet's Guidance on Public Speaking,Prophet's Guidance on Public Speaking,,,,Prophet's Guidance on Public Speaking,,,,,,,,,,,,,,,,,,,,,prophets-guidance-on-public-speaking
2515,647,هديه صلى الله عليه وسلم في التطهر,Prophet's Guidance on Purification,,Prophet's Guidance on Purification,Prophet's Guidance on Purification,Prophet's Guidance on Purification,Prophet's Guidance on Purification,,,Prophet's Guidance on Purification,,Prophet's Guidance on Purification,Prophet's Guidance on Purification,,,,Prophet's Guidance on Purification,,,,,,,,,,,,,,,,,,,,,prophets-guidance-on-purification
2516,647,هديه صلى الله عليه وسلم في الصلاة,Prophet's Guidance on Prayer,,Prophet's Guidance on Prayer,Prophet's Guidance on Prayer,Prophet's Guidance on Prayer,Prophet's Guidance on Prayer,,,Prophet's Guidance on Prayer,,Prophet's Guidance on Prayer,Prophet's Guidance on Prayer,,,,Prophet's Guidance on Prayer,,,,,,,,,,,,,,,,,,,,,prophets-guidance-on-prayer
2517,647,هديه صلى الله عليه وسلم في الصوم,Prophet's Guidance on Fasting,,Prophet's Guidance on Fasting,Prophet's Guidance on Fasting,Prophet's Guidance on Fasting,Prophet's Guidance on Fasting,,,Prophet's Guidance on Fasting,,Prophet's Guidance on Fasting,Prophet's Guidance on Fasting,,,,Prophet's Guidance on Fasting,,,,,,,,,,,,,,,,,,,,,prophets-guidance-on-fasting
2518,647,هديه صلى الله عليه وسلم في الجنائز,Prophet's Guidance on Funerals,,Prophet's Guidance on Funerals,Prophet's Guidance on Funerals,Prophet's Guidance on Funerals,Prophet's Guidance on Funerals,,,Prophet's Guidance on Funerals,,Prophet's Guidance on Funerals,Prophet's Guidance on Funerals,,,,Prophet's Guidance on Funerals,,,,,,,,,,,,,,,,,,,,,prophets-guidance-on-funerals
2519,647,هديه صلى الله عليه وسلم في النكاح ومعاشرته أهله,Prophet's Guidance on Marriage and Treating One's Wife,,Prophet's Guidance on Marriage and Treating One's Wife,Prophet's Guidance on Marriage and Treating One's Wife,Prophet's Guidance on Marriage and Treating One's Wife,Prophet's Guidance on Marriage and Treating One's Wife,,,Prophet's Guidance on Marriage and Treating One's Wife,,Prophet's Guidance on Marriage and Treating One's Wife,Prophet's Guidance on Marriage and Treating One's Wife,,,,Prophet's Guidance on Marriage and Treating One's Wife,,,,,,,,,,,,,,,,,,,,,prophets-guidance-on-marriage-and-treating-ones-wife
2520,409,معركة اليمامة,The Battle of Yamaamah,,The Battle of Yamaamah,The Battle of Yamaamah,The Battle of Yamaamah,The Battle of Yamaamah,,,The Battle of Yamaamah,,The Battle of Yamaamah,The Battle of Yamaamah,,,,The Battle of Yamaamah,,,,,,,,,,,,,,,,,,,,,the-battle-of-yamaamah
2521,415,أحكام وآداب العيد,Rulings and Manners of Eid,,Rulings and Manners of Eid,Rulings and Manners of Eid,Rulings and Manners of Eid,Rulings and Manners of Eid,,,Rulings and Manners of Eid,,Rulings and Manners of Eid,Rulings and Manners of Eid,,,,Rulings and Manners of Eid,,,,,,,,,,,,,,,,,,,,,rulings-and-manners-of-eid
2522,134,أحكام المساجد,The rulings of mosques,,The rulings of mosques,The rulings of mosques,The rulings of mosques,The rulings of mosques,,,The rulings of mosques,,The rulings of mosques,The rulings of mosques,,,,The rulings of mosques,,,,,,,,,,,,,,,,,,,,,the-rulings-of-mosques
2523,137,رمضان,Ramadan,,Ramadan,Ramadan,Ramadan,Ramadan,,,Ramadan,,Ramadan,Ramadan,,,,Ramadan,,,,,,,,,,,,,,,,,,,,,ramadan
2524,133,المسح على الخفين ونحوهما,Wiping Over Leather Socks and the like,,Wiping Over Leather Socks and the like,Wiping Over Leather Socks and the like,Wiping Over Leather Socks and the like,Wiping Over Leather Socks and the like,,,Wiping Over Leather Socks and the like,,Wiping Over Leather Socks and the like,Wiping Over Leather Socks and the like,,,,Wiping Over Leather Socks and the like,,,,,,,,,,,,,,,,,,,,,wiping-over-leather-socks-and-the-like
2525,367,الخصائص النبوية,Prophetic characteristics,,Prophetic characteristics,Prophetic characteristics,Prophetic characteristics,Prophetic characteristics,,,Prophetic characteristics,,Prophetic characteristics,Prophetic characteristics,,,,Prophetic characteristics,,,,,,,,,,,,,,,,,,,,,prophetic-characteristics
2526,10,تفسير الآيات,Interpretation of verses,,Interpretation of verses,Interpretation of verses,Interpretation of verses,Interpretation of verses,,,Interpretation of verses,,Interpretation of verses,Interpretation of verses,,,,Interpretation of verses,,,,,,,,,,,,,,,,,,,,,interpretation-of-verses
